,datetime_beginning_utcdatetime_beginning_ept,nerc_region,mkt_region,zone,load_area,mw,is_verified
1/1/2025 5:00:00 AM,1/1/2025 12:00:00 AM,RFC,WEST,ATSI,OE,6048.698,True
1/1/2025 6:00:00 AM,1/1/2025 1:00:00 AM,RFC,WEST,ATSI,OE,5930.039,True
1/1/2025 7:00:00 AM,1/1/2025 2:00:00 AM,RFC,WEST,ATSI,OE,5865.100,True
1/1/2025 8:00:00 AM,1/1/2025 3:00:00 AM,RFC,WEST,ATSI,OE,5868.162,True
1/1/2025 9:00:00 AM,1/1/2025 4:00:00 AM,RFC,WEST,ATSI,OE,5808.812,True
1/1/2025 10:00:00 AM,1/1/2025 5:00:00 AM,RFC,WEST,ATSI,OE,5904.974,True
1/1/2025 11:00:00 AM,1/1/2025 6:00:00 AM,RFC,WEST,ATSI,OE,6018.465,True
1/1/2025 12:00:00 PM,1/1/2025 7:00:00 AM,RFC,WEST,ATSI,OE,6172.460,True
1/1/2025 1:00:00 PM,1/1/2025 8:00:00 AM,RFC,WEST,ATSI,OE,6231.927,True
1/1/2025 2:00:00 PM,1/1/2025 9:00:00 AM,RFC,WEST,ATSI,OE,6426.489,True
1/1/2025 3:00:00 PM,1/1/2025 10:00:00 AM,RFC,WEST,ATSI,OE,6616.695,True
1/1/2025 4:00:00 PM,1/1/2025 11:00:00 AM,RFC,WEST,ATSI,OE,6769.082,True
1/1/2025 5:00:00 PM,1/1/2025 12:00:00 PM,RFC,WEST,ATSI,OE,6882.090,True
1/1/2025 6:00:00 PM,1/1/2025 1:00:00 PM,RFC,WEST,ATSI,OE,6964.219,True
1/1/2025 7:00:00 PM,1/1/2025 2:00:00 PM,RFC,WEST,ATSI,OE,6982.630,True
1/1/2025 8:00:00 PM,1/1/2025 3:00:00 PM,RFC,WEST,ATSI,OE,6871.334,True
1/1/2025 9:00:00 PM,1/1/2025 4:00:00 PM,RFC,WEST,ATSI,OE,7080.179,True
1/1/2025 10:00:00 PM,1/1/2025 5:00:00 PM,RFC,WEST,ATSI,OE,7285.317,True
1/1/2025 11:00:00 PM,1/1/2025 6:00:00 PM,RFC,WEST,ATSI,OE,7257.356,True
1/2/2025 12:00:00 AM,1/1/2025 7:00:00 PM,RFC,WEST,ATSI,OE,7199.371,True
1/2/2025 1:00:00 AM,1/1/2025 8:00:00 PM,RFC,WEST,ATSI,OE,7105.220,True
1/2/2025 2:00:00 AM,1/1/2025 9:00:00 PM,RFC,WEST,ATSI,OE,7000.125,True
1/2/2025 3:00:00 AM,1/1/2025 10:00:00 PM,RFC,WEST,ATSI,OE,6827.723,True
1/2/2025 4:00:00 AM,1/1/2025 11:00:00 PM,RFC,WEST,ATSI,OE,6557.276,True
1/2/2025 5:00:00 AM,1/2/2025 12:00:00 AM,RFC,WEST,ATSI,OE,6393.372,True
1/2/2025 6:00:00 AM,1/2/2025 1:00:00 AM,RFC,WEST,ATSI,OE,6330.751,True
1/2/2025 7:00:00 AM,1/2/2025 2:00:00 AM,RFC,WEST,ATSI,OE,6230.391,True
1/2/2025 8:00:00 AM,1/2/2025 3:00:00 AM,RFC,WEST,ATSI,OE,6253.261,True
1/2/2025 9:00:00 AM,1/2/2025 4:00:00 AM,RFC,WEST,ATSI,OE,6389.071,True
1/2/2025 10:00:00 AM,1/2/2025 5:00:00 AM,RFC,WEST,ATSI,OE,6695.394,True
1/2/2025 11:00:00 AM,1/2/2025 6:00:00 AM,RFC,WEST,ATSI,OE,7181.622,True
1/2/2025 12:00:00 PM,1/2/2025 7:00:00 AM,RFC,WEST,ATSI,OE,7602.701,True
1/2/2025 1:00:00 PM,1/2/2025 8:00:00 AM,RFC,WEST,ATSI,OE,7809.983,True
1/2/2025 2:00:00 PM,1/2/2025 9:00:00 AM,RFC,WEST,ATSI,OE,8036.199,True
1/2/2025 3:00:00 PM,1/2/2025 10:00:00 AM,RFC,WEST,ATSI,OE,8223.172,True
1/2/2025 4:00:00 PM,1/2/2025 11:00:00 AM,RFC,WEST,ATSI,OE,8278.950,True
1/2/2025 5:00:00 PM,1/2/2025 12:00:00 PM,RFC,WEST,ATSI,OE,8302.272,True
1/2/2025 6:00:00 PM,1/2/2025 1:00:00 PM,RFC,WEST,ATSI,OE,8359.986,True
1/2/2025 7:00:00 PM,1/2/2025 2:00:00 PM,RFC,WEST,ATSI,OE,8257.082,True
1/2/2025 8:00:00 PM,1/2/2025 3:00:00 PM,RFC,WEST,ATSI,OE,8240.800,True
1/2/2025 9:00:00 PM,1/2/2025 4:00:00 PM,RFC,WEST,ATSI,OE,8264.285,True
1/2/2025 10:00:00 PM,1/2/2025 5:00:00 PM,RFC,WEST,ATSI,OE,8421.217,True
1/2/2025 11:00:00 PM,1/2/2025 6:00:00 PM,RFC,WEST,ATSI,OE,8334.728,True
1/3/2025 12:00:00 AM,1/2/2025 7:00:00 PM,RFC,WEST,ATSI,OE,8270.211,True
1/3/2025 1:00:00 AM,1/2/2025 8:00:00 PM,RFC,WEST,ATSI,OE,8060.851,True
1/3/2025 2:00:00 AM,1/2/2025 9:00:00 PM,RFC,WEST,ATSI,OE,7813.223,True
1/3/2025 3:00:00 AM,1/2/2025 10:00:00 PM,RFC,WEST,ATSI,OE,7521.551,True
1/3/2025 4:00:00 AM,1/2/2025 11:00:00 PM,RFC,WEST,ATSI,OE,7147.718,True
1/3/2025 5:00:00 AM,1/3/2025 12:00:00 AM,RFC,WEST,ATSI,OE,7005.023,True
1/3/2025 6:00:00 AM,1/3/2025 1:00:00 AM,RFC,WEST,ATSI,OE,6843.191,True
1/3/2025 7:00:00 AM,1/3/2025 2:00:00 AM,RFC,WEST,ATSI,OE,6796.608,True
1/3/2025 8:00:00 AM,1/3/2025 3:00:00 AM,RFC,WEST,ATSI,OE,6784.386,True
1/3/2025 9:00:00 AM,1/3/2025 4:00:00 AM,RFC,WEST,ATSI,OE,6868.471,True
1/3/2025 10:00:00 AM,1/3/2025 5:00:00 AM,RFC,WEST,ATSI,OE,7084.711,True
1/3/2025 11:00:00 AM,1/3/2025 6:00:00 AM,RFC,WEST,ATSI,OE,7493.010,True
1/3/2025 12:00:00 PM,1/3/2025 7:00:00 AM,RFC,WEST,ATSI,OE,7889.428,True
1/3/2025 1:00:00 PM,1/3/2025 8:00:00 AM,RFC,WEST,ATSI,OE,8007.019,True
1/3/2025 2:00:00 PM,1/3/2025 9:00:00 AM,RFC,WEST,ATSI,OE,8148.400,True
1/3/2025 3:00:00 PM,1/3/2025 10:00:00 AM,RFC,WEST,ATSI,OE,8124.141,True
1/3/2025 4:00:00 PM,1/3/2025 11:00:00 AM,RFC,WEST,ATSI,OE,8240.825,True
1/3/2025 5:00:00 PM,1/3/2025 12:00:00 PM,RFC,WEST,ATSI,OE,8348.424,True
1/3/2025 6:00:00 PM,1/3/2025 1:00:00 PM,RFC,WEST,ATSI,OE,8334.828,True
1/3/2025 7:00:00 PM,1/3/2025 2:00:00 PM,RFC,WEST,ATSI,OE,8202.512,True
1/3/2025 8:00:00 PM,1/3/2025 3:00:00 PM,RFC,WEST,ATSI,OE,8136.338,True
1/3/2025 9:00:00 PM,1/3/2025 4:00:00 PM,RFC,WEST,ATSI,OE,8194.761,True
1/3/2025 10:00:00 PM,1/3/2025 5:00:00 PM,RFC,WEST,ATSI,OE,8434.636,True
1/3/2025 11:00:00 PM,1/3/2025 6:00:00 PM,RFC,WEST,ATSI,OE,8269.226,True
1/4/2025 12:00:00 AM,1/3/2025 7:00:00 PM,RFC,WEST,ATSI,OE,8196.099,True
1/4/2025 1:00:00 AM,1/3/2025 8:00:00 PM,RFC,WEST,ATSI,OE,8135.205,True
1/4/2025 2:00:00 AM,1/3/2025 9:00:00 PM,RFC,WEST,ATSI,OE,7954.275,True
1/4/2025 3:00:00 AM,1/3/2025 10:00:00 PM,RFC,WEST,ATSI,OE,7714.676,True
1/4/2025 4:00:00 AM,1/3/2025 11:00:00 PM,RFC,WEST,ATSI,OE,7410.478,True
1/4/2025 5:00:00 AM,1/4/2025 12:00:00 AM,RFC,WEST,ATSI,OE,7132.579,True
1/4/2025 6:00:00 AM,1/4/2025 1:00:00 AM,RFC,WEST,ATSI,OE,7054.386,True
1/4/2025 7:00:00 AM,1/4/2025 2:00:00 AM,RFC,WEST,ATSI,OE,6919.529,True
1/4/2025 8:00:00 AM,1/4/2025 3:00:00 AM,RFC,WEST,ATSI,OE,6884.964,True
1/4/2025 9:00:00 AM,1/4/2025 4:00:00 AM,RFC,WEST,ATSI,OE,6851.035,True
1/4/2025 10:00:00 AM,1/4/2025 5:00:00 AM,RFC,WEST,ATSI,OE,7045.769,True
1/4/2025 11:00:00 AM,1/4/2025 6:00:00 AM,RFC,WEST,ATSI,OE,7115.181,True
1/4/2025 12:00:00 PM,1/4/2025 7:00:00 AM,RFC,WEST,ATSI,OE,7371.633,True
1/4/2025 1:00:00 PM,1/4/2025 8:00:00 AM,RFC,WEST,ATSI,OE,7573.178,True
1/4/2025 2:00:00 PM,1/4/2025 9:00:00 AM,RFC,WEST,ATSI,OE,7718.079,True
1/4/2025 3:00:00 PM,1/4/2025 10:00:00 AM,RFC,WEST,ATSI,OE,7838.223,True
1/4/2025 4:00:00 PM,1/4/2025 11:00:00 AM,RFC,WEST,ATSI,OE,7877.885,True
1/4/2025 5:00:00 PM,1/4/2025 12:00:00 PM,RFC,WEST,ATSI,OE,7847.211,True
1/4/2025 6:00:00 PM,1/4/2025 1:00:00 PM,RFC,WEST,ATSI,OE,7909.917,True
1/4/2025 7:00:00 PM,1/4/2025 2:00:00 PM,RFC,WEST,ATSI,OE,7875.341,True
1/4/2025 8:00:00 PM,1/4/2025 3:00:00 PM,RFC,WEST,ATSI,OE,7871.696,True
1/4/2025 9:00:00 PM,1/4/2025 4:00:00 PM,RFC,WEST,ATSI,OE,8024.965,True
1/4/2025 10:00:00 PM,1/4/2025 5:00:00 PM,RFC,WEST,ATSI,OE,8215.760,True
1/4/2025 11:00:00 PM,1/4/2025 6:00:00 PM,RFC,WEST,ATSI,OE,8290.283,True
1/5/2025 12:00:00 AM,1/4/2025 7:00:00 PM,RFC,WEST,ATSI,OE,8251.834,True
1/5/2025 1:00:00 AM,1/4/2025 8:00:00 PM,RFC,WEST,ATSI,OE,8134.089,True
1/5/2025 2:00:00 AM,1/4/2025 9:00:00 PM,RFC,WEST,ATSI,OE,7915.285,True
1/5/2025 3:00:00 AM,1/4/2025 10:00:00 PM,RFC,WEST,ATSI,OE,7709.893,True
1/5/2025 4:00:00 AM,1/4/2025 11:00:00 PM,RFC,WEST,ATSI,OE,7409.197,True
1/5/2025 5:00:00 AM,1/5/2025 12:00:00 AM,RFC,WEST,ATSI,OE,7252.035,True
1/5/2025 6:00:00 AM,1/5/2025 1:00:00 AM,RFC,WEST,ATSI,OE,7127.941,True
1/5/2025 7:00:00 AM,1/5/2025 2:00:00 AM,RFC,WEST,ATSI,OE,7070.289,True
1/5/2025 8:00:00 AM,1/5/2025 3:00:00 AM,RFC,WEST,ATSI,OE,7065.022,True
1/5/2025 9:00:00 AM,1/5/2025 4:00:00 AM,RFC,WEST,ATSI,OE,7057.660,True
1/5/2025 10:00:00 AM,1/5/2025 5:00:00 AM,RFC,WEST,ATSI,OE,7114.173,True
1/5/2025 11:00:00 AM,1/5/2025 6:00:00 AM,RFC,WEST,ATSI,OE,7207.798,True
1/5/2025 12:00:00 PM,1/5/2025 7:00:00 AM,RFC,WEST,ATSI,OE,7420.521,True
1/5/2025 1:00:00 PM,1/5/2025 8:00:00 AM,RFC,WEST,ATSI,OE,7493.136,True
1/5/2025 2:00:00 PM,1/5/2025 9:00:00 AM,RFC,WEST,ATSI,OE,7587.109,True
1/5/2025 3:00:00 PM,1/5/2025 10:00:00 AM,RFC,WEST,ATSI,OE,7636.073,True
1/5/2025 4:00:00 PM,1/5/2025 11:00:00 AM,RFC,WEST,ATSI,OE,7679.868,True
1/5/2025 5:00:00 PM,1/5/2025 12:00:00 PM,RFC,WEST,ATSI,OE,7688.639,True
1/5/2025 6:00:00 PM,1/5/2025 1:00:00 PM,RFC,WEST,ATSI,OE,7691.346,True
1/5/2025 7:00:00 PM,1/5/2025 2:00:00 PM,RFC,WEST,ATSI,OE,7619.855,True
1/5/2025 8:00:00 PM,1/5/2025 3:00:00 PM,RFC,WEST,ATSI,OE,7651.932,True
1/5/2025 9:00:00 PM,1/5/2025 4:00:00 PM,RFC,WEST,ATSI,OE,7787.770,True
1/5/2025 10:00:00 PM,1/5/2025 5:00:00 PM,RFC,WEST,ATSI,OE,8104.880,True
1/5/2025 11:00:00 PM,1/5/2025 6:00:00 PM,RFC,WEST,ATSI,OE,8137.110,True
1/6/2025 12:00:00 AM,1/5/2025 7:00:00 PM,RFC,WEST,ATSI,OE,8064.109,True
1/6/2025 1:00:00 AM,1/5/2025 8:00:00 PM,RFC,WEST,ATSI,OE,8023.547,True
1/6/2025 2:00:00 AM,1/5/2025 9:00:00 PM,RFC,WEST,ATSI,OE,7745.640,True
1/6/2025 3:00:00 AM,1/5/2025 10:00:00 PM,RFC,WEST,ATSI,OE,7461.821,True
1/6/2025 4:00:00 AM,1/5/2025 11:00:00 PM,RFC,WEST,ATSI,OE,7243.263,True
1/6/2025 5:00:00 AM,1/6/2025 12:00:00 AM,RFC,WEST,ATSI,OE,7130.910,True
1/6/2025 6:00:00 AM,1/6/2025 1:00:00 AM,RFC,WEST,ATSI,OE,6997.352,True
1/6/2025 7:00:00 AM,1/6/2025 2:00:00 AM,RFC,WEST,ATSI,OE,6952.532,True
1/6/2025 8:00:00 AM,1/6/2025 3:00:00 AM,RFC,WEST,ATSI,OE,7031.035,True
1/6/2025 9:00:00 AM,1/6/2025 4:00:00 AM,RFC,WEST,ATSI,OE,7143.384,True
1/6/2025 10:00:00 AM,1/6/2025 5:00:00 AM,RFC,WEST,ATSI,OE,7426.397,True
1/6/2025 11:00:00 AM,1/6/2025 6:00:00 AM,RFC,WEST,ATSI,OE,7851.771,True
1/6/2025 12:00:00 PM,1/6/2025 7:00:00 AM,RFC,WEST,ATSI,OE,8302.178,True
1/6/2025 1:00:00 PM,1/6/2025 8:00:00 AM,RFC,WEST,ATSI,OE,8415.987,True
1/6/2025 2:00:00 PM,1/6/2025 9:00:00 AM,RFC,WEST,ATSI,OE,8538.207,True
1/6/2025 3:00:00 PM,1/6/2025 10:00:00 AM,RFC,WEST,ATSI,OE,8546.390,True
1/6/2025 4:00:00 PM,1/6/2025 11:00:00 AM,RFC,WEST,ATSI,OE,8707.921,True
1/6/2025 5:00:00 PM,1/6/2025 12:00:00 PM,RFC,WEST,ATSI,OE,8786.313,True
1/6/2025 6:00:00 PM,1/6/2025 1:00:00 PM,RFC,WEST,ATSI,OE,8746.279,True
1/6/2025 7:00:00 PM,1/6/2025 2:00:00 PM,RFC,WEST,ATSI,OE,8585.672,True
1/6/2025 8:00:00 PM,1/6/2025 3:00:00 PM,RFC,WEST,ATSI,OE,8563.618,True
1/6/2025 9:00:00 PM,1/6/2025 4:00:00 PM,RFC,WEST,ATSI,OE,8607.424,True
1/6/2025 10:00:00 PM,1/6/2025 5:00:00 PM,RFC,WEST,ATSI,OE,8811.899,True
1/6/2025 11:00:00 PM,1/6/2025 6:00:00 PM,RFC,WEST,ATSI,OE,8727.134,True
1/7/2025 12:00:00 AM,1/6/2025 7:00:00 PM,RFC,WEST,ATSI,OE,8683.285,True
1/7/2025 1:00:00 AM,1/6/2025 8:00:00 PM,RFC,WEST,ATSI,OE,8517.880,True
1/7/2025 2:00:00 AM,1/6/2025 9:00:00 PM,RFC,WEST,ATSI,OE,8260.985,True
1/7/2025 3:00:00 AM,1/6/2025 10:00:00 PM,RFC,WEST,ATSI,OE,7881.750,True
1/7/2025 4:00:00 AM,1/6/2025 11:00:00 PM,RFC,WEST,ATSI,OE,7550.648,True
1/7/2025 5:00:00 AM,1/7/2025 12:00:00 AM,RFC,WEST,ATSI,OE,7369.413,True
1/7/2025 6:00:00 AM,1/7/2025 1:00:00 AM,RFC,WEST,ATSI,OE,7235.041,True
1/7/2025 7:00:00 AM,1/7/2025 2:00:00 AM,RFC,WEST,ATSI,OE,7183.243,True
1/7/2025 8:00:00 AM,1/7/2025 3:00:00 AM,RFC,WEST,ATSI,OE,7163.027,True
1/7/2025 9:00:00 AM,1/7/2025 4:00:00 AM,RFC,WEST,ATSI,OE,7091.228,True
1/7/2025 10:00:00 AM,1/7/2025 5:00:00 AM,RFC,WEST,ATSI,OE,7405.224,True
1/7/2025 11:00:00 AM,1/7/2025 6:00:00 AM,RFC,WEST,ATSI,OE,7853.414,True
1/7/2025 12:00:00 PM,1/7/2025 7:00:00 AM,RFC,WEST,ATSI,OE,8261.923,True
1/7/2025 1:00:00 PM,1/7/2025 8:00:00 AM,RFC,WEST,ATSI,OE,8389.408,True
1/7/2025 2:00:00 PM,1/7/2025 9:00:00 AM,RFC,WEST,ATSI,OE,8423.599,True
1/7/2025 3:00:00 PM,1/7/2025 10:00:00 AM,RFC,WEST,ATSI,OE,8426.689,True
1/7/2025 4:00:00 PM,1/7/2025 11:00:00 AM,RFC,WEST,ATSI,OE,8362.715,True
1/7/2025 5:00:00 PM,1/7/2025 12:00:00 PM,RFC,WEST,ATSI,OE,8284.085,True
1/7/2025 6:00:00 PM,1/7/2025 1:00:00 PM,RFC,WEST,ATSI,OE,8287.280,True
1/7/2025 7:00:00 PM,1/7/2025 2:00:00 PM,RFC,WEST,ATSI,OE,8225.549,True
1/7/2025 8:00:00 PM,1/7/2025 3:00:00 PM,RFC,WEST,ATSI,OE,8244.195,True
1/7/2025 9:00:00 PM,1/7/2025 4:00:00 PM,RFC,WEST,ATSI,OE,8306.939,True
1/7/2025 10:00:00 PM,1/7/2025 5:00:00 PM,RFC,WEST,ATSI,OE,8569.258,True
1/7/2025 11:00:00 PM,1/7/2025 6:00:00 PM,RFC,WEST,ATSI,OE,8678.758,True
1/8/2025 12:00:00 AM,1/7/2025 7:00:00 PM,RFC,WEST,ATSI,OE,8608.426,True
1/8/2025 1:00:00 AM,1/7/2025 8:00:00 PM,RFC,WEST,ATSI,OE,8465.003,True
1/8/2025 2:00:00 AM,1/7/2025 9:00:00 PM,RFC,WEST,ATSI,OE,8221.325,True
1/8/2025 3:00:00 AM,1/7/2025 10:00:00 PM,RFC,WEST,ATSI,OE,7918.998,True
1/8/2025 4:00:00 AM,1/7/2025 11:00:00 PM,RFC,WEST,ATSI,OE,7550.535,True
1/8/2025 5:00:00 AM,1/8/2025 12:00:00 AM,RFC,WEST,ATSI,OE,7337.820,True
1/8/2025 6:00:00 AM,1/8/2025 1:00:00 AM,RFC,WEST,ATSI,OE,7230.227,True
1/8/2025 7:00:00 AM,1/8/2025 2:00:00 AM,RFC,WEST,ATSI,OE,7142.908,True
1/8/2025 8:00:00 AM,1/8/2025 3:00:00 AM,RFC,WEST,ATSI,OE,7174.565,True
1/8/2025 9:00:00 AM,1/8/2025 4:00:00 AM,RFC,WEST,ATSI,OE,7204.003,True
1/8/2025 10:00:00 AM,1/8/2025 5:00:00 AM,RFC,WEST,ATSI,OE,7532.055,True
1/8/2025 11:00:00 AM,1/8/2025 6:00:00 AM,RFC,WEST,ATSI,OE,8018.339,True
1/8/2025 12:00:00 PM,1/8/2025 7:00:00 AM,RFC,WEST,ATSI,OE,8528.207,True
1/8/2025 1:00:00 PM,1/8/2025 8:00:00 AM,RFC,WEST,ATSI,OE,8648.616,True
1/8/2025 2:00:00 PM,1/8/2025 9:00:00 AM,RFC,WEST,ATSI,OE,8723.003,True
1/8/2025 3:00:00 PM,1/8/2025 10:00:00 AM,RFC,WEST,ATSI,OE,8732.448,True
1/8/2025 4:00:00 PM,1/8/2025 11:00:00 AM,RFC,WEST,ATSI,OE,8706.209,True
1/8/2025 5:00:00 PM,1/8/2025 12:00:00 PM,RFC,WEST,ATSI,OE,8676.300,True
1/8/2025 6:00:00 PM,1/8/2025 1:00:00 PM,RFC,WEST,ATSI,OE,8697.023,True
1/8/2025 7:00:00 PM,1/8/2025 2:00:00 PM,RFC,WEST,ATSI,OE,8586.503,True
1/8/2025 8:00:00 PM,1/8/2025 3:00:00 PM,RFC,WEST,ATSI,OE,8576.193,True
1/8/2025 9:00:00 PM,1/8/2025 4:00:00 PM,RFC,WEST,ATSI,OE,8601.103,True
1/8/2025 10:00:00 PM,1/8/2025 5:00:00 PM,RFC,WEST,ATSI,OE,8670.555,True
1/8/2025 11:00:00 PM,1/8/2025 6:00:00 PM,RFC,WEST,ATSI,OE,8701.941,True
1/9/2025 12:00:00 AM,1/8/2025 7:00:00 PM,RFC,WEST,ATSI,OE,8638.149,True
1/9/2025 1:00:00 AM,1/8/2025 8:00:00 PM,RFC,WEST,ATSI,OE,8526.954,True
1/9/2025 2:00:00 AM,1/8/2025 9:00:00 PM,RFC,WEST,ATSI,OE,8312.515,True
1/9/2025 3:00:00 AM,1/8/2025 10:00:00 PM,RFC,WEST,ATSI,OE,8011.332,True
1/9/2025 4:00:00 AM,1/8/2025 11:00:00 PM,RFC,WEST,ATSI,OE,7732.465,True
1/9/2025 5:00:00 AM,1/9/2025 12:00:00 AM,RFC,WEST,ATSI,OE,7559.733,True
1/9/2025 6:00:00 AM,1/9/2025 1:00:00 AM,RFC,WEST,ATSI,OE,7432.116,True
1/9/2025 7:00:00 AM,1/9/2025 2:00:00 AM,RFC,WEST,ATSI,OE,7332.765,True
1/9/2025 8:00:00 AM,1/9/2025 3:00:00 AM,RFC,WEST,ATSI,OE,7296.702,True
1/9/2025 9:00:00 AM,1/9/2025 4:00:00 AM,RFC,WEST,ATSI,OE,7397.054,True
1/9/2025 10:00:00 AM,1/9/2025 5:00:00 AM,RFC,WEST,ATSI,OE,7734.374,True
1/9/2025 11:00:00 AM,1/9/2025 6:00:00 AM,RFC,WEST,ATSI,OE,8203.328,True
1/9/2025 12:00:00 PM,1/9/2025 7:00:00 AM,RFC,WEST,ATSI,OE,8541.966,True
1/9/2025 1:00:00 PM,1/9/2025 8:00:00 AM,RFC,WEST,ATSI,OE,8725.595,True
1/9/2025 2:00:00 PM,1/9/2025 9:00:00 AM,RFC,WEST,ATSI,OE,8735.407,True
1/9/2025 3:00:00 PM,1/9/2025 10:00:00 AM,RFC,WEST,ATSI,OE,8637.895,True
1/9/2025 4:00:00 PM,1/9/2025 11:00:00 AM,RFC,WEST,ATSI,OE,8520.986,True
1/9/2025 5:00:00 PM,1/9/2025 12:00:00 PM,RFC,WEST,ATSI,OE,8454.631,True
1/9/2025 6:00:00 PM,1/9/2025 1:00:00 PM,RFC,WEST,ATSI,OE,8374.262,True
1/9/2025 7:00:00 PM,1/9/2025 2:00:00 PM,RFC,WEST,ATSI,OE,8188.200,True
1/9/2025 8:00:00 PM,1/9/2025 3:00:00 PM,RFC,WEST,ATSI,OE,8153.394,True
1/9/2025 9:00:00 PM,1/9/2025 4:00:00 PM,RFC,WEST,ATSI,OE,8084.469,True
1/9/2025 10:00:00 PM,1/9/2025 5:00:00 PM,RFC,WEST,ATSI,OE,8503.333,True
1/9/2025 11:00:00 PM,1/9/2025 6:00:00 PM,RFC,WEST,ATSI,OE,8679.843,True
1/10/2025 12:00:00 AM,1/9/2025 7:00:00 PM,RFC,WEST,ATSI,OE,8699.638,True
1/10/2025 1:00:00 AM,1/9/2025 8:00:00 PM,RFC,WEST,ATSI,OE,8651.729,True
1/10/2025 2:00:00 AM,1/9/2025 9:00:00 PM,RFC,WEST,ATSI,OE,8469.766,True
1/10/2025 3:00:00 AM,1/9/2025 10:00:00 PM,RFC,WEST,ATSI,OE,8216.633,True
1/10/2025 4:00:00 AM,1/9/2025 11:00:00 PM,RFC,WEST,ATSI,OE,7961.105,True
1/10/2025 5:00:00 AM,1/10/2025 12:00:00 AM,RFC,WEST,ATSI,OE,7760.719,True
1/10/2025 6:00:00 AM,1/10/2025 1:00:00 AM,RFC,WEST,ATSI,OE,7557.956,True
1/10/2025 7:00:00 AM,1/10/2025 2:00:00 AM,RFC,WEST,ATSI,OE,7499.630,True
1/10/2025 8:00:00 AM,1/10/2025 3:00:00 AM,RFC,WEST,ATSI,OE,7604.783,True
1/10/2025 9:00:00 AM,1/10/2025 4:00:00 AM,RFC,WEST,ATSI,OE,7712.160,True
1/10/2025 10:00:00 AM,1/10/2025 5:00:00 AM,RFC,WEST,ATSI,OE,8003.604,True
1/10/2025 11:00:00 AM,1/10/2025 6:00:00 AM,RFC,WEST,ATSI,OE,8439.133,True
1/10/2025 12:00:00 PM,1/10/2025 7:00:00 AM,RFC,WEST,ATSI,OE,8775.865,True
1/10/2025 1:00:00 PM,1/10/2025 8:00:00 AM,RFC,WEST,ATSI,OE,8890.456,True
1/10/2025 2:00:00 PM,1/10/2025 9:00:00 AM,RFC,WEST,ATSI,OE,8879.957,True
1/10/2025 3:00:00 PM,1/10/2025 10:00:00 AM,RFC,WEST,ATSI,OE,8861.189,True
1/10/2025 4:00:00 PM,1/10/2025 11:00:00 AM,RFC,WEST,ATSI,OE,8711.504,True
1/10/2025 5:00:00 PM,1/10/2025 12:00:00 PM,RFC,WEST,ATSI,OE,8762.359,True
1/10/2025 6:00:00 PM,1/10/2025 1:00:00 PM,RFC,WEST,ATSI,OE,8703.304,True
1/10/2025 7:00:00 PM,1/10/2025 2:00:00 PM,RFC,WEST,ATSI,OE,8613.101,True
1/10/2025 8:00:00 PM,1/10/2025 3:00:00 PM,RFC,WEST,ATSI,OE,8511.219,True
1/10/2025 9:00:00 PM,1/10/2025 4:00:00 PM,RFC,WEST,ATSI,OE,8364.237,True
1/10/2025 10:00:00 PM,1/10/2025 5:00:00 PM,RFC,WEST,ATSI,OE,8627.311,True
1/10/2025 11:00:00 PM,1/10/2025 6:00:00 PM,RFC,WEST,ATSI,OE,8646.924,True
1/11/2025 12:00:00 AM,1/10/2025 7:00:00 PM,RFC,WEST,ATSI,OE,8513.519,True
1/11/2025 1:00:00 AM,1/10/2025 8:00:00 PM,RFC,WEST,ATSI,OE,8368.596,True
1/11/2025 2:00:00 AM,1/10/2025 9:00:00 PM,RFC,WEST,ATSI,OE,8212.597,True
1/11/2025 3:00:00 AM,1/10/2025 10:00:00 PM,RFC,WEST,ATSI,OE,7843.523,True
1/11/2025 4:00:00 AM,1/10/2025 11:00:00 PM,RFC,WEST,ATSI,OE,7535.223,True
1/11/2025 5:00:00 AM,1/11/2025 12:00:00 AM,RFC,WEST,ATSI,OE,7298.922,True
1/11/2025 6:00:00 AM,1/11/2025 1:00:00 AM,RFC,WEST,ATSI,OE,7087.751,True
1/11/2025 7:00:00 AM,1/11/2025 2:00:00 AM,RFC,WEST,ATSI,OE,6998.786,True
1/11/2025 8:00:00 AM,1/11/2025 3:00:00 AM,RFC,WEST,ATSI,OE,6977.128,True
1/11/2025 9:00:00 AM,1/11/2025 4:00:00 AM,RFC,WEST,ATSI,OE,6978.144,True
1/11/2025 10:00:00 AM,1/11/2025 5:00:00 AM,RFC,WEST,ATSI,OE,7071.763,True
1/11/2025 11:00:00 AM,1/11/2025 6:00:00 AM,RFC,WEST,ATSI,OE,7264.696,True
1/11/2025 12:00:00 PM,1/11/2025 7:00:00 AM,RFC,WEST,ATSI,OE,7484.429,True
1/11/2025 1:00:00 PM,1/11/2025 8:00:00 AM,RFC,WEST,ATSI,OE,7604.797,True
1/11/2025 2:00:00 PM,1/11/2025 9:00:00 AM,RFC,WEST,ATSI,OE,7771.530,True
1/11/2025 3:00:00 PM,1/11/2025 10:00:00 AM,RFC,WEST,ATSI,OE,7887.447,True
1/11/2025 4:00:00 PM,1/11/2025 11:00:00 AM,RFC,WEST,ATSI,OE,7906.397,True
1/11/2025 5:00:00 PM,1/11/2025 12:00:00 PM,RFC,WEST,ATSI,OE,7826.193,True
1/11/2025 6:00:00 PM,1/11/2025 1:00:00 PM,RFC,WEST,ATSI,OE,7743.369,True
1/11/2025 7:00:00 PM,1/11/2025 2:00:00 PM,RFC,WEST,ATSI,OE,7700.192,True
1/11/2025 8:00:00 PM,1/11/2025 3:00:00 PM,RFC,WEST,ATSI,OE,7690.777,True
1/11/2025 9:00:00 PM,1/11/2025 4:00:00 PM,RFC,WEST,ATSI,OE,7794.399,True
1/11/2025 10:00:00 PM,1/11/2025 5:00:00 PM,RFC,WEST,ATSI,OE,7926.423,True
1/11/2025 11:00:00 PM,1/11/2025 6:00:00 PM,RFC,WEST,ATSI,OE,7959.753,True
1/12/2025 12:00:00 AM,1/11/2025 7:00:00 PM,RFC,WEST,ATSI,OE,7843.976,True
1/12/2025 1:00:00 AM,1/11/2025 8:00:00 PM,RFC,WEST,ATSI,OE,7710.143,True
1/12/2025 2:00:00 AM,1/11/2025 9:00:00 PM,RFC,WEST,ATSI,OE,7592.185,True
1/12/2025 3:00:00 AM,1/11/2025 10:00:00 PM,RFC,WEST,ATSI,OE,7426.416,True
1/12/2025 4:00:00 AM,1/11/2025 11:00:00 PM,RFC,WEST,ATSI,OE,7150.201,True
1/12/2025 5:00:00 AM,1/12/2025 12:00:00 AM,RFC,WEST,ATSI,OE,6989.039,True
1/12/2025 6:00:00 AM,1/12/2025 1:00:00 AM,RFC,WEST,ATSI,OE,6787.056,True
1/12/2025 7:00:00 AM,1/12/2025 2:00:00 AM,RFC,WEST,ATSI,OE,6687.536,True
1/12/2025 8:00:00 AM,1/12/2025 3:00:00 AM,RFC,WEST,ATSI,OE,6640.560,True
1/12/2025 9:00:00 AM,1/12/2025 4:00:00 AM,RFC,WEST,ATSI,OE,6742.157,True
1/12/2025 10:00:00 AM,1/12/2025 5:00:00 AM,RFC,WEST,ATSI,OE,6791.708,True
1/12/2025 11:00:00 AM,1/12/2025 6:00:00 AM,RFC,WEST,ATSI,OE,6961.972,True
1/12/2025 12:00:00 PM,1/12/2025 7:00:00 AM,RFC,WEST,ATSI,OE,7183.581,True
1/12/2025 1:00:00 PM,1/12/2025 8:00:00 AM,RFC,WEST,ATSI,OE,7332.440,True
1/12/2025 2:00:00 PM,1/12/2025 9:00:00 AM,RFC,WEST,ATSI,OE,7525.172,True
1/12/2025 3:00:00 PM,1/12/2025 10:00:00 AM,RFC,WEST,ATSI,OE,7533.971,True
1/12/2025 4:00:00 PM,1/12/2025 11:00:00 AM,RFC,WEST,ATSI,OE,7440.628,True
1/12/2025 5:00:00 PM,1/12/2025 12:00:00 PM,RFC,WEST,ATSI,OE,7524.369,True
1/12/2025 6:00:00 PM,1/12/2025 1:00:00 PM,RFC,WEST,ATSI,OE,7501.811,True
1/12/2025 7:00:00 PM,1/12/2025 2:00:00 PM,RFC,WEST,ATSI,OE,7472.538,True
1/12/2025 8:00:00 PM,1/12/2025 3:00:00 PM,RFC,WEST,ATSI,OE,7548.303,True
1/12/2025 9:00:00 PM,1/12/2025 4:00:00 PM,RFC,WEST,ATSI,OE,7672.913,True
1/12/2025 10:00:00 PM,1/12/2025 5:00:00 PM,RFC,WEST,ATSI,OE,7983.659,True
1/12/2025 11:00:00 PM,1/12/2025 6:00:00 PM,RFC,WEST,ATSI,OE,8045.341,True
1/13/2025 12:00:00 AM,1/12/2025 7:00:00 PM,RFC,WEST,ATSI,OE,7952.480,True
1/13/2025 1:00:00 AM,1/12/2025 8:00:00 PM,RFC,WEST,ATSI,OE,7765.678,True
1/13/2025 2:00:00 AM,1/12/2025 9:00:00 PM,RFC,WEST,ATSI,OE,7493.638,True
1/13/2025 3:00:00 AM,1/12/2025 10:00:00 PM,RFC,WEST,ATSI,OE,7265.330,True
1/13/2025 4:00:00 AM,1/12/2025 11:00:00 PM,RFC,WEST,ATSI,OE,7024.828,True
1/13/2025 5:00:00 AM,1/13/2025 12:00:00 AM,RFC,WEST,ATSI,OE,6857.191,True
1/13/2025 6:00:00 AM,1/13/2025 1:00:00 AM,RFC,WEST,ATSI,OE,6797.506,True
1/13/2025 7:00:00 AM,1/13/2025 2:00:00 AM,RFC,WEST,ATSI,OE,6768.351,True
1/13/2025 8:00:00 AM,1/13/2025 3:00:00 AM,RFC,WEST,ATSI,OE,6767.457,True
1/13/2025 9:00:00 AM,1/13/2025 4:00:00 AM,RFC,WEST,ATSI,OE,6938.295,True
1/13/2025 10:00:00 AM,1/13/2025 5:00:00 AM,RFC,WEST,ATSI,OE,7243.189,True
1/13/2025 11:00:00 AM,1/13/2025 6:00:00 AM,RFC,WEST,ATSI,OE,7793.565,True
1/13/2025 12:00:00 PM,1/13/2025 7:00:00 AM,RFC,WEST,ATSI,OE,8291.242,True
1/13/2025 1:00:00 PM,1/13/2025 8:00:00 AM,RFC,WEST,ATSI,OE,8377.420,True
1/13/2025 2:00:00 PM,1/13/2025 9:00:00 AM,RFC,WEST,ATSI,OE,8408.552,True
1/13/2025 3:00:00 PM,1/13/2025 10:00:00 AM,RFC,WEST,ATSI,OE,8449.026,True
1/13/2025 4:00:00 PM,1/13/2025 11:00:00 AM,RFC,WEST,ATSI,OE,8318.079,True
1/13/2025 5:00:00 PM,1/13/2025 12:00:00 PM,RFC,WEST,ATSI,OE,8213.825,True
1/13/2025 6:00:00 PM,1/13/2025 1:00:00 PM,RFC,WEST,ATSI,OE,8142.522,True
1/13/2025 7:00:00 PM,1/13/2025 2:00:00 PM,RFC,WEST,ATSI,OE,8072.121,True
1/13/2025 8:00:00 PM,1/13/2025 3:00:00 PM,RFC,WEST,ATSI,OE,8079.546,True
1/13/2025 9:00:00 PM,1/13/2025 4:00:00 PM,RFC,WEST,ATSI,OE,8253.612,True
1/13/2025 10:00:00 PM,1/13/2025 5:00:00 PM,RFC,WEST,ATSI,OE,8604.014,True
1/13/2025 11:00:00 PM,1/13/2025 6:00:00 PM,RFC,WEST,ATSI,OE,8818.294,True
1/14/2025 12:00:00 AM,1/13/2025 7:00:00 PM,RFC,WEST,ATSI,OE,8800.800,True
1/14/2025 1:00:00 AM,1/13/2025 8:00:00 PM,RFC,WEST,ATSI,OE,8707.262,True
1/14/2025 2:00:00 AM,1/13/2025 9:00:00 PM,RFC,WEST,ATSI,OE,8518.784,True
1/14/2025 3:00:00 AM,1/13/2025 10:00:00 PM,RFC,WEST,ATSI,OE,8209.057,True
1/14/2025 4:00:00 AM,1/13/2025 11:00:00 PM,RFC,WEST,ATSI,OE,7880.292,True
1/14/2025 5:00:00 AM,1/14/2025 12:00:00 AM,RFC,WEST,ATSI,OE,7697.567,True
1/14/2025 6:00:00 AM,1/14/2025 1:00:00 AM,RFC,WEST,ATSI,OE,7576.343,True
1/14/2025 7:00:00 AM,1/14/2025 2:00:00 AM,RFC,WEST,ATSI,OE,7506.092,True
1/14/2025 8:00:00 AM,1/14/2025 3:00:00 AM,RFC,WEST,ATSI,OE,7521.356,True
1/14/2025 9:00:00 AM,1/14/2025 4:00:00 AM,RFC,WEST,ATSI,OE,7632.427,True
1/14/2025 10:00:00 AM,1/14/2025 5:00:00 AM,RFC,WEST,ATSI,OE,8018.360,True
1/14/2025 11:00:00 AM,1/14/2025 6:00:00 AM,RFC,WEST,ATSI,OE,8546.881,True
1/14/2025 12:00:00 PM,1/14/2025 7:00:00 AM,RFC,WEST,ATSI,OE,8902.316,True
1/14/2025 1:00:00 PM,1/14/2025 8:00:00 AM,RFC,WEST,ATSI,OE,9080.132,True
1/14/2025 2:00:00 PM,1/14/2025 9:00:00 AM,RFC,WEST,ATSI,OE,9156.803,True
1/14/2025 3:00:00 PM,1/14/2025 10:00:00 AM,RFC,WEST,ATSI,OE,9185.837,True
1/14/2025 4:00:00 PM,1/14/2025 11:00:00 AM,RFC,WEST,ATSI,OE,9089.783,True
1/14/2025 5:00:00 PM,1/14/2025 12:00:00 PM,RFC,WEST,ATSI,OE,9078.820,True
1/14/2025 6:00:00 PM,1/14/2025 1:00:00 PM,RFC,WEST,ATSI,OE,9048.542,True
1/14/2025 7:00:00 PM,1/14/2025 2:00:00 PM,RFC,WEST,ATSI,OE,8948.556,True
1/14/2025 8:00:00 PM,1/14/2025 3:00:00 PM,RFC,WEST,ATSI,OE,8801.887,True
1/14/2025 9:00:00 PM,1/14/2025 4:00:00 PM,RFC,WEST,ATSI,OE,8762.290,True
1/14/2025 10:00:00 PM,1/14/2025 5:00:00 PM,RFC,WEST,ATSI,OE,8996.301,True
1/14/2025 11:00:00 PM,1/14/2025 6:00:00 PM,RFC,WEST,ATSI,OE,9150.940,True
1/15/2025 12:00:00 AM,1/14/2025 7:00:00 PM,RFC,WEST,ATSI,OE,9103.168,True
1/15/2025 1:00:00 AM,1/14/2025 8:00:00 PM,RFC,WEST,ATSI,OE,8921.814,True
1/15/2025 2:00:00 AM,1/14/2025 9:00:00 PM,RFC,WEST,ATSI,OE,8704.146,True
1/15/2025 3:00:00 AM,1/14/2025 10:00:00 PM,RFC,WEST,ATSI,OE,8355.938,True
1/15/2025 4:00:00 AM,1/14/2025 11:00:00 PM,RFC,WEST,ATSI,OE,8037.191,True
1/15/2025 5:00:00 AM,1/15/2025 12:00:00 AM,RFC,WEST,ATSI,OE,7929.182,True
1/15/2025 6:00:00 AM,1/15/2025 1:00:00 AM,RFC,WEST,ATSI,OE,7862.090,True
1/15/2025 7:00:00 AM,1/15/2025 2:00:00 AM,RFC,WEST,ATSI,OE,7771.156,True
1/15/2025 8:00:00 AM,1/15/2025 3:00:00 AM,RFC,WEST,ATSI,OE,7668.186,True
1/15/2025 9:00:00 AM,1/15/2025 4:00:00 AM,RFC,WEST,ATSI,OE,7790.093,True
1/15/2025 10:00:00 AM,1/15/2025 5:00:00 AM,RFC,WEST,ATSI,OE,8143.169,True
1/15/2025 11:00:00 AM,1/15/2025 6:00:00 AM,RFC,WEST,ATSI,OE,8528.601,True
1/15/2025 12:00:00 PM,1/15/2025 7:00:00 AM,RFC,WEST,ATSI,OE,8939.543,True
1/15/2025 1:00:00 PM,1/15/2025 8:00:00 AM,RFC,WEST,ATSI,OE,9095.498,True
1/15/2025 2:00:00 PM,1/15/2025 9:00:00 AM,RFC,WEST,ATSI,OE,9180.927,True
1/15/2025 3:00:00 PM,1/15/2025 10:00:00 AM,RFC,WEST,ATSI,OE,9054.087,True
1/15/2025 4:00:00 PM,1/15/2025 11:00:00 AM,RFC,WEST,ATSI,OE,8868.404,True
1/15/2025 5:00:00 PM,1/15/2025 12:00:00 PM,RFC,WEST,ATSI,OE,8793.207,True
1/15/2025 6:00:00 PM,1/15/2025 1:00:00 PM,RFC,WEST,ATSI,OE,8742.704,True
1/15/2025 7:00:00 PM,1/15/2025 2:00:00 PM,RFC,WEST,ATSI,OE,8547.162,True
1/15/2025 8:00:00 PM,1/15/2025 3:00:00 PM,RFC,WEST,ATSI,OE,8587.810,True
1/15/2025 9:00:00 PM,1/15/2025 4:00:00 PM,RFC,WEST,ATSI,OE,8677.525,True
1/15/2025 10:00:00 PM,1/15/2025 5:00:00 PM,RFC,WEST,ATSI,OE,8931.991,True
1/15/2025 11:00:00 PM,1/15/2025 6:00:00 PM,RFC,WEST,ATSI,OE,9127.308,True
1/16/2025 12:00:00 AM,1/15/2025 7:00:00 PM,RFC,WEST,ATSI,OE,9040.655,True
1/16/2025 1:00:00 AM,1/15/2025 8:00:00 PM,RFC,WEST,ATSI,OE,8953.284,True
1/16/2025 2:00:00 AM,1/15/2025 9:00:00 PM,RFC,WEST,ATSI,OE,8778.729,True
1/16/2025 3:00:00 AM,1/15/2025 10:00:00 PM,RFC,WEST,ATSI,OE,8392.102,True
1/16/2025 4:00:00 AM,1/15/2025 11:00:00 PM,RFC,WEST,ATSI,OE,8022.979,True
1/16/2025 5:00:00 AM,1/16/2025 12:00:00 AM,RFC,WEST,ATSI,OE,7775.022,True
1/16/2025 6:00:00 AM,1/16/2025 1:00:00 AM,RFC,WEST,ATSI,OE,7713.501,True
1/16/2025 7:00:00 AM,1/16/2025 2:00:00 AM,RFC,WEST,ATSI,OE,7566.304,True
1/16/2025 8:00:00 AM,1/16/2025 3:00:00 AM,RFC,WEST,ATSI,OE,7584.438,True
1/16/2025 9:00:00 AM,1/16/2025 4:00:00 AM,RFC,WEST,ATSI,OE,7705.693,True
1/16/2025 10:00:00 AM,1/16/2025 5:00:00 AM,RFC,WEST,ATSI,OE,7934.126,True
1/16/2025 11:00:00 AM,1/16/2025 6:00:00 AM,RFC,WEST,ATSI,OE,8369.525,True
1/16/2025 12:00:00 PM,1/16/2025 7:00:00 AM,RFC,WEST,ATSI,OE,8639.305,True
1/16/2025 1:00:00 PM,1/16/2025 8:00:00 AM,RFC,WEST,ATSI,OE,8774.340,True
1/16/2025 2:00:00 PM,1/16/2025 9:00:00 AM,RFC,WEST,ATSI,OE,8969.601,True
1/16/2025 3:00:00 PM,1/16/2025 10:00:00 AM,RFC,WEST,ATSI,OE,9015.189,True
1/16/2025 4:00:00 PM,1/16/2025 11:00:00 AM,RFC,WEST,ATSI,OE,8974.468,True
1/16/2025 5:00:00 PM,1/16/2025 12:00:00 PM,RFC,WEST,ATSI,OE,8933.199,True
1/16/2025 6:00:00 PM,1/16/2025 1:00:00 PM,RFC,WEST,ATSI,OE,8849.554,True
1/16/2025 7:00:00 PM,1/16/2025 2:00:00 PM,RFC,WEST,ATSI,OE,8740.639,True
1/16/2025 8:00:00 PM,1/16/2025 3:00:00 PM,RFC,WEST,ATSI,OE,8656.151,True
1/16/2025 9:00:00 PM,1/16/2025 4:00:00 PM,RFC,WEST,ATSI,OE,8609.925,True
1/16/2025 10:00:00 PM,1/16/2025 5:00:00 PM,RFC,WEST,ATSI,OE,8791.298,True
1/16/2025 11:00:00 PM,1/16/2025 6:00:00 PM,RFC,WEST,ATSI,OE,8787.669,True
1/17/2025 12:00:00 AM,1/16/2025 7:00:00 PM,RFC,WEST,ATSI,OE,8647.834,True
1/17/2025 1:00:00 AM,1/16/2025 8:00:00 PM,RFC,WEST,ATSI,OE,8471.356,True
1/17/2025 2:00:00 AM,1/16/2025 9:00:00 PM,RFC,WEST,ATSI,OE,8177.977,True
1/17/2025 3:00:00 AM,1/16/2025 10:00:00 PM,RFC,WEST,ATSI,OE,7819.211,True
1/17/2025 4:00:00 AM,1/16/2025 11:00:00 PM,RFC,WEST,ATSI,OE,7492.040,True
1/17/2025 5:00:00 AM,1/17/2025 12:00:00 AM,RFC,WEST,ATSI,OE,7247.499,True
1/17/2025 6:00:00 AM,1/17/2025 1:00:00 AM,RFC,WEST,ATSI,OE,7077.003,True
1/17/2025 7:00:00 AM,1/17/2025 2:00:00 AM,RFC,WEST,ATSI,OE,6997.192,True
1/17/2025 8:00:00 AM,1/17/2025 3:00:00 AM,RFC,WEST,ATSI,OE,6961.588,True
1/17/2025 9:00:00 AM,1/17/2025 4:00:00 AM,RFC,WEST,ATSI,OE,7031.786,True
1/17/2025 10:00:00 AM,1/17/2025 5:00:00 AM,RFC,WEST,ATSI,OE,7297.623,True
1/17/2025 11:00:00 AM,1/17/2025 6:00:00 AM,RFC,WEST,ATSI,OE,7716.253,True
1/17/2025 12:00:00 PM,1/17/2025 7:00:00 AM,RFC,WEST,ATSI,OE,8020.965,True
1/17/2025 1:00:00 PM,1/17/2025 8:00:00 AM,RFC,WEST,ATSI,OE,8156.494,True
1/17/2025 2:00:00 PM,1/17/2025 9:00:00 AM,RFC,WEST,ATSI,OE,8198.040,True
1/17/2025 3:00:00 PM,1/17/2025 10:00:00 AM,RFC,WEST,ATSI,OE,8090.366,True
1/17/2025 4:00:00 PM,1/17/2025 11:00:00 AM,RFC,WEST,ATSI,OE,7871.006,True
1/17/2025 5:00:00 PM,1/17/2025 12:00:00 PM,RFC,WEST,ATSI,OE,7777.700,True
1/17/2025 6:00:00 PM,1/17/2025 1:00:00 PM,RFC,WEST,ATSI,OE,7771.544,True
1/17/2025 7:00:00 PM,1/17/2025 2:00:00 PM,RFC,WEST,ATSI,OE,7565.580,True
1/17/2025 8:00:00 PM,1/17/2025 3:00:00 PM,RFC,WEST,ATSI,OE,7512.043,True
1/17/2025 9:00:00 PM,1/17/2025 4:00:00 PM,RFC,WEST,ATSI,OE,7609.345,True
1/17/2025 10:00:00 PM,1/17/2025 5:00:00 PM,RFC,WEST,ATSI,OE,7787.690,True
1/17/2025 11:00:00 PM,1/17/2025 6:00:00 PM,RFC,WEST,ATSI,OE,7934.653,True
1/18/2025 12:00:00 AM,1/17/2025 7:00:00 PM,RFC,WEST,ATSI,OE,7753.185,True
1/18/2025 1:00:00 AM,1/17/2025 8:00:00 PM,RFC,WEST,ATSI,OE,7688.873,True
1/18/2025 2:00:00 AM,1/17/2025 9:00:00 PM,RFC,WEST,ATSI,OE,7482.641,True
1/18/2025 3:00:00 AM,1/17/2025 10:00:00 PM,RFC,WEST,ATSI,OE,7223.227,True
1/18/2025 4:00:00 AM,1/17/2025 11:00:00 PM,RFC,WEST,ATSI,OE,6920.593,True
1/18/2025 5:00:00 AM,1/18/2025 12:00:00 AM,RFC,WEST,ATSI,OE,6659.951,True
1/18/2025 6:00:00 AM,1/18/2025 1:00:00 AM,RFC,WEST,ATSI,OE,6478.942,True
1/18/2025 7:00:00 AM,1/18/2025 2:00:00 AM,RFC,WEST,ATSI,OE,6344.476,True
1/18/2025 8:00:00 AM,1/18/2025 3:00:00 AM,RFC,WEST,ATSI,OE,6280.462,True
1/18/2025 9:00:00 AM,1/18/2025 4:00:00 AM,RFC,WEST,ATSI,OE,6353.767,True
1/18/2025 10:00:00 AM,1/18/2025 5:00:00 AM,RFC,WEST,ATSI,OE,6455.373,True
1/18/2025 11:00:00 AM,1/18/2025 6:00:00 AM,RFC,WEST,ATSI,OE,6593.277,True
1/18/2025 12:00:00 PM,1/18/2025 7:00:00 AM,RFC,WEST,ATSI,OE,6838.273,True
1/18/2025 1:00:00 PM,1/18/2025 8:00:00 AM,RFC,WEST,ATSI,OE,7071.442,True
1/18/2025 2:00:00 PM,1/18/2025 9:00:00 AM,RFC,WEST,ATSI,OE,7275.279,True
1/18/2025 3:00:00 PM,1/18/2025 10:00:00 AM,RFC,WEST,ATSI,OE,7273.492,True
1/18/2025 4:00:00 PM,1/18/2025 11:00:00 AM,RFC,WEST,ATSI,OE,7225.146,True
1/18/2025 5:00:00 PM,1/18/2025 12:00:00 PM,RFC,WEST,ATSI,OE,7322.404,True
1/18/2025 6:00:00 PM,1/18/2025 1:00:00 PM,RFC,WEST,ATSI,OE,7349.262,True
1/18/2025 7:00:00 PM,1/18/2025 2:00:00 PM,RFC,WEST,ATSI,OE,7360.045,True
1/18/2025 8:00:00 PM,1/18/2025 3:00:00 PM,RFC,WEST,ATSI,OE,7378.231,True
1/18/2025 9:00:00 PM,1/18/2025 4:00:00 PM,RFC,WEST,ATSI,OE,7469.625,True
1/18/2025 10:00:00 PM,1/18/2025 5:00:00 PM,RFC,WEST,ATSI,OE,7670.811,True
1/18/2025 11:00:00 PM,1/18/2025 6:00:00 PM,RFC,WEST,ATSI,OE,7717.067,True
1/19/2025 12:00:00 AM,1/18/2025 7:00:00 PM,RFC,WEST,ATSI,OE,7615.317,True
1/19/2025 1:00:00 AM,1/18/2025 8:00:00 PM,RFC,WEST,ATSI,OE,7548.756,True
1/19/2025 2:00:00 AM,1/18/2025 9:00:00 PM,RFC,WEST,ATSI,OE,7352.191,True
1/19/2025 3:00:00 AM,1/18/2025 10:00:00 PM,RFC,WEST,ATSI,OE,7167.366,True
1/19/2025 4:00:00 AM,1/18/2025 11:00:00 PM,RFC,WEST,ATSI,OE,6954.558,True
1/19/2025 5:00:00 AM,1/19/2025 12:00:00 AM,RFC,WEST,ATSI,OE,6778.523,True
1/19/2025 6:00:00 AM,1/19/2025 1:00:00 AM,RFC,WEST,ATSI,OE,6588.329,True
1/19/2025 7:00:00 AM,1/19/2025 2:00:00 AM,RFC,WEST,ATSI,OE,6513.398,True
1/19/2025 8:00:00 AM,1/19/2025 3:00:00 AM,RFC,WEST,ATSI,OE,6405.179,True
1/19/2025 9:00:00 AM,1/19/2025 4:00:00 AM,RFC,WEST,ATSI,OE,6442.761,True
1/19/2025 10:00:00 AM,1/19/2025 5:00:00 AM,RFC,WEST,ATSI,OE,6577.947,True
1/19/2025 11:00:00 AM,1/19/2025 6:00:00 AM,RFC,WEST,ATSI,OE,6792.396,True
1/19/2025 12:00:00 PM,1/19/2025 7:00:00 AM,RFC,WEST,ATSI,OE,7072.802,True
1/19/2025 1:00:00 PM,1/19/2025 8:00:00 AM,RFC,WEST,ATSI,OE,7244.626,True
1/19/2025 2:00:00 PM,1/19/2025 9:00:00 AM,RFC,WEST,ATSI,OE,7508.661,True
1/19/2025 3:00:00 PM,1/19/2025 10:00:00 AM,RFC,WEST,ATSI,OE,7630.177,True
1/19/2025 4:00:00 PM,1/19/2025 11:00:00 AM,RFC,WEST,ATSI,OE,7574.351,True
1/19/2025 5:00:00 PM,1/19/2025 12:00:00 PM,RFC,WEST,ATSI,OE,7734.689,True
1/19/2025 6:00:00 PM,1/19/2025 1:00:00 PM,RFC,WEST,ATSI,OE,7762.856,True
1/19/2025 7:00:00 PM,1/19/2025 2:00:00 PM,RFC,WEST,ATSI,OE,7789.628,True
1/19/2025 8:00:00 PM,1/19/2025 3:00:00 PM,RFC,WEST,ATSI,OE,7676.388,True
1/19/2025 9:00:00 PM,1/19/2025 4:00:00 PM,RFC,WEST,ATSI,OE,7792.150,True
1/19/2025 10:00:00 PM,1/19/2025 5:00:00 PM,RFC,WEST,ATSI,OE,7997.618,True
1/19/2025 11:00:00 PM,1/19/2025 6:00:00 PM,RFC,WEST,ATSI,OE,8116.771,True
1/20/2025 12:00:00 AM,1/19/2025 7:00:00 PM,RFC,WEST,ATSI,OE,8125.579,True
1/20/2025 1:00:00 AM,1/19/2025 8:00:00 PM,RFC,WEST,ATSI,OE,7999.604,True
1/20/2025 2:00:00 AM,1/19/2025 9:00:00 PM,RFC,WEST,ATSI,OE,7887.030,True
1/20/2025 3:00:00 AM,1/19/2025 10:00:00 PM,RFC,WEST,ATSI,OE,7734.648,True
1/20/2025 4:00:00 AM,1/19/2025 11:00:00 PM,RFC,WEST,ATSI,OE,7506.405,True
1/20/2025 5:00:00 AM,1/20/2025 12:00:00 AM,RFC,WEST,ATSI,OE,7378.698,True
1/20/2025 6:00:00 AM,1/20/2025 1:00:00 AM,RFC,WEST,ATSI,OE,7276.891,True
1/20/2025 7:00:00 AM,1/20/2025 2:00:00 AM,RFC,WEST,ATSI,OE,7324.670,True
1/20/2025 8:00:00 AM,1/20/2025 3:00:00 AM,RFC,WEST,ATSI,OE,7376.941,True
1/20/2025 9:00:00 AM,1/20/2025 4:00:00 AM,RFC,WEST,ATSI,OE,7506.485,True
1/20/2025 10:00:00 AM,1/20/2025 5:00:00 AM,RFC,WEST,ATSI,OE,7797.784,True
1/20/2025 11:00:00 AM,1/20/2025 6:00:00 AM,RFC,WEST,ATSI,OE,8241.184,True
1/20/2025 12:00:00 PM,1/20/2025 7:00:00 AM,RFC,WEST,ATSI,OE,8601.723,True
1/20/2025 1:00:00 PM,1/20/2025 8:00:00 AM,RFC,WEST,ATSI,OE,8782.013,True
1/20/2025 2:00:00 PM,1/20/2025 9:00:00 AM,RFC,WEST,ATSI,OE,8897.798,True
1/20/2025 3:00:00 PM,1/20/2025 10:00:00 AM,RFC,WEST,ATSI,OE,8931.271,True
1/20/2025 4:00:00 PM,1/20/2025 11:00:00 AM,RFC,WEST,ATSI,OE,8848.112,True
1/20/2025 5:00:00 PM,1/20/2025 12:00:00 PM,RFC,WEST,ATSI,OE,8752.169,True
1/20/2025 6:00:00 PM,1/20/2025 1:00:00 PM,RFC,WEST,ATSI,OE,8860.261,True
1/20/2025 7:00:00 PM,1/20/2025 2:00:00 PM,RFC,WEST,ATSI,OE,8814.622,True
1/20/2025 8:00:00 PM,1/20/2025 3:00:00 PM,RFC,WEST,ATSI,OE,8756.062,True
1/20/2025 9:00:00 PM,1/20/2025 4:00:00 PM,RFC,WEST,ATSI,OE,8789.758,True
1/20/2025 10:00:00 PM,1/20/2025 5:00:00 PM,RFC,WEST,ATSI,OE,9030.471,True
1/20/2025 11:00:00 PM,1/20/2025 6:00:00 PM,RFC,WEST,ATSI,OE,9299.270,True
1/21/2025 12:00:00 AM,1/20/2025 7:00:00 PM,RFC,WEST,ATSI,OE,9216.886,True
1/21/2025 1:00:00 AM,1/20/2025 8:00:00 PM,RFC,WEST,ATSI,OE,9001.488,True
1/21/2025 2:00:00 AM,1/20/2025 9:00:00 PM,RFC,WEST,ATSI,OE,8835.351,True
1/21/2025 3:00:00 AM,1/20/2025 10:00:00 PM,RFC,WEST,ATSI,OE,8603.943,True
1/21/2025 4:00:00 AM,1/20/2025 11:00:00 PM,RFC,WEST,ATSI,OE,8409.695,True
1/21/2025 5:00:00 AM,1/21/2025 12:00:00 AM,RFC,WEST,ATSI,OE,8213.606,True
1/21/2025 6:00:00 AM,1/21/2025 1:00:00 AM,RFC,WEST,ATSI,OE,8081.663,True
1/21/2025 7:00:00 AM,1/21/2025 2:00:00 AM,RFC,WEST,ATSI,OE,8017.313,True
1/21/2025 8:00:00 AM,1/21/2025 3:00:00 AM,RFC,WEST,ATSI,OE,8046.068,True
1/21/2025 9:00:00 AM,1/21/2025 4:00:00 AM,RFC,WEST,ATSI,OE,8127.150,True
1/21/2025 10:00:00 AM,1/21/2025 5:00:00 AM,RFC,WEST,ATSI,OE,8395.155,True
1/21/2025 11:00:00 AM,1/21/2025 6:00:00 AM,RFC,WEST,ATSI,OE,8792.665,True
1/21/2025 12:00:00 PM,1/21/2025 7:00:00 AM,RFC,WEST,ATSI,OE,9192.619,True
1/21/2025 1:00:00 PM,1/21/2025 8:00:00 AM,RFC,WEST,ATSI,OE,9374.481,True
1/21/2025 2:00:00 PM,1/21/2025 9:00:00 AM,RFC,WEST,ATSI,OE,9424.227,True
1/21/2025 3:00:00 PM,1/21/2025 10:00:00 AM,RFC,WEST,ATSI,OE,9428.658,True
1/21/2025 4:00:00 PM,1/21/2025 11:00:00 AM,RFC,WEST,ATSI,OE,9379.421,True
1/21/2025 5:00:00 PM,1/21/2025 12:00:00 PM,RFC,WEST,ATSI,OE,9295.451,True
1/21/2025 6:00:00 PM,1/21/2025 1:00:00 PM,RFC,WEST,ATSI,OE,9249.539,True
1/21/2025 7:00:00 PM,1/21/2025 2:00:00 PM,RFC,WEST,ATSI,OE,9222.442,True
1/21/2025 8:00:00 PM,1/21/2025 3:00:00 PM,RFC,WEST,ATSI,OE,9150.048,True
1/21/2025 9:00:00 PM,1/21/2025 4:00:00 PM,RFC,WEST,ATSI,OE,9238.514,True
1/21/2025 10:00:00 PM,1/21/2025 5:00:00 PM,RFC,WEST,ATSI,OE,9487.855,True
1/21/2025 11:00:00 PM,1/21/2025 6:00:00 PM,RFC,WEST,ATSI,OE,9639.929,True
1/22/2025 12:00:00 AM,1/21/2025 7:00:00 PM,RFC,WEST,ATSI,OE,9630.570,True
1/22/2025 1:00:00 AM,1/21/2025 8:00:00 PM,RFC,WEST,ATSI,OE,9431.481,True
1/22/2025 2:00:00 AM,1/21/2025 9:00:00 PM,RFC,WEST,ATSI,OE,9234.036,True
1/22/2025 3:00:00 AM,1/21/2025 10:00:00 PM,RFC,WEST,ATSI,OE,8983.148,True
1/22/2025 4:00:00 AM,1/21/2025 11:00:00 PM,RFC,WEST,ATSI,OE,8739.758,True
1/22/2025 5:00:00 AM,1/22/2025 12:00:00 AM,RFC,WEST,ATSI,OE,8619.344,True
1/22/2025 6:00:00 AM,1/22/2025 1:00:00 AM,RFC,WEST,ATSI,OE,8477.472,True
1/22/2025 7:00:00 AM,1/22/2025 2:00:00 AM,RFC,WEST,ATSI,OE,8417.445,True
1/22/2025 8:00:00 AM,1/22/2025 3:00:00 AM,RFC,WEST,ATSI,OE,8453.594,True
1/22/2025 9:00:00 AM,1/22/2025 4:00:00 AM,RFC,WEST,ATSI,OE,8471.804,True
1/22/2025 10:00:00 AM,1/22/2025 5:00:00 AM,RFC,WEST,ATSI,OE,8743.521,True
1/22/2025 11:00:00 AM,1/22/2025 6:00:00 AM,RFC,WEST,ATSI,OE,9216.967,True
1/22/2025 12:00:00 PM,1/22/2025 7:00:00 AM,RFC,WEST,ATSI,OE,9588.286,True
1/22/2025 1:00:00 PM,1/22/2025 8:00:00 AM,RFC,WEST,ATSI,OE,9738.085,True
1/22/2025 2:00:00 PM,1/22/2025 9:00:00 AM,RFC,WEST,ATSI,OE,9759.446,True
1/22/2025 3:00:00 PM,1/22/2025 10:00:00 AM,RFC,WEST,ATSI,OE,9727.528,True
1/22/2025 4:00:00 PM,1/22/2025 11:00:00 AM,RFC,WEST,ATSI,OE,9688.949,True
1/22/2025 5:00:00 PM,1/22/2025 12:00:00 PM,RFC,WEST,ATSI,OE,9730.462,True
1/22/2025 6:00:00 PM,1/22/2025 1:00:00 PM,RFC,WEST,ATSI,OE,9686.476,True
1/22/2025 7:00:00 PM,1/22/2025 2:00:00 PM,RFC,WEST,ATSI,OE,9497.335,True
1/22/2025 8:00:00 PM,1/22/2025 3:00:00 PM,RFC,WEST,ATSI,OE,9400.538,True
1/22/2025 9:00:00 PM,1/22/2025 4:00:00 PM,RFC,WEST,ATSI,OE,9407.552,True
1/22/2025 10:00:00 PM,1/22/2025 5:00:00 PM,RFC,WEST,ATSI,OE,9558.723,True
1/22/2025 11:00:00 PM,1/22/2025 6:00:00 PM,RFC,WEST,ATSI,OE,9654.054,True
1/23/2025 12:00:00 AM,1/22/2025 7:00:00 PM,RFC,WEST,ATSI,OE,9551.720,True
1/23/2025 1:00:00 AM,1/22/2025 8:00:00 PM,RFC,WEST,ATSI,OE,9418.408,True
1/23/2025 2:00:00 AM,1/22/2025 9:00:00 PM,RFC,WEST,ATSI,OE,9018.359,True
1/23/2025 3:00:00 AM,1/22/2025 10:00:00 PM,RFC,WEST,ATSI,OE,8670.342,True
1/23/2025 4:00:00 AM,1/22/2025 11:00:00 PM,RFC,WEST,ATSI,OE,8342.521,True
1/23/2025 5:00:00 AM,1/23/2025 12:00:00 AM,RFC,WEST,ATSI,OE,8109.253,True
1/23/2025 6:00:00 AM,1/23/2025 1:00:00 AM,RFC,WEST,ATSI,OE,7929.216,True
1/23/2025 7:00:00 AM,1/23/2025 2:00:00 AM,RFC,WEST,ATSI,OE,7830.511,True
1/23/2025 8:00:00 AM,1/23/2025 3:00:00 AM,RFC,WEST,ATSI,OE,7943.549,True
1/23/2025 9:00:00 AM,1/23/2025 4:00:00 AM,RFC,WEST,ATSI,OE,7989.316,True
1/23/2025 10:00:00 AM,1/23/2025 5:00:00 AM,RFC,WEST,ATSI,OE,8194.044,True
1/23/2025 11:00:00 AM,1/23/2025 6:00:00 AM,RFC,WEST,ATSI,OE,8585.568,True
1/23/2025 12:00:00 PM,1/23/2025 7:00:00 AM,RFC,WEST,ATSI,OE,8938.888,True
1/23/2025 1:00:00 PM,1/23/2025 8:00:00 AM,RFC,WEST,ATSI,OE,9008.874,True
1/23/2025 2:00:00 PM,1/23/2025 9:00:00 AM,RFC,WEST,ATSI,OE,9033.659,True
1/23/2025 3:00:00 PM,1/23/2025 10:00:00 AM,RFC,WEST,ATSI,OE,8983.231,True
1/23/2025 4:00:00 PM,1/23/2025 11:00:00 AM,RFC,WEST,ATSI,OE,8849.828,True
1/23/2025 5:00:00 PM,1/23/2025 12:00:00 PM,RFC,WEST,ATSI,OE,8803.019,True
1/23/2025 6:00:00 PM,1/23/2025 1:00:00 PM,RFC,WEST,ATSI,OE,8777.662,True
1/23/2025 7:00:00 PM,1/23/2025 2:00:00 PM,RFC,WEST,ATSI,OE,8699.158,True
1/23/2025 8:00:00 PM,1/23/2025 3:00:00 PM,RFC,WEST,ATSI,OE,8655.144,True
1/23/2025 9:00:00 PM,1/23/2025 4:00:00 PM,RFC,WEST,ATSI,OE,8703.758,True
1/23/2025 10:00:00 PM,1/23/2025 5:00:00 PM,RFC,WEST,ATSI,OE,8873.359,True
1/23/2025 11:00:00 PM,1/23/2025 6:00:00 PM,RFC,WEST,ATSI,OE,8953.855,True
1/24/2025 12:00:00 AM,1/23/2025 7:00:00 PM,RFC,WEST,ATSI,OE,8860.261,True
1/24/2025 1:00:00 AM,1/23/2025 8:00:00 PM,RFC,WEST,ATSI,OE,8692.739,True
1/24/2025 2:00:00 AM,1/23/2025 9:00:00 PM,RFC,WEST,ATSI,OE,8459.673,True
1/24/2025 3:00:00 AM,1/23/2025 10:00:00 PM,RFC,WEST,ATSI,OE,8214.732,True
1/24/2025 4:00:00 AM,1/23/2025 11:00:00 PM,RFC,WEST,ATSI,OE,7910.967,True
1/24/2025 5:00:00 AM,1/24/2025 12:00:00 AM,RFC,WEST,ATSI,OE,7726.238,True
1/24/2025 6:00:00 AM,1/24/2025 1:00:00 AM,RFC,WEST,ATSI,OE,7608.218,True
1/24/2025 7:00:00 AM,1/24/2025 2:00:00 AM,RFC,WEST,ATSI,OE,7613.771,True
1/24/2025 8:00:00 AM,1/24/2025 3:00:00 AM,RFC,WEST,ATSI,OE,7633.954,True
1/24/2025 9:00:00 AM,1/24/2025 4:00:00 AM,RFC,WEST,ATSI,OE,7772.850,True
1/24/2025 10:00:00 AM,1/24/2025 5:00:00 AM,RFC,WEST,ATSI,OE,8018.435,True
1/24/2025 11:00:00 AM,1/24/2025 6:00:00 AM,RFC,WEST,ATSI,OE,8386.933,True
1/24/2025 12:00:00 PM,1/24/2025 7:00:00 AM,RFC,WEST,ATSI,OE,8817.908,True
1/24/2025 1:00:00 PM,1/24/2025 8:00:00 AM,RFC,WEST,ATSI,OE,8883.362,True
1/24/2025 2:00:00 PM,1/24/2025 9:00:00 AM,RFC,WEST,ATSI,OE,8923.789,True
1/24/2025 3:00:00 PM,1/24/2025 10:00:00 AM,RFC,WEST,ATSI,OE,8900.992,True
1/24/2025 4:00:00 PM,1/24/2025 11:00:00 AM,RFC,WEST,ATSI,OE,8861.371,True
1/24/2025 5:00:00 PM,1/24/2025 12:00:00 PM,RFC,WEST,ATSI,OE,8691.635,True
1/24/2025 6:00:00 PM,1/24/2025 1:00:00 PM,RFC,WEST,ATSI,OE,8677.148,True
1/24/2025 7:00:00 PM,1/24/2025 2:00:00 PM,RFC,WEST,ATSI,OE,8512.118,True
1/24/2025 8:00:00 PM,1/24/2025 3:00:00 PM,RFC,WEST,ATSI,OE,8403.784,True
1/24/2025 9:00:00 PM,1/24/2025 4:00:00 PM,RFC,WEST,ATSI,OE,8417.705,True
1/24/2025 10:00:00 PM,1/24/2025 5:00:00 PM,RFC,WEST,ATSI,OE,8696.337,True
1/24/2025 11:00:00 PM,1/24/2025 6:00:00 PM,RFC,WEST,ATSI,OE,8846.764,True
1/25/2025 12:00:00 AM,1/24/2025 7:00:00 PM,RFC,WEST,ATSI,OE,8827.332,True
1/25/2025 1:00:00 AM,1/24/2025 8:00:00 PM,RFC,WEST,ATSI,OE,8646.390,True
1/25/2025 2:00:00 AM,1/24/2025 9:00:00 PM,RFC,WEST,ATSI,OE,8515.944,True
1/25/2025 3:00:00 AM,1/24/2025 10:00:00 PM,RFC,WEST,ATSI,OE,8347.364,True
1/25/2025 4:00:00 AM,1/24/2025 11:00:00 PM,RFC,WEST,ATSI,OE,8121.892,True
1/25/2025 5:00:00 AM,1/25/2025 12:00:00 AM,RFC,WEST,ATSI,OE,7865.628,True
1/25/2025 6:00:00 AM,1/25/2025 1:00:00 AM,RFC,WEST,ATSI,OE,7671.118,True
1/25/2025 7:00:00 AM,1/25/2025 2:00:00 AM,RFC,WEST,ATSI,OE,7640.344,True
1/25/2025 8:00:00 AM,1/25/2025 3:00:00 AM,RFC,WEST,ATSI,OE,7536.893,True
1/25/2025 9:00:00 AM,1/25/2025 4:00:00 AM,RFC,WEST,ATSI,OE,7559.425,True
1/25/2025 10:00:00 AM,1/25/2025 5:00:00 AM,RFC,WEST,ATSI,OE,7646.056,True
1/25/2025 11:00:00 AM,1/25/2025 6:00:00 AM,RFC,WEST,ATSI,OE,7767.065,True
1/25/2025 12:00:00 PM,1/25/2025 7:00:00 AM,RFC,WEST,ATSI,OE,7797.238,True
1/25/2025 1:00:00 PM,1/25/2025 8:00:00 AM,RFC,WEST,ATSI,OE,8022.241,True
1/25/2025 2:00:00 PM,1/25/2025 9:00:00 AM,RFC,WEST,ATSI,OE,8217.649,True
1/25/2025 3:00:00 PM,1/25/2025 10:00:00 AM,RFC,WEST,ATSI,OE,8270.920,True
1/25/2025 4:00:00 PM,1/25/2025 11:00:00 AM,RFC,WEST,ATSI,OE,8185.964,True
1/25/2025 5:00:00 PM,1/25/2025 12:00:00 PM,RFC,WEST,ATSI,OE,8011.796,True
1/25/2025 6:00:00 PM,1/25/2025 1:00:00 PM,RFC,WEST,ATSI,OE,7877.049,True
1/25/2025 7:00:00 PM,1/25/2025 2:00:00 PM,RFC,WEST,ATSI,OE,7704.663,True
1/25/2025 8:00:00 PM,1/25/2025 3:00:00 PM,RFC,WEST,ATSI,OE,7588.154,True
1/25/2025 9:00:00 PM,1/25/2025 4:00:00 PM,RFC,WEST,ATSI,OE,7705.116,True
1/25/2025 10:00:00 PM,1/25/2025 5:00:00 PM,RFC,WEST,ATSI,OE,7911.905,True
1/25/2025 11:00:00 PM,1/25/2025 6:00:00 PM,RFC,WEST,ATSI,OE,8084.892,True
1/26/2025 12:00:00 AM,1/25/2025 7:00:00 PM,RFC,WEST,ATSI,OE,7973.205,True
1/26/2025 1:00:00 AM,1/25/2025 8:00:00 PM,RFC,WEST,ATSI,OE,7708.333,True
1/26/2025 2:00:00 AM,1/25/2025 9:00:00 PM,RFC,WEST,ATSI,OE,7661.663,True
1/26/2025 3:00:00 AM,1/25/2025 10:00:00 PM,RFC,WEST,ATSI,OE,7446.005,True
1/26/2025 4:00:00 AM,1/25/2025 11:00:00 PM,RFC,WEST,ATSI,OE,7186.315,True
1/26/2025 5:00:00 AM,1/26/2025 12:00:00 AM,RFC,WEST,ATSI,OE,6948.752,True
1/26/2025 6:00:00 AM,1/26/2025 1:00:00 AM,RFC,WEST,ATSI,OE,6854.576,True
1/26/2025 7:00:00 AM,1/26/2025 2:00:00 AM,RFC,WEST,ATSI,OE,6694.635,True
1/26/2025 8:00:00 AM,1/26/2025 3:00:00 AM,RFC,WEST,ATSI,OE,6708.358,True
1/26/2025 9:00:00 AM,1/26/2025 4:00:00 AM,RFC,WEST,ATSI,OE,6810.268,True
1/26/2025 10:00:00 AM,1/26/2025 5:00:00 AM,RFC,WEST,ATSI,OE,6886.670,True
1/26/2025 11:00:00 AM,1/26/2025 6:00:00 AM,RFC,WEST,ATSI,OE,6945.826,True
1/26/2025 12:00:00 PM,1/26/2025 7:00:00 AM,RFC,WEST,ATSI,OE,7090.770,True
1/26/2025 1:00:00 PM,1/26/2025 8:00:00 AM,RFC,WEST,ATSI,OE,7320.875,True
1/26/2025 2:00:00 PM,1/26/2025 9:00:00 AM,RFC,WEST,ATSI,OE,7440.222,True
1/26/2025 3:00:00 PM,1/26/2025 10:00:00 AM,RFC,WEST,ATSI,OE,7456.713,True
1/26/2025 4:00:00 PM,1/26/2025 11:00:00 AM,RFC,WEST,ATSI,OE,7361.075,True
1/26/2025 5:00:00 PM,1/26/2025 12:00:00 PM,RFC,WEST,ATSI,OE,7403.895,True
1/26/2025 6:00:00 PM,1/26/2025 1:00:00 PM,RFC,WEST,ATSI,OE,7235.238,True
1/26/2025 7:00:00 PM,1/26/2025 2:00:00 PM,RFC,WEST,ATSI,OE,7218.937,True
1/26/2025 8:00:00 PM,1/26/2025 3:00:00 PM,RFC,WEST,ATSI,OE,7389.866,True
1/26/2025 9:00:00 PM,1/26/2025 4:00:00 PM,RFC,WEST,ATSI,OE,7579.532,True
1/26/2025 10:00:00 PM,1/26/2025 5:00:00 PM,RFC,WEST,ATSI,OE,7813.637,True
1/26/2025 11:00:00 PM,1/26/2025 6:00:00 PM,RFC,WEST,ATSI,OE,8045.325,True
1/27/2025 12:00:00 AM,1/26/2025 7:00:00 PM,RFC,WEST,ATSI,OE,8032.554,True
1/27/2025 1:00:00 AM,1/26/2025 8:00:00 PM,RFC,WEST,ATSI,OE,7791.425,True
1/27/2025 2:00:00 AM,1/26/2025 9:00:00 PM,RFC,WEST,ATSI,OE,7760.151,True
1/27/2025 3:00:00 AM,1/26/2025 10:00:00 PM,RFC,WEST,ATSI,OE,7493.742,True
1/27/2025 4:00:00 AM,1/26/2025 11:00:00 PM,RFC,WEST,ATSI,OE,7276.614,True
1/27/2025 5:00:00 AM,1/27/2025 12:00:00 AM,RFC,WEST,ATSI,OE,7245.542,True
1/27/2025 6:00:00 AM,1/27/2025 1:00:00 AM,RFC,WEST,ATSI,OE,7114.467,True
1/27/2025 7:00:00 AM,1/27/2025 2:00:00 AM,RFC,WEST,ATSI,OE,7173.406,True
1/27/2025 8:00:00 AM,1/27/2025 3:00:00 AM,RFC,WEST,ATSI,OE,7228.316,True
1/27/2025 9:00:00 AM,1/27/2025 4:00:00 AM,RFC,WEST,ATSI,OE,7406.823,True
1/27/2025 10:00:00 AM,1/27/2025 5:00:00 AM,RFC,WEST,ATSI,OE,7794.962,True
1/27/2025 11:00:00 AM,1/27/2025 6:00:00 AM,RFC,WEST,ATSI,OE,8223.236,True
1/27/2025 12:00:00 PM,1/27/2025 7:00:00 AM,RFC,WEST,ATSI,OE,8759.645,True
1/27/2025 1:00:00 PM,1/27/2025 8:00:00 AM,RFC,WEST,ATSI,OE,8823.062,True
1/27/2025 2:00:00 PM,1/27/2025 9:00:00 AM,RFC,WEST,ATSI,OE,8711.758,True
1/27/2025 3:00:00 PM,1/27/2025 10:00:00 AM,RFC,WEST,ATSI,OE,8547.289,True
1/27/2025 4:00:00 PM,1/27/2025 11:00:00 AM,RFC,WEST,ATSI,OE,8421.097,True
1/27/2025 5:00:00 PM,1/27/2025 12:00:00 PM,RFC,WEST,ATSI,OE,8368.758,True
1/27/2025 6:00:00 PM,1/27/2025 1:00:00 PM,RFC,WEST,ATSI,OE,8271.699,True
1/27/2025 7:00:00 PM,1/27/2025 2:00:00 PM,RFC,WEST,ATSI,OE,8160.934,True
1/27/2025 8:00:00 PM,1/27/2025 3:00:00 PM,RFC,WEST,ATSI,OE,8051.873,True
1/27/2025 9:00:00 PM,1/27/2025 4:00:00 PM,RFC,WEST,ATSI,OE,8129.348,True
1/27/2025 10:00:00 PM,1/27/2025 5:00:00 PM,RFC,WEST,ATSI,OE,8389.357,True
1/27/2025 11:00:00 PM,1/27/2025 6:00:00 PM,RFC,WEST,ATSI,OE,8673.370,True
1/28/2025 12:00:00 AM,1/27/2025 7:00:00 PM,RFC,WEST,ATSI,OE,8585.674,True
1/28/2025 1:00:00 AM,1/27/2025 8:00:00 PM,RFC,WEST,ATSI,OE,8440.842,True
1/28/2025 2:00:00 AM,1/27/2025 9:00:00 PM,RFC,WEST,ATSI,OE,8168.213,True
1/28/2025 3:00:00 AM,1/27/2025 10:00:00 PM,RFC,WEST,ATSI,OE,7790.576,True
1/28/2025 4:00:00 AM,1/27/2025 11:00:00 PM,RFC,WEST,ATSI,OE,7518.295,True
1/28/2025 5:00:00 AM,1/28/2025 12:00:00 AM,RFC,WEST,ATSI,OE,7256.455,True
1/28/2025 6:00:00 AM,1/28/2025 1:00:00 AM,RFC,WEST,ATSI,OE,7075.510,True
1/28/2025 7:00:00 AM,1/28/2025 2:00:00 AM,RFC,WEST,ATSI,OE,7009.764,True
1/28/2025 8:00:00 AM,1/28/2025 3:00:00 AM,RFC,WEST,ATSI,OE,7002.273,True
1/28/2025 9:00:00 AM,1/28/2025 4:00:00 AM,RFC,WEST,ATSI,OE,7150.398,True
1/28/2025 10:00:00 AM,1/28/2025 5:00:00 AM,RFC,WEST,ATSI,OE,7412.681,True
1/28/2025 11:00:00 AM,1/28/2025 6:00:00 AM,RFC,WEST,ATSI,OE,7856.152,True
1/28/2025 12:00:00 PM,1/28/2025 7:00:00 AM,RFC,WEST,ATSI,OE,8215.672,True
1/28/2025 1:00:00 PM,1/28/2025 8:00:00 AM,RFC,WEST,ATSI,OE,8326.516,True
1/28/2025 2:00:00 PM,1/28/2025 9:00:00 AM,RFC,WEST,ATSI,OE,8296.909,True
1/28/2025 3:00:00 PM,1/28/2025 10:00:00 AM,RFC,WEST,ATSI,OE,8191.696,True
1/28/2025 4:00:00 PM,1/28/2025 11:00:00 AM,RFC,WEST,ATSI,OE,8003.618,True
1/28/2025 5:00:00 PM,1/28/2025 12:00:00 PM,RFC,WEST,ATSI,OE,7843.089,True
1/28/2025 6:00:00 PM,1/28/2025 1:00:00 PM,RFC,WEST,ATSI,OE,7834.617,True
1/28/2025 7:00:00 PM,1/28/2025 2:00:00 PM,RFC,WEST,ATSI,OE,7743.788,True
1/28/2025 8:00:00 PM,1/28/2025 3:00:00 PM,RFC,WEST,ATSI,OE,7713.948,True
1/28/2025 9:00:00 PM,1/28/2025 4:00:00 PM,RFC,WEST,ATSI,OE,7771.960,True
1/28/2025 10:00:00 PM,1/28/2025 5:00:00 PM,RFC,WEST,ATSI,OE,7877.721,True
1/28/2025 11:00:00 PM,1/28/2025 6:00:00 PM,RFC,WEST,ATSI,OE,8148.331,True
1/29/2025 12:00:00 AM,1/28/2025 7:00:00 PM,RFC,WEST,ATSI,OE,8100.025,True
1/29/2025 1:00:00 AM,1/28/2025 8:00:00 PM,RFC,WEST,ATSI,OE,7947.937,True
1/29/2025 2:00:00 AM,1/28/2025 9:00:00 PM,RFC,WEST,ATSI,OE,7687.297,True
1/29/2025 3:00:00 AM,1/28/2025 10:00:00 PM,RFC,WEST,ATSI,OE,7378.776,True
1/29/2025 4:00:00 AM,1/28/2025 11:00:00 PM,RFC,WEST,ATSI,OE,7083.941,True
1/29/2025 5:00:00 AM,1/29/2025 12:00:00 AM,RFC,WEST,ATSI,OE,6900.403,True
1/29/2025 6:00:00 AM,1/29/2025 1:00:00 AM,RFC,WEST,ATSI,OE,6770.996,True
1/29/2025 7:00:00 AM,1/29/2025 2:00:00 AM,RFC,WEST,ATSI,OE,6668.447,True
1/29/2025 8:00:00 AM,1/29/2025 3:00:00 AM,RFC,WEST,ATSI,OE,6580.517,True
1/29/2025 9:00:00 AM,1/29/2025 4:00:00 AM,RFC,WEST,ATSI,OE,6684.779,True
1/29/2025 10:00:00 AM,1/29/2025 5:00:00 AM,RFC,WEST,ATSI,OE,6943.754,True
1/29/2025 11:00:00 AM,1/29/2025 6:00:00 AM,RFC,WEST,ATSI,OE,7450.843,True
1/29/2025 12:00:00 PM,1/29/2025 7:00:00 AM,RFC,WEST,ATSI,OE,7798.915,True
1/29/2025 1:00:00 PM,1/29/2025 8:00:00 AM,RFC,WEST,ATSI,OE,7817.116,True
1/29/2025 2:00:00 PM,1/29/2025 9:00:00 AM,RFC,WEST,ATSI,OE,7780.528,True
1/29/2025 3:00:00 PM,1/29/2025 10:00:00 AM,RFC,WEST,ATSI,OE,7704.943,True
1/29/2025 4:00:00 PM,1/29/2025 11:00:00 AM,RFC,WEST,ATSI,OE,7707.330,True
1/29/2025 5:00:00 PM,1/29/2025 12:00:00 PM,RFC,WEST,ATSI,OE,7721.355,True
1/29/2025 6:00:00 PM,1/29/2025 1:00:00 PM,RFC,WEST,ATSI,OE,7738.576,True
1/29/2025 7:00:00 PM,1/29/2025 2:00:00 PM,RFC,WEST,ATSI,OE,7596.714,True
1/29/2025 8:00:00 PM,1/29/2025 3:00:00 PM,RFC,WEST,ATSI,OE,7544.644,True
1/29/2025 9:00:00 PM,1/29/2025 4:00:00 PM,RFC,WEST,ATSI,OE,7602.208,True
1/29/2025 10:00:00 PM,1/29/2025 5:00:00 PM,RFC,WEST,ATSI,OE,7753.585,True
1/29/2025 11:00:00 PM,1/29/2025 6:00:00 PM,RFC,WEST,ATSI,OE,7991.264,True
1/30/2025 12:00:00 AM,1/29/2025 7:00:00 PM,RFC,WEST,ATSI,OE,8076.848,True
1/30/2025 1:00:00 AM,1/29/2025 8:00:00 PM,RFC,WEST,ATSI,OE,7981.377,True
1/30/2025 2:00:00 AM,1/29/2025 9:00:00 PM,RFC,WEST,ATSI,OE,7772.279,True
1/30/2025 3:00:00 AM,1/29/2025 10:00:00 PM,RFC,WEST,ATSI,OE,7501.469,True
1/30/2025 4:00:00 AM,1/29/2025 11:00:00 PM,RFC,WEST,ATSI,OE,7256.231,True
1/30/2025 5:00:00 AM,1/30/2025 12:00:00 AM,RFC,WEST,ATSI,OE,7146.485,True
1/30/2025 6:00:00 AM,1/30/2025 1:00:00 AM,RFC,WEST,ATSI,OE,7031.350,True
1/30/2025 7:00:00 AM,1/30/2025 2:00:00 AM,RFC,WEST,ATSI,OE,6961.025,True
1/30/2025 8:00:00 AM,1/30/2025 3:00:00 AM,RFC,WEST,ATSI,OE,6971.182,True
1/30/2025 9:00:00 AM,1/30/2025 4:00:00 AM,RFC,WEST,ATSI,OE,7050.031,True
1/30/2025 10:00:00 AM,1/30/2025 5:00:00 AM,RFC,WEST,ATSI,OE,7291.853,True
1/30/2025 11:00:00 AM,1/30/2025 6:00:00 AM,RFC,WEST,ATSI,OE,7845.813,True
1/30/2025 12:00:00 PM,1/30/2025 7:00:00 AM,RFC,WEST,ATSI,OE,8239.055,True
1/30/2025 1:00:00 PM,1/30/2025 8:00:00 AM,RFC,WEST,ATSI,OE,8282.366,True
1/30/2025 2:00:00 PM,1/30/2025 9:00:00 AM,RFC,WEST,ATSI,OE,8158.007,True
1/30/2025 3:00:00 PM,1/30/2025 10:00:00 AM,RFC,WEST,ATSI,OE,8061.161,True
1/30/2025 4:00:00 PM,1/30/2025 11:00:00 AM,RFC,WEST,ATSI,OE,7839.697,True
1/30/2025 5:00:00 PM,1/30/2025 12:00:00 PM,RFC,WEST,ATSI,OE,7731.433,True
1/30/2025 6:00:00 PM,1/30/2025 1:00:00 PM,RFC,WEST,ATSI,OE,7682.321,True
1/30/2025 7:00:00 PM,1/30/2025 2:00:00 PM,RFC,WEST,ATSI,OE,7609.908,True
1/30/2025 8:00:00 PM,1/30/2025 3:00:00 PM,RFC,WEST,ATSI,OE,7585.745,True
1/30/2025 9:00:00 PM,1/30/2025 4:00:00 PM,RFC,WEST,ATSI,OE,7641.791,True
1/30/2025 10:00:00 PM,1/30/2025 5:00:00 PM,RFC,WEST,ATSI,OE,7740.558,True
1/30/2025 11:00:00 PM,1/30/2025 6:00:00 PM,RFC,WEST,ATSI,OE,7964.330,True
1/31/2025 12:00:00 AM,1/30/2025 7:00:00 PM,RFC,WEST,ATSI,OE,7925.635,True
1/31/2025 1:00:00 AM,1/30/2025 8:00:00 PM,RFC,WEST,ATSI,OE,7762.203,True
1/31/2025 2:00:00 AM,1/30/2025 9:00:00 PM,RFC,WEST,ATSI,OE,7506.689,True
1/31/2025 3:00:00 AM,1/30/2025 10:00:00 PM,RFC,WEST,ATSI,OE,7207.748,True
1/31/2025 4:00:00 AM,1/30/2025 11:00:00 PM,RFC,WEST,ATSI,OE,6851.650,True
1/31/2025 5:00:00 AM,1/31/2025 12:00:00 AM,RFC,WEST,ATSI,OE,6721.723,True
1/31/2025 6:00:00 AM,1/31/2025 1:00:00 AM,RFC,WEST,ATSI,OE,6558.538,True
1/31/2025 7:00:00 AM,1/31/2025 2:00:00 AM,RFC,WEST,ATSI,OE,6509.564,True
1/31/2025 8:00:00 AM,1/31/2025 3:00:00 AM,RFC,WEST,ATSI,OE,6513.771,True
1/31/2025 9:00:00 AM,1/31/2025 4:00:00 AM,RFC,WEST,ATSI,OE,6573.885,True
1/31/2025 10:00:00 AM,1/31/2025 5:00:00 AM,RFC,WEST,ATSI,OE,6743.095,True
1/31/2025 11:00:00 AM,1/31/2025 6:00:00 AM,RFC,WEST,ATSI,OE,7278.231,True
1/31/2025 12:00:00 PM,1/31/2025 7:00:00 AM,RFC,WEST,ATSI,OE,7623.392,True
1/31/2025 1:00:00 PM,1/31/2025 8:00:00 AM,RFC,WEST,ATSI,OE,7688.878,True
1/31/2025 2:00:00 PM,1/31/2025 9:00:00 AM,RFC,WEST,ATSI,OE,7811.294,True
1/31/2025 3:00:00 PM,1/31/2025 10:00:00 AM,RFC,WEST,ATSI,OE,7880.080,True
1/31/2025 4:00:00 PM,1/31/2025 11:00:00 AM,RFC,WEST,ATSI,OE,7889.207,True
1/31/2025 5:00:00 PM,1/31/2025 12:00:00 PM,RFC,WEST,ATSI,OE,7869.241,True
1/31/2025 6:00:00 PM,1/31/2025 1:00:00 PM,RFC,WEST,ATSI,OE,7830.741,True
1/31/2025 7:00:00 PM,1/31/2025 2:00:00 PM,RFC,WEST,ATSI,OE,7707.920,True
1/31/2025 8:00:00 PM,1/31/2025 3:00:00 PM,RFC,WEST,ATSI,OE,7578.474,True
1/31/2025 9:00:00 PM,1/31/2025 4:00:00 PM,RFC,WEST,ATSI,OE,7631.439,True
1/31/2025 10:00:00 PM,1/31/2025 5:00:00 PM,RFC,WEST,ATSI,OE,7673.744,True
1/31/2025 11:00:00 PM,1/31/2025 6:00:00 PM,RFC,WEST,ATSI,OE,7724.545,True
2/1/2025 12:00:00 AM,1/31/2025 7:00:00 PM,RFC,WEST,ATSI,OE,7640.972,True
2/1/2025 1:00:00 AM,1/31/2025 8:00:00 PM,RFC,WEST,ATSI,OE,7563.497,True
2/1/2025 2:00:00 AM,1/31/2025 9:00:00 PM,RFC,WEST,ATSI,OE,7410.690,True
2/1/2025 3:00:00 AM,1/31/2025 10:00:00 PM,RFC,WEST,ATSI,OE,7203.835,True
2/1/2025 4:00:00 AM,1/31/2025 11:00:00 PM,RFC,WEST,ATSI,OE,6932.462,True
2/1/2025 5:00:00 AM,2/1/2025 12:00:00 AM,RFC,WEST,ATSI,OE,6789.982,True
2/1/2025 6:00:00 AM,2/1/2025 1:00:00 AM,RFC,WEST,ATSI,OE,6685.324,True
2/1/2025 7:00:00 AM,2/1/2025 2:00:00 AM,RFC,WEST,ATSI,OE,6530.694,True
2/1/2025 8:00:00 AM,2/1/2025 3:00:00 AM,RFC,WEST,ATSI,OE,6519.888,True
2/1/2025 9:00:00 AM,2/1/2025 4:00:00 AM,RFC,WEST,ATSI,OE,6638.321,True
2/1/2025 10:00:00 AM,2/1/2025 5:00:00 AM,RFC,WEST,ATSI,OE,6754.503,True
2/1/2025 11:00:00 AM,2/1/2025 6:00:00 AM,RFC,WEST,ATSI,OE,6974.692,True
2/1/2025 12:00:00 PM,2/1/2025 7:00:00 AM,RFC,WEST,ATSI,OE,7151.159,True
2/1/2025 1:00:00 PM,2/1/2025 8:00:00 AM,RFC,WEST,ATSI,OE,7417.848,True
2/1/2025 2:00:00 PM,2/1/2025 9:00:00 AM,RFC,WEST,ATSI,OE,7538.184,True
2/1/2025 3:00:00 PM,2/1/2025 10:00:00 AM,RFC,WEST,ATSI,OE,7484.143,True
2/1/2025 4:00:00 PM,2/1/2025 11:00:00 AM,RFC,WEST,ATSI,OE,7450.846,True
2/1/2025 5:00:00 PM,2/1/2025 12:00:00 PM,RFC,WEST,ATSI,OE,7370.569,True
2/1/2025 6:00:00 PM,2/1/2025 1:00:00 PM,RFC,WEST,ATSI,OE,7221.038,True
2/1/2025 7:00:00 PM,2/1/2025 2:00:00 PM,RFC,WEST,ATSI,OE,7197.456,True
2/1/2025 8:00:00 PM,2/1/2025 3:00:00 PM,RFC,WEST,ATSI,OE,7244.947,True
2/1/2025 9:00:00 PM,2/1/2025 4:00:00 PM,RFC,WEST,ATSI,OE,7312.893,True
2/1/2025 10:00:00 PM,2/1/2025 5:00:00 PM,RFC,WEST,ATSI,OE,7483.388,True
2/1/2025 11:00:00 PM,2/1/2025 6:00:00 PM,RFC,WEST,ATSI,OE,7782.348,True
2/2/2025 12:00:00 AM,2/1/2025 7:00:00 PM,RFC,WEST,ATSI,OE,7808.628,True
2/2/2025 1:00:00 AM,2/1/2025 8:00:00 PM,RFC,WEST,ATSI,OE,7685.166,True
2/2/2025 2:00:00 AM,2/1/2025 9:00:00 PM,RFC,WEST,ATSI,OE,7571.719,True
2/2/2025 3:00:00 AM,2/1/2025 10:00:00 PM,RFC,WEST,ATSI,OE,7384.683,True
2/2/2025 4:00:00 AM,2/1/2025 11:00:00 PM,RFC,WEST,ATSI,OE,7160.585,True
2/2/2025 5:00:00 AM,2/2/2025 12:00:00 AM,RFC,WEST,ATSI,OE,6977.980,True
2/2/2025 6:00:00 AM,2/2/2025 1:00:00 AM,RFC,WEST,ATSI,OE,6920.795,True
2/2/2025 7:00:00 AM,2/2/2025 2:00:00 AM,RFC,WEST,ATSI,OE,6833.529,True
2/2/2025 8:00:00 AM,2/2/2025 3:00:00 AM,RFC,WEST,ATSI,OE,6772.880,True
2/2/2025 9:00:00 AM,2/2/2025 4:00:00 AM,RFC,WEST,ATSI,OE,6799.663,True
2/2/2025 10:00:00 AM,2/2/2025 5:00:00 AM,RFC,WEST,ATSI,OE,6801.206,True
2/2/2025 11:00:00 AM,2/2/2025 6:00:00 AM,RFC,WEST,ATSI,OE,6971.249,True
2/2/2025 12:00:00 PM,2/2/2025 7:00:00 AM,RFC,WEST,ATSI,OE,7166.519,True
2/2/2025 1:00:00 PM,2/2/2025 8:00:00 AM,RFC,WEST,ATSI,OE,7405.135,True
2/2/2025 2:00:00 PM,2/2/2025 9:00:00 AM,RFC,WEST,ATSI,OE,7526.520,True
2/2/2025 3:00:00 PM,2/2/2025 10:00:00 AM,RFC,WEST,ATSI,OE,7613.725,True
2/2/2025 4:00:00 PM,2/2/2025 11:00:00 AM,RFC,WEST,ATSI,OE,7602.999,True
2/2/2025 5:00:00 PM,2/2/2025 12:00:00 PM,RFC,WEST,ATSI,OE,7692.316,True
2/2/2025 6:00:00 PM,2/2/2025 1:00:00 PM,RFC,WEST,ATSI,OE,7694.794,True
2/2/2025 7:00:00 PM,2/2/2025 2:00:00 PM,RFC,WEST,ATSI,OE,7644.145,True
2/2/2025 8:00:00 PM,2/2/2025 3:00:00 PM,RFC,WEST,ATSI,OE,7666.126,True
2/2/2025 9:00:00 PM,2/2/2025 4:00:00 PM,RFC,WEST,ATSI,OE,7623.146,True
2/2/2025 10:00:00 PM,2/2/2025 5:00:00 PM,RFC,WEST,ATSI,OE,7732.124,True
2/2/2025 11:00:00 PM,2/2/2025 6:00:00 PM,RFC,WEST,ATSI,OE,7848.486,True
2/3/2025 12:00:00 AM,2/2/2025 7:00:00 PM,RFC,WEST,ATSI,OE,7715.901,True
2/3/2025 1:00:00 AM,2/2/2025 8:00:00 PM,RFC,WEST,ATSI,OE,7538.931,True
2/3/2025 2:00:00 AM,2/2/2025 9:00:00 PM,RFC,WEST,ATSI,OE,7356.901,True
2/3/2025 3:00:00 AM,2/2/2025 10:00:00 PM,RFC,WEST,ATSI,OE,7125.352,True
2/3/2025 4:00:00 AM,2/2/2025 11:00:00 PM,RFC,WEST,ATSI,OE,6801.982,True
2/3/2025 5:00:00 AM,2/3/2025 12:00:00 AM,RFC,WEST,ATSI,OE,6671.196,True
2/3/2025 6:00:00 AM,2/3/2025 1:00:00 AM,RFC,WEST,ATSI,OE,6560.937,True
2/3/2025 7:00:00 AM,2/3/2025 2:00:00 AM,RFC,WEST,ATSI,OE,6428.746,True
2/3/2025 8:00:00 AM,2/3/2025 3:00:00 AM,RFC,WEST,ATSI,OE,6316.994,True
2/3/2025 9:00:00 AM,2/3/2025 4:00:00 AM,RFC,WEST,ATSI,OE,6421.553,True
2/3/2025 10:00:00 AM,2/3/2025 5:00:00 AM,RFC,WEST,ATSI,OE,6747.338,True
2/3/2025 11:00:00 AM,2/3/2025 6:00:00 AM,RFC,WEST,ATSI,OE,7391.825,True
2/3/2025 12:00:00 PM,2/3/2025 7:00:00 AM,RFC,WEST,ATSI,OE,7841.300,True
2/3/2025 1:00:00 PM,2/3/2025 8:00:00 AM,RFC,WEST,ATSI,OE,7918.890,True
2/3/2025 2:00:00 PM,2/3/2025 9:00:00 AM,RFC,WEST,ATSI,OE,7957.972,True
2/3/2025 3:00:00 PM,2/3/2025 10:00:00 AM,RFC,WEST,ATSI,OE,7803.748,True
2/3/2025 4:00:00 PM,2/3/2025 11:00:00 AM,RFC,WEST,ATSI,OE,7706.898,True
2/3/2025 5:00:00 PM,2/3/2025 12:00:00 PM,RFC,WEST,ATSI,OE,7562.777,True
2/3/2025 6:00:00 PM,2/3/2025 1:00:00 PM,RFC,WEST,ATSI,OE,7613.126,True
2/3/2025 7:00:00 PM,2/3/2025 2:00:00 PM,RFC,WEST,ATSI,OE,7493.614,True
2/3/2025 8:00:00 PM,2/3/2025 3:00:00 PM,RFC,WEST,ATSI,OE,7438.124,True
2/3/2025 9:00:00 PM,2/3/2025 4:00:00 PM,RFC,WEST,ATSI,OE,7383.333,True
2/3/2025 10:00:00 PM,2/3/2025 5:00:00 PM,RFC,WEST,ATSI,OE,7468.370,True
2/3/2025 11:00:00 PM,2/3/2025 6:00:00 PM,RFC,WEST,ATSI,OE,7665.892,True
2/4/2025 12:00:00 AM,2/3/2025 7:00:00 PM,RFC,WEST,ATSI,OE,7629.234,True
2/4/2025 1:00:00 AM,2/3/2025 8:00:00 PM,RFC,WEST,ATSI,OE,7437.574,True
2/4/2025 2:00:00 AM,2/3/2025 9:00:00 PM,RFC,WEST,ATSI,OE,7273.739,True
2/4/2025 3:00:00 AM,2/3/2025 10:00:00 PM,RFC,WEST,ATSI,OE,7049.460,True
2/4/2025 4:00:00 AM,2/3/2025 11:00:00 PM,RFC,WEST,ATSI,OE,6708.652,True
2/4/2025 5:00:00 AM,2/4/2025 12:00:00 AM,RFC,WEST,ATSI,OE,6513.790,True
2/4/2025 6:00:00 AM,2/4/2025 1:00:00 AM,RFC,WEST,ATSI,OE,6396.707,True
2/4/2025 7:00:00 AM,2/4/2025 2:00:00 AM,RFC,WEST,ATSI,OE,6453.086,True
2/4/2025 8:00:00 AM,2/4/2025 3:00:00 AM,RFC,WEST,ATSI,OE,6484.059,True
2/4/2025 9:00:00 AM,2/4/2025 4:00:00 AM,RFC,WEST,ATSI,OE,6635.445,True
2/4/2025 10:00:00 AM,2/4/2025 5:00:00 AM,RFC,WEST,ATSI,OE,6822.951,True
2/4/2025 11:00:00 AM,2/4/2025 6:00:00 AM,RFC,WEST,ATSI,OE,7319.560,True
2/4/2025 12:00:00 PM,2/4/2025 7:00:00 AM,RFC,WEST,ATSI,OE,7803.868,True
2/4/2025 1:00:00 PM,2/4/2025 8:00:00 AM,RFC,WEST,ATSI,OE,8028.838,True
2/4/2025 2:00:00 PM,2/4/2025 9:00:00 AM,RFC,WEST,ATSI,OE,8004.233,True
2/4/2025 3:00:00 PM,2/4/2025 10:00:00 AM,RFC,WEST,ATSI,OE,7909.835,True
2/4/2025 4:00:00 PM,2/4/2025 11:00:00 AM,RFC,WEST,ATSI,OE,7918.204,True
2/4/2025 5:00:00 PM,2/4/2025 12:00:00 PM,RFC,WEST,ATSI,OE,7879.114,True
2/4/2025 6:00:00 PM,2/4/2025 1:00:00 PM,RFC,WEST,ATSI,OE,7934.327,True
2/4/2025 7:00:00 PM,2/4/2025 2:00:00 PM,RFC,WEST,ATSI,OE,7969.400,True
2/4/2025 8:00:00 PM,2/4/2025 3:00:00 PM,RFC,WEST,ATSI,OE,7947.753,True
2/4/2025 9:00:00 PM,2/4/2025 4:00:00 PM,RFC,WEST,ATSI,OE,8019.754,True
2/4/2025 10:00:00 PM,2/4/2025 5:00:00 PM,RFC,WEST,ATSI,OE,8198.313,True
2/4/2025 11:00:00 PM,2/4/2025 6:00:00 PM,RFC,WEST,ATSI,OE,8343.883,True
2/5/2025 12:00:00 AM,2/4/2025 7:00:00 PM,RFC,WEST,ATSI,OE,8239.532,True
2/5/2025 1:00:00 AM,2/4/2025 8:00:00 PM,RFC,WEST,ATSI,OE,8180.471,True
2/5/2025 2:00:00 AM,2/4/2025 9:00:00 PM,RFC,WEST,ATSI,OE,7997.800,True
2/5/2025 3:00:00 AM,2/4/2025 10:00:00 PM,RFC,WEST,ATSI,OE,7636.960,True
2/5/2025 4:00:00 AM,2/4/2025 11:00:00 PM,RFC,WEST,ATSI,OE,7387.938,True
2/5/2025 5:00:00 AM,2/5/2025 12:00:00 AM,RFC,WEST,ATSI,OE,7179.749,True
2/5/2025 6:00:00 AM,2/5/2025 1:00:00 AM,RFC,WEST,ATSI,OE,7116.781,True
2/5/2025 7:00:00 AM,2/5/2025 2:00:00 AM,RFC,WEST,ATSI,OE,7057.787,True
2/5/2025 8:00:00 AM,2/5/2025 3:00:00 AM,RFC,WEST,ATSI,OE,7028.184,True
2/5/2025 9:00:00 AM,2/5/2025 4:00:00 AM,RFC,WEST,ATSI,OE,7228.610,True
2/5/2025 10:00:00 AM,2/5/2025 5:00:00 AM,RFC,WEST,ATSI,OE,7507.942,True
2/5/2025 11:00:00 AM,2/5/2025 6:00:00 AM,RFC,WEST,ATSI,OE,7959.391,True
2/5/2025 12:00:00 PM,2/5/2025 7:00:00 AM,RFC,WEST,ATSI,OE,8358.697,True
2/5/2025 1:00:00 PM,2/5/2025 8:00:00 AM,RFC,WEST,ATSI,OE,8439.270,True
2/5/2025 2:00:00 PM,2/5/2025 9:00:00 AM,RFC,WEST,ATSI,OE,8500.841,True
2/5/2025 3:00:00 PM,2/5/2025 10:00:00 AM,RFC,WEST,ATSI,OE,8402.846,True
2/5/2025 4:00:00 PM,2/5/2025 11:00:00 AM,RFC,WEST,ATSI,OE,8421.328,True
2/5/2025 5:00:00 PM,2/5/2025 12:00:00 PM,RFC,WEST,ATSI,OE,8385.904,True
2/5/2025 6:00:00 PM,2/5/2025 1:00:00 PM,RFC,WEST,ATSI,OE,8447.918,True
2/5/2025 7:00:00 PM,2/5/2025 2:00:00 PM,RFC,WEST,ATSI,OE,8285.303,True
2/5/2025 8:00:00 PM,2/5/2025 3:00:00 PM,RFC,WEST,ATSI,OE,8114.035,True
2/5/2025 9:00:00 PM,2/5/2025 4:00:00 PM,RFC,WEST,ATSI,OE,8131.439,True
2/5/2025 10:00:00 PM,2/5/2025 5:00:00 PM,RFC,WEST,ATSI,OE,8272.774,True
2/5/2025 11:00:00 PM,2/5/2025 6:00:00 PM,RFC,WEST,ATSI,OE,8499.173,True
2/6/2025 12:00:00 AM,2/5/2025 7:00:00 PM,RFC,WEST,ATSI,OE,8424.358,True
2/6/2025 1:00:00 AM,2/5/2025 8:00:00 PM,RFC,WEST,ATSI,OE,8285.766,True
2/6/2025 2:00:00 AM,2/5/2025 9:00:00 PM,RFC,WEST,ATSI,OE,8061.817,True
2/6/2025 3:00:00 AM,2/5/2025 10:00:00 PM,RFC,WEST,ATSI,OE,7704.138,True
2/6/2025 4:00:00 AM,2/5/2025 11:00:00 PM,RFC,WEST,ATSI,OE,7367.856,True
2/6/2025 5:00:00 AM,2/6/2025 12:00:00 AM,RFC,WEST,ATSI,OE,7119.044,True
2/6/2025 6:00:00 AM,2/6/2025 1:00:00 AM,RFC,WEST,ATSI,OE,7159.972,True
2/6/2025 7:00:00 AM,2/6/2025 2:00:00 AM,RFC,WEST,ATSI,OE,7068.664,True
2/6/2025 8:00:00 AM,2/6/2025 3:00:00 AM,RFC,WEST,ATSI,OE,7036.206,True
2/6/2025 9:00:00 AM,2/6/2025 4:00:00 AM,RFC,WEST,ATSI,OE,7084.162,True
2/6/2025 10:00:00 AM,2/6/2025 5:00:00 AM,RFC,WEST,ATSI,OE,7286.075,True
2/6/2025 11:00:00 AM,2/6/2025 6:00:00 AM,RFC,WEST,ATSI,OE,7677.229,True
2/6/2025 12:00:00 PM,2/6/2025 7:00:00 AM,RFC,WEST,ATSI,OE,7969.594,True
2/6/2025 1:00:00 PM,2/6/2025 8:00:00 AM,RFC,WEST,ATSI,OE,8082.127,True
2/6/2025 2:00:00 PM,2/6/2025 9:00:00 AM,RFC,WEST,ATSI,OE,8198.528,True
2/6/2025 3:00:00 PM,2/6/2025 10:00:00 AM,RFC,WEST,ATSI,OE,8351.490,True
2/6/2025 4:00:00 PM,2/6/2025 11:00:00 AM,RFC,WEST,ATSI,OE,8383.084,True
2/6/2025 5:00:00 PM,2/6/2025 12:00:00 PM,RFC,WEST,ATSI,OE,8354.563,True
2/6/2025 6:00:00 PM,2/6/2025 1:00:00 PM,RFC,WEST,ATSI,OE,8316.489,True
2/6/2025 7:00:00 PM,2/6/2025 2:00:00 PM,RFC,WEST,ATSI,OE,8274.664,True
2/6/2025 8:00:00 PM,2/6/2025 3:00:00 PM,RFC,WEST,ATSI,OE,8249.807,True
2/6/2025 9:00:00 PM,2/6/2025 4:00:00 PM,RFC,WEST,ATSI,OE,8252.419,True
2/6/2025 10:00:00 PM,2/6/2025 5:00:00 PM,RFC,WEST,ATSI,OE,8274.243,True
2/6/2025 11:00:00 PM,2/6/2025 6:00:00 PM,RFC,WEST,ATSI,OE,8366.350,True
2/7/2025 12:00:00 AM,2/6/2025 7:00:00 PM,RFC,WEST,ATSI,OE,8284.734,True
2/7/2025 1:00:00 AM,2/6/2025 8:00:00 PM,RFC,WEST,ATSI,OE,8083.381,True
2/7/2025 2:00:00 AM,2/6/2025 9:00:00 PM,RFC,WEST,ATSI,OE,7906.033,True
2/7/2025 3:00:00 AM,2/6/2025 10:00:00 PM,RFC,WEST,ATSI,OE,7625.443,True
2/7/2025 4:00:00 AM,2/6/2025 11:00:00 PM,RFC,WEST,ATSI,OE,7373.850,True
2/7/2025 5:00:00 AM,2/7/2025 12:00:00 AM,RFC,WEST,ATSI,OE,7172.746,True
2/7/2025 6:00:00 AM,2/7/2025 1:00:00 AM,RFC,WEST,ATSI,OE,7056.287,True
2/7/2025 7:00:00 AM,2/7/2025 2:00:00 AM,RFC,WEST,ATSI,OE,7009.514,True
2/7/2025 8:00:00 AM,2/7/2025 3:00:00 AM,RFC,WEST,ATSI,OE,6991.452,True
2/7/2025 9:00:00 AM,2/7/2025 4:00:00 AM,RFC,WEST,ATSI,OE,7127.498,True
2/7/2025 10:00:00 AM,2/7/2025 5:00:00 AM,RFC,WEST,ATSI,OE,7448.233,True
2/7/2025 11:00:00 AM,2/7/2025 6:00:00 AM,RFC,WEST,ATSI,OE,7936.561,True
2/7/2025 12:00:00 PM,2/7/2025 7:00:00 AM,RFC,WEST,ATSI,OE,8322.987,True
2/7/2025 1:00:00 PM,2/7/2025 8:00:00 AM,RFC,WEST,ATSI,OE,8377.039,True
2/7/2025 2:00:00 PM,2/7/2025 9:00:00 AM,RFC,WEST,ATSI,OE,8372.812,True
2/7/2025 3:00:00 PM,2/7/2025 10:00:00 AM,RFC,WEST,ATSI,OE,8348.331,True
2/7/2025 4:00:00 PM,2/7/2025 11:00:00 AM,RFC,WEST,ATSI,OE,8241.004,True
2/7/2025 5:00:00 PM,2/7/2025 12:00:00 PM,RFC,WEST,ATSI,OE,8111.517,True
2/7/2025 6:00:00 PM,2/7/2025 1:00:00 PM,RFC,WEST,ATSI,OE,7951.700,True
2/7/2025 7:00:00 PM,2/7/2025 2:00:00 PM,RFC,WEST,ATSI,OE,7756.742,True
2/7/2025 8:00:00 PM,2/7/2025 3:00:00 PM,RFC,WEST,ATSI,OE,7655.137,True
2/7/2025 9:00:00 PM,2/7/2025 4:00:00 PM,RFC,WEST,ATSI,OE,7718.756,True
2/7/2025 10:00:00 PM,2/7/2025 5:00:00 PM,RFC,WEST,ATSI,OE,7888.798,True
2/7/2025 11:00:00 PM,2/7/2025 6:00:00 PM,RFC,WEST,ATSI,OE,8099.512,True
2/8/2025 12:00:00 AM,2/7/2025 7:00:00 PM,RFC,WEST,ATSI,OE,8038.369,True
2/8/2025 1:00:00 AM,2/7/2025 8:00:00 PM,RFC,WEST,ATSI,OE,8021.801,True
2/8/2025 2:00:00 AM,2/7/2025 9:00:00 PM,RFC,WEST,ATSI,OE,7931.700,True
2/8/2025 3:00:00 AM,2/7/2025 10:00:00 PM,RFC,WEST,ATSI,OE,7626.566,True
2/8/2025 4:00:00 AM,2/7/2025 11:00:00 PM,RFC,WEST,ATSI,OE,7349.239,True
2/8/2025 5:00:00 AM,2/8/2025 12:00:00 AM,RFC,WEST,ATSI,OE,7161.019,True
2/8/2025 6:00:00 AM,2/8/2025 1:00:00 AM,RFC,WEST,ATSI,OE,7023.360,True
2/8/2025 7:00:00 AM,2/8/2025 2:00:00 AM,RFC,WEST,ATSI,OE,6923.191,True
2/8/2025 8:00:00 AM,2/8/2025 3:00:00 AM,RFC,WEST,ATSI,OE,6903.837,True
2/8/2025 9:00:00 AM,2/8/2025 4:00:00 AM,RFC,WEST,ATSI,OE,7011.054,True
2/8/2025 10:00:00 AM,2/8/2025 5:00:00 AM,RFC,WEST,ATSI,OE,7102.054,True
2/8/2025 11:00:00 AM,2/8/2025 6:00:00 AM,RFC,WEST,ATSI,OE,7281.941,True
2/8/2025 12:00:00 PM,2/8/2025 7:00:00 AM,RFC,WEST,ATSI,OE,7479.813,True
2/8/2025 1:00:00 PM,2/8/2025 8:00:00 AM,RFC,WEST,ATSI,OE,7644.961,True
2/8/2025 2:00:00 PM,2/8/2025 9:00:00 AM,RFC,WEST,ATSI,OE,7798.740,True
2/8/2025 3:00:00 PM,2/8/2025 10:00:00 AM,RFC,WEST,ATSI,OE,7917.497,True
2/8/2025 4:00:00 PM,2/8/2025 11:00:00 AM,RFC,WEST,ATSI,OE,7835.663,True
2/8/2025 5:00:00 PM,2/8/2025 12:00:00 PM,RFC,WEST,ATSI,OE,7739.392,True
2/8/2025 6:00:00 PM,2/8/2025 1:00:00 PM,RFC,WEST,ATSI,OE,7613.338,True
2/8/2025 7:00:00 PM,2/8/2025 2:00:00 PM,RFC,WEST,ATSI,OE,7685.426,True
2/8/2025 8:00:00 PM,2/8/2025 3:00:00 PM,RFC,WEST,ATSI,OE,7746.840,True
2/8/2025 9:00:00 PM,2/8/2025 4:00:00 PM,RFC,WEST,ATSI,OE,7897.902,True
2/8/2025 10:00:00 PM,2/8/2025 5:00:00 PM,RFC,WEST,ATSI,OE,7981.419,True
2/8/2025 11:00:00 PM,2/8/2025 6:00:00 PM,RFC,WEST,ATSI,OE,8021.437,True
2/9/2025 12:00:00 AM,2/8/2025 7:00:00 PM,RFC,WEST,ATSI,OE,7879.505,True
2/9/2025 1:00:00 AM,2/8/2025 8:00:00 PM,RFC,WEST,ATSI,OE,7722.771,True
2/9/2025 2:00:00 AM,2/8/2025 9:00:00 PM,RFC,WEST,ATSI,OE,7483.962,True
2/9/2025 3:00:00 AM,2/8/2025 10:00:00 PM,RFC,WEST,ATSI,OE,7301.740,True
2/9/2025 4:00:00 AM,2/8/2025 11:00:00 PM,RFC,WEST,ATSI,OE,7057.718,True
2/9/2025 5:00:00 AM,2/9/2025 12:00:00 AM,RFC,WEST,ATSI,OE,6821.420,True
2/9/2025 6:00:00 AM,2/9/2025 1:00:00 AM,RFC,WEST,ATSI,OE,6739.431,True
2/9/2025 7:00:00 AM,2/9/2025 2:00:00 AM,RFC,WEST,ATSI,OE,6708.143,True
2/9/2025 8:00:00 AM,2/9/2025 3:00:00 AM,RFC,WEST,ATSI,OE,6569.300,True
2/9/2025 9:00:00 AM,2/9/2025 4:00:00 AM,RFC,WEST,ATSI,OE,6712.118,True
2/9/2025 10:00:00 AM,2/9/2025 5:00:00 AM,RFC,WEST,ATSI,OE,6803.038,True
2/9/2025 11:00:00 AM,2/9/2025 6:00:00 AM,RFC,WEST,ATSI,OE,6952.078,True
2/9/2025 12:00:00 PM,2/9/2025 7:00:00 AM,RFC,WEST,ATSI,OE,7062.424,True
2/9/2025 1:00:00 PM,2/9/2025 8:00:00 AM,RFC,WEST,ATSI,OE,7317.038,True
2/9/2025 2:00:00 PM,2/9/2025 9:00:00 AM,RFC,WEST,ATSI,OE,7477.706,True
2/9/2025 3:00:00 PM,2/9/2025 10:00:00 AM,RFC,WEST,ATSI,OE,7590.286,True
2/9/2025 4:00:00 PM,2/9/2025 11:00:00 AM,RFC,WEST,ATSI,OE,7714.231,True
2/9/2025 5:00:00 PM,2/9/2025 12:00:00 PM,RFC,WEST,ATSI,OE,7777.413,True
2/9/2025 6:00:00 PM,2/9/2025 1:00:00 PM,RFC,WEST,ATSI,OE,7719.972,True
2/9/2025 7:00:00 PM,2/9/2025 2:00:00 PM,RFC,WEST,ATSI,OE,7703.524,True
2/9/2025 8:00:00 PM,2/9/2025 3:00:00 PM,RFC,WEST,ATSI,OE,7656.508,True
2/9/2025 9:00:00 PM,2/9/2025 4:00:00 PM,RFC,WEST,ATSI,OE,7786.333,True
2/9/2025 10:00:00 PM,2/9/2025 5:00:00 PM,RFC,WEST,ATSI,OE,7899.809,True
2/9/2025 11:00:00 PM,2/9/2025 6:00:00 PM,RFC,WEST,ATSI,OE,7958.541,True
2/10/2025 12:00:00 AM,2/9/2025 7:00:00 PM,RFC,WEST,ATSI,OE,7820.000,True
2/10/2025 1:00:00 AM,2/9/2025 8:00:00 PM,RFC,WEST,ATSI,OE,7669.051,True
2/10/2025 2:00:00 AM,2/9/2025 9:00:00 PM,RFC,WEST,ATSI,OE,7513.098,True
2/10/2025 3:00:00 AM,2/9/2025 10:00:00 PM,RFC,WEST,ATSI,OE,7357.837,True
2/10/2025 4:00:00 AM,2/9/2025 11:00:00 PM,RFC,WEST,ATSI,OE,7183.844,True
2/10/2025 5:00:00 AM,2/10/2025 12:00:00 AM,RFC,WEST,ATSI,OE,6963.693,True
2/10/2025 6:00:00 AM,2/10/2025 1:00:00 AM,RFC,WEST,ATSI,OE,6904.172,True
2/10/2025 7:00:00 AM,2/10/2025 2:00:00 AM,RFC,WEST,ATSI,OE,6822.909,True
2/10/2025 8:00:00 AM,2/10/2025 3:00:00 AM,RFC,WEST,ATSI,OE,6881.901,True
2/10/2025 9:00:00 AM,2/10/2025 4:00:00 AM,RFC,WEST,ATSI,OE,7041.462,True
2/10/2025 10:00:00 AM,2/10/2025 5:00:00 AM,RFC,WEST,ATSI,OE,7437.713,True
2/10/2025 11:00:00 AM,2/10/2025 6:00:00 AM,RFC,WEST,ATSI,OE,7997.939,True
2/10/2025 12:00:00 PM,2/10/2025 7:00:00 AM,RFC,WEST,ATSI,OE,8334.160,True
2/10/2025 1:00:00 PM,2/10/2025 8:00:00 AM,RFC,WEST,ATSI,OE,8397.484,True
2/10/2025 2:00:00 PM,2/10/2025 9:00:00 AM,RFC,WEST,ATSI,OE,8306.715,True
2/10/2025 3:00:00 PM,2/10/2025 10:00:00 AM,RFC,WEST,ATSI,OE,8210.194,True
2/10/2025 4:00:00 PM,2/10/2025 11:00:00 AM,RFC,WEST,ATSI,OE,8061.741,True
2/10/2025 5:00:00 PM,2/10/2025 12:00:00 PM,RFC,WEST,ATSI,OE,7969.393,True
2/10/2025 6:00:00 PM,2/10/2025 1:00:00 PM,RFC,WEST,ATSI,OE,7962.580,True
2/10/2025 7:00:00 PM,2/10/2025 2:00:00 PM,RFC,WEST,ATSI,OE,7859.084,True
2/10/2025 8:00:00 PM,2/10/2025 3:00:00 PM,RFC,WEST,ATSI,OE,7801.923,True
2/10/2025 9:00:00 PM,2/10/2025 4:00:00 PM,RFC,WEST,ATSI,OE,7884.714,True
2/10/2025 10:00:00 PM,2/10/2025 5:00:00 PM,RFC,WEST,ATSI,OE,8052.291,True
2/10/2025 11:00:00 PM,2/10/2025 6:00:00 PM,RFC,WEST,ATSI,OE,8271.942,True
2/11/2025 12:00:00 AM,2/10/2025 7:00:00 PM,RFC,WEST,ATSI,OE,8268.686,True
2/11/2025 1:00:00 AM,2/10/2025 8:00:00 PM,RFC,WEST,ATSI,OE,8158.638,True
2/11/2025 2:00:00 AM,2/10/2025 9:00:00 PM,RFC,WEST,ATSI,OE,7915.801,True
2/11/2025 3:00:00 AM,2/10/2025 10:00:00 PM,RFC,WEST,ATSI,OE,7631.034,True
2/11/2025 4:00:00 AM,2/10/2025 11:00:00 PM,RFC,WEST,ATSI,OE,7333.161,True
2/11/2025 5:00:00 AM,2/11/2025 12:00:00 AM,RFC,WEST,ATSI,OE,7151.135,True
2/11/2025 6:00:00 AM,2/11/2025 1:00:00 AM,RFC,WEST,ATSI,OE,7071.645,True
2/11/2025 7:00:00 AM,2/11/2025 2:00:00 AM,RFC,WEST,ATSI,OE,7014.789,True
2/11/2025 8:00:00 AM,2/11/2025 3:00:00 AM,RFC,WEST,ATSI,OE,7026.139,True
2/11/2025 9:00:00 AM,2/11/2025 4:00:00 AM,RFC,WEST,ATSI,OE,7054.377,True
2/11/2025 10:00:00 AM,2/11/2025 5:00:00 AM,RFC,WEST,ATSI,OE,7317.416,True
2/11/2025 11:00:00 AM,2/11/2025 6:00:00 AM,RFC,WEST,ATSI,OE,7863.213,True
2/11/2025 12:00:00 PM,2/11/2025 7:00:00 AM,RFC,WEST,ATSI,OE,8269.172,True
2/11/2025 1:00:00 PM,2/11/2025 8:00:00 AM,RFC,WEST,ATSI,OE,8426.185,True
2/11/2025 2:00:00 PM,2/11/2025 9:00:00 AM,RFC,WEST,ATSI,OE,8420.315,True
2/11/2025 3:00:00 PM,2/11/2025 10:00:00 AM,RFC,WEST,ATSI,OE,8452.041,True
2/11/2025 4:00:00 PM,2/11/2025 11:00:00 AM,RFC,WEST,ATSI,OE,8303.021,True
2/11/2025 5:00:00 PM,2/11/2025 12:00:00 PM,RFC,WEST,ATSI,OE,8191.650,True
2/11/2025 6:00:00 PM,2/11/2025 1:00:00 PM,RFC,WEST,ATSI,OE,8102.105,True
2/11/2025 7:00:00 PM,2/11/2025 2:00:00 PM,RFC,WEST,ATSI,OE,7972.344,True
2/11/2025 8:00:00 PM,2/11/2025 3:00:00 PM,RFC,WEST,ATSI,OE,7936.388,True
2/11/2025 9:00:00 PM,2/11/2025 4:00:00 PM,RFC,WEST,ATSI,OE,7907.251,True
2/11/2025 10:00:00 PM,2/11/2025 5:00:00 PM,RFC,WEST,ATSI,OE,8059.280,True
2/11/2025 11:00:00 PM,2/11/2025 6:00:00 PM,RFC,WEST,ATSI,OE,8274.588,True
2/12/2025 12:00:00 AM,2/11/2025 7:00:00 PM,RFC,WEST,ATSI,OE,8254.751,True
2/12/2025 1:00:00 AM,2/11/2025 8:00:00 PM,RFC,WEST,ATSI,OE,8119.860,True
2/12/2025 2:00:00 AM,2/11/2025 9:00:00 PM,RFC,WEST,ATSI,OE,7945.443,True
2/12/2025 3:00:00 AM,2/11/2025 10:00:00 PM,RFC,WEST,ATSI,OE,7668.158,True
2/12/2025 4:00:00 AM,2/11/2025 11:00:00 PM,RFC,WEST,ATSI,OE,7330.622,True
2/12/2025 5:00:00 AM,2/12/2025 12:00:00 AM,RFC,WEST,ATSI,OE,7167.269,True
2/12/2025 6:00:00 AM,2/12/2025 1:00:00 AM,RFC,WEST,ATSI,OE,7050.617,True
2/12/2025 7:00:00 AM,2/12/2025 2:00:00 AM,RFC,WEST,ATSI,OE,6988.930,True
2/12/2025 8:00:00 AM,2/12/2025 3:00:00 AM,RFC,WEST,ATSI,OE,7010.380,True
2/12/2025 9:00:00 AM,2/12/2025 4:00:00 AM,RFC,WEST,ATSI,OE,7104.862,True
2/12/2025 10:00:00 AM,2/12/2025 5:00:00 AM,RFC,WEST,ATSI,OE,7446.216,True
2/12/2025 11:00:00 AM,2/12/2025 6:00:00 AM,RFC,WEST,ATSI,OE,7977.637,True
2/12/2025 12:00:00 PM,2/12/2025 7:00:00 AM,RFC,WEST,ATSI,OE,8368.469,True
2/12/2025 1:00:00 PM,2/12/2025 8:00:00 AM,RFC,WEST,ATSI,OE,8385.752,True
2/12/2025 2:00:00 PM,2/12/2025 9:00:00 AM,RFC,WEST,ATSI,OE,8433.532,True
2/12/2025 3:00:00 PM,2/12/2025 10:00:00 AM,RFC,WEST,ATSI,OE,8449.269,True
2/12/2025 4:00:00 PM,2/12/2025 11:00:00 AM,RFC,WEST,ATSI,OE,8433.335,True
2/12/2025 5:00:00 PM,2/12/2025 12:00:00 PM,RFC,WEST,ATSI,OE,8447.998,True
2/12/2025 6:00:00 PM,2/12/2025 1:00:00 PM,RFC,WEST,ATSI,OE,8460.887,True
2/12/2025 7:00:00 PM,2/12/2025 2:00:00 PM,RFC,WEST,ATSI,OE,8412.572,True
2/12/2025 8:00:00 PM,2/12/2025 3:00:00 PM,RFC,WEST,ATSI,OE,8307.015,True
2/12/2025 9:00:00 PM,2/12/2025 4:00:00 PM,RFC,WEST,ATSI,OE,8311.762,True
2/12/2025 10:00:00 PM,2/12/2025 5:00:00 PM,RFC,WEST,ATSI,OE,8315.994,True
2/12/2025 11:00:00 PM,2/12/2025 6:00:00 PM,RFC,WEST,ATSI,OE,8443.707,True
2/13/2025 12:00:00 AM,2/12/2025 7:00:00 PM,RFC,WEST,ATSI,OE,8303.882,True
2/13/2025 1:00:00 AM,2/12/2025 8:00:00 PM,RFC,WEST,ATSI,OE,8125.063,True
2/13/2025 2:00:00 AM,2/12/2025 9:00:00 PM,RFC,WEST,ATSI,OE,7767.334,True
2/13/2025 3:00:00 AM,2/12/2025 10:00:00 PM,RFC,WEST,ATSI,OE,7419.615,True
2/13/2025 4:00:00 AM,2/12/2025 11:00:00 PM,RFC,WEST,ATSI,OE,7090.291,True
2/13/2025 5:00:00 AM,2/13/2025 12:00:00 AM,RFC,WEST,ATSI,OE,6815.746,True
2/13/2025 6:00:00 AM,2/13/2025 1:00:00 AM,RFC,WEST,ATSI,OE,6669.210,True
2/13/2025 7:00:00 AM,2/13/2025 2:00:00 AM,RFC,WEST,ATSI,OE,6569.926,True
2/13/2025 8:00:00 AM,2/13/2025 3:00:00 AM,RFC,WEST,ATSI,OE,6540.146,True
2/13/2025 9:00:00 AM,2/13/2025 4:00:00 AM,RFC,WEST,ATSI,OE,6743.426,True
2/13/2025 10:00:00 AM,2/13/2025 5:00:00 AM,RFC,WEST,ATSI,OE,7097.273,True
2/13/2025 11:00:00 AM,2/13/2025 6:00:00 AM,RFC,WEST,ATSI,OE,7597.602,True
2/13/2025 12:00:00 PM,2/13/2025 7:00:00 AM,RFC,WEST,ATSI,OE,8005.755,True
2/13/2025 1:00:00 PM,2/13/2025 8:00:00 AM,RFC,WEST,ATSI,OE,8146.181,True
2/13/2025 2:00:00 PM,2/13/2025 9:00:00 AM,RFC,WEST,ATSI,OE,8398.308,True
2/13/2025 3:00:00 PM,2/13/2025 10:00:00 AM,RFC,WEST,ATSI,OE,8512.502,True
2/13/2025 4:00:00 PM,2/13/2025 11:00:00 AM,RFC,WEST,ATSI,OE,8517.211,True
2/13/2025 5:00:00 PM,2/13/2025 12:00:00 PM,RFC,WEST,ATSI,OE,8490.649,True
2/13/2025 6:00:00 PM,2/13/2025 1:00:00 PM,RFC,WEST,ATSI,OE,8470.095,True
2/13/2025 7:00:00 PM,2/13/2025 2:00:00 PM,RFC,WEST,ATSI,OE,8359.908,True
2/13/2025 8:00:00 PM,2/13/2025 3:00:00 PM,RFC,WEST,ATSI,OE,8272.234,True
2/13/2025 9:00:00 PM,2/13/2025 4:00:00 PM,RFC,WEST,ATSI,OE,8327.440,True
2/13/2025 10:00:00 PM,2/13/2025 5:00:00 PM,RFC,WEST,ATSI,OE,8367.851,True
2/13/2025 11:00:00 PM,2/13/2025 6:00:00 PM,RFC,WEST,ATSI,OE,8496.295,True
2/14/2025 12:00:00 AM,2/13/2025 7:00:00 PM,RFC,WEST,ATSI,OE,8477.720,True
2/14/2025 1:00:00 AM,2/13/2025 8:00:00 PM,RFC,WEST,ATSI,OE,8439.409,True
2/14/2025 2:00:00 AM,2/13/2025 9:00:00 PM,RFC,WEST,ATSI,OE,8257.486,True
2/14/2025 3:00:00 AM,2/13/2025 10:00:00 PM,RFC,WEST,ATSI,OE,7949.484,True
2/14/2025 4:00:00 AM,2/13/2025 11:00:00 PM,RFC,WEST,ATSI,OE,7699.187,True
2/14/2025 5:00:00 AM,2/14/2025 12:00:00 AM,RFC,WEST,ATSI,OE,7582.493,True
2/14/2025 6:00:00 AM,2/14/2025 1:00:00 AM,RFC,WEST,ATSI,OE,7466.487,True
2/14/2025 7:00:00 AM,2/14/2025 2:00:00 AM,RFC,WEST,ATSI,OE,7368.687,True
2/14/2025 8:00:00 AM,2/14/2025 3:00:00 AM,RFC,WEST,ATSI,OE,7426.551,True
2/14/2025 9:00:00 AM,2/14/2025 4:00:00 AM,RFC,WEST,ATSI,OE,7590.714,True
2/14/2025 10:00:00 AM,2/14/2025 5:00:00 AM,RFC,WEST,ATSI,OE,7797.457,True
2/14/2025 11:00:00 AM,2/14/2025 6:00:00 AM,RFC,WEST,ATSI,OE,8330.531,True
2/14/2025 12:00:00 PM,2/14/2025 7:00:00 AM,RFC,WEST,ATSI,OE,8625.373,True
2/14/2025 1:00:00 PM,2/14/2025 8:00:00 AM,RFC,WEST,ATSI,OE,8736.376,True
2/14/2025 2:00:00 PM,2/14/2025 9:00:00 AM,RFC,WEST,ATSI,OE,8685.885,True
2/14/2025 3:00:00 PM,2/14/2025 10:00:00 AM,RFC,WEST,ATSI,OE,8532.299,True
2/14/2025 4:00:00 PM,2/14/2025 11:00:00 AM,RFC,WEST,ATSI,OE,8500.489,True
2/14/2025 5:00:00 PM,2/14/2025 12:00:00 PM,RFC,WEST,ATSI,OE,8374.300,True
2/14/2025 6:00:00 PM,2/14/2025 1:00:00 PM,RFC,WEST,ATSI,OE,8171.527,True
2/14/2025 7:00:00 PM,2/14/2025 2:00:00 PM,RFC,WEST,ATSI,OE,8060.908,True
2/14/2025 8:00:00 PM,2/14/2025 3:00:00 PM,RFC,WEST,ATSI,OE,7967.703,True
2/14/2025 9:00:00 PM,2/14/2025 4:00:00 PM,RFC,WEST,ATSI,OE,7928.216,True
2/14/2025 10:00:00 PM,2/14/2025 5:00:00 PM,RFC,WEST,ATSI,OE,8049.610,True
2/14/2025 11:00:00 PM,2/14/2025 6:00:00 PM,RFC,WEST,ATSI,OE,8278.362,True
2/15/2025 12:00:00 AM,2/14/2025 7:00:00 PM,RFC,WEST,ATSI,OE,8171.538,True
2/15/2025 1:00:00 AM,2/14/2025 8:00:00 PM,RFC,WEST,ATSI,OE,8044.370,True
2/15/2025 2:00:00 AM,2/14/2025 9:00:00 PM,RFC,WEST,ATSI,OE,7849.049,True
2/15/2025 3:00:00 AM,2/14/2025 10:00:00 PM,RFC,WEST,ATSI,OE,7564.504,True
2/15/2025 4:00:00 AM,2/14/2025 11:00:00 PM,RFC,WEST,ATSI,OE,7295.865,True
2/15/2025 5:00:00 AM,2/15/2025 12:00:00 AM,RFC,WEST,ATSI,OE,7034.970,True
2/15/2025 6:00:00 AM,2/15/2025 1:00:00 AM,RFC,WEST,ATSI,OE,6909.166,True
2/15/2025 7:00:00 AM,2/15/2025 2:00:00 AM,RFC,WEST,ATSI,OE,6818.073,True
2/15/2025 8:00:00 AM,2/15/2025 3:00:00 AM,RFC,WEST,ATSI,OE,6749.105,True
2/15/2025 9:00:00 AM,2/15/2025 4:00:00 AM,RFC,WEST,ATSI,OE,6806.048,True
2/15/2025 10:00:00 AM,2/15/2025 5:00:00 AM,RFC,WEST,ATSI,OE,6903.215,True
2/15/2025 11:00:00 AM,2/15/2025 6:00:00 AM,RFC,WEST,ATSI,OE,7143.448,True
2/15/2025 12:00:00 PM,2/15/2025 7:00:00 AM,RFC,WEST,ATSI,OE,7270.205,True
2/15/2025 1:00:00 PM,2/15/2025 8:00:00 AM,RFC,WEST,ATSI,OE,7353.964,True
2/15/2025 2:00:00 PM,2/15/2025 9:00:00 AM,RFC,WEST,ATSI,OE,7569.650,True
2/15/2025 3:00:00 PM,2/15/2025 10:00:00 AM,RFC,WEST,ATSI,OE,7649.398,True
2/15/2025 4:00:00 PM,2/15/2025 11:00:00 AM,RFC,WEST,ATSI,OE,7681.643,True
2/15/2025 5:00:00 PM,2/15/2025 12:00:00 PM,RFC,WEST,ATSI,OE,7639.471,True
2/15/2025 6:00:00 PM,2/15/2025 1:00:00 PM,RFC,WEST,ATSI,OE,7578.851,True
2/15/2025 7:00:00 PM,2/15/2025 2:00:00 PM,RFC,WEST,ATSI,OE,7542.990,True
2/15/2025 8:00:00 PM,2/15/2025 3:00:00 PM,RFC,WEST,ATSI,OE,7478.949,True
2/15/2025 9:00:00 PM,2/15/2025 4:00:00 PM,RFC,WEST,ATSI,OE,7464.869,True
2/15/2025 10:00:00 PM,2/15/2025 5:00:00 PM,RFC,WEST,ATSI,OE,7473.387,True
2/15/2025 11:00:00 PM,2/15/2025 6:00:00 PM,RFC,WEST,ATSI,OE,7526.683,True
2/16/2025 12:00:00 AM,2/15/2025 7:00:00 PM,RFC,WEST,ATSI,OE,7456.521,True
2/16/2025 1:00:00 AM,2/15/2025 8:00:00 PM,RFC,WEST,ATSI,OE,7290.526,True
2/16/2025 2:00:00 AM,2/15/2025 9:00:00 PM,RFC,WEST,ATSI,OE,7049.410,True
2/16/2025 3:00:00 AM,2/15/2025 10:00:00 PM,RFC,WEST,ATSI,OE,6895.881,True
2/16/2025 4:00:00 AM,2/15/2025 11:00:00 PM,RFC,WEST,ATSI,OE,6672.925,True
2/16/2025 5:00:00 AM,2/16/2025 12:00:00 AM,RFC,WEST,ATSI,OE,6446.695,True
2/16/2025 6:00:00 AM,2/16/2025 1:00:00 AM,RFC,WEST,ATSI,OE,6397.500,True
2/16/2025 7:00:00 AM,2/16/2025 2:00:00 AM,RFC,WEST,ATSI,OE,6325.275,True
2/16/2025 8:00:00 AM,2/16/2025 3:00:00 AM,RFC,WEST,ATSI,OE,6273.977,True
2/16/2025 9:00:00 AM,2/16/2025 4:00:00 AM,RFC,WEST,ATSI,OE,6349.716,True
2/16/2025 10:00:00 AM,2/16/2025 5:00:00 AM,RFC,WEST,ATSI,OE,6443.968,True
2/16/2025 11:00:00 AM,2/16/2025 6:00:00 AM,RFC,WEST,ATSI,OE,6545.634,True
2/16/2025 12:00:00 PM,2/16/2025 7:00:00 AM,RFC,WEST,ATSI,OE,6785.191,True
2/16/2025 1:00:00 PM,2/16/2025 8:00:00 AM,RFC,WEST,ATSI,OE,6990.010,True
2/16/2025 2:00:00 PM,2/16/2025 9:00:00 AM,RFC,WEST,ATSI,OE,7268.539,True
2/16/2025 3:00:00 PM,2/16/2025 10:00:00 AM,RFC,WEST,ATSI,OE,7399.514,True
2/16/2025 4:00:00 PM,2/16/2025 11:00:00 AM,RFC,WEST,ATSI,OE,7501.805,True
2/16/2025 5:00:00 PM,2/16/2025 12:00:00 PM,RFC,WEST,ATSI,OE,7572.440,True
2/16/2025 6:00:00 PM,2/16/2025 1:00:00 PM,RFC,WEST,ATSI,OE,7683.707,True
2/16/2025 7:00:00 PM,2/16/2025 2:00:00 PM,RFC,WEST,ATSI,OE,7743.789,True
2/16/2025 8:00:00 PM,2/16/2025 3:00:00 PM,RFC,WEST,ATSI,OE,7811.219,True
2/16/2025 9:00:00 PM,2/16/2025 4:00:00 PM,RFC,WEST,ATSI,OE,7814.624,True
2/16/2025 10:00:00 PM,2/16/2025 5:00:00 PM,RFC,WEST,ATSI,OE,7949.973,True
2/16/2025 11:00:00 PM,2/16/2025 6:00:00 PM,RFC,WEST,ATSI,OE,8127.742,True
2/17/2025 12:00:00 AM,2/16/2025 7:00:00 PM,RFC,WEST,ATSI,OE,8017.722,True
2/17/2025 1:00:00 AM,2/16/2025 8:00:00 PM,RFC,WEST,ATSI,OE,7836.327,True
2/17/2025 2:00:00 AM,2/16/2025 9:00:00 PM,RFC,WEST,ATSI,OE,7617.302,True
2/17/2025 3:00:00 AM,2/16/2025 10:00:00 PM,RFC,WEST,ATSI,OE,7453.146,True
2/17/2025 4:00:00 AM,2/16/2025 11:00:00 PM,RFC,WEST,ATSI,OE,7242.900,True
2/17/2025 5:00:00 AM,2/17/2025 12:00:00 AM,RFC,WEST,ATSI,OE,7104.601,True
2/17/2025 6:00:00 AM,2/17/2025 1:00:00 AM,RFC,WEST,ATSI,OE,7168.397,True
2/17/2025 7:00:00 AM,2/17/2025 2:00:00 AM,RFC,WEST,ATSI,OE,7136.727,True
2/17/2025 8:00:00 AM,2/17/2025 3:00:00 AM,RFC,WEST,ATSI,OE,7191.807,True
2/17/2025 9:00:00 AM,2/17/2025 4:00:00 AM,RFC,WEST,ATSI,OE,7347.344,True
2/17/2025 10:00:00 AM,2/17/2025 5:00:00 AM,RFC,WEST,ATSI,OE,7695.507,True
2/17/2025 11:00:00 AM,2/17/2025 6:00:00 AM,RFC,WEST,ATSI,OE,8025.718,True
2/17/2025 12:00:00 PM,2/17/2025 7:00:00 AM,RFC,WEST,ATSI,OE,8393.112,True
2/17/2025 1:00:00 PM,2/17/2025 8:00:00 AM,RFC,WEST,ATSI,OE,8602.088,True
2/17/2025 2:00:00 PM,2/17/2025 9:00:00 AM,RFC,WEST,ATSI,OE,8679.362,True
2/17/2025 3:00:00 PM,2/17/2025 10:00:00 AM,RFC,WEST,ATSI,OE,8627.209,True
2/17/2025 4:00:00 PM,2/17/2025 11:00:00 AM,RFC,WEST,ATSI,OE,8584.339,True
2/17/2025 5:00:00 PM,2/17/2025 12:00:00 PM,RFC,WEST,ATSI,OE,8667.458,True
2/17/2025 6:00:00 PM,2/17/2025 1:00:00 PM,RFC,WEST,ATSI,OE,8620.906,True
2/17/2025 7:00:00 PM,2/17/2025 2:00:00 PM,RFC,WEST,ATSI,OE,8555.893,True
2/17/2025 8:00:00 PM,2/17/2025 3:00:00 PM,RFC,WEST,ATSI,OE,8544.321,True
2/17/2025 9:00:00 PM,2/17/2025 4:00:00 PM,RFC,WEST,ATSI,OE,8547.208,True
2/17/2025 10:00:00 PM,2/17/2025 5:00:00 PM,RFC,WEST,ATSI,OE,8771.010,True
2/17/2025 11:00:00 PM,2/17/2025 6:00:00 PM,RFC,WEST,ATSI,OE,9008.729,True
2/18/2025 12:00:00 AM,2/17/2025 7:00:00 PM,RFC,WEST,ATSI,OE,9084.569,True
2/18/2025 1:00:00 AM,2/17/2025 8:00:00 PM,RFC,WEST,ATSI,OE,8946.402,True
2/18/2025 2:00:00 AM,2/17/2025 9:00:00 PM,RFC,WEST,ATSI,OE,8739.912,True
2/18/2025 3:00:00 AM,2/17/2025 10:00:00 PM,RFC,WEST,ATSI,OE,8424.463,True
2/18/2025 4:00:00 AM,2/17/2025 11:00:00 PM,RFC,WEST,ATSI,OE,8158.924,True
2/18/2025 5:00:00 AM,2/18/2025 12:00:00 AM,RFC,WEST,ATSI,OE,7934.875,True
2/18/2025 6:00:00 AM,2/18/2025 1:00:00 AM,RFC,WEST,ATSI,OE,7822.493,True
2/18/2025 7:00:00 AM,2/18/2025 2:00:00 AM,RFC,WEST,ATSI,OE,7833.212,True
2/18/2025 8:00:00 AM,2/18/2025 3:00:00 AM,RFC,WEST,ATSI,OE,7847.156,True
2/18/2025 9:00:00 AM,2/18/2025 4:00:00 AM,RFC,WEST,ATSI,OE,7990.523,True
2/18/2025 10:00:00 AM,2/18/2025 5:00:00 AM,RFC,WEST,ATSI,OE,8225.915,True
2/18/2025 11:00:00 AM,2/18/2025 6:00:00 AM,RFC,WEST,ATSI,OE,8629.908,True
2/18/2025 12:00:00 PM,2/18/2025 7:00:00 AM,RFC,WEST,ATSI,OE,8951.830,True
2/18/2025 1:00:00 PM,2/18/2025 8:00:00 AM,RFC,WEST,ATSI,OE,9185.276,True
2/18/2025 2:00:00 PM,2/18/2025 9:00:00 AM,RFC,WEST,ATSI,OE,9142.115,True
2/18/2025 3:00:00 PM,2/18/2025 10:00:00 AM,RFC,WEST,ATSI,OE,8979.722,True
2/18/2025 4:00:00 PM,2/18/2025 11:00:00 AM,RFC,WEST,ATSI,OE,8994.965,True
2/18/2025 5:00:00 PM,2/18/2025 12:00:00 PM,RFC,WEST,ATSI,OE,8885.498,True
2/18/2025 6:00:00 PM,2/18/2025 1:00:00 PM,RFC,WEST,ATSI,OE,8788.806,True
2/18/2025 7:00:00 PM,2/18/2025 2:00:00 PM,RFC,WEST,ATSI,OE,8614.855,True
2/18/2025 8:00:00 PM,2/18/2025 3:00:00 PM,RFC,WEST,ATSI,OE,8549.587,True
2/18/2025 9:00:00 PM,2/18/2025 4:00:00 PM,RFC,WEST,ATSI,OE,8560.303,True
2/18/2025 10:00:00 PM,2/18/2025 5:00:00 PM,RFC,WEST,ATSI,OE,8709.995,True
2/18/2025 11:00:00 PM,2/18/2025 6:00:00 PM,RFC,WEST,ATSI,OE,8930.870,True
2/19/2025 12:00:00 AM,2/18/2025 7:00:00 PM,RFC,WEST,ATSI,OE,8927.770,True
2/19/2025 1:00:00 AM,2/18/2025 8:00:00 PM,RFC,WEST,ATSI,OE,8864.710,True
2/19/2025 2:00:00 AM,2/18/2025 9:00:00 PM,RFC,WEST,ATSI,OE,8710.368,True
2/19/2025 3:00:00 AM,2/18/2025 10:00:00 PM,RFC,WEST,ATSI,OE,8532.348,True
2/19/2025 4:00:00 AM,2/18/2025 11:00:00 PM,RFC,WEST,ATSI,OE,8215.764,True
2/19/2025 5:00:00 AM,2/19/2025 12:00:00 AM,RFC,WEST,ATSI,OE,7937.746,True
2/19/2025 6:00:00 AM,2/19/2025 1:00:00 AM,RFC,WEST,ATSI,OE,7917.566,True
2/19/2025 7:00:00 AM,2/19/2025 2:00:00 AM,RFC,WEST,ATSI,OE,7928.550,True
2/19/2025 8:00:00 AM,2/19/2025 3:00:00 AM,RFC,WEST,ATSI,OE,7912.835,True
2/19/2025 9:00:00 AM,2/19/2025 4:00:00 AM,RFC,WEST,ATSI,OE,7990.286,True
2/19/2025 10:00:00 AM,2/19/2025 5:00:00 AM,RFC,WEST,ATSI,OE,8304.419,True
2/19/2025 11:00:00 AM,2/19/2025 6:00:00 AM,RFC,WEST,ATSI,OE,8637.844,True
2/19/2025 12:00:00 PM,2/19/2025 7:00:00 AM,RFC,WEST,ATSI,OE,8941.446,True
2/19/2025 1:00:00 PM,2/19/2025 8:00:00 AM,RFC,WEST,ATSI,OE,9014.783,True
2/19/2025 2:00:00 PM,2/19/2025 9:00:00 AM,RFC,WEST,ATSI,OE,9018.737,True
2/19/2025 3:00:00 PM,2/19/2025 10:00:00 AM,RFC,WEST,ATSI,OE,8869.761,True
2/19/2025 4:00:00 PM,2/19/2025 11:00:00 AM,RFC,WEST,ATSI,OE,8698.412,True
2/19/2025 5:00:00 PM,2/19/2025 12:00:00 PM,RFC,WEST,ATSI,OE,8609.192,True
2/19/2025 6:00:00 PM,2/19/2025 1:00:00 PM,RFC,WEST,ATSI,OE,8554.171,True
2/19/2025 7:00:00 PM,2/19/2025 2:00:00 PM,RFC,WEST,ATSI,OE,8554.348,True
2/19/2025 8:00:00 PM,2/19/2025 3:00:00 PM,RFC,WEST,ATSI,OE,8532.995,True
2/19/2025 9:00:00 PM,2/19/2025 4:00:00 PM,RFC,WEST,ATSI,OE,8597.579,True
2/19/2025 10:00:00 PM,2/19/2025 5:00:00 PM,RFC,WEST,ATSI,OE,8600.034,True
2/19/2025 11:00:00 PM,2/19/2025 6:00:00 PM,RFC,WEST,ATSI,OE,8831.479,True
2/20/2025 12:00:00 AM,2/19/2025 7:00:00 PM,RFC,WEST,ATSI,OE,8827.760,True
2/20/2025 1:00:00 AM,2/19/2025 8:00:00 PM,RFC,WEST,ATSI,OE,8652.273,True
2/20/2025 2:00:00 AM,2/19/2025 9:00:00 PM,RFC,WEST,ATSI,OE,8437.780,True
2/20/2025 3:00:00 AM,2/19/2025 10:00:00 PM,RFC,WEST,ATSI,OE,8128.062,True
2/20/2025 4:00:00 AM,2/19/2025 11:00:00 PM,RFC,WEST,ATSI,OE,7840.415,True
2/20/2025 5:00:00 AM,2/20/2025 12:00:00 AM,RFC,WEST,ATSI,OE,7640.719,True
2/20/2025 6:00:00 AM,2/20/2025 1:00:00 AM,RFC,WEST,ATSI,OE,7616.024,True
2/20/2025 7:00:00 AM,2/20/2025 2:00:00 AM,RFC,WEST,ATSI,OE,7574.252,True
2/20/2025 8:00:00 AM,2/20/2025 3:00:00 AM,RFC,WEST,ATSI,OE,7567.965,True
2/20/2025 9:00:00 AM,2/20/2025 4:00:00 AM,RFC,WEST,ATSI,OE,7680.692,True
2/20/2025 10:00:00 AM,2/20/2025 5:00:00 AM,RFC,WEST,ATSI,OE,7882.340,True
2/20/2025 11:00:00 AM,2/20/2025 6:00:00 AM,RFC,WEST,ATSI,OE,8346.454,True
2/20/2025 12:00:00 PM,2/20/2025 7:00:00 AM,RFC,WEST,ATSI,OE,8676.306,True
2/20/2025 1:00:00 PM,2/20/2025 8:00:00 AM,RFC,WEST,ATSI,OE,8753.460,True
2/20/2025 2:00:00 PM,2/20/2025 9:00:00 AM,RFC,WEST,ATSI,OE,8800.820,True
2/20/2025 3:00:00 PM,2/20/2025 10:00:00 AM,RFC,WEST,ATSI,OE,8679.258,True
2/20/2025 4:00:00 PM,2/20/2025 11:00:00 AM,RFC,WEST,ATSI,OE,8576.082,True
2/20/2025 5:00:00 PM,2/20/2025 12:00:00 PM,RFC,WEST,ATSI,OE,8495.198,True
2/20/2025 6:00:00 PM,2/20/2025 1:00:00 PM,RFC,WEST,ATSI,OE,8590.463,True
2/20/2025 7:00:00 PM,2/20/2025 2:00:00 PM,RFC,WEST,ATSI,OE,8524.319,True
2/20/2025 8:00:00 PM,2/20/2025 3:00:00 PM,RFC,WEST,ATSI,OE,8529.371,True
2/20/2025 9:00:00 PM,2/20/2025 4:00:00 PM,RFC,WEST,ATSI,OE,8534.321,True
2/20/2025 10:00:00 PM,2/20/2025 5:00:00 PM,RFC,WEST,ATSI,OE,8500.527,True
2/20/2025 11:00:00 PM,2/20/2025 6:00:00 PM,RFC,WEST,ATSI,OE,8648.070,True
2/21/2025 12:00:00 AM,2/20/2025 7:00:00 PM,RFC,WEST,ATSI,OE,8668.845,True
2/21/2025 1:00:00 AM,2/20/2025 8:00:00 PM,RFC,WEST,ATSI,OE,8480.736,True
2/21/2025 2:00:00 AM,2/20/2025 9:00:00 PM,RFC,WEST,ATSI,OE,8268.783,True
2/21/2025 3:00:00 AM,2/20/2025 10:00:00 PM,RFC,WEST,ATSI,OE,7949.211,True
2/21/2025 4:00:00 AM,2/20/2025 11:00:00 PM,RFC,WEST,ATSI,OE,7683.141,True
2/21/2025 5:00:00 AM,2/21/2025 12:00:00 AM,RFC,WEST,ATSI,OE,7448.104,True
2/21/2025 6:00:00 AM,2/21/2025 1:00:00 AM,RFC,WEST,ATSI,OE,7370.259,True
2/21/2025 7:00:00 AM,2/21/2025 2:00:00 AM,RFC,WEST,ATSI,OE,7296.234,True
2/21/2025 8:00:00 AM,2/21/2025 3:00:00 AM,RFC,WEST,ATSI,OE,7286.062,True
2/21/2025 9:00:00 AM,2/21/2025 4:00:00 AM,RFC,WEST,ATSI,OE,7367.701,True
2/21/2025 10:00:00 AM,2/21/2025 5:00:00 AM,RFC,WEST,ATSI,OE,7667.337,True
2/21/2025 11:00:00 AM,2/21/2025 6:00:00 AM,RFC,WEST,ATSI,OE,8107.703,True
2/21/2025 12:00:00 PM,2/21/2025 7:00:00 AM,RFC,WEST,ATSI,OE,8378.434,True
2/21/2025 1:00:00 PM,2/21/2025 8:00:00 AM,RFC,WEST,ATSI,OE,8505.784,True
2/21/2025 2:00:00 PM,2/21/2025 9:00:00 AM,RFC,WEST,ATSI,OE,8510.688,True
2/21/2025 3:00:00 PM,2/21/2025 10:00:00 AM,RFC,WEST,ATSI,OE,8511.114,True
2/21/2025 4:00:00 PM,2/21/2025 11:00:00 AM,RFC,WEST,ATSI,OE,8520.309,True
2/21/2025 5:00:00 PM,2/21/2025 12:00:00 PM,RFC,WEST,ATSI,OE,8387.592,True
2/21/2025 6:00:00 PM,2/21/2025 1:00:00 PM,RFC,WEST,ATSI,OE,8296.470,True
2/21/2025 7:00:00 PM,2/21/2025 2:00:00 PM,RFC,WEST,ATSI,OE,8139.105,True
2/21/2025 8:00:00 PM,2/21/2025 3:00:00 PM,RFC,WEST,ATSI,OE,7986.007,True
2/21/2025 9:00:00 PM,2/21/2025 4:00:00 PM,RFC,WEST,ATSI,OE,7971.404,True
2/21/2025 10:00:00 PM,2/21/2025 5:00:00 PM,RFC,WEST,ATSI,OE,8005.922,True
2/21/2025 11:00:00 PM,2/21/2025 6:00:00 PM,RFC,WEST,ATSI,OE,8101.759,True
2/22/2025 12:00:00 AM,2/21/2025 7:00:00 PM,RFC,WEST,ATSI,OE,8128.658,True
2/22/2025 1:00:00 AM,2/21/2025 8:00:00 PM,RFC,WEST,ATSI,OE,8192.346,True
2/22/2025 2:00:00 AM,2/21/2025 9:00:00 PM,RFC,WEST,ATSI,OE,8048.955,True
2/22/2025 3:00:00 AM,2/21/2025 10:00:00 PM,RFC,WEST,ATSI,OE,7801.648,True
2/22/2025 4:00:00 AM,2/21/2025 11:00:00 PM,RFC,WEST,ATSI,OE,7549.341,True
2/22/2025 5:00:00 AM,2/22/2025 12:00:00 AM,RFC,WEST,ATSI,OE,7389.099,True
2/22/2025 6:00:00 AM,2/22/2025 1:00:00 AM,RFC,WEST,ATSI,OE,7309.311,True
2/22/2025 7:00:00 AM,2/22/2025 2:00:00 AM,RFC,WEST,ATSI,OE,7250.741,True
2/22/2025 8:00:00 AM,2/22/2025 3:00:00 AM,RFC,WEST,ATSI,OE,7238.685,True
2/22/2025 9:00:00 AM,2/22/2025 4:00:00 AM,RFC,WEST,ATSI,OE,7294.727,True
2/22/2025 10:00:00 AM,2/22/2025 5:00:00 AM,RFC,WEST,ATSI,OE,7378.044,True
2/22/2025 11:00:00 AM,2/22/2025 6:00:00 AM,RFC,WEST,ATSI,OE,7585.178,True
2/22/2025 12:00:00 PM,2/22/2025 7:00:00 AM,RFC,WEST,ATSI,OE,7754.090,True
2/22/2025 1:00:00 PM,2/22/2025 8:00:00 AM,RFC,WEST,ATSI,OE,7811.665,True
2/22/2025 2:00:00 PM,2/22/2025 9:00:00 AM,RFC,WEST,ATSI,OE,7808.111,True
2/22/2025 3:00:00 PM,2/22/2025 10:00:00 AM,RFC,WEST,ATSI,OE,7666.932,True
2/22/2025 4:00:00 PM,2/22/2025 11:00:00 AM,RFC,WEST,ATSI,OE,7540.136,True
2/22/2025 5:00:00 PM,2/22/2025 12:00:00 PM,RFC,WEST,ATSI,OE,7384.465,True
2/22/2025 6:00:00 PM,2/22/2025 1:00:00 PM,RFC,WEST,ATSI,OE,7197.713,True
2/22/2025 7:00:00 PM,2/22/2025 2:00:00 PM,RFC,WEST,ATSI,OE,7095.800,True
2/22/2025 8:00:00 PM,2/22/2025 3:00:00 PM,RFC,WEST,ATSI,OE,7032.772,True
2/22/2025 9:00:00 PM,2/22/2025 4:00:00 PM,RFC,WEST,ATSI,OE,7132.190,True
2/22/2025 10:00:00 PM,2/22/2025 5:00:00 PM,RFC,WEST,ATSI,OE,7384.639,True
2/22/2025 11:00:00 PM,2/22/2025 6:00:00 PM,RFC,WEST,ATSI,OE,7613.554,True
2/23/2025 12:00:00 AM,2/22/2025 7:00:00 PM,RFC,WEST,ATSI,OE,7673.079,True
2/23/2025 1:00:00 AM,2/22/2025 8:00:00 PM,RFC,WEST,ATSI,OE,7597.658,True
2/23/2025 2:00:00 AM,2/22/2025 9:00:00 PM,RFC,WEST,ATSI,OE,7422.176,True
2/23/2025 3:00:00 AM,2/22/2025 10:00:00 PM,RFC,WEST,ATSI,OE,7302.696,True
2/23/2025 4:00:00 AM,2/22/2025 11:00:00 PM,RFC,WEST,ATSI,OE,7062.417,True
2/23/2025 5:00:00 AM,2/23/2025 12:00:00 AM,RFC,WEST,ATSI,OE,6828.911,True
2/23/2025 6:00:00 AM,2/23/2025 1:00:00 AM,RFC,WEST,ATSI,OE,6753.444,True
2/23/2025 7:00:00 AM,2/23/2025 2:00:00 AM,RFC,WEST,ATSI,OE,6617.912,True
2/23/2025 8:00:00 AM,2/23/2025 3:00:00 AM,RFC,WEST,ATSI,OE,6595.766,True
2/23/2025 9:00:00 AM,2/23/2025 4:00:00 AM,RFC,WEST,ATSI,OE,6668.787,True
2/23/2025 10:00:00 AM,2/23/2025 5:00:00 AM,RFC,WEST,ATSI,OE,6787.731,True
2/23/2025 11:00:00 AM,2/23/2025 6:00:00 AM,RFC,WEST,ATSI,OE,6925.097,True
2/23/2025 12:00:00 PM,2/23/2025 7:00:00 AM,RFC,WEST,ATSI,OE,7065.252,True
2/23/2025 1:00:00 PM,2/23/2025 8:00:00 AM,RFC,WEST,ATSI,OE,7167.947,True
2/23/2025 2:00:00 PM,2/23/2025 9:00:00 AM,RFC,WEST,ATSI,OE,7158.113,True
2/23/2025 3:00:00 PM,2/23/2025 10:00:00 AM,RFC,WEST,ATSI,OE,7101.806,True
2/23/2025 4:00:00 PM,2/23/2025 11:00:00 AM,RFC,WEST,ATSI,OE,7076.524,True
2/23/2025 5:00:00 PM,2/23/2025 12:00:00 PM,RFC,WEST,ATSI,OE,7085.751,True
2/23/2025 6:00:00 PM,2/23/2025 1:00:00 PM,RFC,WEST,ATSI,OE,7065.520,True
2/23/2025 7:00:00 PM,2/23/2025 2:00:00 PM,RFC,WEST,ATSI,OE,7063.659,True
2/23/2025 8:00:00 PM,2/23/2025 3:00:00 PM,RFC,WEST,ATSI,OE,7043.941,True
2/23/2025 9:00:00 PM,2/23/2025 4:00:00 PM,RFC,WEST,ATSI,OE,7137.545,True
2/23/2025 10:00:00 PM,2/23/2025 5:00:00 PM,RFC,WEST,ATSI,OE,7326.026,True
2/23/2025 11:00:00 PM,2/23/2025 6:00:00 PM,RFC,WEST,ATSI,OE,7539.295,True
2/24/2025 12:00:00 AM,2/23/2025 7:00:00 PM,RFC,WEST,ATSI,OE,7573.269,True
2/24/2025 1:00:00 AM,2/23/2025 8:00:00 PM,RFC,WEST,ATSI,OE,7450.539,True
2/24/2025 2:00:00 AM,2/23/2025 9:00:00 PM,RFC,WEST,ATSI,OE,7245.994,True
2/24/2025 3:00:00 AM,2/23/2025 10:00:00 PM,RFC,WEST,ATSI,OE,7004.794,True
2/24/2025 4:00:00 AM,2/23/2025 11:00:00 PM,RFC,WEST,ATSI,OE,6795.476,True
2/24/2025 5:00:00 AM,2/24/2025 12:00:00 AM,RFC,WEST,ATSI,OE,6591.098,True
2/24/2025 6:00:00 AM,2/24/2025 1:00:00 AM,RFC,WEST,ATSI,OE,6559.941,True
2/24/2025 7:00:00 AM,2/24/2025 2:00:00 AM,RFC,WEST,ATSI,OE,6522.607,True
2/24/2025 8:00:00 AM,2/24/2025 3:00:00 AM,RFC,WEST,ATSI,OE,6629.825,True
2/24/2025 9:00:00 AM,2/24/2025 4:00:00 AM,RFC,WEST,ATSI,OE,6635.554,True
2/24/2025 10:00:00 AM,2/24/2025 5:00:00 AM,RFC,WEST,ATSI,OE,6958.614,True
2/24/2025 11:00:00 AM,2/24/2025 6:00:00 AM,RFC,WEST,ATSI,OE,7573.309,True
2/24/2025 12:00:00 PM,2/24/2025 7:00:00 AM,RFC,WEST,ATSI,OE,7939.494,True
2/24/2025 1:00:00 PM,2/24/2025 8:00:00 AM,RFC,WEST,ATSI,OE,8040.747,True
2/24/2025 2:00:00 PM,2/24/2025 9:00:00 AM,RFC,WEST,ATSI,OE,8020.140,True
2/24/2025 3:00:00 PM,2/24/2025 10:00:00 AM,RFC,WEST,ATSI,OE,7969.957,True
2/24/2025 4:00:00 PM,2/24/2025 11:00:00 AM,RFC,WEST,ATSI,OE,7735.534,True
2/24/2025 5:00:00 PM,2/24/2025 12:00:00 PM,RFC,WEST,ATSI,OE,7697.103,True
2/24/2025 6:00:00 PM,2/24/2025 1:00:00 PM,RFC,WEST,ATSI,OE,7610.470,True
2/24/2025 7:00:00 PM,2/24/2025 2:00:00 PM,RFC,WEST,ATSI,OE,7469.669,True
2/24/2025 8:00:00 PM,2/24/2025 3:00:00 PM,RFC,WEST,ATSI,OE,7426.953,True
2/24/2025 9:00:00 PM,2/24/2025 4:00:00 PM,RFC,WEST,ATSI,OE,7380.381,True
2/24/2025 10:00:00 PM,2/24/2025 5:00:00 PM,RFC,WEST,ATSI,OE,7438.716,True
2/24/2025 11:00:00 PM,2/24/2025 6:00:00 PM,RFC,WEST,ATSI,OE,7690.951,True
2/25/2025 12:00:00 AM,2/24/2025 7:00:00 PM,RFC,WEST,ATSI,OE,7672.218,True
2/25/2025 1:00:00 AM,2/24/2025 8:00:00 PM,RFC,WEST,ATSI,OE,7580.204,True
2/25/2025 2:00:00 AM,2/24/2025 9:00:00 PM,RFC,WEST,ATSI,OE,7337.470,True
2/25/2025 3:00:00 AM,2/24/2025 10:00:00 PM,RFC,WEST,ATSI,OE,7035.469,True
2/25/2025 4:00:00 AM,2/24/2025 11:00:00 PM,RFC,WEST,ATSI,OE,6671.617,True
2/25/2025 5:00:00 AM,2/25/2025 12:00:00 AM,RFC,WEST,ATSI,OE,6526.750,True
2/25/2025 6:00:00 AM,2/25/2025 1:00:00 AM,RFC,WEST,ATSI,OE,6399.519,True
2/25/2025 7:00:00 AM,2/25/2025 2:00:00 AM,RFC,WEST,ATSI,OE,6319.867,True
2/25/2025 8:00:00 AM,2/25/2025 3:00:00 AM,RFC,WEST,ATSI,OE,6292.086,True
2/25/2025 9:00:00 AM,2/25/2025 4:00:00 AM,RFC,WEST,ATSI,OE,6335.494,True
2/25/2025 10:00:00 AM,2/25/2025 5:00:00 AM,RFC,WEST,ATSI,OE,6684.791,True
2/25/2025 11:00:00 AM,2/25/2025 6:00:00 AM,RFC,WEST,ATSI,OE,7200.126,True
2/25/2025 12:00:00 PM,2/25/2025 7:00:00 AM,RFC,WEST,ATSI,OE,7529.582,True
2/25/2025 1:00:00 PM,2/25/2025 8:00:00 AM,RFC,WEST,ATSI,OE,7578.724,True
2/25/2025 2:00:00 PM,2/25/2025 9:00:00 AM,RFC,WEST,ATSI,OE,7625.860,True
2/25/2025 3:00:00 PM,2/25/2025 10:00:00 AM,RFC,WEST,ATSI,OE,7676.930,True
2/25/2025 4:00:00 PM,2/25/2025 11:00:00 AM,RFC,WEST,ATSI,OE,7474.564,True
2/25/2025 5:00:00 PM,2/25/2025 12:00:00 PM,RFC,WEST,ATSI,OE,7367.324,True
2/25/2025 6:00:00 PM,2/25/2025 1:00:00 PM,RFC,WEST,ATSI,OE,7297.856,True
2/25/2025 7:00:00 PM,2/25/2025 2:00:00 PM,RFC,WEST,ATSI,OE,7128.569,True
2/25/2025 8:00:00 PM,2/25/2025 3:00:00 PM,RFC,WEST,ATSI,OE,7023.962,True
2/25/2025 9:00:00 PM,2/25/2025 4:00:00 PM,RFC,WEST,ATSI,OE,7016.941,True
2/25/2025 10:00:00 PM,2/25/2025 5:00:00 PM,RFC,WEST,ATSI,OE,7110.062,True
2/25/2025 11:00:00 PM,2/25/2025 6:00:00 PM,RFC,WEST,ATSI,OE,7296.126,True
2/26/2025 12:00:00 AM,2/25/2025 7:00:00 PM,RFC,WEST,ATSI,OE,7442.026,True
2/26/2025 1:00:00 AM,2/25/2025 8:00:00 PM,RFC,WEST,ATSI,OE,7439.338,True
2/26/2025 2:00:00 AM,2/25/2025 9:00:00 PM,RFC,WEST,ATSI,OE,7257.624,True
2/26/2025 3:00:00 AM,2/25/2025 10:00:00 PM,RFC,WEST,ATSI,OE,6947.825,True
2/26/2025 4:00:00 AM,2/25/2025 11:00:00 PM,RFC,WEST,ATSI,OE,6651.567,True
2/26/2025 5:00:00 AM,2/26/2025 12:00:00 AM,RFC,WEST,ATSI,OE,6496.173,True
2/26/2025 6:00:00 AM,2/26/2025 1:00:00 AM,RFC,WEST,ATSI,OE,6376.704,True
2/26/2025 7:00:00 AM,2/26/2025 2:00:00 AM,RFC,WEST,ATSI,OE,6389.107,True
2/26/2025 8:00:00 AM,2/26/2025 3:00:00 AM,RFC,WEST,ATSI,OE,6386.147,True
2/26/2025 9:00:00 AM,2/26/2025 4:00:00 AM,RFC,WEST,ATSI,OE,6509.967,True
2/26/2025 10:00:00 AM,2/26/2025 5:00:00 AM,RFC,WEST,ATSI,OE,6834.089,True
2/26/2025 11:00:00 AM,2/26/2025 6:00:00 AM,RFC,WEST,ATSI,OE,7369.303,True
2/26/2025 12:00:00 PM,2/26/2025 7:00:00 AM,RFC,WEST,ATSI,OE,7657.594,True
2/26/2025 1:00:00 PM,2/26/2025 8:00:00 AM,RFC,WEST,ATSI,OE,7798.757,True
2/26/2025 2:00:00 PM,2/26/2025 9:00:00 AM,RFC,WEST,ATSI,OE,7831.176,True
2/26/2025 3:00:00 PM,2/26/2025 10:00:00 AM,RFC,WEST,ATSI,OE,7832.809,True
2/26/2025 4:00:00 PM,2/26/2025 11:00:00 AM,RFC,WEST,ATSI,OE,7839.018,True
2/26/2025 5:00:00 PM,2/26/2025 12:00:00 PM,RFC,WEST,ATSI,OE,7790.913,True
2/26/2025 6:00:00 PM,2/26/2025 1:00:00 PM,RFC,WEST,ATSI,OE,7756.532,True
2/26/2025 7:00:00 PM,2/26/2025 2:00:00 PM,RFC,WEST,ATSI,OE,7644.686,True
2/26/2025 8:00:00 PM,2/26/2025 3:00:00 PM,RFC,WEST,ATSI,OE,7627.762,True
2/26/2025 9:00:00 PM,2/26/2025 4:00:00 PM,RFC,WEST,ATSI,OE,7711.526,True
2/26/2025 10:00:00 PM,2/26/2025 5:00:00 PM,RFC,WEST,ATSI,OE,7809.392,True
2/26/2025 11:00:00 PM,2/26/2025 6:00:00 PM,RFC,WEST,ATSI,OE,7915.931,True
2/27/2025 12:00:00 AM,2/26/2025 7:00:00 PM,RFC,WEST,ATSI,OE,7832.152,True
2/27/2025 1:00:00 AM,2/26/2025 8:00:00 PM,RFC,WEST,ATSI,OE,7754.732,True
2/27/2025 2:00:00 AM,2/26/2025 9:00:00 PM,RFC,WEST,ATSI,OE,7537.858,True
2/27/2025 3:00:00 AM,2/26/2025 10:00:00 PM,RFC,WEST,ATSI,OE,7151.928,True
2/27/2025 4:00:00 AM,2/26/2025 11:00:00 PM,RFC,WEST,ATSI,OE,6895.358,True
2/27/2025 5:00:00 AM,2/27/2025 12:00:00 AM,RFC,WEST,ATSI,OE,6710.024,True
2/27/2025 6:00:00 AM,2/27/2025 1:00:00 AM,RFC,WEST,ATSI,OE,6581.139,True
2/27/2025 7:00:00 AM,2/27/2025 2:00:00 AM,RFC,WEST,ATSI,OE,6527.845,True
2/27/2025 8:00:00 AM,2/27/2025 3:00:00 AM,RFC,WEST,ATSI,OE,6460.321,True
2/27/2025 9:00:00 AM,2/27/2025 4:00:00 AM,RFC,WEST,ATSI,OE,6490.349,True
2/27/2025 10:00:00 AM,2/27/2025 5:00:00 AM,RFC,WEST,ATSI,OE,6846.747,True
2/27/2025 11:00:00 AM,2/27/2025 6:00:00 AM,RFC,WEST,ATSI,OE,7350.836,True
2/27/2025 12:00:00 PM,2/27/2025 7:00:00 AM,RFC,WEST,ATSI,OE,7726.759,True
2/27/2025 1:00:00 PM,2/27/2025 8:00:00 AM,RFC,WEST,ATSI,OE,7879.188,True
2/27/2025 2:00:00 PM,2/27/2025 9:00:00 AM,RFC,WEST,ATSI,OE,7977.068,True
2/27/2025 3:00:00 PM,2/27/2025 10:00:00 AM,RFC,WEST,ATSI,OE,8149.238,True
2/27/2025 4:00:00 PM,2/27/2025 11:00:00 AM,RFC,WEST,ATSI,OE,8097.182,True
2/27/2025 5:00:00 PM,2/27/2025 12:00:00 PM,RFC,WEST,ATSI,OE,7970.151,True
2/27/2025 6:00:00 PM,2/27/2025 1:00:00 PM,RFC,WEST,ATSI,OE,7918.428,True
2/27/2025 7:00:00 PM,2/27/2025 2:00:00 PM,RFC,WEST,ATSI,OE,7693.478,True
2/27/2025 8:00:00 PM,2/27/2025 3:00:00 PM,RFC,WEST,ATSI,OE,7665.554,True
2/27/2025 9:00:00 PM,2/27/2025 4:00:00 PM,RFC,WEST,ATSI,OE,7647.078,True
2/27/2025 10:00:00 PM,2/27/2025 5:00:00 PM,RFC,WEST,ATSI,OE,7647.667,True
2/27/2025 11:00:00 PM,2/27/2025 6:00:00 PM,RFC,WEST,ATSI,OE,7798.788,True
2/28/2025 12:00:00 AM,2/27/2025 7:00:00 PM,RFC,WEST,ATSI,OE,7878.579,True
2/28/2025 1:00:00 AM,2/27/2025 8:00:00 PM,RFC,WEST,ATSI,OE,7752.260,True
2/28/2025 2:00:00 AM,2/27/2025 9:00:00 PM,RFC,WEST,ATSI,OE,7559.428,True
2/28/2025 3:00:00 AM,2/27/2025 10:00:00 PM,RFC,WEST,ATSI,OE,7331.218,True
2/28/2025 4:00:00 AM,2/27/2025 11:00:00 PM,RFC,WEST,ATSI,OE,7021.555,True
2/28/2025 5:00:00 AM,2/28/2025 12:00:00 AM,RFC,WEST,ATSI,OE,6874.120,True
2/28/2025 6:00:00 AM,2/28/2025 1:00:00 AM,RFC,WEST,ATSI,OE,6767.629,True
2/28/2025 7:00:00 AM,2/28/2025 2:00:00 AM,RFC,WEST,ATSI,OE,6686.150,True
2/28/2025 8:00:00 AM,2/28/2025 3:00:00 AM,RFC,WEST,ATSI,OE,6651.337,True
2/28/2025 9:00:00 AM,2/28/2025 4:00:00 AM,RFC,WEST,ATSI,OE,6785.068,True
2/28/2025 10:00:00 AM,2/28/2025 5:00:00 AM,RFC,WEST,ATSI,OE,7098.620,True
2/28/2025 11:00:00 AM,2/28/2025 6:00:00 AM,RFC,WEST,ATSI,OE,7533.123,True
2/28/2025 12:00:00 PM,2/28/2025 7:00:00 AM,RFC,WEST,ATSI,OE,7882.830,True
2/28/2025 1:00:00 PM,2/28/2025 8:00:00 AM,RFC,WEST,ATSI,OE,8032.459,True
2/28/2025 2:00:00 PM,2/28/2025 9:00:00 AM,RFC,WEST,ATSI,OE,7925.747,True
2/28/2025 3:00:00 PM,2/28/2025 10:00:00 AM,RFC,WEST,ATSI,OE,7841.345,True
2/28/2025 4:00:00 PM,2/28/2025 11:00:00 AM,RFC,WEST,ATSI,OE,7648.799,True
2/28/2025 5:00:00 PM,2/28/2025 12:00:00 PM,RFC,WEST,ATSI,OE,7488.981,True
2/28/2025 6:00:00 PM,2/28/2025 1:00:00 PM,RFC,WEST,ATSI,OE,7405.886,True
2/28/2025 7:00:00 PM,2/28/2025 2:00:00 PM,RFC,WEST,ATSI,OE,7237.141,True
2/28/2025 8:00:00 PM,2/28/2025 3:00:00 PM,RFC,WEST,ATSI,OE,7179.980,True
2/28/2025 9:00:00 PM,2/28/2025 4:00:00 PM,RFC,WEST,ATSI,OE,7163.813,True
2/28/2025 10:00:00 PM,2/28/2025 5:00:00 PM,RFC,WEST,ATSI,OE,7161.523,True
2/28/2025 11:00:00 PM,2/28/2025 6:00:00 PM,RFC,WEST,ATSI,OE,7352.637,True
3/1/2025 12:00:00 AM,2/28/2025 7:00:00 PM,RFC,WEST,ATSI,OE,7309.554,True
3/1/2025 1:00:00 AM,2/28/2025 8:00:00 PM,RFC,WEST,ATSI,OE,7176.578,True
3/1/2025 2:00:00 AM,2/28/2025 9:00:00 PM,RFC,WEST,ATSI,OE,6950.551,True
3/1/2025 3:00:00 AM,2/28/2025 10:00:00 PM,RFC,WEST,ATSI,OE,6748.921,True
3/1/2025 4:00:00 AM,2/28/2025 11:00:00 PM,RFC,WEST,ATSI,OE,6468.415,True
3/1/2025 5:00:00 AM,3/1/2025 12:00:00 AM,RFC,WEST,ATSI,OE,6259.383,True
3/1/2025 6:00:00 AM,3/1/2025 1:00:00 AM,RFC,WEST,ATSI,OE,6075.713,True
3/1/2025 7:00:00 AM,3/1/2025 2:00:00 AM,RFC,WEST,ATSI,OE,6085.947,True
3/1/2025 8:00:00 AM,3/1/2025 3:00:00 AM,RFC,WEST,ATSI,OE,6101.604,True
3/1/2025 9:00:00 AM,3/1/2025 4:00:00 AM,RFC,WEST,ATSI,OE,6192.640,True
3/1/2025 10:00:00 AM,3/1/2025 5:00:00 AM,RFC,WEST,ATSI,OE,6405.097,True
3/1/2025 11:00:00 AM,3/1/2025 6:00:00 AM,RFC,WEST,ATSI,OE,6614.202,True
3/1/2025 12:00:00 PM,3/1/2025 7:00:00 AM,RFC,WEST,ATSI,OE,6911.060,True
3/1/2025 1:00:00 PM,3/1/2025 8:00:00 AM,RFC,WEST,ATSI,OE,7205.932,True
3/1/2025 2:00:00 PM,3/1/2025 9:00:00 AM,RFC,WEST,ATSI,OE,7372.382,True
3/1/2025 3:00:00 PM,3/1/2025 10:00:00 AM,RFC,WEST,ATSI,OE,7525.324,True
3/1/2025 4:00:00 PM,3/1/2025 11:00:00 AM,RFC,WEST,ATSI,OE,7598.026,True
3/1/2025 5:00:00 PM,3/1/2025 12:00:00 PM,RFC,WEST,ATSI,OE,7506.759,True
3/1/2025 6:00:00 PM,3/1/2025 1:00:00 PM,RFC,WEST,ATSI,OE,7438.411,True
3/1/2025 7:00:00 PM,3/1/2025 2:00:00 PM,RFC,WEST,ATSI,OE,7436.092,True
3/1/2025 8:00:00 PM,3/1/2025 3:00:00 PM,RFC,WEST,ATSI,OE,7411.301,True
3/1/2025 9:00:00 PM,3/1/2025 4:00:00 PM,RFC,WEST,ATSI,OE,7469.933,True
3/1/2025 10:00:00 PM,3/1/2025 5:00:00 PM,RFC,WEST,ATSI,OE,7590.355,True
3/1/2025 11:00:00 PM,3/1/2025 6:00:00 PM,RFC,WEST,ATSI,OE,7799.229,True
3/2/2025 12:00:00 AM,3/1/2025 7:00:00 PM,RFC,WEST,ATSI,OE,7870.983,True
3/2/2025 1:00:00 AM,3/1/2025 8:00:00 PM,RFC,WEST,ATSI,OE,7795.817,True
3/2/2025 2:00:00 AM,3/1/2025 9:00:00 PM,RFC,WEST,ATSI,OE,7577.599,True
3/2/2025 3:00:00 AM,3/1/2025 10:00:00 PM,RFC,WEST,ATSI,OE,7447.190,True
3/2/2025 4:00:00 AM,3/1/2025 11:00:00 PM,RFC,WEST,ATSI,OE,7267.911,True
3/2/2025 5:00:00 AM,3/2/2025 12:00:00 AM,RFC,WEST,ATSI,OE,7042.552,True
3/2/2025 6:00:00 AM,3/2/2025 1:00:00 AM,RFC,WEST,ATSI,OE,6962.284,True
3/2/2025 7:00:00 AM,3/2/2025 2:00:00 AM,RFC,WEST,ATSI,OE,6938.394,True
3/2/2025 8:00:00 AM,3/2/2025 3:00:00 AM,RFC,WEST,ATSI,OE,6868.802,True
3/2/2025 9:00:00 AM,3/2/2025 4:00:00 AM,RFC,WEST,ATSI,OE,6903.276,True
3/2/2025 10:00:00 AM,3/2/2025 5:00:00 AM,RFC,WEST,ATSI,OE,7019.825,True
3/2/2025 11:00:00 AM,3/2/2025 6:00:00 AM,RFC,WEST,ATSI,OE,7099.182,True
3/2/2025 12:00:00 PM,3/2/2025 7:00:00 AM,RFC,WEST,ATSI,OE,7274.295,True
3/2/2025 1:00:00 PM,3/2/2025 8:00:00 AM,RFC,WEST,ATSI,OE,7419.569,True
3/2/2025 2:00:00 PM,3/2/2025 9:00:00 AM,RFC,WEST,ATSI,OE,7481.081,True
3/2/2025 3:00:00 PM,3/2/2025 10:00:00 AM,RFC,WEST,ATSI,OE,7531.934,True
3/2/2025 4:00:00 PM,3/2/2025 11:00:00 AM,RFC,WEST,ATSI,OE,7494.967,True
3/2/2025 5:00:00 PM,3/2/2025 12:00:00 PM,RFC,WEST,ATSI,OE,7493.450,True
3/2/2025 6:00:00 PM,3/2/2025 1:00:00 PM,RFC,WEST,ATSI,OE,7390.392,True
3/2/2025 7:00:00 PM,3/2/2025 2:00:00 PM,RFC,WEST,ATSI,OE,7376.041,True
3/2/2025 8:00:00 PM,3/2/2025 3:00:00 PM,RFC,WEST,ATSI,OE,7477.136,True
3/2/2025 9:00:00 PM,3/2/2025 4:00:00 PM,RFC,WEST,ATSI,OE,7484.739,True
3/2/2025 10:00:00 PM,3/2/2025 5:00:00 PM,RFC,WEST,ATSI,OE,7667.881,True
3/2/2025 11:00:00 PM,3/2/2025 6:00:00 PM,RFC,WEST,ATSI,OE,7897.196,True
3/3/2025 12:00:00 AM,3/2/2025 7:00:00 PM,RFC,WEST,ATSI,OE,7982.830,True
3/3/2025 1:00:00 AM,3/2/2025 8:00:00 PM,RFC,WEST,ATSI,OE,7832.449,True
3/3/2025 2:00:00 AM,3/2/2025 9:00:00 PM,RFC,WEST,ATSI,OE,7623.120,True
3/3/2025 3:00:00 AM,3/2/2025 10:00:00 PM,RFC,WEST,ATSI,OE,7418.160,True
3/3/2025 4:00:00 AM,3/2/2025 11:00:00 PM,RFC,WEST,ATSI,OE,7181.809,True
3/3/2025 5:00:00 AM,3/3/2025 12:00:00 AM,RFC,WEST,ATSI,OE,7010.090,True
3/3/2025 6:00:00 AM,3/3/2025 1:00:00 AM,RFC,WEST,ATSI,OE,6906.606,True
3/3/2025 7:00:00 AM,3/3/2025 2:00:00 AM,RFC,WEST,ATSI,OE,6809.426,True
3/3/2025 8:00:00 AM,3/3/2025 3:00:00 AM,RFC,WEST,ATSI,OE,6880.577,True
3/3/2025 9:00:00 AM,3/3/2025 4:00:00 AM,RFC,WEST,ATSI,OE,7008.863,True
3/3/2025 10:00:00 AM,3/3/2025 5:00:00 AM,RFC,WEST,ATSI,OE,7424.146,True
3/3/2025 11:00:00 AM,3/3/2025 6:00:00 AM,RFC,WEST,ATSI,OE,7952.977,True
3/3/2025 12:00:00 PM,3/3/2025 7:00:00 AM,RFC,WEST,ATSI,OE,8277.995,True
3/3/2025 1:00:00 PM,3/3/2025 8:00:00 AM,RFC,WEST,ATSI,OE,8319.914,True
3/3/2025 2:00:00 PM,3/3/2025 9:00:00 AM,RFC,WEST,ATSI,OE,8135.853,True
3/3/2025 3:00:00 PM,3/3/2025 10:00:00 AM,RFC,WEST,ATSI,OE,8179.102,True
3/3/2025 4:00:00 PM,3/3/2025 11:00:00 AM,RFC,WEST,ATSI,OE,8111.534,True
3/3/2025 5:00:00 PM,3/3/2025 12:00:00 PM,RFC,WEST,ATSI,OE,7976.307,True
3/3/2025 6:00:00 PM,3/3/2025 1:00:00 PM,RFC,WEST,ATSI,OE,7857.745,True
3/3/2025 7:00:00 PM,3/3/2025 2:00:00 PM,RFC,WEST,ATSI,OE,7777.444,True
3/3/2025 8:00:00 PM,3/3/2025 3:00:00 PM,RFC,WEST,ATSI,OE,7752.180,True
3/3/2025 9:00:00 PM,3/3/2025 4:00:00 PM,RFC,WEST,ATSI,OE,7840.268,True
3/3/2025 10:00:00 PM,3/3/2025 5:00:00 PM,RFC,WEST,ATSI,OE,7867.480,True
3/3/2025 11:00:00 PM,3/3/2025 6:00:00 PM,RFC,WEST,ATSI,OE,7953.976,True
3/4/2025 12:00:00 AM,3/3/2025 7:00:00 PM,RFC,WEST,ATSI,OE,7956.647,True
3/4/2025 1:00:00 AM,3/3/2025 8:00:00 PM,RFC,WEST,ATSI,OE,7879.788,True
3/4/2025 2:00:00 AM,3/3/2025 9:00:00 PM,RFC,WEST,ATSI,OE,7613.144,True
3/4/2025 3:00:00 AM,3/3/2025 10:00:00 PM,RFC,WEST,ATSI,OE,7243.857,True
3/4/2025 4:00:00 AM,3/3/2025 11:00:00 PM,RFC,WEST,ATSI,OE,6949.081,True
3/4/2025 5:00:00 AM,3/4/2025 12:00:00 AM,RFC,WEST,ATSI,OE,6765.836,True
3/4/2025 6:00:00 AM,3/4/2025 1:00:00 AM,RFC,WEST,ATSI,OE,6567.876,True
3/4/2025 7:00:00 AM,3/4/2025 2:00:00 AM,RFC,WEST,ATSI,OE,6507.750,True
3/4/2025 8:00:00 AM,3/4/2025 3:00:00 AM,RFC,WEST,ATSI,OE,6442.586,True
3/4/2025 9:00:00 AM,3/4/2025 4:00:00 AM,RFC,WEST,ATSI,OE,6599.182,True
3/4/2025 10:00:00 AM,3/4/2025 5:00:00 AM,RFC,WEST,ATSI,OE,6836.938,True
3/4/2025 11:00:00 AM,3/4/2025 6:00:00 AM,RFC,WEST,ATSI,OE,7345.056,True
3/4/2025 12:00:00 PM,3/4/2025 7:00:00 AM,RFC,WEST,ATSI,OE,7569.418,True
3/4/2025 1:00:00 PM,3/4/2025 8:00:00 AM,RFC,WEST,ATSI,OE,7704.176,True
3/4/2025 2:00:00 PM,3/4/2025 9:00:00 AM,RFC,WEST,ATSI,OE,7666.720,True
3/4/2025 3:00:00 PM,3/4/2025 10:00:00 AM,RFC,WEST,ATSI,OE,7666.596,True
3/4/2025 4:00:00 PM,3/4/2025 11:00:00 AM,RFC,WEST,ATSI,OE,7486.778,True
3/4/2025 5:00:00 PM,3/4/2025 12:00:00 PM,RFC,WEST,ATSI,OE,7444.512,True
3/4/2025 6:00:00 PM,3/4/2025 1:00:00 PM,RFC,WEST,ATSI,OE,7202.896,True
3/4/2025 7:00:00 PM,3/4/2025 2:00:00 PM,RFC,WEST,ATSI,OE,7101.717,True
3/4/2025 8:00:00 PM,3/4/2025 3:00:00 PM,RFC,WEST,ATSI,OE,6820.281,True
3/4/2025 9:00:00 PM,3/4/2025 4:00:00 PM,RFC,WEST,ATSI,OE,6771.885,True
3/4/2025 10:00:00 PM,3/4/2025 5:00:00 PM,RFC,WEST,ATSI,OE,6878.653,True
3/4/2025 11:00:00 PM,3/4/2025 6:00:00 PM,RFC,WEST,ATSI,OE,7020.372,True
3/5/2025 12:00:00 AM,3/4/2025 7:00:00 PM,RFC,WEST,ATSI,OE,7123.321,True
3/5/2025 1:00:00 AM,3/4/2025 8:00:00 PM,RFC,WEST,ATSI,OE,7034.665,True
3/5/2025 2:00:00 AM,3/4/2025 9:00:00 PM,RFC,WEST,ATSI,OE,6739.337,True
3/5/2025 3:00:00 AM,3/4/2025 10:00:00 PM,RFC,WEST,ATSI,OE,6490.347,True
3/5/2025 4:00:00 AM,3/4/2025 11:00:00 PM,RFC,WEST,ATSI,OE,6258.660,True
3/5/2025 5:00:00 AM,3/5/2025 12:00:00 AM,RFC,WEST,ATSI,OE,6082.114,True
3/5/2025 6:00:00 AM,3/5/2025 1:00:00 AM,RFC,WEST,ATSI,OE,5997.436,True
3/5/2025 7:00:00 AM,3/5/2025 2:00:00 AM,RFC,WEST,ATSI,OE,5953.451,True
3/5/2025 8:00:00 AM,3/5/2025 3:00:00 AM,RFC,WEST,ATSI,OE,5937.198,True
3/5/2025 9:00:00 AM,3/5/2025 4:00:00 AM,RFC,WEST,ATSI,OE,6107.770,True
3/5/2025 10:00:00 AM,3/5/2025 5:00:00 AM,RFC,WEST,ATSI,OE,6397.378,True
3/5/2025 11:00:00 AM,3/5/2025 6:00:00 AM,RFC,WEST,ATSI,OE,6870.566,True
3/5/2025 12:00:00 PM,3/5/2025 7:00:00 AM,RFC,WEST,ATSI,OE,7158.700,True
3/5/2025 1:00:00 PM,3/5/2025 8:00:00 AM,RFC,WEST,ATSI,OE,7251.279,True
3/5/2025 2:00:00 PM,3/5/2025 9:00:00 AM,RFC,WEST,ATSI,OE,7258.681,True
3/5/2025 3:00:00 PM,3/5/2025 10:00:00 AM,RFC,WEST,ATSI,OE,7226.997,True
3/5/2025 4:00:00 PM,3/5/2025 11:00:00 AM,RFC,WEST,ATSI,OE,7140.344,True
3/5/2025 5:00:00 PM,3/5/2025 12:00:00 PM,RFC,WEST,ATSI,OE,7043.046,True
3/5/2025 6:00:00 PM,3/5/2025 1:00:00 PM,RFC,WEST,ATSI,OE,7054.833,True
3/5/2025 7:00:00 PM,3/5/2025 2:00:00 PM,RFC,WEST,ATSI,OE,7014.483,True
3/5/2025 8:00:00 PM,3/5/2025 3:00:00 PM,RFC,WEST,ATSI,OE,7048.779,True
3/5/2025 9:00:00 PM,3/5/2025 4:00:00 PM,RFC,WEST,ATSI,OE,7138.431,True
3/5/2025 10:00:00 PM,3/5/2025 5:00:00 PM,RFC,WEST,ATSI,OE,7219.558,True
3/5/2025 11:00:00 PM,3/5/2025 6:00:00 PM,RFC,WEST,ATSI,OE,7430.027,True
3/6/2025 12:00:00 AM,3/5/2025 7:00:00 PM,RFC,WEST,ATSI,OE,7487.607,True
3/6/2025 1:00:00 AM,3/5/2025 8:00:00 PM,RFC,WEST,ATSI,OE,7421.754,True
3/6/2025 2:00:00 AM,3/5/2025 9:00:00 PM,RFC,WEST,ATSI,OE,7276.625,True
3/6/2025 3:00:00 AM,3/5/2025 10:00:00 PM,RFC,WEST,ATSI,OE,7020.129,True
3/6/2025 4:00:00 AM,3/5/2025 11:00:00 PM,RFC,WEST,ATSI,OE,6786.753,True
3/6/2025 5:00:00 AM,3/6/2025 12:00:00 AM,RFC,WEST,ATSI,OE,6646.878,True
3/6/2025 6:00:00 AM,3/6/2025 1:00:00 AM,RFC,WEST,ATSI,OE,6530.101,True
3/6/2025 7:00:00 AM,3/6/2025 2:00:00 AM,RFC,WEST,ATSI,OE,6491.638,True
3/6/2025 8:00:00 AM,3/6/2025 3:00:00 AM,RFC,WEST,ATSI,OE,6577.845,True
3/6/2025 9:00:00 AM,3/6/2025 4:00:00 AM,RFC,WEST,ATSI,OE,6718.313,True
3/6/2025 10:00:00 AM,3/6/2025 5:00:00 AM,RFC,WEST,ATSI,OE,7111.635,True
3/6/2025 11:00:00 AM,3/6/2025 6:00:00 AM,RFC,WEST,ATSI,OE,7666.207,True
3/6/2025 12:00:00 PM,3/6/2025 7:00:00 AM,RFC,WEST,ATSI,OE,8016.978,True
3/6/2025 1:00:00 PM,3/6/2025 8:00:00 AM,RFC,WEST,ATSI,OE,8205.081,True
3/6/2025 2:00:00 PM,3/6/2025 9:00:00 AM,RFC,WEST,ATSI,OE,8246.083,True
3/6/2025 3:00:00 PM,3/6/2025 10:00:00 AM,RFC,WEST,ATSI,OE,8270.917,True
3/6/2025 4:00:00 PM,3/6/2025 11:00:00 AM,RFC,WEST,ATSI,OE,8147.713,True
3/6/2025 5:00:00 PM,3/6/2025 12:00:00 PM,RFC,WEST,ATSI,OE,8189.704,True
3/6/2025 6:00:00 PM,3/6/2025 1:00:00 PM,RFC,WEST,ATSI,OE,8150.714,True
3/6/2025 7:00:00 PM,3/6/2025 2:00:00 PM,RFC,WEST,ATSI,OE,7998.406,True
3/6/2025 8:00:00 PM,3/6/2025 3:00:00 PM,RFC,WEST,ATSI,OE,7827.707,True
3/6/2025 9:00:00 PM,3/6/2025 4:00:00 PM,RFC,WEST,ATSI,OE,7741.811,True
3/6/2025 10:00:00 PM,3/6/2025 5:00:00 PM,RFC,WEST,ATSI,OE,7805.524,True
3/6/2025 11:00:00 PM,3/6/2025 6:00:00 PM,RFC,WEST,ATSI,OE,7998.394,True
3/7/2025 12:00:00 AM,3/6/2025 7:00:00 PM,RFC,WEST,ATSI,OE,8109.768,True
3/7/2025 1:00:00 AM,3/6/2025 8:00:00 PM,RFC,WEST,ATSI,OE,7980.337,True
3/7/2025 2:00:00 AM,3/6/2025 9:00:00 PM,RFC,WEST,ATSI,OE,7679.301,True
3/7/2025 3:00:00 AM,3/6/2025 10:00:00 PM,RFC,WEST,ATSI,OE,7405.374,True
3/7/2025 4:00:00 AM,3/6/2025 11:00:00 PM,RFC,WEST,ATSI,OE,7169.070,True
3/7/2025 5:00:00 AM,3/7/2025 12:00:00 AM,RFC,WEST,ATSI,OE,7004.259,True
3/7/2025 6:00:00 AM,3/7/2025 1:00:00 AM,RFC,WEST,ATSI,OE,6891.484,True
3/7/2025 7:00:00 AM,3/7/2025 2:00:00 AM,RFC,WEST,ATSI,OE,6870.566,True
3/7/2025 8:00:00 AM,3/7/2025 3:00:00 AM,RFC,WEST,ATSI,OE,6849.874,True
3/7/2025 9:00:00 AM,3/7/2025 4:00:00 AM,RFC,WEST,ATSI,OE,6811.137,True
3/7/2025 10:00:00 AM,3/7/2025 5:00:00 AM,RFC,WEST,ATSI,OE,7191.220,True
3/7/2025 11:00:00 AM,3/7/2025 6:00:00 AM,RFC,WEST,ATSI,OE,7720.766,True
3/7/2025 12:00:00 PM,3/7/2025 7:00:00 AM,RFC,WEST,ATSI,OE,7914.884,True
3/7/2025 1:00:00 PM,3/7/2025 8:00:00 AM,RFC,WEST,ATSI,OE,7949.744,True
3/7/2025 2:00:00 PM,3/7/2025 9:00:00 AM,RFC,WEST,ATSI,OE,7759.544,True
3/7/2025 3:00:00 PM,3/7/2025 10:00:00 AM,RFC,WEST,ATSI,OE,7746.779,True
3/7/2025 4:00:00 PM,3/7/2025 11:00:00 AM,RFC,WEST,ATSI,OE,7565.891,True
3/7/2025 5:00:00 PM,3/7/2025 12:00:00 PM,RFC,WEST,ATSI,OE,7482.145,True
3/7/2025 6:00:00 PM,3/7/2025 1:00:00 PM,RFC,WEST,ATSI,OE,7505.908,True
3/7/2025 7:00:00 PM,3/7/2025 2:00:00 PM,RFC,WEST,ATSI,OE,7464.638,True
3/7/2025 8:00:00 PM,3/7/2025 3:00:00 PM,RFC,WEST,ATSI,OE,7481.973,True
3/7/2025 9:00:00 PM,3/7/2025 4:00:00 PM,RFC,WEST,ATSI,OE,7463.203,True
3/7/2025 10:00:00 PM,3/7/2025 5:00:00 PM,RFC,WEST,ATSI,OE,7575.270,True
3/7/2025 11:00:00 PM,3/7/2025 6:00:00 PM,RFC,WEST,ATSI,OE,7652.236,True
3/8/2025 12:00:00 AM,3/7/2025 7:00:00 PM,RFC,WEST,ATSI,OE,7700.778,True
3/8/2025 1:00:00 AM,3/7/2025 8:00:00 PM,RFC,WEST,ATSI,OE,7576.463,True
3/8/2025 2:00:00 AM,3/7/2025 9:00:00 PM,RFC,WEST,ATSI,OE,7333.283,True
3/8/2025 3:00:00 AM,3/7/2025 10:00:00 PM,RFC,WEST,ATSI,OE,7122.092,True
3/8/2025 4:00:00 AM,3/7/2025 11:00:00 PM,RFC,WEST,ATSI,OE,6795.875,True
3/8/2025 5:00:00 AM,3/8/2025 12:00:00 AM,RFC,WEST,ATSI,OE,6623.712,True
3/8/2025 6:00:00 AM,3/8/2025 1:00:00 AM,RFC,WEST,ATSI,OE,6516.285,True
3/8/2025 7:00:00 AM,3/8/2025 2:00:00 AM,RFC,WEST,ATSI,OE,6422.333,True
3/8/2025 8:00:00 AM,3/8/2025 3:00:00 AM,RFC,WEST,ATSI,OE,6446.930,True
3/8/2025 9:00:00 AM,3/8/2025 4:00:00 AM,RFC,WEST,ATSI,OE,6469.354,True
3/8/2025 10:00:00 AM,3/8/2025 5:00:00 AM,RFC,WEST,ATSI,OE,6593.265,True
3/8/2025 11:00:00 AM,3/8/2025 6:00:00 AM,RFC,WEST,ATSI,OE,6788.927,True
3/8/2025 12:00:00 PM,3/8/2025 7:00:00 AM,RFC,WEST,ATSI,OE,6978.344,True
3/8/2025 1:00:00 PM,3/8/2025 8:00:00 AM,RFC,WEST,ATSI,OE,7216.286,True
3/8/2025 2:00:00 PM,3/8/2025 9:00:00 AM,RFC,WEST,ATSI,OE,7239.611,True
3/8/2025 3:00:00 PM,3/8/2025 10:00:00 AM,RFC,WEST,ATSI,OE,7109.722,True
3/8/2025 4:00:00 PM,3/8/2025 11:00:00 AM,RFC,WEST,ATSI,OE,7038.783,True
3/8/2025 5:00:00 PM,3/8/2025 12:00:00 PM,RFC,WEST,ATSI,OE,7004.485,True
3/8/2025 6:00:00 PM,3/8/2025 1:00:00 PM,RFC,WEST,ATSI,OE,6877.223,True
3/8/2025 7:00:00 PM,3/8/2025 2:00:00 PM,RFC,WEST,ATSI,OE,6808.754,True
3/8/2025 8:00:00 PM,3/8/2025 3:00:00 PM,RFC,WEST,ATSI,OE,6623.891,True
3/8/2025 9:00:00 PM,3/8/2025 4:00:00 PM,RFC,WEST,ATSI,OE,6712.469,True
3/8/2025 10:00:00 PM,3/8/2025 5:00:00 PM,RFC,WEST,ATSI,OE,6894.419,True
3/8/2025 11:00:00 PM,3/8/2025 6:00:00 PM,RFC,WEST,ATSI,OE,7133.410,True
3/9/2025 12:00:00 AM,3/8/2025 7:00:00 PM,RFC,WEST,ATSI,OE,7288.232,True
3/9/2025 1:00:00 AM,3/8/2025 8:00:00 PM,RFC,WEST,ATSI,OE,7161.832,True
3/9/2025 2:00:00 AM,3/8/2025 9:00:00 PM,RFC,WEST,ATSI,OE,7076.992,True
3/9/2025 3:00:00 AM,3/8/2025 10:00:00 PM,RFC,WEST,ATSI,OE,6855.836,True
3/9/2025 4:00:00 AM,3/8/2025 11:00:00 PM,RFC,WEST,ATSI,OE,6618.703,True
3/9/2025 5:00:00 AM,3/9/2025 12:00:00 AM,RFC,WEST,ATSI,OE,6461.101,True
3/9/2025 6:00:00 AM,3/9/2025 1:00:00 AM,RFC,WEST,ATSI,OE,6432.296,True
3/9/2025 7:00:00 AM,3/9/2025 3:00:00 AM,RFC,WEST,ATSI,OE,6373.483,True
3/9/2025 8:00:00 AM,3/9/2025 4:00:00 AM,RFC,WEST,ATSI,OE,6324.592,True
3/9/2025 9:00:00 AM,3/9/2025 5:00:00 AM,RFC,WEST,ATSI,OE,6298.088,True
3/9/2025 10:00:00 AM,3/9/2025 6:00:00 AM,RFC,WEST,ATSI,OE,6409.935,True
3/9/2025 11:00:00 AM,3/9/2025 7:00:00 AM,RFC,WEST,ATSI,OE,6587.787,True
3/9/2025 12:00:00 PM,3/9/2025 8:00:00 AM,RFC,WEST,ATSI,OE,6631.354,True
3/9/2025 1:00:00 PM,3/9/2025 9:00:00 AM,RFC,WEST,ATSI,OE,6675.680,True
3/9/2025 2:00:00 PM,3/9/2025 10:00:00 AM,RFC,WEST,ATSI,OE,6506.092,True
3/9/2025 3:00:00 PM,3/9/2025 11:00:00 AM,RFC,WEST,ATSI,OE,6532.980,True
3/9/2025 4:00:00 PM,3/9/2025 12:00:00 PM,RFC,WEST,ATSI,OE,6520.516,True
3/9/2025 5:00:00 PM,3/9/2025 1:00:00 PM,RFC,WEST,ATSI,OE,6449.442,True
3/9/2025 6:00:00 PM,3/9/2025 2:00:00 PM,RFC,WEST,ATSI,OE,6354.553,True
3/9/2025 7:00:00 PM,3/9/2025 3:00:00 PM,RFC,WEST,ATSI,OE,6258.569,True
3/9/2025 8:00:00 PM,3/9/2025 4:00:00 PM,RFC,WEST,ATSI,OE,6287.831,True
3/9/2025 9:00:00 PM,3/9/2025 5:00:00 PM,RFC,WEST,ATSI,OE,6294.969,True
3/9/2025 10:00:00 PM,3/9/2025 6:00:00 PM,RFC,WEST,ATSI,OE,6368.933,True
3/9/2025 11:00:00 PM,3/9/2025 7:00:00 PM,RFC,WEST,ATSI,OE,6656.248,True
3/10/2025 12:00:00 AM,3/9/2025 8:00:00 PM,RFC,WEST,ATSI,OE,6862.829,True
3/10/2025 1:00:00 AM,3/9/2025 9:00:00 PM,RFC,WEST,ATSI,OE,6768.561,True
3/10/2025 2:00:00 AM,3/9/2025 10:00:00 PM,RFC,WEST,ATSI,OE,6560.646,True
3/10/2025 3:00:00 AM,3/9/2025 11:00:00 PM,RFC,WEST,ATSI,OE,6317.350,True
3/10/2025 4:00:00 AM,3/10/2025 12:00:00 AM,RFC,WEST,ATSI,OE,6135.892,True
3/10/2025 5:00:00 AM,3/10/2025 1:00:00 AM,RFC,WEST,ATSI,OE,6054.669,True
3/10/2025 6:00:00 AM,3/10/2025 2:00:00 AM,RFC,WEST,ATSI,OE,6083.339,True
3/10/2025 7:00:00 AM,3/10/2025 3:00:00 AM,RFC,WEST,ATSI,OE,6057.272,True
3/10/2025 8:00:00 AM,3/10/2025 4:00:00 AM,RFC,WEST,ATSI,OE,6254.158,True
3/10/2025 9:00:00 AM,3/10/2025 5:00:00 AM,RFC,WEST,ATSI,OE,6416.631,True
3/10/2025 10:00:00 AM,3/10/2025 6:00:00 AM,RFC,WEST,ATSI,OE,6963.632,True
3/10/2025 11:00:00 AM,3/10/2025 7:00:00 AM,RFC,WEST,ATSI,OE,7354.406,True
3/10/2025 12:00:00 PM,3/10/2025 8:00:00 AM,RFC,WEST,ATSI,OE,7495.012,True
3/10/2025 1:00:00 PM,3/10/2025 9:00:00 AM,RFC,WEST,ATSI,OE,7427.400,True
3/10/2025 2:00:00 PM,3/10/2025 10:00:00 AM,RFC,WEST,ATSI,OE,7337.511,True
3/10/2025 3:00:00 PM,3/10/2025 11:00:00 AM,RFC,WEST,ATSI,OE,7179.510,True
3/10/2025 4:00:00 PM,3/10/2025 12:00:00 PM,RFC,WEST,ATSI,OE,7181.753,True
3/10/2025 5:00:00 PM,3/10/2025 1:00:00 PM,RFC,WEST,ATSI,OE,7124.622,True
3/10/2025 6:00:00 PM,3/10/2025 2:00:00 PM,RFC,WEST,ATSI,OE,6922.721,True
3/10/2025 7:00:00 PM,3/10/2025 3:00:00 PM,RFC,WEST,ATSI,OE,6773.266,True
3/10/2025 8:00:00 PM,3/10/2025 4:00:00 PM,RFC,WEST,ATSI,OE,6688.155,True
3/10/2025 9:00:00 PM,3/10/2025 5:00:00 PM,RFC,WEST,ATSI,OE,6679.787,True
3/10/2025 10:00:00 PM,3/10/2025 6:00:00 PM,RFC,WEST,ATSI,OE,6705.548,True
3/10/2025 11:00:00 PM,3/10/2025 7:00:00 PM,RFC,WEST,ATSI,OE,6838.925,True
3/11/2025 12:00:00 AM,3/10/2025 8:00:00 PM,RFC,WEST,ATSI,OE,6941.206,True
3/11/2025 1:00:00 AM,3/10/2025 9:00:00 PM,RFC,WEST,ATSI,OE,6691.065,True
3/11/2025 2:00:00 AM,3/10/2025 10:00:00 PM,RFC,WEST,ATSI,OE,6473.442,True
3/11/2025 3:00:00 AM,3/10/2025 11:00:00 PM,RFC,WEST,ATSI,OE,6235.320,True
3/11/2025 4:00:00 AM,3/11/2025 12:00:00 AM,RFC,WEST,ATSI,OE,6066.670,True
3/11/2025 5:00:00 AM,3/11/2025 1:00:00 AM,RFC,WEST,ATSI,OE,5916.045,True
3/11/2025 6:00:00 AM,3/11/2025 2:00:00 AM,RFC,WEST,ATSI,OE,5853.024,True
3/11/2025 7:00:00 AM,3/11/2025 3:00:00 AM,RFC,WEST,ATSI,OE,5923.927,True
3/11/2025 8:00:00 AM,3/11/2025 4:00:00 AM,RFC,WEST,ATSI,OE,5997.131,True
3/11/2025 9:00:00 AM,3/11/2025 5:00:00 AM,RFC,WEST,ATSI,OE,6333.723,True
3/11/2025 10:00:00 AM,3/11/2025 6:00:00 AM,RFC,WEST,ATSI,OE,6814.885,True
3/11/2025 11:00:00 AM,3/11/2025 7:00:00 AM,RFC,WEST,ATSI,OE,7246.969,True
3/11/2025 12:00:00 PM,3/11/2025 8:00:00 AM,RFC,WEST,ATSI,OE,7264.735,True
3/11/2025 1:00:00 PM,3/11/2025 9:00:00 AM,RFC,WEST,ATSI,OE,7196.060,True
3/11/2025 2:00:00 PM,3/11/2025 10:00:00 AM,RFC,WEST,ATSI,OE,7072.120,True
3/11/2025 3:00:00 PM,3/11/2025 11:00:00 AM,RFC,WEST,ATSI,OE,7011.950,True
3/11/2025 4:00:00 PM,3/11/2025 12:00:00 PM,RFC,WEST,ATSI,OE,6939.421,True
3/11/2025 5:00:00 PM,3/11/2025 1:00:00 PM,RFC,WEST,ATSI,OE,7006.142,True
3/11/2025 6:00:00 PM,3/11/2025 2:00:00 PM,RFC,WEST,ATSI,OE,6843.889,True
3/11/2025 7:00:00 PM,3/11/2025 3:00:00 PM,RFC,WEST,ATSI,OE,6595.250,True
3/11/2025 8:00:00 PM,3/11/2025 4:00:00 PM,RFC,WEST,ATSI,OE,6634.714,True
3/11/2025 9:00:00 PM,3/11/2025 5:00:00 PM,RFC,WEST,ATSI,OE,6657.668,True
3/11/2025 10:00:00 PM,3/11/2025 6:00:00 PM,RFC,WEST,ATSI,OE,6676.311,True
3/11/2025 11:00:00 PM,3/11/2025 7:00:00 PM,RFC,WEST,ATSI,OE,6895.546,True
3/12/2025 12:00:00 AM,3/11/2025 8:00:00 PM,RFC,WEST,ATSI,OE,7094.613,True
3/12/2025 1:00:00 AM,3/11/2025 9:00:00 PM,RFC,WEST,ATSI,OE,6962.956,True
3/12/2025 2:00:00 AM,3/11/2025 10:00:00 PM,RFC,WEST,ATSI,OE,6738.191,True
3/12/2025 3:00:00 AM,3/11/2025 11:00:00 PM,RFC,WEST,ATSI,OE,6526.359,True
3/12/2025 4:00:00 AM,3/12/2025 12:00:00 AM,RFC,WEST,ATSI,OE,6344.299,True
3/12/2025 5:00:00 AM,3/12/2025 1:00:00 AM,RFC,WEST,ATSI,OE,6239.787,True
3/12/2025 6:00:00 AM,3/12/2025 2:00:00 AM,RFC,WEST,ATSI,OE,6203.918,True
3/12/2025 7:00:00 AM,3/12/2025 3:00:00 AM,RFC,WEST,ATSI,OE,6232.812,True
3/12/2025 8:00:00 AM,3/12/2025 4:00:00 AM,RFC,WEST,ATSI,OE,6321.613,True
3/12/2025 9:00:00 AM,3/12/2025 5:00:00 AM,RFC,WEST,ATSI,OE,6666.840,True
3/12/2025 10:00:00 AM,3/12/2025 6:00:00 AM,RFC,WEST,ATSI,OE,7224.453,True
3/12/2025 11:00:00 AM,3/12/2025 7:00:00 AM,RFC,WEST,ATSI,OE,7567.672,True
3/12/2025 12:00:00 PM,3/12/2025 8:00:00 AM,RFC,WEST,ATSI,OE,7642.206,True
3/12/2025 1:00:00 PM,3/12/2025 9:00:00 AM,RFC,WEST,ATSI,OE,7598.801,True
3/12/2025 2:00:00 PM,3/12/2025 10:00:00 AM,RFC,WEST,ATSI,OE,7447.630,True
3/12/2025 3:00:00 PM,3/12/2025 11:00:00 AM,RFC,WEST,ATSI,OE,7322.163,True
3/12/2025 4:00:00 PM,3/12/2025 12:00:00 PM,RFC,WEST,ATSI,OE,7199.731,True
3/12/2025 5:00:00 PM,3/12/2025 1:00:00 PM,RFC,WEST,ATSI,OE,7171.569,True
3/12/2025 6:00:00 PM,3/12/2025 2:00:00 PM,RFC,WEST,ATSI,OE,6991.356,True
3/12/2025 7:00:00 PM,3/12/2025 3:00:00 PM,RFC,WEST,ATSI,OE,6826.857,True
3/12/2025 8:00:00 PM,3/12/2025 4:00:00 PM,RFC,WEST,ATSI,OE,6731.382,True
3/12/2025 9:00:00 PM,3/12/2025 5:00:00 PM,RFC,WEST,ATSI,OE,6719.113,True
3/12/2025 10:00:00 PM,3/12/2025 6:00:00 PM,RFC,WEST,ATSI,OE,6743.928,True
3/12/2025 11:00:00 PM,3/12/2025 7:00:00 PM,RFC,WEST,ATSI,OE,7055.285,True
3/13/2025 12:00:00 AM,3/12/2025 8:00:00 PM,RFC,WEST,ATSI,OE,7185.716,True
3/13/2025 1:00:00 AM,3/12/2025 9:00:00 PM,RFC,WEST,ATSI,OE,7028.885,True
3/13/2025 2:00:00 AM,3/12/2025 10:00:00 PM,RFC,WEST,ATSI,OE,6655.006,True
3/13/2025 3:00:00 AM,3/12/2025 11:00:00 PM,RFC,WEST,ATSI,OE,6489.102,True
3/13/2025 4:00:00 AM,3/13/2025 12:00:00 AM,RFC,WEST,ATSI,OE,6350.250,True
3/13/2025 5:00:00 AM,3/13/2025 1:00:00 AM,RFC,WEST,ATSI,OE,6277.910,True
3/13/2025 6:00:00 AM,3/13/2025 2:00:00 AM,RFC,WEST,ATSI,OE,6166.932,True
3/13/2025 7:00:00 AM,3/13/2025 3:00:00 AM,RFC,WEST,ATSI,OE,6272.516,True
3/13/2025 8:00:00 AM,3/13/2025 4:00:00 AM,RFC,WEST,ATSI,OE,6377.245,True
3/13/2025 9:00:00 AM,3/13/2025 5:00:00 AM,RFC,WEST,ATSI,OE,6644.365,True
3/13/2025 10:00:00 AM,3/13/2025 6:00:00 AM,RFC,WEST,ATSI,OE,7215.567,True
3/13/2025 11:00:00 AM,3/13/2025 7:00:00 AM,RFC,WEST,ATSI,OE,7660.971,True
3/13/2025 12:00:00 PM,3/13/2025 8:00:00 AM,RFC,WEST,ATSI,OE,7718.906,True
3/13/2025 1:00:00 PM,3/13/2025 9:00:00 AM,RFC,WEST,ATSI,OE,7582.343,True
3/13/2025 2:00:00 PM,3/13/2025 10:00:00 AM,RFC,WEST,ATSI,OE,7331.557,True
3/13/2025 3:00:00 PM,3/13/2025 11:00:00 AM,RFC,WEST,ATSI,OE,7165.755,True
3/13/2025 4:00:00 PM,3/13/2025 12:00:00 PM,RFC,WEST,ATSI,OE,7080.427,True
3/13/2025 5:00:00 PM,3/13/2025 1:00:00 PM,RFC,WEST,ATSI,OE,7030.657,True
3/13/2025 6:00:00 PM,3/13/2025 2:00:00 PM,RFC,WEST,ATSI,OE,6906.064,True
3/13/2025 7:00:00 PM,3/13/2025 3:00:00 PM,RFC,WEST,ATSI,OE,6715.745,True
3/13/2025 8:00:00 PM,3/13/2025 4:00:00 PM,RFC,WEST,ATSI,OE,6720.719,True
3/13/2025 9:00:00 PM,3/13/2025 5:00:00 PM,RFC,WEST,ATSI,OE,6555.826,True
3/13/2025 10:00:00 PM,3/13/2025 6:00:00 PM,RFC,WEST,ATSI,OE,6641.803,True
3/13/2025 11:00:00 PM,3/13/2025 7:00:00 PM,RFC,WEST,ATSI,OE,6851.685,True
3/14/2025 12:00:00 AM,3/13/2025 8:00:00 PM,RFC,WEST,ATSI,OE,7014.458,True
3/14/2025 1:00:00 AM,3/13/2025 9:00:00 PM,RFC,WEST,ATSI,OE,6867.444,True
3/14/2025 2:00:00 AM,3/13/2025 10:00:00 PM,RFC,WEST,ATSI,OE,6651.114,True
3/14/2025 3:00:00 AM,3/13/2025 11:00:00 PM,RFC,WEST,ATSI,OE,6300.244,True
3/14/2025 4:00:00 AM,3/14/2025 12:00:00 AM,RFC,WEST,ATSI,OE,6163.646,True
3/14/2025 5:00:00 AM,3/14/2025 1:00:00 AM,RFC,WEST,ATSI,OE,5993.171,True
3/14/2025 6:00:00 AM,3/14/2025 2:00:00 AM,RFC,WEST,ATSI,OE,6052.982,True
3/14/2025 7:00:00 AM,3/14/2025 3:00:00 AM,RFC,WEST,ATSI,OE,6082.637,True
3/14/2025 8:00:00 AM,3/14/2025 4:00:00 AM,RFC,WEST,ATSI,OE,6164.336,True
3/14/2025 9:00:00 AM,3/14/2025 5:00:00 AM,RFC,WEST,ATSI,OE,6344.671,True
3/14/2025 10:00:00 AM,3/14/2025 6:00:00 AM,RFC,WEST,ATSI,OE,6826.372,True
3/14/2025 11:00:00 AM,3/14/2025 7:00:00 AM,RFC,WEST,ATSI,OE,7065.629,True
3/14/2025 12:00:00 PM,3/14/2025 8:00:00 AM,RFC,WEST,ATSI,OE,7237.156,True
3/14/2025 1:00:00 PM,3/14/2025 9:00:00 AM,RFC,WEST,ATSI,OE,7165.267,True
3/14/2025 2:00:00 PM,3/14/2025 10:00:00 AM,RFC,WEST,ATSI,OE,7036.904,True
3/14/2025 3:00:00 PM,3/14/2025 11:00:00 AM,RFC,WEST,ATSI,OE,6950.991,True
3/14/2025 4:00:00 PM,3/14/2025 12:00:00 PM,RFC,WEST,ATSI,OE,6837.559,True
3/14/2025 5:00:00 PM,3/14/2025 1:00:00 PM,RFC,WEST,ATSI,OE,6858.489,True
3/14/2025 6:00:00 PM,3/14/2025 2:00:00 PM,RFC,WEST,ATSI,OE,6743.731,True
3/14/2025 7:00:00 PM,3/14/2025 3:00:00 PM,RFC,WEST,ATSI,OE,6631.224,True
3/14/2025 8:00:00 PM,3/14/2025 4:00:00 PM,RFC,WEST,ATSI,OE,6536.375,True
3/14/2025 9:00:00 PM,3/14/2025 5:00:00 PM,RFC,WEST,ATSI,OE,6508.451,True
3/14/2025 10:00:00 PM,3/14/2025 6:00:00 PM,RFC,WEST,ATSI,OE,6440.517,True
3/14/2025 11:00:00 PM,3/14/2025 7:00:00 PM,RFC,WEST,ATSI,OE,6502.236,True
3/15/2025 12:00:00 AM,3/14/2025 8:00:00 PM,RFC,WEST,ATSI,OE,6555.130,True
3/15/2025 1:00:00 AM,3/14/2025 9:00:00 PM,RFC,WEST,ATSI,OE,6387.372,True
3/15/2025 2:00:00 AM,3/14/2025 10:00:00 PM,RFC,WEST,ATSI,OE,6040.932,True
3/15/2025 3:00:00 AM,3/14/2025 11:00:00 PM,RFC,WEST,ATSI,OE,5830.024,True
3/15/2025 4:00:00 AM,3/15/2025 12:00:00 AM,RFC,WEST,ATSI,OE,5509.616,True
3/15/2025 5:00:00 AM,3/15/2025 1:00:00 AM,RFC,WEST,ATSI,OE,5396.974,True
3/15/2025 6:00:00 AM,3/15/2025 2:00:00 AM,RFC,WEST,ATSI,OE,5279.259,True
3/15/2025 7:00:00 AM,3/15/2025 3:00:00 AM,RFC,WEST,ATSI,OE,5267.226,True
3/15/2025 8:00:00 AM,3/15/2025 4:00:00 AM,RFC,WEST,ATSI,OE,5235.297,True
3/15/2025 9:00:00 AM,3/15/2025 5:00:00 AM,RFC,WEST,ATSI,OE,5414.247,True
3/15/2025 10:00:00 AM,3/15/2025 6:00:00 AM,RFC,WEST,ATSI,OE,5608.121,True
3/15/2025 11:00:00 AM,3/15/2025 7:00:00 AM,RFC,WEST,ATSI,OE,5808.148,True
3/15/2025 12:00:00 PM,3/15/2025 8:00:00 AM,RFC,WEST,ATSI,OE,6056.779,True
3/15/2025 1:00:00 PM,3/15/2025 9:00:00 AM,RFC,WEST,ATSI,OE,6169.832,True
3/15/2025 2:00:00 PM,3/15/2025 10:00:00 AM,RFC,WEST,ATSI,OE,6335.944,True
3/15/2025 3:00:00 PM,3/15/2025 11:00:00 AM,RFC,WEST,ATSI,OE,6400.506,True
3/15/2025 4:00:00 PM,3/15/2025 12:00:00 PM,RFC,WEST,ATSI,OE,6334.920,True
3/15/2025 5:00:00 PM,3/15/2025 1:00:00 PM,RFC,WEST,ATSI,OE,6246.050,True
3/15/2025 6:00:00 PM,3/15/2025 2:00:00 PM,RFC,WEST,ATSI,OE,6177.660,True
3/15/2025 7:00:00 PM,3/15/2025 3:00:00 PM,RFC,WEST,ATSI,OE,6149.136,True
3/15/2025 8:00:00 PM,3/15/2025 4:00:00 PM,RFC,WEST,ATSI,OE,6147.954,True
3/15/2025 9:00:00 PM,3/15/2025 5:00:00 PM,RFC,WEST,ATSI,OE,6161.991,True
3/15/2025 10:00:00 PM,3/15/2025 6:00:00 PM,RFC,WEST,ATSI,OE,6175.950,True
3/15/2025 11:00:00 PM,3/15/2025 7:00:00 PM,RFC,WEST,ATSI,OE,6204.845,True
3/16/2025 12:00:00 AM,3/15/2025 8:00:00 PM,RFC,WEST,ATSI,OE,6236.353,True
3/16/2025 1:00:00 AM,3/15/2025 9:00:00 PM,RFC,WEST,ATSI,OE,6067.053,True
3/16/2025 2:00:00 AM,3/15/2025 10:00:00 PM,RFC,WEST,ATSI,OE,5887.757,True
3/16/2025 3:00:00 AM,3/15/2025 11:00:00 PM,RFC,WEST,ATSI,OE,5584.529,True
3/16/2025 4:00:00 AM,3/16/2025 12:00:00 AM,RFC,WEST,ATSI,OE,5485.642,True
3/16/2025 5:00:00 AM,3/16/2025 1:00:00 AM,RFC,WEST,ATSI,OE,5379.324,True
3/16/2025 6:00:00 AM,3/16/2025 2:00:00 AM,RFC,WEST,ATSI,OE,5302.422,True
3/16/2025 7:00:00 AM,3/16/2025 3:00:00 AM,RFC,WEST,ATSI,OE,5239.547,True
3/16/2025 8:00:00 AM,3/16/2025 4:00:00 AM,RFC,WEST,ATSI,OE,5233.015,True
3/16/2025 9:00:00 AM,3/16/2025 5:00:00 AM,RFC,WEST,ATSI,OE,5303.143,True
3/16/2025 10:00:00 AM,3/16/2025 6:00:00 AM,RFC,WEST,ATSI,OE,5429.095,True
3/16/2025 11:00:00 AM,3/16/2025 7:00:00 AM,RFC,WEST,ATSI,OE,5520.524,True
3/16/2025 12:00:00 PM,3/16/2025 8:00:00 AM,RFC,WEST,ATSI,OE,5631.751,True
3/16/2025 1:00:00 PM,3/16/2025 9:00:00 AM,RFC,WEST,ATSI,OE,5811.009,True
3/16/2025 2:00:00 PM,3/16/2025 10:00:00 AM,RFC,WEST,ATSI,OE,6042.991,True
3/16/2025 3:00:00 PM,3/16/2025 11:00:00 AM,RFC,WEST,ATSI,OE,6151.046,True
3/16/2025 4:00:00 PM,3/16/2025 12:00:00 PM,RFC,WEST,ATSI,OE,6174.645,True
3/16/2025 5:00:00 PM,3/16/2025 1:00:00 PM,RFC,WEST,ATSI,OE,6188.499,True
3/16/2025 6:00:00 PM,3/16/2025 2:00:00 PM,RFC,WEST,ATSI,OE,6134.502,True
3/16/2025 7:00:00 PM,3/16/2025 3:00:00 PM,RFC,WEST,ATSI,OE,6092.989,True
3/16/2025 8:00:00 PM,3/16/2025 4:00:00 PM,RFC,WEST,ATSI,OE,6187.233,True
3/16/2025 9:00:00 PM,3/16/2025 5:00:00 PM,RFC,WEST,ATSI,OE,6272.817,True
3/16/2025 10:00:00 PM,3/16/2025 6:00:00 PM,RFC,WEST,ATSI,OE,6416.272,True
3/16/2025 11:00:00 PM,3/16/2025 7:00:00 PM,RFC,WEST,ATSI,OE,6578.715,True
3/17/2025 12:00:00 AM,3/16/2025 8:00:00 PM,RFC,WEST,ATSI,OE,6658.603,True
3/17/2025 1:00:00 AM,3/16/2025 9:00:00 PM,RFC,WEST,ATSI,OE,6484.135,True
3/17/2025 2:00:00 AM,3/16/2025 10:00:00 PM,RFC,WEST,ATSI,OE,6369.359,True
3/17/2025 3:00:00 AM,3/16/2025 11:00:00 PM,RFC,WEST,ATSI,OE,6163.640,True
3/17/2025 4:00:00 AM,3/17/2025 12:00:00 AM,RFC,WEST,ATSI,OE,6036.668,True
3/17/2025 5:00:00 AM,3/17/2025 1:00:00 AM,RFC,WEST,ATSI,OE,6009.690,True
3/17/2025 6:00:00 AM,3/17/2025 2:00:00 AM,RFC,WEST,ATSI,OE,6000.506,True
3/17/2025 7:00:00 AM,3/17/2025 3:00:00 AM,RFC,WEST,ATSI,OE,6021.497,True
3/17/2025 8:00:00 AM,3/17/2025 4:00:00 AM,RFC,WEST,ATSI,OE,6251.117,True
3/17/2025 9:00:00 AM,3/17/2025 5:00:00 AM,RFC,WEST,ATSI,OE,6599.384,True
3/17/2025 10:00:00 AM,3/17/2025 6:00:00 AM,RFC,WEST,ATSI,OE,7129.356,True
3/17/2025 11:00:00 AM,3/17/2025 7:00:00 AM,RFC,WEST,ATSI,OE,7620.943,True
3/17/2025 12:00:00 PM,3/17/2025 8:00:00 AM,RFC,WEST,ATSI,OE,7773.877,True
3/17/2025 1:00:00 PM,3/17/2025 9:00:00 AM,RFC,WEST,ATSI,OE,7883.500,True
3/17/2025 2:00:00 PM,3/17/2025 10:00:00 AM,RFC,WEST,ATSI,OE,7890.852,True
3/17/2025 3:00:00 PM,3/17/2025 11:00:00 AM,RFC,WEST,ATSI,OE,7798.689,True
3/17/2025 4:00:00 PM,3/17/2025 12:00:00 PM,RFC,WEST,ATSI,OE,7612.694,True
3/17/2025 5:00:00 PM,3/17/2025 1:00:00 PM,RFC,WEST,ATSI,OE,7487.206,True
3/17/2025 6:00:00 PM,3/17/2025 2:00:00 PM,RFC,WEST,ATSI,OE,7264.826,True
3/17/2025 7:00:00 PM,3/17/2025 3:00:00 PM,RFC,WEST,ATSI,OE,7054.803,True
3/17/2025 8:00:00 PM,3/17/2025 4:00:00 PM,RFC,WEST,ATSI,OE,6947.681,True
3/17/2025 9:00:00 PM,3/17/2025 5:00:00 PM,RFC,WEST,ATSI,OE,6908.143,True
3/17/2025 10:00:00 PM,3/17/2025 6:00:00 PM,RFC,WEST,ATSI,OE,6912.127,True
3/17/2025 11:00:00 PM,3/17/2025 7:00:00 PM,RFC,WEST,ATSI,OE,6986.984,True
3/18/2025 12:00:00 AM,3/17/2025 8:00:00 PM,RFC,WEST,ATSI,OE,7251.224,True
3/18/2025 1:00:00 AM,3/17/2025 9:00:00 PM,RFC,WEST,ATSI,OE,7166.357,True
3/18/2025 2:00:00 AM,3/17/2025 10:00:00 PM,RFC,WEST,ATSI,OE,6946.241,True
3/18/2025 3:00:00 AM,3/17/2025 11:00:00 PM,RFC,WEST,ATSI,OE,6643.647,True
3/18/2025 4:00:00 AM,3/18/2025 12:00:00 AM,RFC,WEST,ATSI,OE,6539.381,True
3/18/2025 5:00:00 AM,3/18/2025 1:00:00 AM,RFC,WEST,ATSI,OE,6370.217,True
3/18/2025 6:00:00 AM,3/18/2025 2:00:00 AM,RFC,WEST,ATSI,OE,6239.519,True
3/18/2025 7:00:00 AM,3/18/2025 3:00:00 AM,RFC,WEST,ATSI,OE,6210.653,True
3/18/2025 8:00:00 AM,3/18/2025 4:00:00 AM,RFC,WEST,ATSI,OE,6464.540,True
3/18/2025 9:00:00 AM,3/18/2025 5:00:00 AM,RFC,WEST,ATSI,OE,6756.612,True
3/18/2025 10:00:00 AM,3/18/2025 6:00:00 AM,RFC,WEST,ATSI,OE,7183.536,True
3/18/2025 11:00:00 AM,3/18/2025 7:00:00 AM,RFC,WEST,ATSI,OE,7667.191,True
3/18/2025 12:00:00 PM,3/18/2025 8:00:00 AM,RFC,WEST,ATSI,OE,7681.846,True
3/18/2025 1:00:00 PM,3/18/2025 9:00:00 AM,RFC,WEST,ATSI,OE,7505.076,True
3/18/2025 2:00:00 PM,3/18/2025 10:00:00 AM,RFC,WEST,ATSI,OE,7357.282,True
3/18/2025 3:00:00 PM,3/18/2025 11:00:00 AM,RFC,WEST,ATSI,OE,7165.067,True
3/18/2025 4:00:00 PM,3/18/2025 12:00:00 PM,RFC,WEST,ATSI,OE,7064.458,True
3/18/2025 5:00:00 PM,3/18/2025 1:00:00 PM,RFC,WEST,ATSI,OE,7054.138,True
3/18/2025 6:00:00 PM,3/18/2025 2:00:00 PM,RFC,WEST,ATSI,OE,6875.942,True
3/18/2025 7:00:00 PM,3/18/2025 3:00:00 PM,RFC,WEST,ATSI,OE,6690.986,True
3/18/2025 8:00:00 PM,3/18/2025 4:00:00 PM,RFC,WEST,ATSI,OE,6584.303,True
3/18/2025 9:00:00 PM,3/18/2025 5:00:00 PM,RFC,WEST,ATSI,OE,6472.654,True
3/18/2025 10:00:00 PM,3/18/2025 6:00:00 PM,RFC,WEST,ATSI,OE,6531.447,True
3/18/2025 11:00:00 PM,3/18/2025 7:00:00 PM,RFC,WEST,ATSI,OE,6635.396,True
3/19/2025 12:00:00 AM,3/18/2025 8:00:00 PM,RFC,WEST,ATSI,OE,6772.139,True
3/19/2025 1:00:00 AM,3/18/2025 9:00:00 PM,RFC,WEST,ATSI,OE,6539.347,True
3/19/2025 2:00:00 AM,3/18/2025 10:00:00 PM,RFC,WEST,ATSI,OE,6225.112,True
3/19/2025 3:00:00 AM,3/18/2025 11:00:00 PM,RFC,WEST,ATSI,OE,5966.164,True
3/19/2025 4:00:00 AM,3/19/2025 12:00:00 AM,RFC,WEST,ATSI,OE,5800.367,True
3/19/2025 5:00:00 AM,3/19/2025 1:00:00 AM,RFC,WEST,ATSI,OE,5578.369,True
3/19/2025 6:00:00 AM,3/19/2025 2:00:00 AM,RFC,WEST,ATSI,OE,5402.303,True
3/19/2025 7:00:00 AM,3/19/2025 3:00:00 AM,RFC,WEST,ATSI,OE,5441.586,True
3/19/2025 8:00:00 AM,3/19/2025 4:00:00 AM,RFC,WEST,ATSI,OE,5547.118,True
3/19/2025 9:00:00 AM,3/19/2025 5:00:00 AM,RFC,WEST,ATSI,OE,5849.976,True
3/19/2025 10:00:00 AM,3/19/2025 6:00:00 AM,RFC,WEST,ATSI,OE,6327.107,True
3/19/2025 11:00:00 AM,3/19/2025 7:00:00 AM,RFC,WEST,ATSI,OE,6703.545,True
3/19/2025 12:00:00 PM,3/19/2025 8:00:00 AM,RFC,WEST,ATSI,OE,6805.199,True
3/19/2025 1:00:00 PM,3/19/2025 9:00:00 AM,RFC,WEST,ATSI,OE,6766.126,True
3/19/2025 2:00:00 PM,3/19/2025 10:00:00 AM,RFC,WEST,ATSI,OE,6781.712,True
3/19/2025 3:00:00 PM,3/19/2025 11:00:00 AM,RFC,WEST,ATSI,OE,6719.100,True
3/19/2025 4:00:00 PM,3/19/2025 12:00:00 PM,RFC,WEST,ATSI,OE,6695.747,True
3/19/2025 5:00:00 PM,3/19/2025 1:00:00 PM,RFC,WEST,ATSI,OE,6700.893,True
3/19/2025 6:00:00 PM,3/19/2025 2:00:00 PM,RFC,WEST,ATSI,OE,6588.115,True
3/19/2025 7:00:00 PM,3/19/2025 3:00:00 PM,RFC,WEST,ATSI,OE,6503.604,True
3/19/2025 8:00:00 PM,3/19/2025 4:00:00 PM,RFC,WEST,ATSI,OE,6467.997,True
3/19/2025 9:00:00 PM,3/19/2025 5:00:00 PM,RFC,WEST,ATSI,OE,6610.696,True
3/19/2025 10:00:00 PM,3/19/2025 6:00:00 PM,RFC,WEST,ATSI,OE,6624.688,True
3/19/2025 11:00:00 PM,3/19/2025 7:00:00 PM,RFC,WEST,ATSI,OE,6653.151,True
3/20/2025 12:00:00 AM,3/19/2025 8:00:00 PM,RFC,WEST,ATSI,OE,6726.132,True
3/20/2025 1:00:00 AM,3/19/2025 9:00:00 PM,RFC,WEST,ATSI,OE,6518.977,True
3/20/2025 2:00:00 AM,3/19/2025 10:00:00 PM,RFC,WEST,ATSI,OE,6273.569,True
3/20/2025 3:00:00 AM,3/19/2025 11:00:00 PM,RFC,WEST,ATSI,OE,6023.624,True
3/20/2025 4:00:00 AM,3/20/2025 12:00:00 AM,RFC,WEST,ATSI,OE,5796.599,True
3/20/2025 5:00:00 AM,3/20/2025 1:00:00 AM,RFC,WEST,ATSI,OE,5687.228,True
3/20/2025 6:00:00 AM,3/20/2025 2:00:00 AM,RFC,WEST,ATSI,OE,5611.700,True
3/20/2025 7:00:00 AM,3/20/2025 3:00:00 AM,RFC,WEST,ATSI,OE,5504.303,True
3/20/2025 8:00:00 AM,3/20/2025 4:00:00 AM,RFC,WEST,ATSI,OE,5672.192,True
3/20/2025 9:00:00 AM,3/20/2025 5:00:00 AM,RFC,WEST,ATSI,OE,5967.563,True
3/20/2025 10:00:00 AM,3/20/2025 6:00:00 AM,RFC,WEST,ATSI,OE,6488.186,True
3/20/2025 11:00:00 AM,3/20/2025 7:00:00 AM,RFC,WEST,ATSI,OE,6914.604,True
3/20/2025 12:00:00 PM,3/20/2025 8:00:00 AM,RFC,WEST,ATSI,OE,7076.406,True
3/20/2025 1:00:00 PM,3/20/2025 9:00:00 AM,RFC,WEST,ATSI,OE,7178.632,True
3/20/2025 2:00:00 PM,3/20/2025 10:00:00 AM,RFC,WEST,ATSI,OE,7301.830,True
3/20/2025 3:00:00 PM,3/20/2025 11:00:00 AM,RFC,WEST,ATSI,OE,7291.813,True
3/20/2025 4:00:00 PM,3/20/2025 12:00:00 PM,RFC,WEST,ATSI,OE,7231.648,True
3/20/2025 5:00:00 PM,3/20/2025 1:00:00 PM,RFC,WEST,ATSI,OE,7300.895,True
3/20/2025 6:00:00 PM,3/20/2025 2:00:00 PM,RFC,WEST,ATSI,OE,7270.268,True
3/20/2025 7:00:00 PM,3/20/2025 3:00:00 PM,RFC,WEST,ATSI,OE,7227.384,True
3/20/2025 8:00:00 PM,3/20/2025 4:00:00 PM,RFC,WEST,ATSI,OE,7280.901,True
3/20/2025 9:00:00 PM,3/20/2025 5:00:00 PM,RFC,WEST,ATSI,OE,7273.546,True
3/20/2025 10:00:00 PM,3/20/2025 6:00:00 PM,RFC,WEST,ATSI,OE,7326.472,True
3/20/2025 11:00:00 PM,3/20/2025 7:00:00 PM,RFC,WEST,ATSI,OE,7487.078,True
3/21/2025 12:00:00 AM,3/20/2025 8:00:00 PM,RFC,WEST,ATSI,OE,7491.606,True
3/21/2025 1:00:00 AM,3/20/2025 9:00:00 PM,RFC,WEST,ATSI,OE,7315.787,True
3/21/2025 2:00:00 AM,3/20/2025 10:00:00 PM,RFC,WEST,ATSI,OE,7010.897,True
3/21/2025 3:00:00 AM,3/20/2025 11:00:00 PM,RFC,WEST,ATSI,OE,6766.451,True
3/21/2025 4:00:00 AM,3/21/2025 12:00:00 AM,RFC,WEST,ATSI,OE,6571.733,True
3/21/2025 5:00:00 AM,3/21/2025 1:00:00 AM,RFC,WEST,ATSI,OE,6388.332,True
3/21/2025 6:00:00 AM,3/21/2025 2:00:00 AM,RFC,WEST,ATSI,OE,6342.126,True
3/21/2025 7:00:00 AM,3/21/2025 3:00:00 AM,RFC,WEST,ATSI,OE,6353.010,True
3/21/2025 8:00:00 AM,3/21/2025 4:00:00 AM,RFC,WEST,ATSI,OE,6486.334,True
3/21/2025 9:00:00 AM,3/21/2025 5:00:00 AM,RFC,WEST,ATSI,OE,6756.534,True
3/21/2025 10:00:00 AM,3/21/2025 6:00:00 AM,RFC,WEST,ATSI,OE,7254.847,True
3/21/2025 11:00:00 AM,3/21/2025 7:00:00 AM,RFC,WEST,ATSI,OE,7682.237,True
3/21/2025 12:00:00 PM,3/21/2025 8:00:00 AM,RFC,WEST,ATSI,OE,7720.311,True
3/21/2025 1:00:00 PM,3/21/2025 9:00:00 AM,RFC,WEST,ATSI,OE,7595.124,True
3/21/2025 2:00:00 PM,3/21/2025 10:00:00 AM,RFC,WEST,ATSI,OE,7513.796,True
3/21/2025 3:00:00 PM,3/21/2025 11:00:00 AM,RFC,WEST,ATSI,OE,7286.138,True
3/21/2025 4:00:00 PM,3/21/2025 12:00:00 PM,RFC,WEST,ATSI,OE,7281.451,True
3/21/2025 5:00:00 PM,3/21/2025 1:00:00 PM,RFC,WEST,ATSI,OE,7183.655,True
3/21/2025 6:00:00 PM,3/21/2025 2:00:00 PM,RFC,WEST,ATSI,OE,6984.255,True
3/21/2025 7:00:00 PM,3/21/2025 3:00:00 PM,RFC,WEST,ATSI,OE,6730.394,True
3/21/2025 8:00:00 PM,3/21/2025 4:00:00 PM,RFC,WEST,ATSI,OE,6704.209,True
3/21/2025 9:00:00 PM,3/21/2025 5:00:00 PM,RFC,WEST,ATSI,OE,6635.880,True
3/21/2025 10:00:00 PM,3/21/2025 6:00:00 PM,RFC,WEST,ATSI,OE,6671.609,True
3/21/2025 11:00:00 PM,3/21/2025 7:00:00 PM,RFC,WEST,ATSI,OE,6823.261,True
3/22/2025 12:00:00 AM,3/21/2025 8:00:00 PM,RFC,WEST,ATSI,OE,6941.703,True
3/22/2025 1:00:00 AM,3/21/2025 9:00:00 PM,RFC,WEST,ATSI,OE,6782.117,True
3/22/2025 2:00:00 AM,3/21/2025 10:00:00 PM,RFC,WEST,ATSI,OE,6578.420,True
3/22/2025 3:00:00 AM,3/21/2025 11:00:00 PM,RFC,WEST,ATSI,OE,6273.784,True
3/22/2025 4:00:00 AM,3/22/2025 12:00:00 AM,RFC,WEST,ATSI,OE,6048.566,True
3/22/2025 5:00:00 AM,3/22/2025 1:00:00 AM,RFC,WEST,ATSI,OE,5911.055,True
3/22/2025 6:00:00 AM,3/22/2025 2:00:00 AM,RFC,WEST,ATSI,OE,5754.841,True
3/22/2025 7:00:00 AM,3/22/2025 3:00:00 AM,RFC,WEST,ATSI,OE,5761.029,True
3/22/2025 8:00:00 AM,3/22/2025 4:00:00 AM,RFC,WEST,ATSI,OE,5700.949,True
3/22/2025 9:00:00 AM,3/22/2025 5:00:00 AM,RFC,WEST,ATSI,OE,5859.586,True
3/22/2025 10:00:00 AM,3/22/2025 6:00:00 AM,RFC,WEST,ATSI,OE,6052.397,True
3/22/2025 11:00:00 AM,3/22/2025 7:00:00 AM,RFC,WEST,ATSI,OE,6273.897,True
3/22/2025 12:00:00 PM,3/22/2025 8:00:00 AM,RFC,WEST,ATSI,OE,6490.781,True
3/22/2025 1:00:00 PM,3/22/2025 9:00:00 AM,RFC,WEST,ATSI,OE,6610.436,True
3/22/2025 2:00:00 PM,3/22/2025 10:00:00 AM,RFC,WEST,ATSI,OE,6750.642,True
3/22/2025 3:00:00 PM,3/22/2025 11:00:00 AM,RFC,WEST,ATSI,OE,6789.619,True
3/22/2025 4:00:00 PM,3/22/2025 12:00:00 PM,RFC,WEST,ATSI,OE,6875.839,True
3/22/2025 5:00:00 PM,3/22/2025 1:00:00 PM,RFC,WEST,ATSI,OE,6723.320,True
3/22/2025 6:00:00 PM,3/22/2025 2:00:00 PM,RFC,WEST,ATSI,OE,6710.050,True
3/22/2025 7:00:00 PM,3/22/2025 3:00:00 PM,RFC,WEST,ATSI,OE,6647.166,True
3/22/2025 8:00:00 PM,3/22/2025 4:00:00 PM,RFC,WEST,ATSI,OE,6618.618,True
3/22/2025 9:00:00 PM,3/22/2025 5:00:00 PM,RFC,WEST,ATSI,OE,6609.878,True
3/22/2025 10:00:00 PM,3/22/2025 6:00:00 PM,RFC,WEST,ATSI,OE,6602.320,True
3/22/2025 11:00:00 PM,3/22/2025 7:00:00 PM,RFC,WEST,ATSI,OE,6703.626,True
3/23/2025 12:00:00 AM,3/22/2025 8:00:00 PM,RFC,WEST,ATSI,OE,6802.055,True
3/23/2025 1:00:00 AM,3/22/2025 9:00:00 PM,RFC,WEST,ATSI,OE,6768.526,True
3/23/2025 2:00:00 AM,3/22/2025 10:00:00 PM,RFC,WEST,ATSI,OE,6619.049,True
3/23/2025 3:00:00 AM,3/22/2025 11:00:00 PM,RFC,WEST,ATSI,OE,6428.369,True
3/23/2025 4:00:00 AM,3/23/2025 12:00:00 AM,RFC,WEST,ATSI,OE,6309.513,True
3/23/2025 5:00:00 AM,3/23/2025 1:00:00 AM,RFC,WEST,ATSI,OE,6256.397,True
3/23/2025 6:00:00 AM,3/23/2025 2:00:00 AM,RFC,WEST,ATSI,OE,6216.587,True
3/23/2025 7:00:00 AM,3/23/2025 3:00:00 AM,RFC,WEST,ATSI,OE,6194.734,True
3/23/2025 8:00:00 AM,3/23/2025 4:00:00 AM,RFC,WEST,ATSI,OE,6212.246,True
3/23/2025 9:00:00 AM,3/23/2025 5:00:00 AM,RFC,WEST,ATSI,OE,6337.563,True
3/23/2025 10:00:00 AM,3/23/2025 6:00:00 AM,RFC,WEST,ATSI,OE,6510.037,True
3/23/2025 11:00:00 AM,3/23/2025 7:00:00 AM,RFC,WEST,ATSI,OE,6615.478,True
3/23/2025 12:00:00 PM,3/23/2025 8:00:00 AM,RFC,WEST,ATSI,OE,6753.771,True
3/23/2025 1:00:00 PM,3/23/2025 9:00:00 AM,RFC,WEST,ATSI,OE,6705.181,True
3/23/2025 2:00:00 PM,3/23/2025 10:00:00 AM,RFC,WEST,ATSI,OE,6671.807,True
3/23/2025 3:00:00 PM,3/23/2025 11:00:00 AM,RFC,WEST,ATSI,OE,6760.068,True
3/23/2025 4:00:00 PM,3/23/2025 12:00:00 PM,RFC,WEST,ATSI,OE,6597.866,True
3/23/2025 5:00:00 PM,3/23/2025 1:00:00 PM,RFC,WEST,ATSI,OE,6707.621,True
3/23/2025 6:00:00 PM,3/23/2025 2:00:00 PM,RFC,WEST,ATSI,OE,6768.869,True
3/23/2025 7:00:00 PM,3/23/2025 3:00:00 PM,RFC,WEST,ATSI,OE,6811.106,True
3/23/2025 8:00:00 PM,3/23/2025 4:00:00 PM,RFC,WEST,ATSI,OE,6863.052,True
3/23/2025 9:00:00 PM,3/23/2025 5:00:00 PM,RFC,WEST,ATSI,OE,6884.579,True
3/23/2025 10:00:00 PM,3/23/2025 6:00:00 PM,RFC,WEST,ATSI,OE,6846.880,True
3/23/2025 11:00:00 PM,3/23/2025 7:00:00 PM,RFC,WEST,ATSI,OE,7034.823,True
3/24/2025 12:00:00 AM,3/23/2025 8:00:00 PM,RFC,WEST,ATSI,OE,7059.669,True
3/24/2025 1:00:00 AM,3/23/2025 9:00:00 PM,RFC,WEST,ATSI,OE,6909.309,True
3/24/2025 2:00:00 AM,3/23/2025 10:00:00 PM,RFC,WEST,ATSI,OE,6692.420,True
3/24/2025 3:00:00 AM,3/23/2025 11:00:00 PM,RFC,WEST,ATSI,OE,6411.800,True
3/24/2025 4:00:00 AM,3/24/2025 12:00:00 AM,RFC,WEST,ATSI,OE,6199.127,True
3/24/2025 5:00:00 AM,3/24/2025 1:00:00 AM,RFC,WEST,ATSI,OE,6105.601,True
3/24/2025 6:00:00 AM,3/24/2025 2:00:00 AM,RFC,WEST,ATSI,OE,5975.368,True
3/24/2025 7:00:00 AM,3/24/2025 3:00:00 AM,RFC,WEST,ATSI,OE,6038.558,True
3/24/2025 8:00:00 AM,3/24/2025 4:00:00 AM,RFC,WEST,ATSI,OE,6162.271,True
3/24/2025 9:00:00 AM,3/24/2025 5:00:00 AM,RFC,WEST,ATSI,OE,6446.686,True
3/24/2025 10:00:00 AM,3/24/2025 6:00:00 AM,RFC,WEST,ATSI,OE,7004.411,True
3/24/2025 11:00:00 AM,3/24/2025 7:00:00 AM,RFC,WEST,ATSI,OE,7395.238,True
3/24/2025 12:00:00 PM,3/24/2025 8:00:00 AM,RFC,WEST,ATSI,OE,7590.922,True
3/24/2025 1:00:00 PM,3/24/2025 9:00:00 AM,RFC,WEST,ATSI,OE,7642.211,True
3/24/2025 2:00:00 PM,3/24/2025 10:00:00 AM,RFC,WEST,ATSI,OE,7656.270,True
3/24/2025 3:00:00 PM,3/24/2025 11:00:00 AM,RFC,WEST,ATSI,OE,7657.357,True
3/24/2025 4:00:00 PM,3/24/2025 12:00:00 PM,RFC,WEST,ATSI,OE,7669.844,True
3/24/2025 5:00:00 PM,3/24/2025 1:00:00 PM,RFC,WEST,ATSI,OE,7638.882,True
3/24/2025 6:00:00 PM,3/24/2025 2:00:00 PM,RFC,WEST,ATSI,OE,7552.941,True
3/24/2025 7:00:00 PM,3/24/2025 3:00:00 PM,RFC,WEST,ATSI,OE,7459.311,True
3/24/2025 8:00:00 PM,3/24/2025 4:00:00 PM,RFC,WEST,ATSI,OE,7324.777,True
3/24/2025 9:00:00 PM,3/24/2025 5:00:00 PM,RFC,WEST,ATSI,OE,7303.354,True
3/24/2025 10:00:00 PM,3/24/2025 6:00:00 PM,RFC,WEST,ATSI,OE,7312.937,True
3/24/2025 11:00:00 PM,3/24/2025 7:00:00 PM,RFC,WEST,ATSI,OE,7388.112,True
3/25/2025 12:00:00 AM,3/24/2025 8:00:00 PM,RFC,WEST,ATSI,OE,7477.688,True
3/25/2025 1:00:00 AM,3/24/2025 9:00:00 PM,RFC,WEST,ATSI,OE,7292.805,True
3/25/2025 2:00:00 AM,3/24/2025 10:00:00 PM,RFC,WEST,ATSI,OE,7017.261,True
3/25/2025 3:00:00 AM,3/24/2025 11:00:00 PM,RFC,WEST,ATSI,OE,6725.941,True
3/25/2025 4:00:00 AM,3/25/2025 12:00:00 AM,RFC,WEST,ATSI,OE,6606.495,True
3/25/2025 5:00:00 AM,3/25/2025 1:00:00 AM,RFC,WEST,ATSI,OE,6494.583,True
3/25/2025 6:00:00 AM,3/25/2025 2:00:00 AM,RFC,WEST,ATSI,OE,6482.074,True
3/25/2025 7:00:00 AM,3/25/2025 3:00:00 AM,RFC,WEST,ATSI,OE,6422.650,True
3/25/2025 8:00:00 AM,3/25/2025 4:00:00 AM,RFC,WEST,ATSI,OE,6483.929,True
3/25/2025 9:00:00 AM,3/25/2025 5:00:00 AM,RFC,WEST,ATSI,OE,6803.114,True
3/25/2025 10:00:00 AM,3/25/2025 6:00:00 AM,RFC,WEST,ATSI,OE,7251.667,True
3/25/2025 11:00:00 AM,3/25/2025 7:00:00 AM,RFC,WEST,ATSI,OE,7559.640,True
3/25/2025 12:00:00 PM,3/25/2025 8:00:00 AM,RFC,WEST,ATSI,OE,7639.381,True
3/25/2025 1:00:00 PM,3/25/2025 9:00:00 AM,RFC,WEST,ATSI,OE,7536.554,True
3/25/2025 2:00:00 PM,3/25/2025 10:00:00 AM,RFC,WEST,ATSI,OE,7461.038,True
3/25/2025 3:00:00 PM,3/25/2025 11:00:00 AM,RFC,WEST,ATSI,OE,7345.386,True
3/25/2025 4:00:00 PM,3/25/2025 12:00:00 PM,RFC,WEST,ATSI,OE,7254.931,True
3/25/2025 5:00:00 PM,3/25/2025 1:00:00 PM,RFC,WEST,ATSI,OE,7159.142,True
3/25/2025 6:00:00 PM,3/25/2025 2:00:00 PM,RFC,WEST,ATSI,OE,7083.856,True
3/25/2025 7:00:00 PM,3/25/2025 3:00:00 PM,RFC,WEST,ATSI,OE,6966.729,True
3/25/2025 8:00:00 PM,3/25/2025 4:00:00 PM,RFC,WEST,ATSI,OE,6908.357,True
3/25/2025 9:00:00 PM,3/25/2025 5:00:00 PM,RFC,WEST,ATSI,OE,6896.706,True
3/25/2025 10:00:00 PM,3/25/2025 6:00:00 PM,RFC,WEST,ATSI,OE,6991.675,True
3/25/2025 11:00:00 PM,3/25/2025 7:00:00 PM,RFC,WEST,ATSI,OE,7145.716,True
3/26/2025 12:00:00 AM,3/25/2025 8:00:00 PM,RFC,WEST,ATSI,OE,7302.165,True
3/26/2025 1:00:00 AM,3/25/2025 9:00:00 PM,RFC,WEST,ATSI,OE,7164.580,True
3/26/2025 2:00:00 AM,3/25/2025 10:00:00 PM,RFC,WEST,ATSI,OE,6973.162,True
3/26/2025 3:00:00 AM,3/25/2025 11:00:00 PM,RFC,WEST,ATSI,OE,6724.757,True
3/26/2025 4:00:00 AM,3/26/2025 12:00:00 AM,RFC,WEST,ATSI,OE,6525.518,True
3/26/2025 5:00:00 AM,3/26/2025 1:00:00 AM,RFC,WEST,ATSI,OE,6405.893,True
3/26/2025 6:00:00 AM,3/26/2025 2:00:00 AM,RFC,WEST,ATSI,OE,6266.633,True
3/26/2025 7:00:00 AM,3/26/2025 3:00:00 AM,RFC,WEST,ATSI,OE,6251.978,True
3/26/2025 8:00:00 AM,3/26/2025 4:00:00 AM,RFC,WEST,ATSI,OE,6415.268,True
3/26/2025 9:00:00 AM,3/26/2025 5:00:00 AM,RFC,WEST,ATSI,OE,6851.753,True
3/26/2025 10:00:00 AM,3/26/2025 6:00:00 AM,RFC,WEST,ATSI,OE,7345.810,True
3/26/2025 11:00:00 AM,3/26/2025 7:00:00 AM,RFC,WEST,ATSI,OE,7786.835,True
3/26/2025 12:00:00 PM,3/26/2025 8:00:00 AM,RFC,WEST,ATSI,OE,7863.805,True
3/26/2025 1:00:00 PM,3/26/2025 9:00:00 AM,RFC,WEST,ATSI,OE,7828.342,True
3/26/2025 2:00:00 PM,3/26/2025 10:00:00 AM,RFC,WEST,ATSI,OE,7791.149,True
3/26/2025 3:00:00 PM,3/26/2025 11:00:00 AM,RFC,WEST,ATSI,OE,7689.720,True
3/26/2025 4:00:00 PM,3/26/2025 12:00:00 PM,RFC,WEST,ATSI,OE,7548.214,True
3/26/2025 5:00:00 PM,3/26/2025 1:00:00 PM,RFC,WEST,ATSI,OE,7495.215,True
3/26/2025 6:00:00 PM,3/26/2025 2:00:00 PM,RFC,WEST,ATSI,OE,7368.173,True
3/26/2025 7:00:00 PM,3/26/2025 3:00:00 PM,RFC,WEST,ATSI,OE,7129.755,True
3/26/2025 8:00:00 PM,3/26/2025 4:00:00 PM,RFC,WEST,ATSI,OE,6968.215,True
3/26/2025 9:00:00 PM,3/26/2025 5:00:00 PM,RFC,WEST,ATSI,OE,6920.253,True
3/26/2025 10:00:00 PM,3/26/2025 6:00:00 PM,RFC,WEST,ATSI,OE,6964.903,True
3/26/2025 11:00:00 PM,3/26/2025 7:00:00 PM,RFC,WEST,ATSI,OE,7160.970,True
3/27/2025 12:00:00 AM,3/26/2025 8:00:00 PM,RFC,WEST,ATSI,OE,7395.896,True
3/27/2025 1:00:00 AM,3/26/2025 9:00:00 PM,RFC,WEST,ATSI,OE,7304.391,True
3/27/2025 2:00:00 AM,3/26/2025 10:00:00 PM,RFC,WEST,ATSI,OE,7001.058,True
3/27/2025 3:00:00 AM,3/26/2025 11:00:00 PM,RFC,WEST,ATSI,OE,6814.341,True
3/27/2025 4:00:00 AM,3/27/2025 12:00:00 AM,RFC,WEST,ATSI,OE,6672.187,True
3/27/2025 5:00:00 AM,3/27/2025 1:00:00 AM,RFC,WEST,ATSI,OE,6572.938,True
3/27/2025 6:00:00 AM,3/27/2025 2:00:00 AM,RFC,WEST,ATSI,OE,6487.728,True
3/27/2025 7:00:00 AM,3/27/2025 3:00:00 AM,RFC,WEST,ATSI,OE,6501.390,True
3/27/2025 8:00:00 AM,3/27/2025 4:00:00 AM,RFC,WEST,ATSI,OE,6660.221,True
3/27/2025 9:00:00 AM,3/27/2025 5:00:00 AM,RFC,WEST,ATSI,OE,6884.532,True
3/27/2025 10:00:00 AM,3/27/2025 6:00:00 AM,RFC,WEST,ATSI,OE,7430.302,True
3/27/2025 11:00:00 AM,3/27/2025 7:00:00 AM,RFC,WEST,ATSI,OE,7795.279,True
3/27/2025 12:00:00 PM,3/27/2025 8:00:00 AM,RFC,WEST,ATSI,OE,7820.758,True
3/27/2025 1:00:00 PM,3/27/2025 9:00:00 AM,RFC,WEST,ATSI,OE,7650.110,True
3/27/2025 2:00:00 PM,3/27/2025 10:00:00 AM,RFC,WEST,ATSI,OE,7467.168,True
3/27/2025 3:00:00 PM,3/27/2025 11:00:00 AM,RFC,WEST,ATSI,OE,7241.596,True
3/27/2025 4:00:00 PM,3/27/2025 12:00:00 PM,RFC,WEST,ATSI,OE,7151.007,True
3/27/2025 5:00:00 PM,3/27/2025 1:00:00 PM,RFC,WEST,ATSI,OE,7172.818,True
3/27/2025 6:00:00 PM,3/27/2025 2:00:00 PM,RFC,WEST,ATSI,OE,7084.945,True
3/27/2025 7:00:00 PM,3/27/2025 3:00:00 PM,RFC,WEST,ATSI,OE,6968.078,True
3/27/2025 8:00:00 PM,3/27/2025 4:00:00 PM,RFC,WEST,ATSI,OE,6831.509,True
3/27/2025 9:00:00 PM,3/27/2025 5:00:00 PM,RFC,WEST,ATSI,OE,6880.152,True
3/27/2025 10:00:00 PM,3/27/2025 6:00:00 PM,RFC,WEST,ATSI,OE,6863.701,True
3/27/2025 11:00:00 PM,3/27/2025 7:00:00 PM,RFC,WEST,ATSI,OE,6943.812,True
3/28/2025 12:00:00 AM,3/27/2025 8:00:00 PM,RFC,WEST,ATSI,OE,7060.437,True
3/28/2025 1:00:00 AM,3/27/2025 9:00:00 PM,RFC,WEST,ATSI,OE,6731.448,True
3/28/2025 2:00:00 AM,3/27/2025 10:00:00 PM,RFC,WEST,ATSI,OE,6523.085,True
3/28/2025 3:00:00 AM,3/27/2025 11:00:00 PM,RFC,WEST,ATSI,OE,6274.019,True
3/28/2025 4:00:00 AM,3/28/2025 12:00:00 AM,RFC,WEST,ATSI,OE,6043.190,True
3/28/2025 5:00:00 AM,3/28/2025 1:00:00 AM,RFC,WEST,ATSI,OE,5927.368,True
3/28/2025 6:00:00 AM,3/28/2025 2:00:00 AM,RFC,WEST,ATSI,OE,5869.198,True
3/28/2025 7:00:00 AM,3/28/2025 3:00:00 AM,RFC,WEST,ATSI,OE,5783.471,True
3/28/2025 8:00:00 AM,3/28/2025 4:00:00 AM,RFC,WEST,ATSI,OE,5904.056,True
3/28/2025 9:00:00 AM,3/28/2025 5:00:00 AM,RFC,WEST,ATSI,OE,6255.836,True
3/28/2025 10:00:00 AM,3/28/2025 6:00:00 AM,RFC,WEST,ATSI,OE,6690.933,True
3/28/2025 11:00:00 AM,3/28/2025 7:00:00 AM,RFC,WEST,ATSI,OE,6976.879,True
3/28/2025 12:00:00 PM,3/28/2025 8:00:00 AM,RFC,WEST,ATSI,OE,7128.363,True
3/28/2025 1:00:00 PM,3/28/2025 9:00:00 AM,RFC,WEST,ATSI,OE,7216.737,True
3/28/2025 2:00:00 PM,3/28/2025 10:00:00 AM,RFC,WEST,ATSI,OE,7239.281,True
3/28/2025 3:00:00 PM,3/28/2025 11:00:00 AM,RFC,WEST,ATSI,OE,7285.689,True
3/28/2025 4:00:00 PM,3/28/2025 12:00:00 PM,RFC,WEST,ATSI,OE,7259.009,True
3/28/2025 5:00:00 PM,3/28/2025 1:00:00 PM,RFC,WEST,ATSI,OE,7236.504,True
3/28/2025 6:00:00 PM,3/28/2025 2:00:00 PM,RFC,WEST,ATSI,OE,7130.769,True
3/28/2025 7:00:00 PM,3/28/2025 3:00:00 PM,RFC,WEST,ATSI,OE,6940.873,True
3/28/2025 8:00:00 PM,3/28/2025 4:00:00 PM,RFC,WEST,ATSI,OE,6782.430,True
3/28/2025 9:00:00 PM,3/28/2025 5:00:00 PM,RFC,WEST,ATSI,OE,6504.262,True
3/28/2025 10:00:00 PM,3/28/2025 6:00:00 PM,RFC,WEST,ATSI,OE,6415.599,True
3/28/2025 11:00:00 PM,3/28/2025 7:00:00 PM,RFC,WEST,ATSI,OE,6504.300,True
3/29/2025 12:00:00 AM,3/28/2025 8:00:00 PM,RFC,WEST,ATSI,OE,6679.792,True
3/29/2025 1:00:00 AM,3/28/2025 9:00:00 PM,RFC,WEST,ATSI,OE,6507.642,True
3/29/2025 2:00:00 AM,3/28/2025 10:00:00 PM,RFC,WEST,ATSI,OE,6201.240,True
3/29/2025 3:00:00 AM,3/28/2025 11:00:00 PM,RFC,WEST,ATSI,OE,5900.626,True
3/29/2025 4:00:00 AM,3/29/2025 12:00:00 AM,RFC,WEST,ATSI,OE,5605.948,True
3/29/2025 5:00:00 AM,3/29/2025 1:00:00 AM,RFC,WEST,ATSI,OE,5551.697,True
3/29/2025 6:00:00 AM,3/29/2025 2:00:00 AM,RFC,WEST,ATSI,OE,5418.028,True
3/29/2025 7:00:00 AM,3/29/2025 3:00:00 AM,RFC,WEST,ATSI,OE,5387.978,True
3/29/2025 8:00:00 AM,3/29/2025 4:00:00 AM,RFC,WEST,ATSI,OE,5381.724,True
3/29/2025 9:00:00 AM,3/29/2025 5:00:00 AM,RFC,WEST,ATSI,OE,5489.325,True
3/29/2025 10:00:00 AM,3/29/2025 6:00:00 AM,RFC,WEST,ATSI,OE,5585.287,True
3/29/2025 11:00:00 AM,3/29/2025 7:00:00 AM,RFC,WEST,ATSI,OE,5797.955,True
3/29/2025 12:00:00 PM,3/29/2025 8:00:00 AM,RFC,WEST,ATSI,OE,5938.338,True
3/29/2025 1:00:00 PM,3/29/2025 9:00:00 AM,RFC,WEST,ATSI,OE,6149.471,True
3/29/2025 2:00:00 PM,3/29/2025 10:00:00 AM,RFC,WEST,ATSI,OE,6245.812,True
3/29/2025 3:00:00 PM,3/29/2025 11:00:00 AM,RFC,WEST,ATSI,OE,6172.830,True
3/29/2025 4:00:00 PM,3/29/2025 12:00:00 PM,RFC,WEST,ATSI,OE,6195.878,True
3/29/2025 5:00:00 PM,3/29/2025 1:00:00 PM,RFC,WEST,ATSI,OE,6142.464,True
3/29/2025 6:00:00 PM,3/29/2025 2:00:00 PM,RFC,WEST,ATSI,OE,6013.687,True
3/29/2025 7:00:00 PM,3/29/2025 3:00:00 PM,RFC,WEST,ATSI,OE,6030.571,True
3/29/2025 8:00:00 PM,3/29/2025 4:00:00 PM,RFC,WEST,ATSI,OE,6001.503,True
3/29/2025 9:00:00 PM,3/29/2025 5:00:00 PM,RFC,WEST,ATSI,OE,6053.128,True
3/29/2025 10:00:00 PM,3/29/2025 6:00:00 PM,RFC,WEST,ATSI,OE,6005.142,True
3/29/2025 11:00:00 PM,3/29/2025 7:00:00 PM,RFC,WEST,ATSI,OE,6048.573,True
3/30/2025 12:00:00 AM,3/29/2025 8:00:00 PM,RFC,WEST,ATSI,OE,6136.592,True
3/30/2025 1:00:00 AM,3/29/2025 9:00:00 PM,RFC,WEST,ATSI,OE,5977.254,True
3/30/2025 2:00:00 AM,3/29/2025 10:00:00 PM,RFC,WEST,ATSI,OE,5785.244,True
3/30/2025 3:00:00 AM,3/29/2025 11:00:00 PM,RFC,WEST,ATSI,OE,5539.853,True
3/30/2025 4:00:00 AM,3/30/2025 12:00:00 AM,RFC,WEST,ATSI,OE,5354.607,True
3/30/2025 5:00:00 AM,3/30/2025 1:00:00 AM,RFC,WEST,ATSI,OE,5186.114,True
3/30/2025 6:00:00 AM,3/30/2025 2:00:00 AM,RFC,WEST,ATSI,OE,5092.223,True
3/30/2025 7:00:00 AM,3/30/2025 3:00:00 AM,RFC,WEST,ATSI,OE,5055.260,True
3/30/2025 8:00:00 AM,3/30/2025 4:00:00 AM,RFC,WEST,ATSI,OE,5121.836,True
3/30/2025 9:00:00 AM,3/30/2025 5:00:00 AM,RFC,WEST,ATSI,OE,5216.696,True
3/30/2025 10:00:00 AM,3/30/2025 6:00:00 AM,RFC,WEST,ATSI,OE,5270.752,True
3/30/2025 11:00:00 AM,3/30/2025 7:00:00 AM,RFC,WEST,ATSI,OE,5454.395,True
3/30/2025 12:00:00 PM,3/30/2025 8:00:00 AM,RFC,WEST,ATSI,OE,5670.794,True
3/30/2025 1:00:00 PM,3/30/2025 9:00:00 AM,RFC,WEST,ATSI,OE,5852.607,True
3/30/2025 2:00:00 PM,3/30/2025 10:00:00 AM,RFC,WEST,ATSI,OE,6019.064,True
3/30/2025 3:00:00 PM,3/30/2025 11:00:00 AM,RFC,WEST,ATSI,OE,6144.691,True
3/30/2025 4:00:00 PM,3/30/2025 12:00:00 PM,RFC,WEST,ATSI,OE,6153.930,True
3/30/2025 5:00:00 PM,3/30/2025 1:00:00 PM,RFC,WEST,ATSI,OE,6045.255,True
3/30/2025 6:00:00 PM,3/30/2025 2:00:00 PM,RFC,WEST,ATSI,OE,6022.782,True
3/30/2025 7:00:00 PM,3/30/2025 3:00:00 PM,RFC,WEST,ATSI,OE,6109.080,True
3/30/2025 8:00:00 PM,3/30/2025 4:00:00 PM,RFC,WEST,ATSI,OE,6177.494,True
3/30/2025 9:00:00 PM,3/30/2025 5:00:00 PM,RFC,WEST,ATSI,OE,6212.943,True
3/30/2025 10:00:00 PM,3/30/2025 6:00:00 PM,RFC,WEST,ATSI,OE,6151.162,True
3/30/2025 11:00:00 PM,3/30/2025 7:00:00 PM,RFC,WEST,ATSI,OE,6172.649,True
3/31/2025 12:00:00 AM,3/30/2025 8:00:00 PM,RFC,WEST,ATSI,OE,6381.004,True
3/31/2025 1:00:00 AM,3/30/2025 9:00:00 PM,RFC,WEST,ATSI,OE,6184.734,True
3/31/2025 2:00:00 AM,3/30/2025 10:00:00 PM,RFC,WEST,ATSI,OE,5950.859,True
3/31/2025 3:00:00 AM,3/30/2025 11:00:00 PM,RFC,WEST,ATSI,OE,5715.714,True
3/31/2025 4:00:00 AM,3/31/2025 12:00:00 AM,RFC,WEST,ATSI,OE,5539.137,True
3/31/2025 5:00:00 AM,3/31/2025 1:00:00 AM,RFC,WEST,ATSI,OE,5440.435,True
3/31/2025 6:00:00 AM,3/31/2025 2:00:00 AM,RFC,WEST,ATSI,OE,5353.572,True
3/31/2025 7:00:00 AM,3/31/2025 3:00:00 AM,RFC,WEST,ATSI,OE,5407.316,True
3/31/2025 8:00:00 AM,3/31/2025 4:00:00 AM,RFC,WEST,ATSI,OE,5461.938,True
3/31/2025 9:00:00 AM,3/31/2025 5:00:00 AM,RFC,WEST,ATSI,OE,5717.217,True
3/31/2025 10:00:00 AM,3/31/2025 6:00:00 AM,RFC,WEST,ATSI,OE,6172.633,True
3/31/2025 11:00:00 AM,3/31/2025 7:00:00 AM,RFC,WEST,ATSI,OE,6574.531,True
3/31/2025 12:00:00 PM,3/31/2025 8:00:00 AM,RFC,WEST,ATSI,OE,6839.968,True
3/31/2025 1:00:00 PM,3/31/2025 9:00:00 AM,RFC,WEST,ATSI,OE,6935.339,True
3/31/2025 2:00:00 PM,3/31/2025 10:00:00 AM,RFC,WEST,ATSI,OE,7078.960,True
3/31/2025 3:00:00 PM,3/31/2025 11:00:00 AM,RFC,WEST,ATSI,OE,7041.623,True
3/31/2025 4:00:00 PM,3/31/2025 12:00:00 PM,RFC,WEST,ATSI,OE,7050.325,True
3/31/2025 5:00:00 PM,3/31/2025 1:00:00 PM,RFC,WEST,ATSI,OE,6989.128,True
3/31/2025 6:00:00 PM,3/31/2025 2:00:00 PM,RFC,WEST,ATSI,OE,7037.661,True
3/31/2025 7:00:00 PM,3/31/2025 3:00:00 PM,RFC,WEST,ATSI,OE,7013.882,True
3/31/2025 8:00:00 PM,3/31/2025 4:00:00 PM,RFC,WEST,ATSI,OE,6936.112,True
3/31/2025 9:00:00 PM,3/31/2025 5:00:00 PM,RFC,WEST,ATSI,OE,7054.811,True
3/31/2025 10:00:00 PM,3/31/2025 6:00:00 PM,RFC,WEST,ATSI,OE,7052.077,True
3/31/2025 11:00:00 PM,3/31/2025 7:00:00 PM,RFC,WEST,ATSI,OE,7084.301,True
4/1/2025 12:00:00 AM,3/31/2025 8:00:00 PM,RFC,WEST,ATSI,OE,7244.442,True
4/1/2025 1:00:00 AM,3/31/2025 9:00:00 PM,RFC,WEST,ATSI,OE,7053.765,True
4/1/2025 2:00:00 AM,3/31/2025 10:00:00 PM,RFC,WEST,ATSI,OE,6755.238,True
4/1/2025 3:00:00 AM,3/31/2025 11:00:00 PM,RFC,WEST,ATSI,OE,6464.428,True
4/1/2025 4:00:00 AM,4/1/2025 12:00:00 AM,RFC,WEST,ATSI,OE,6272.339,True
4/1/2025 5:00:00 AM,4/1/2025 1:00:00 AM,RFC,WEST,ATSI,OE,6138.538,True
4/1/2025 6:00:00 AM,4/1/2025 2:00:00 AM,RFC,WEST,ATSI,OE,6059.191,True
4/1/2025 7:00:00 AM,4/1/2025 3:00:00 AM,RFC,WEST,ATSI,OE,6099.283,True
4/1/2025 8:00:00 AM,4/1/2025 4:00:00 AM,RFC,WEST,ATSI,OE,6187.912,True
4/1/2025 9:00:00 AM,4/1/2025 5:00:00 AM,RFC,WEST,ATSI,OE,6504.521,True
4/1/2025 10:00:00 AM,4/1/2025 6:00:00 AM,RFC,WEST,ATSI,OE,7097.828,True
4/1/2025 11:00:00 AM,4/1/2025 7:00:00 AM,RFC,WEST,ATSI,OE,7440.217,True
4/1/2025 12:00:00 PM,4/1/2025 8:00:00 AM,RFC,WEST,ATSI,OE,7507.859,True
4/1/2025 1:00:00 PM,4/1/2025 9:00:00 AM,RFC,WEST,ATSI,OE,7532.643,True
4/1/2025 2:00:00 PM,4/1/2025 10:00:00 AM,RFC,WEST,ATSI,OE,7567.095,True
4/1/2025 3:00:00 PM,4/1/2025 11:00:00 AM,RFC,WEST,ATSI,OE,7413.691,True
4/1/2025 4:00:00 PM,4/1/2025 12:00:00 PM,RFC,WEST,ATSI,OE,7305.463,True
4/1/2025 5:00:00 PM,4/1/2025 1:00:00 PM,RFC,WEST,ATSI,OE,7079.950,True
4/1/2025 6:00:00 PM,4/1/2025 2:00:00 PM,RFC,WEST,ATSI,OE,6896.851,True
4/1/2025 7:00:00 PM,4/1/2025 3:00:00 PM,RFC,WEST,ATSI,OE,6801.061,True
4/1/2025 8:00:00 PM,4/1/2025 4:00:00 PM,RFC,WEST,ATSI,OE,6732.782,True
4/1/2025 9:00:00 PM,4/1/2025 5:00:00 PM,RFC,WEST,ATSI,OE,6682.547,True
4/1/2025 10:00:00 PM,4/1/2025 6:00:00 PM,RFC,WEST,ATSI,OE,6719.391,True
4/1/2025 11:00:00 PM,4/1/2025 7:00:00 PM,RFC,WEST,ATSI,OE,6876.417,True
4/2/2025 12:00:00 AM,4/1/2025 8:00:00 PM,RFC,WEST,ATSI,OE,7106.034,True
4/2/2025 1:00:00 AM,4/1/2025 9:00:00 PM,RFC,WEST,ATSI,OE,7021.116,True
4/2/2025 2:00:00 AM,4/1/2025 10:00:00 PM,RFC,WEST,ATSI,OE,6772.476,True
4/2/2025 3:00:00 AM,4/1/2025 11:00:00 PM,RFC,WEST,ATSI,OE,6530.322,True
4/2/2025 4:00:00 AM,4/2/2025 12:00:00 AM,RFC,WEST,ATSI,OE,6337.211,True
4/2/2025 5:00:00 AM,4/2/2025 1:00:00 AM,RFC,WEST,ATSI,OE,6234.066,True
4/2/2025 6:00:00 AM,4/2/2025 2:00:00 AM,RFC,WEST,ATSI,OE,6154.141,True
4/2/2025 7:00:00 AM,4/2/2025 3:00:00 AM,RFC,WEST,ATSI,OE,6138.442,True
4/2/2025 8:00:00 AM,4/2/2025 4:00:00 AM,RFC,WEST,ATSI,OE,6188.356,True
4/2/2025 9:00:00 AM,4/2/2025 5:00:00 AM,RFC,WEST,ATSI,OE,6419.735,True
4/2/2025 10:00:00 AM,4/2/2025 6:00:00 AM,RFC,WEST,ATSI,OE,7079.601,True
4/2/2025 11:00:00 AM,4/2/2025 7:00:00 AM,RFC,WEST,ATSI,OE,7353.842,True
4/2/2025 12:00:00 PM,4/2/2025 8:00:00 AM,RFC,WEST,ATSI,OE,7496.742,True
4/2/2025 1:00:00 PM,4/2/2025 9:00:00 AM,RFC,WEST,ATSI,OE,7640.455,True
4/2/2025 2:00:00 PM,4/2/2025 10:00:00 AM,RFC,WEST,ATSI,OE,7747.177,True
4/2/2025 3:00:00 PM,4/2/2025 11:00:00 AM,RFC,WEST,ATSI,OE,7695.181,True
4/2/2025 4:00:00 PM,4/2/2025 12:00:00 PM,RFC,WEST,ATSI,OE,7767.059,True
4/2/2025 5:00:00 PM,4/2/2025 1:00:00 PM,RFC,WEST,ATSI,OE,7680.067,True
4/2/2025 6:00:00 PM,4/2/2025 2:00:00 PM,RFC,WEST,ATSI,OE,7476.381,True
4/2/2025 7:00:00 PM,4/2/2025 3:00:00 PM,RFC,WEST,ATSI,OE,7380.243,True
4/2/2025 8:00:00 PM,4/2/2025 4:00:00 PM,RFC,WEST,ATSI,OE,7251.394,True
4/2/2025 9:00:00 PM,4/2/2025 5:00:00 PM,RFC,WEST,ATSI,OE,7077.355,True
4/2/2025 10:00:00 PM,4/2/2025 6:00:00 PM,RFC,WEST,ATSI,OE,7035.474,True
4/2/2025 11:00:00 PM,4/2/2025 7:00:00 PM,RFC,WEST,ATSI,OE,6974.325,True
4/3/2025 12:00:00 AM,4/2/2025 8:00:00 PM,RFC,WEST,ATSI,OE,6983.465,True
4/3/2025 1:00:00 AM,4/2/2025 9:00:00 PM,RFC,WEST,ATSI,OE,6814.703,True
4/3/2025 2:00:00 AM,4/2/2025 10:00:00 PM,RFC,WEST,ATSI,OE,6493.010,True
4/3/2025 3:00:00 AM,4/2/2025 11:00:00 PM,RFC,WEST,ATSI,OE,6202.126,True
4/3/2025 4:00:00 AM,4/3/2025 12:00:00 AM,RFC,WEST,ATSI,OE,5960.833,True
4/3/2025 5:00:00 AM,4/3/2025 1:00:00 AM,RFC,WEST,ATSI,OE,5784.752,True
4/3/2025 6:00:00 AM,4/3/2025 2:00:00 AM,RFC,WEST,ATSI,OE,5680.020,True
4/3/2025 7:00:00 AM,4/3/2025 3:00:00 AM,RFC,WEST,ATSI,OE,5630.185,True
4/3/2025 8:00:00 AM,4/3/2025 4:00:00 AM,RFC,WEST,ATSI,OE,5673.783,True
4/3/2025 9:00:00 AM,4/3/2025 5:00:00 AM,RFC,WEST,ATSI,OE,5940.169,True
4/3/2025 10:00:00 AM,4/3/2025 6:00:00 AM,RFC,WEST,ATSI,OE,6353.209,True
4/3/2025 11:00:00 AM,4/3/2025 7:00:00 AM,RFC,WEST,ATSI,OE,6720.275,True
4/3/2025 12:00:00 PM,4/3/2025 8:00:00 AM,RFC,WEST,ATSI,OE,6815.586,True
4/3/2025 1:00:00 PM,4/3/2025 9:00:00 AM,RFC,WEST,ATSI,OE,6896.087,True
4/3/2025 2:00:00 PM,4/3/2025 10:00:00 AM,RFC,WEST,ATSI,OE,6908.145,True
4/3/2025 3:00:00 PM,4/3/2025 11:00:00 AM,RFC,WEST,ATSI,OE,6868.828,True
4/3/2025 4:00:00 PM,4/3/2025 12:00:00 PM,RFC,WEST,ATSI,OE,6932.774,True
4/3/2025 5:00:00 PM,4/3/2025 1:00:00 PM,RFC,WEST,ATSI,OE,6863.489,True
4/3/2025 6:00:00 PM,4/3/2025 2:00:00 PM,RFC,WEST,ATSI,OE,6732.570,True
4/3/2025 7:00:00 PM,4/3/2025 3:00:00 PM,RFC,WEST,ATSI,OE,6681.974,True
4/3/2025 8:00:00 PM,4/3/2025 4:00:00 PM,RFC,WEST,ATSI,OE,6635.352,True
4/3/2025 9:00:00 PM,4/3/2025 5:00:00 PM,RFC,WEST,ATSI,OE,6634.401,True
4/3/2025 10:00:00 PM,4/3/2025 6:00:00 PM,RFC,WEST,ATSI,OE,6595.812,True
4/3/2025 11:00:00 PM,4/3/2025 7:00:00 PM,RFC,WEST,ATSI,OE,6635.191,True
4/4/2025 12:00:00 AM,4/3/2025 8:00:00 PM,RFC,WEST,ATSI,OE,6697.452,True
4/4/2025 1:00:00 AM,4/3/2025 9:00:00 PM,RFC,WEST,ATSI,OE,6440.096,True
4/4/2025 2:00:00 AM,4/3/2025 10:00:00 PM,RFC,WEST,ATSI,OE,6154.845,True
4/4/2025 3:00:00 AM,4/3/2025 11:00:00 PM,RFC,WEST,ATSI,OE,5909.223,True
4/4/2025 4:00:00 AM,4/4/2025 12:00:00 AM,RFC,WEST,ATSI,OE,5680.738,True
4/4/2025 5:00:00 AM,4/4/2025 1:00:00 AM,RFC,WEST,ATSI,OE,5617.206,True
4/4/2025 6:00:00 AM,4/4/2025 2:00:00 AM,RFC,WEST,ATSI,OE,5567.914,True
4/4/2025 7:00:00 AM,4/4/2025 3:00:00 AM,RFC,WEST,ATSI,OE,5501.891,True
4/4/2025 8:00:00 AM,4/4/2025 4:00:00 AM,RFC,WEST,ATSI,OE,5598.625,True
4/4/2025 9:00:00 AM,4/4/2025 5:00:00 AM,RFC,WEST,ATSI,OE,5897.734,True
4/4/2025 10:00:00 AM,4/4/2025 6:00:00 AM,RFC,WEST,ATSI,OE,6430.039,True
4/4/2025 11:00:00 AM,4/4/2025 7:00:00 AM,RFC,WEST,ATSI,OE,6762.731,True
4/4/2025 12:00:00 PM,4/4/2025 8:00:00 AM,RFC,WEST,ATSI,OE,6909.037,True
4/4/2025 1:00:00 PM,4/4/2025 9:00:00 AM,RFC,WEST,ATSI,OE,6917.101,True
4/4/2025 2:00:00 PM,4/4/2025 10:00:00 AM,RFC,WEST,ATSI,OE,6852.567,True
4/4/2025 3:00:00 PM,4/4/2025 11:00:00 AM,RFC,WEST,ATSI,OE,6770.810,True
4/4/2025 4:00:00 PM,4/4/2025 12:00:00 PM,RFC,WEST,ATSI,OE,6724.758,True
4/4/2025 5:00:00 PM,4/4/2025 1:00:00 PM,RFC,WEST,ATSI,OE,6760.110,True
4/4/2025 6:00:00 PM,4/4/2025 2:00:00 PM,RFC,WEST,ATSI,OE,6638.639,True
4/4/2025 7:00:00 PM,4/4/2025 3:00:00 PM,RFC,WEST,ATSI,OE,6583.937,True
4/4/2025 8:00:00 PM,4/4/2025 4:00:00 PM,RFC,WEST,ATSI,OE,6478.401,True
4/4/2025 9:00:00 PM,4/4/2025 5:00:00 PM,RFC,WEST,ATSI,OE,6508.590,True
4/4/2025 10:00:00 PM,4/4/2025 6:00:00 PM,RFC,WEST,ATSI,OE,6522.081,True
4/4/2025 11:00:00 PM,4/4/2025 7:00:00 PM,RFC,WEST,ATSI,OE,6556.050,True
4/5/2025 12:00:00 AM,4/4/2025 8:00:00 PM,RFC,WEST,ATSI,OE,6586.427,True
4/5/2025 1:00:00 AM,4/4/2025 9:00:00 PM,RFC,WEST,ATSI,OE,6447.017,True
4/5/2025 2:00:00 AM,4/4/2025 10:00:00 PM,RFC,WEST,ATSI,OE,6146.082,True
4/5/2025 3:00:00 AM,4/4/2025 11:00:00 PM,RFC,WEST,ATSI,OE,5811.700,True
4/5/2025 4:00:00 AM,4/5/2025 12:00:00 AM,RFC,WEST,ATSI,OE,5698.344,True
4/5/2025 5:00:00 AM,4/5/2025 1:00:00 AM,RFC,WEST,ATSI,OE,5584.238,True
4/5/2025 6:00:00 AM,4/5/2025 2:00:00 AM,RFC,WEST,ATSI,OE,5533.949,True
4/5/2025 7:00:00 AM,4/5/2025 3:00:00 AM,RFC,WEST,ATSI,OE,5475.240,True
4/5/2025 8:00:00 AM,4/5/2025 4:00:00 AM,RFC,WEST,ATSI,OE,5485.159,True
4/5/2025 9:00:00 AM,4/5/2025 5:00:00 AM,RFC,WEST,ATSI,OE,5606.439,True
4/5/2025 10:00:00 AM,4/5/2025 6:00:00 AM,RFC,WEST,ATSI,OE,5798.652,True
4/5/2025 11:00:00 AM,4/5/2025 7:00:00 AM,RFC,WEST,ATSI,OE,5931.617,True
4/5/2025 12:00:00 PM,4/5/2025 8:00:00 AM,RFC,WEST,ATSI,OE,6088.405,True
4/5/2025 1:00:00 PM,4/5/2025 9:00:00 AM,RFC,WEST,ATSI,OE,6222.701,True
4/5/2025 2:00:00 PM,4/5/2025 10:00:00 AM,RFC,WEST,ATSI,OE,6356.934,True
4/5/2025 3:00:00 PM,4/5/2025 11:00:00 AM,RFC,WEST,ATSI,OE,6367.580,True
4/5/2025 4:00:00 PM,4/5/2025 12:00:00 PM,RFC,WEST,ATSI,OE,6355.100,True
4/5/2025 5:00:00 PM,4/5/2025 1:00:00 PM,RFC,WEST,ATSI,OE,6321.678,True
4/5/2025 6:00:00 PM,4/5/2025 2:00:00 PM,RFC,WEST,ATSI,OE,6289.939,True
4/5/2025 7:00:00 PM,4/5/2025 3:00:00 PM,RFC,WEST,ATSI,OE,6233.755,True
4/5/2025 8:00:00 PM,4/5/2025 4:00:00 PM,RFC,WEST,ATSI,OE,6262.194,True
4/5/2025 9:00:00 PM,4/5/2025 5:00:00 PM,RFC,WEST,ATSI,OE,6236.599,True
4/5/2025 10:00:00 PM,4/5/2025 6:00:00 PM,RFC,WEST,ATSI,OE,6245.056,True
4/5/2025 11:00:00 PM,4/5/2025 7:00:00 PM,RFC,WEST,ATSI,OE,6286.346,True
4/6/2025 12:00:00 AM,4/5/2025 8:00:00 PM,RFC,WEST,ATSI,OE,6328.294,True
4/6/2025 1:00:00 AM,4/5/2025 9:00:00 PM,RFC,WEST,ATSI,OE,6235.375,True
4/6/2025 2:00:00 AM,4/5/2025 10:00:00 PM,RFC,WEST,ATSI,OE,6008.245,True
4/6/2025 3:00:00 AM,4/5/2025 11:00:00 PM,RFC,WEST,ATSI,OE,5813.024,True
4/6/2025 4:00:00 AM,4/6/2025 12:00:00 AM,RFC,WEST,ATSI,OE,5687.957,True
4/6/2025 5:00:00 AM,4/6/2025 1:00:00 AM,RFC,WEST,ATSI,OE,5527.703,True
4/6/2025 6:00:00 AM,4/6/2025 2:00:00 AM,RFC,WEST,ATSI,OE,5431.590,True
4/6/2025 7:00:00 AM,4/6/2025 3:00:00 AM,RFC,WEST,ATSI,OE,5446.780,True
4/6/2025 8:00:00 AM,4/6/2025 4:00:00 AM,RFC,WEST,ATSI,OE,5465.971,True
4/6/2025 9:00:00 AM,4/6/2025 5:00:00 AM,RFC,WEST,ATSI,OE,5644.420,True
4/6/2025 10:00:00 AM,4/6/2025 6:00:00 AM,RFC,WEST,ATSI,OE,5735.691,True
4/6/2025 11:00:00 AM,4/6/2025 7:00:00 AM,RFC,WEST,ATSI,OE,5865.520,True
4/6/2025 12:00:00 PM,4/6/2025 8:00:00 AM,RFC,WEST,ATSI,OE,6086.191,True
4/6/2025 1:00:00 PM,4/6/2025 9:00:00 AM,RFC,WEST,ATSI,OE,6331.127,True
4/6/2025 2:00:00 PM,4/6/2025 10:00:00 AM,RFC,WEST,ATSI,OE,6494.778,True
4/6/2025 3:00:00 PM,4/6/2025 11:00:00 AM,RFC,WEST,ATSI,OE,6566.512,True
4/6/2025 4:00:00 PM,4/6/2025 12:00:00 PM,RFC,WEST,ATSI,OE,6591.658,True
4/6/2025 5:00:00 PM,4/6/2025 1:00:00 PM,RFC,WEST,ATSI,OE,6643.937,True
4/6/2025 6:00:00 PM,4/6/2025 2:00:00 PM,RFC,WEST,ATSI,OE,6566.486,True
4/6/2025 7:00:00 PM,4/6/2025 3:00:00 PM,RFC,WEST,ATSI,OE,6632.668,True
4/6/2025 8:00:00 PM,4/6/2025 4:00:00 PM,RFC,WEST,ATSI,OE,6678.429,True
4/6/2025 9:00:00 PM,4/6/2025 5:00:00 PM,RFC,WEST,ATSI,OE,6744.415,True
4/6/2025 10:00:00 PM,4/6/2025 6:00:00 PM,RFC,WEST,ATSI,OE,6785.482,True
4/6/2025 11:00:00 PM,4/6/2025 7:00:00 PM,RFC,WEST,ATSI,OE,6763.840,True
4/7/2025 12:00:00 AM,4/6/2025 8:00:00 PM,RFC,WEST,ATSI,OE,6793.987,True
4/7/2025 1:00:00 AM,4/6/2025 9:00:00 PM,RFC,WEST,ATSI,OE,6783.861,True
4/7/2025 2:00:00 AM,4/6/2025 10:00:00 PM,RFC,WEST,ATSI,OE,6487.640,True
4/7/2025 3:00:00 AM,4/6/2025 11:00:00 PM,RFC,WEST,ATSI,OE,6374.247,True
4/7/2025 4:00:00 AM,4/7/2025 12:00:00 AM,RFC,WEST,ATSI,OE,6273.533,True
4/7/2025 5:00:00 AM,4/7/2025 1:00:00 AM,RFC,WEST,ATSI,OE,6172.337,True
4/7/2025 6:00:00 AM,4/7/2025 2:00:00 AM,RFC,WEST,ATSI,OE,6132.836,True
4/7/2025 7:00:00 AM,4/7/2025 3:00:00 AM,RFC,WEST,ATSI,OE,6151.402,True
4/7/2025 8:00:00 AM,4/7/2025 4:00:00 AM,RFC,WEST,ATSI,OE,6287.987,True
4/7/2025 9:00:00 AM,4/7/2025 5:00:00 AM,RFC,WEST,ATSI,OE,6678.385,True
4/7/2025 10:00:00 AM,4/7/2025 6:00:00 AM,RFC,WEST,ATSI,OE,7205.573,True
4/7/2025 11:00:00 AM,4/7/2025 7:00:00 AM,RFC,WEST,ATSI,OE,7609.529,True
4/7/2025 12:00:00 PM,4/7/2025 8:00:00 AM,RFC,WEST,ATSI,OE,7677.743,True
4/7/2025 1:00:00 PM,4/7/2025 9:00:00 AM,RFC,WEST,ATSI,OE,7663.179,True
4/7/2025 2:00:00 PM,4/7/2025 10:00:00 AM,RFC,WEST,ATSI,OE,7534.525,True
4/7/2025 3:00:00 PM,4/7/2025 11:00:00 AM,RFC,WEST,ATSI,OE,7338.546,True
4/7/2025 4:00:00 PM,4/7/2025 12:00:00 PM,RFC,WEST,ATSI,OE,7272.793,True
4/7/2025 5:00:00 PM,4/7/2025 1:00:00 PM,RFC,WEST,ATSI,OE,7248.538,True
4/7/2025 6:00:00 PM,4/7/2025 2:00:00 PM,RFC,WEST,ATSI,OE,7145.133,True
4/7/2025 7:00:00 PM,4/7/2025 3:00:00 PM,RFC,WEST,ATSI,OE,6980.132,True
4/7/2025 8:00:00 PM,4/7/2025 4:00:00 PM,RFC,WEST,ATSI,OE,7018.866,True
4/7/2025 9:00:00 PM,4/7/2025 5:00:00 PM,RFC,WEST,ATSI,OE,7146.208,True
4/7/2025 10:00:00 PM,4/7/2025 6:00:00 PM,RFC,WEST,ATSI,OE,7264.829,True
4/7/2025 11:00:00 PM,4/7/2025 7:00:00 PM,RFC,WEST,ATSI,OE,7368.640,True
4/8/2025 12:00:00 AM,4/7/2025 8:00:00 PM,RFC,WEST,ATSI,OE,7474.342,True
4/8/2025 1:00:00 AM,4/7/2025 9:00:00 PM,RFC,WEST,ATSI,OE,7294.161,True
4/8/2025 2:00:00 AM,4/7/2025 10:00:00 PM,RFC,WEST,ATSI,OE,7002.669,True
4/8/2025 3:00:00 AM,4/7/2025 11:00:00 PM,RFC,WEST,ATSI,OE,6820.377,True
4/8/2025 4:00:00 AM,4/8/2025 12:00:00 AM,RFC,WEST,ATSI,OE,6711.489,True
4/8/2025 5:00:00 AM,4/8/2025 1:00:00 AM,RFC,WEST,ATSI,OE,6619.348,True
4/8/2025 6:00:00 AM,4/8/2025 2:00:00 AM,RFC,WEST,ATSI,OE,6424.347,True
4/8/2025 7:00:00 AM,4/8/2025 3:00:00 AM,RFC,WEST,ATSI,OE,6480.397,True
4/8/2025 8:00:00 AM,4/8/2025 4:00:00 AM,RFC,WEST,ATSI,OE,6717.212,True
4/8/2025 9:00:00 AM,4/8/2025 5:00:00 AM,RFC,WEST,ATSI,OE,7049.413,True
4/8/2025 10:00:00 AM,4/8/2025 6:00:00 AM,RFC,WEST,ATSI,OE,7580.005,True
4/8/2025 11:00:00 AM,4/8/2025 7:00:00 AM,RFC,WEST,ATSI,OE,7897.382,True
4/8/2025 12:00:00 PM,4/8/2025 8:00:00 AM,RFC,WEST,ATSI,OE,7947.057,True
4/8/2025 1:00:00 PM,4/8/2025 9:00:00 AM,RFC,WEST,ATSI,OE,8014.712,True
4/8/2025 2:00:00 PM,4/8/2025 10:00:00 AM,RFC,WEST,ATSI,OE,8086.771,True
4/8/2025 3:00:00 PM,4/8/2025 11:00:00 AM,RFC,WEST,ATSI,OE,7847.471,True
4/8/2025 4:00:00 PM,4/8/2025 12:00:00 PM,RFC,WEST,ATSI,OE,7808.692,True
4/8/2025 5:00:00 PM,4/8/2025 1:00:00 PM,RFC,WEST,ATSI,OE,7692.553,True
4/8/2025 6:00:00 PM,4/8/2025 2:00:00 PM,RFC,WEST,ATSI,OE,7446.239,True
4/8/2025 7:00:00 PM,4/8/2025 3:00:00 PM,RFC,WEST,ATSI,OE,7236.817,True
4/8/2025 8:00:00 PM,4/8/2025 4:00:00 PM,RFC,WEST,ATSI,OE,7150.811,True
4/8/2025 9:00:00 PM,4/8/2025 5:00:00 PM,RFC,WEST,ATSI,OE,7107.352,True
4/8/2025 10:00:00 PM,4/8/2025 6:00:00 PM,RFC,WEST,ATSI,OE,7092.828,True
4/8/2025 11:00:00 PM,4/8/2025 7:00:00 PM,RFC,WEST,ATSI,OE,7281.418,True
4/9/2025 12:00:00 AM,4/8/2025 8:00:00 PM,RFC,WEST,ATSI,OE,7477.282,True
4/9/2025 1:00:00 AM,4/8/2025 9:00:00 PM,RFC,WEST,ATSI,OE,7329.509,True
4/9/2025 2:00:00 AM,4/8/2025 10:00:00 PM,RFC,WEST,ATSI,OE,6973.287,True
4/9/2025 3:00:00 AM,4/8/2025 11:00:00 PM,RFC,WEST,ATSI,OE,6682.008,True
4/9/2025 4:00:00 AM,4/9/2025 12:00:00 AM,RFC,WEST,ATSI,OE,6470.997,True
4/9/2025 5:00:00 AM,4/9/2025 1:00:00 AM,RFC,WEST,ATSI,OE,6328.057,True
4/9/2025 6:00:00 AM,4/9/2025 2:00:00 AM,RFC,WEST,ATSI,OE,6263.974,True
4/9/2025 7:00:00 AM,4/9/2025 3:00:00 AM,RFC,WEST,ATSI,OE,6238.226,True
4/9/2025 8:00:00 AM,4/9/2025 4:00:00 AM,RFC,WEST,ATSI,OE,6410.367,True
4/9/2025 9:00:00 AM,4/9/2025 5:00:00 AM,RFC,WEST,ATSI,OE,6743.104,True
4/9/2025 10:00:00 AM,4/9/2025 6:00:00 AM,RFC,WEST,ATSI,OE,7209.986,True
4/9/2025 11:00:00 AM,4/9/2025 7:00:00 AM,RFC,WEST,ATSI,OE,7491.997,True
4/9/2025 12:00:00 PM,4/9/2025 8:00:00 AM,RFC,WEST,ATSI,OE,7505.733,True
4/9/2025 1:00:00 PM,4/9/2025 9:00:00 AM,RFC,WEST,ATSI,OE,7413.630,True
4/9/2025 2:00:00 PM,4/9/2025 10:00:00 AM,RFC,WEST,ATSI,OE,7321.461,True
4/9/2025 3:00:00 PM,4/9/2025 11:00:00 AM,RFC,WEST,ATSI,OE,7147.036,True
4/9/2025 4:00:00 PM,4/9/2025 12:00:00 PM,RFC,WEST,ATSI,OE,7022.994,True
4/9/2025 5:00:00 PM,4/9/2025 1:00:00 PM,RFC,WEST,ATSI,OE,6971.497,True
4/9/2025 6:00:00 PM,4/9/2025 2:00:00 PM,RFC,WEST,ATSI,OE,6828.279,True
4/9/2025 7:00:00 PM,4/9/2025 3:00:00 PM,RFC,WEST,ATSI,OE,6828.780,True
4/9/2025 8:00:00 PM,4/9/2025 4:00:00 PM,RFC,WEST,ATSI,OE,6836.069,True
4/9/2025 9:00:00 PM,4/9/2025 5:00:00 PM,RFC,WEST,ATSI,OE,6938.512,True
4/9/2025 10:00:00 PM,4/9/2025 6:00:00 PM,RFC,WEST,ATSI,OE,6962.794,True
4/9/2025 11:00:00 PM,4/9/2025 7:00:00 PM,RFC,WEST,ATSI,OE,7068.405,True
4/10/2025 12:00:00 AM,4/9/2025 8:00:00 PM,RFC,WEST,ATSI,OE,7185.322,True
4/10/2025 1:00:00 AM,4/9/2025 9:00:00 PM,RFC,WEST,ATSI,OE,7026.744,True
4/10/2025 2:00:00 AM,4/9/2025 10:00:00 PM,RFC,WEST,ATSI,OE,6663.918,True
4/10/2025 3:00:00 AM,4/9/2025 11:00:00 PM,RFC,WEST,ATSI,OE,6463.523,True
4/10/2025 4:00:00 AM,4/10/2025 12:00:00 AM,RFC,WEST,ATSI,OE,6367.106,True
4/10/2025 5:00:00 AM,4/10/2025 1:00:00 AM,RFC,WEST,ATSI,OE,6193.909,True
4/10/2025 6:00:00 AM,4/10/2025 2:00:00 AM,RFC,WEST,ATSI,OE,6123.654,True
4/10/2025 7:00:00 AM,4/10/2025 3:00:00 AM,RFC,WEST,ATSI,OE,6155.625,True
4/10/2025 8:00:00 AM,4/10/2025 4:00:00 AM,RFC,WEST,ATSI,OE,6300.670,True
4/10/2025 9:00:00 AM,4/10/2025 5:00:00 AM,RFC,WEST,ATSI,OE,6520.351,True
4/10/2025 10:00:00 AM,4/10/2025 6:00:00 AM,RFC,WEST,ATSI,OE,7089.374,True
4/10/2025 11:00:00 AM,4/10/2025 7:00:00 AM,RFC,WEST,ATSI,OE,7407.347,True
4/10/2025 12:00:00 PM,4/10/2025 8:00:00 AM,RFC,WEST,ATSI,OE,7549.937,True
4/10/2025 1:00:00 PM,4/10/2025 9:00:00 AM,RFC,WEST,ATSI,OE,7627.093,True
4/10/2025 2:00:00 PM,4/10/2025 10:00:00 AM,RFC,WEST,ATSI,OE,7725.225,True
4/10/2025 3:00:00 PM,4/10/2025 11:00:00 AM,RFC,WEST,ATSI,OE,7684.054,True
4/10/2025 4:00:00 PM,4/10/2025 12:00:00 PM,RFC,WEST,ATSI,OE,7645.602,True
4/10/2025 5:00:00 PM,4/10/2025 1:00:00 PM,RFC,WEST,ATSI,OE,7608.548,True
4/10/2025 6:00:00 PM,4/10/2025 2:00:00 PM,RFC,WEST,ATSI,OE,7480.422,True
4/10/2025 7:00:00 PM,4/10/2025 3:00:00 PM,RFC,WEST,ATSI,OE,7312.941,True
4/10/2025 8:00:00 PM,4/10/2025 4:00:00 PM,RFC,WEST,ATSI,OE,7288.733,True
4/10/2025 9:00:00 PM,4/10/2025 5:00:00 PM,RFC,WEST,ATSI,OE,7193.647,True
4/10/2025 10:00:00 PM,4/10/2025 6:00:00 PM,RFC,WEST,ATSI,OE,7202.352,True
4/10/2025 11:00:00 PM,4/10/2025 7:00:00 PM,RFC,WEST,ATSI,OE,7178.810,True
4/11/2025 12:00:00 AM,4/10/2025 8:00:00 PM,RFC,WEST,ATSI,OE,7319.257,True
4/11/2025 1:00:00 AM,4/10/2025 9:00:00 PM,RFC,WEST,ATSI,OE,7129.993,True
4/11/2025 2:00:00 AM,4/10/2025 10:00:00 PM,RFC,WEST,ATSI,OE,6842.213,True
4/11/2025 3:00:00 AM,4/10/2025 11:00:00 PM,RFC,WEST,ATSI,OE,6601.943,True
4/11/2025 4:00:00 AM,4/11/2025 12:00:00 AM,RFC,WEST,ATSI,OE,6426.167,True
4/11/2025 5:00:00 AM,4/11/2025 1:00:00 AM,RFC,WEST,ATSI,OE,6252.157,True
4/11/2025 6:00:00 AM,4/11/2025 2:00:00 AM,RFC,WEST,ATSI,OE,6234.688,True
4/11/2025 7:00:00 AM,4/11/2025 3:00:00 AM,RFC,WEST,ATSI,OE,6259.682,True
4/11/2025 8:00:00 AM,4/11/2025 4:00:00 AM,RFC,WEST,ATSI,OE,6360.365,True
4/11/2025 9:00:00 AM,4/11/2025 5:00:00 AM,RFC,WEST,ATSI,OE,6625.653,True
4/11/2025 10:00:00 AM,4/11/2025 6:00:00 AM,RFC,WEST,ATSI,OE,7130.745,True
4/11/2025 11:00:00 AM,4/11/2025 7:00:00 AM,RFC,WEST,ATSI,OE,7434.747,True
4/11/2025 12:00:00 PM,4/11/2025 8:00:00 AM,RFC,WEST,ATSI,OE,7545.746,True
4/11/2025 1:00:00 PM,4/11/2025 9:00:00 AM,RFC,WEST,ATSI,OE,7729.928,True
4/11/2025 2:00:00 PM,4/11/2025 10:00:00 AM,RFC,WEST,ATSI,OE,7764.498,True
4/11/2025 3:00:00 PM,4/11/2025 11:00:00 AM,RFC,WEST,ATSI,OE,7689.793,True
4/11/2025 4:00:00 PM,4/11/2025 12:00:00 PM,RFC,WEST,ATSI,OE,7599.852,True
4/11/2025 5:00:00 PM,4/11/2025 1:00:00 PM,RFC,WEST,ATSI,OE,7556.222,True
4/11/2025 6:00:00 PM,4/11/2025 2:00:00 PM,RFC,WEST,ATSI,OE,7288.879,True
4/11/2025 7:00:00 PM,4/11/2025 3:00:00 PM,RFC,WEST,ATSI,OE,7042.233,True
4/11/2025 8:00:00 PM,4/11/2025 4:00:00 PM,RFC,WEST,ATSI,OE,6886.698,True
4/11/2025 9:00:00 PM,4/11/2025 5:00:00 PM,RFC,WEST,ATSI,OE,6837.925,True
4/11/2025 10:00:00 PM,4/11/2025 6:00:00 PM,RFC,WEST,ATSI,OE,6895.256,True
4/11/2025 11:00:00 PM,4/11/2025 7:00:00 PM,RFC,WEST,ATSI,OE,6905.099,True
4/12/2025 12:00:00 AM,4/11/2025 8:00:00 PM,RFC,WEST,ATSI,OE,6955.683,True
4/12/2025 1:00:00 AM,4/11/2025 9:00:00 PM,RFC,WEST,ATSI,OE,6895.156,True
4/12/2025 2:00:00 AM,4/11/2025 10:00:00 PM,RFC,WEST,ATSI,OE,6625.256,True
4/12/2025 3:00:00 AM,4/11/2025 11:00:00 PM,RFC,WEST,ATSI,OE,6388.767,True
4/12/2025 4:00:00 AM,4/12/2025 12:00:00 AM,RFC,WEST,ATSI,OE,6212.152,True
4/12/2025 5:00:00 AM,4/12/2025 1:00:00 AM,RFC,WEST,ATSI,OE,6113.356,True
4/12/2025 6:00:00 AM,4/12/2025 2:00:00 AM,RFC,WEST,ATSI,OE,6034.113,True
4/12/2025 7:00:00 AM,4/12/2025 3:00:00 AM,RFC,WEST,ATSI,OE,6030.369,True
4/12/2025 8:00:00 AM,4/12/2025 4:00:00 AM,RFC,WEST,ATSI,OE,6023.763,True
4/12/2025 9:00:00 AM,4/12/2025 5:00:00 AM,RFC,WEST,ATSI,OE,6174.348,True
4/12/2025 10:00:00 AM,4/12/2025 6:00:00 AM,RFC,WEST,ATSI,OE,6306.524,True
4/12/2025 11:00:00 AM,4/12/2025 7:00:00 AM,RFC,WEST,ATSI,OE,6494.716,True
4/12/2025 12:00:00 PM,4/12/2025 8:00:00 AM,RFC,WEST,ATSI,OE,6652.965,True
4/12/2025 1:00:00 PM,4/12/2025 9:00:00 AM,RFC,WEST,ATSI,OE,6729.702,True
4/12/2025 2:00:00 PM,4/12/2025 10:00:00 AM,RFC,WEST,ATSI,OE,6710.972,True
4/12/2025 3:00:00 PM,4/12/2025 11:00:00 AM,RFC,WEST,ATSI,OE,6680.355,True
4/12/2025 4:00:00 PM,4/12/2025 12:00:00 PM,RFC,WEST,ATSI,OE,6503.168,True
4/12/2025 5:00:00 PM,4/12/2025 1:00:00 PM,RFC,WEST,ATSI,OE,6274.344,True
4/12/2025 6:00:00 PM,4/12/2025 2:00:00 PM,RFC,WEST,ATSI,OE,6254.170,True
4/12/2025 7:00:00 PM,4/12/2025 3:00:00 PM,RFC,WEST,ATSI,OE,6159.679,True
4/12/2025 8:00:00 PM,4/12/2025 4:00:00 PM,RFC,WEST,ATSI,OE,6093.687,True
4/12/2025 9:00:00 PM,4/12/2025 5:00:00 PM,RFC,WEST,ATSI,OE,6031.850,True
4/12/2025 10:00:00 PM,4/12/2025 6:00:00 PM,RFC,WEST,ATSI,OE,6016.565,True
4/12/2025 11:00:00 PM,4/12/2025 7:00:00 PM,RFC,WEST,ATSI,OE,6095.752,True
4/13/2025 12:00:00 AM,4/12/2025 8:00:00 PM,RFC,WEST,ATSI,OE,6353.699,True
4/13/2025 1:00:00 AM,4/12/2025 9:00:00 PM,RFC,WEST,ATSI,OE,6368.285,True
4/13/2025 2:00:00 AM,4/12/2025 10:00:00 PM,RFC,WEST,ATSI,OE,6239.086,True
4/13/2025 3:00:00 AM,4/12/2025 11:00:00 PM,RFC,WEST,ATSI,OE,6076.562,True
4/13/2025 4:00:00 AM,4/13/2025 12:00:00 AM,RFC,WEST,ATSI,OE,5911.065,True
4/13/2025 5:00:00 AM,4/13/2025 1:00:00 AM,RFC,WEST,ATSI,OE,5819.470,True
4/13/2025 6:00:00 AM,4/13/2025 2:00:00 AM,RFC,WEST,ATSI,OE,5714.663,True
4/13/2025 7:00:00 AM,4/13/2025 3:00:00 AM,RFC,WEST,ATSI,OE,5827.034,True
4/13/2025 8:00:00 AM,4/13/2025 4:00:00 AM,RFC,WEST,ATSI,OE,5874.820,True
4/13/2025 9:00:00 AM,4/13/2025 5:00:00 AM,RFC,WEST,ATSI,OE,5999.523,True
4/13/2025 10:00:00 AM,4/13/2025 6:00:00 AM,RFC,WEST,ATSI,OE,6125.285,True
4/13/2025 11:00:00 AM,4/13/2025 7:00:00 AM,RFC,WEST,ATSI,OE,6188.671,True
4/13/2025 12:00:00 PM,4/13/2025 8:00:00 AM,RFC,WEST,ATSI,OE,6209.671,True
4/13/2025 1:00:00 PM,4/13/2025 9:00:00 AM,RFC,WEST,ATSI,OE,6283.202,True
4/13/2025 2:00:00 PM,4/13/2025 10:00:00 AM,RFC,WEST,ATSI,OE,6221.835,True
4/13/2025 3:00:00 PM,4/13/2025 11:00:00 AM,RFC,WEST,ATSI,OE,6147.980,True
4/13/2025 4:00:00 PM,4/13/2025 12:00:00 PM,RFC,WEST,ATSI,OE,6129.856,True
4/13/2025 5:00:00 PM,4/13/2025 1:00:00 PM,RFC,WEST,ATSI,OE,6041.067,True
4/13/2025 6:00:00 PM,4/13/2025 2:00:00 PM,RFC,WEST,ATSI,OE,5971.091,True
4/13/2025 7:00:00 PM,4/13/2025 3:00:00 PM,RFC,WEST,ATSI,OE,5931.872,True
4/13/2025 8:00:00 PM,4/13/2025 4:00:00 PM,RFC,WEST,ATSI,OE,6026.781,True
4/13/2025 9:00:00 PM,4/13/2025 5:00:00 PM,RFC,WEST,ATSI,OE,6094.080,True
4/13/2025 10:00:00 PM,4/13/2025 6:00:00 PM,RFC,WEST,ATSI,OE,6098.880,True
4/13/2025 11:00:00 PM,4/13/2025 7:00:00 PM,RFC,WEST,ATSI,OE,6181.504,True
4/14/2025 12:00:00 AM,4/13/2025 8:00:00 PM,RFC,WEST,ATSI,OE,6383.349,True
4/14/2025 1:00:00 AM,4/13/2025 9:00:00 PM,RFC,WEST,ATSI,OE,6253.320,True
4/14/2025 2:00:00 AM,4/13/2025 10:00:00 PM,RFC,WEST,ATSI,OE,5986.734,True
4/14/2025 3:00:00 AM,4/13/2025 11:00:00 PM,RFC,WEST,ATSI,OE,5831.225,True
4/14/2025 4:00:00 AM,4/14/2025 12:00:00 AM,RFC,WEST,ATSI,OE,5648.734,True
4/14/2025 5:00:00 AM,4/14/2025 1:00:00 AM,RFC,WEST,ATSI,OE,5511.282,True
4/14/2025 6:00:00 AM,4/14/2025 2:00:00 AM,RFC,WEST,ATSI,OE,5482.636,True
4/14/2025 7:00:00 AM,4/14/2025 3:00:00 AM,RFC,WEST,ATSI,OE,5469.111,True
4/14/2025 8:00:00 AM,4/14/2025 4:00:00 AM,RFC,WEST,ATSI,OE,5624.629,True
4/14/2025 9:00:00 AM,4/14/2025 5:00:00 AM,RFC,WEST,ATSI,OE,5923.506,True
4/14/2025 10:00:00 AM,4/14/2025 6:00:00 AM,RFC,WEST,ATSI,OE,6420.305,True
4/14/2025 11:00:00 AM,4/14/2025 7:00:00 AM,RFC,WEST,ATSI,OE,6779.170,True
4/14/2025 12:00:00 PM,4/14/2025 8:00:00 AM,RFC,WEST,ATSI,OE,6885.712,True
4/14/2025 1:00:00 PM,4/14/2025 9:00:00 AM,RFC,WEST,ATSI,OE,6917.008,True
4/14/2025 2:00:00 PM,4/14/2025 10:00:00 AM,RFC,WEST,ATSI,OE,6996.466,True
4/14/2025 3:00:00 PM,4/14/2025 11:00:00 AM,RFC,WEST,ATSI,OE,6868.274,True
4/14/2025 4:00:00 PM,4/14/2025 12:00:00 PM,RFC,WEST,ATSI,OE,6920.321,True
4/14/2025 5:00:00 PM,4/14/2025 1:00:00 PM,RFC,WEST,ATSI,OE,6929.176,True
4/14/2025 6:00:00 PM,4/14/2025 2:00:00 PM,RFC,WEST,ATSI,OE,6809.722,True
4/14/2025 7:00:00 PM,4/14/2025 3:00:00 PM,RFC,WEST,ATSI,OE,6726.006,True
4/14/2025 8:00:00 PM,4/14/2025 4:00:00 PM,RFC,WEST,ATSI,OE,6707.122,True
4/14/2025 9:00:00 PM,4/14/2025 5:00:00 PM,RFC,WEST,ATSI,OE,6652.610,True
4/14/2025 10:00:00 PM,4/14/2025 6:00:00 PM,RFC,WEST,ATSI,OE,6609.713,True
4/14/2025 11:00:00 PM,4/14/2025 7:00:00 PM,RFC,WEST,ATSI,OE,6647.531,True
4/15/2025 12:00:00 AM,4/14/2025 8:00:00 PM,RFC,WEST,ATSI,OE,6746.544,True
4/15/2025 1:00:00 AM,4/14/2025 9:00:00 PM,RFC,WEST,ATSI,OE,6620.928,True
4/15/2025 2:00:00 AM,4/14/2025 10:00:00 PM,RFC,WEST,ATSI,OE,6265.566,True
4/15/2025 3:00:00 AM,4/14/2025 11:00:00 PM,RFC,WEST,ATSI,OE,5928.948,True
4/15/2025 4:00:00 AM,4/15/2025 12:00:00 AM,RFC,WEST,ATSI,OE,5683.313,True
4/15/2025 5:00:00 AM,4/15/2025 1:00:00 AM,RFC,WEST,ATSI,OE,5651.512,True
4/15/2025 6:00:00 AM,4/15/2025 2:00:00 AM,RFC,WEST,ATSI,OE,5546.641,True
4/15/2025 7:00:00 AM,4/15/2025 3:00:00 AM,RFC,WEST,ATSI,OE,5578.224,True
4/15/2025 8:00:00 AM,4/15/2025 4:00:00 AM,RFC,WEST,ATSI,OE,5592.902,True
4/15/2025 9:00:00 AM,4/15/2025 5:00:00 AM,RFC,WEST,ATSI,OE,5883.073,True
4/15/2025 10:00:00 AM,4/15/2025 6:00:00 AM,RFC,WEST,ATSI,OE,6399.646,True
4/15/2025 11:00:00 AM,4/15/2025 7:00:00 AM,RFC,WEST,ATSI,OE,6748.946,True
4/15/2025 12:00:00 PM,4/15/2025 8:00:00 AM,RFC,WEST,ATSI,OE,6906.571,True
4/15/2025 1:00:00 PM,4/15/2025 9:00:00 AM,RFC,WEST,ATSI,OE,6933.431,True
4/15/2025 2:00:00 PM,4/15/2025 10:00:00 AM,RFC,WEST,ATSI,OE,7033.607,True
4/15/2025 3:00:00 PM,4/15/2025 11:00:00 AM,RFC,WEST,ATSI,OE,7081.624,True
4/15/2025 4:00:00 PM,4/15/2025 12:00:00 PM,RFC,WEST,ATSI,OE,7156.909,True
4/15/2025 5:00:00 PM,4/15/2025 1:00:00 PM,RFC,WEST,ATSI,OE,7193.033,True
4/15/2025 6:00:00 PM,4/15/2025 2:00:00 PM,RFC,WEST,ATSI,OE,7184.913,True
4/15/2025 7:00:00 PM,4/15/2025 3:00:00 PM,RFC,WEST,ATSI,OE,7026.977,True
4/15/2025 8:00:00 PM,4/15/2025 4:00:00 PM,RFC,WEST,ATSI,OE,7054.697,True
4/15/2025 9:00:00 PM,4/15/2025 5:00:00 PM,RFC,WEST,ATSI,OE,7127.802,True
4/15/2025 10:00:00 PM,4/15/2025 6:00:00 PM,RFC,WEST,ATSI,OE,7252.859,True
4/15/2025 11:00:00 PM,4/15/2025 7:00:00 PM,RFC,WEST,ATSI,OE,7278.192,True
4/16/2025 12:00:00 AM,4/15/2025 8:00:00 PM,RFC,WEST,ATSI,OE,7296.537,True
4/16/2025 1:00:00 AM,4/15/2025 9:00:00 PM,RFC,WEST,ATSI,OE,7086.386,True
4/16/2025 2:00:00 AM,4/15/2025 10:00:00 PM,RFC,WEST,ATSI,OE,6747.747,True
4/16/2025 3:00:00 AM,4/15/2025 11:00:00 PM,RFC,WEST,ATSI,OE,6402.811,True
4/16/2025 4:00:00 AM,4/16/2025 12:00:00 AM,RFC,WEST,ATSI,OE,6272.829,True
4/16/2025 5:00:00 AM,4/16/2025 1:00:00 AM,RFC,WEST,ATSI,OE,6170.121,True
4/16/2025 6:00:00 AM,4/16/2025 2:00:00 AM,RFC,WEST,ATSI,OE,6120.122,True
4/16/2025 7:00:00 AM,4/16/2025 3:00:00 AM,RFC,WEST,ATSI,OE,6112.994,True
4/16/2025 8:00:00 AM,4/16/2025 4:00:00 AM,RFC,WEST,ATSI,OE,6211.949,True
4/16/2025 9:00:00 AM,4/16/2025 5:00:00 AM,RFC,WEST,ATSI,OE,6556.515,True
4/16/2025 10:00:00 AM,4/16/2025 6:00:00 AM,RFC,WEST,ATSI,OE,7013.871,True
4/16/2025 11:00:00 AM,4/16/2025 7:00:00 AM,RFC,WEST,ATSI,OE,7281.001,True
4/16/2025 12:00:00 PM,4/16/2025 8:00:00 AM,RFC,WEST,ATSI,OE,7463.749,True
4/16/2025 1:00:00 PM,4/16/2025 9:00:00 AM,RFC,WEST,ATSI,OE,7587.827,True
4/16/2025 2:00:00 PM,4/16/2025 10:00:00 AM,RFC,WEST,ATSI,OE,7523.301,True
4/16/2025 3:00:00 PM,4/16/2025 11:00:00 AM,RFC,WEST,ATSI,OE,7467.341,True
4/16/2025 4:00:00 PM,4/16/2025 12:00:00 PM,RFC,WEST,ATSI,OE,7400.958,True
4/16/2025 5:00:00 PM,4/16/2025 1:00:00 PM,RFC,WEST,ATSI,OE,7361.871,True
4/16/2025 6:00:00 PM,4/16/2025 2:00:00 PM,RFC,WEST,ATSI,OE,7120.039,True
4/16/2025 7:00:00 PM,4/16/2025 3:00:00 PM,RFC,WEST,ATSI,OE,6878.094,True
4/16/2025 8:00:00 PM,4/16/2025 4:00:00 PM,RFC,WEST,ATSI,OE,6746.935,True
4/16/2025 9:00:00 PM,4/16/2025 5:00:00 PM,RFC,WEST,ATSI,OE,6636.072,True
4/16/2025 10:00:00 PM,4/16/2025 6:00:00 PM,RFC,WEST,ATSI,OE,6661.070,True
4/16/2025 11:00:00 PM,4/16/2025 7:00:00 PM,RFC,WEST,ATSI,OE,6782.698,True
4/17/2025 12:00:00 AM,4/16/2025 8:00:00 PM,RFC,WEST,ATSI,OE,6998.484,True
4/17/2025 1:00:00 AM,4/16/2025 9:00:00 PM,RFC,WEST,ATSI,OE,6978.781,True
4/17/2025 2:00:00 AM,4/16/2025 10:00:00 PM,RFC,WEST,ATSI,OE,6705.678,True
4/17/2025 3:00:00 AM,4/16/2025 11:00:00 PM,RFC,WEST,ATSI,OE,6410.417,True
4/17/2025 4:00:00 AM,4/17/2025 12:00:00 AM,RFC,WEST,ATSI,OE,6273.131,True
4/17/2025 5:00:00 AM,4/17/2025 1:00:00 AM,RFC,WEST,ATSI,OE,6189.965,True
4/17/2025 6:00:00 AM,4/17/2025 2:00:00 AM,RFC,WEST,ATSI,OE,6182.364,True
4/17/2025 7:00:00 AM,4/17/2025 3:00:00 AM,RFC,WEST,ATSI,OE,6202.930,True
4/17/2025 8:00:00 AM,4/17/2025 4:00:00 AM,RFC,WEST,ATSI,OE,6345.683,True
4/17/2025 9:00:00 AM,4/17/2025 5:00:00 AM,RFC,WEST,ATSI,OE,6647.907,True
4/17/2025 10:00:00 AM,4/17/2025 6:00:00 AM,RFC,WEST,ATSI,OE,7061.682,True
4/17/2025 11:00:00 AM,4/17/2025 7:00:00 AM,RFC,WEST,ATSI,OE,7372.737,True
4/17/2025 12:00:00 PM,4/17/2025 8:00:00 AM,RFC,WEST,ATSI,OE,7357.674,True
4/17/2025 1:00:00 PM,4/17/2025 9:00:00 AM,RFC,WEST,ATSI,OE,7219.786,True
4/17/2025 2:00:00 PM,4/17/2025 10:00:00 AM,RFC,WEST,ATSI,OE,7108.239,True
4/17/2025 3:00:00 PM,4/17/2025 11:00:00 AM,RFC,WEST,ATSI,OE,6999.234,True
4/17/2025 4:00:00 PM,4/17/2025 12:00:00 PM,RFC,WEST,ATSI,OE,6856.652,True
4/17/2025 5:00:00 PM,4/17/2025 1:00:00 PM,RFC,WEST,ATSI,OE,6807.116,True
4/17/2025 6:00:00 PM,4/17/2025 2:00:00 PM,RFC,WEST,ATSI,OE,6673.961,True
4/17/2025 7:00:00 PM,4/17/2025 3:00:00 PM,RFC,WEST,ATSI,OE,6616.029,True
4/17/2025 8:00:00 PM,4/17/2025 4:00:00 PM,RFC,WEST,ATSI,OE,6479.287,True
4/17/2025 9:00:00 PM,4/17/2025 5:00:00 PM,RFC,WEST,ATSI,OE,6443.207,True
4/17/2025 10:00:00 PM,4/17/2025 6:00:00 PM,RFC,WEST,ATSI,OE,6395.840,True
4/17/2025 11:00:00 PM,4/17/2025 7:00:00 PM,RFC,WEST,ATSI,OE,6460.817,True
4/18/2025 12:00:00 AM,4/17/2025 8:00:00 PM,RFC,WEST,ATSI,OE,6627.032,True
4/18/2025 1:00:00 AM,4/17/2025 9:00:00 PM,RFC,WEST,ATSI,OE,6447.977,True
4/18/2025 2:00:00 AM,4/17/2025 10:00:00 PM,RFC,WEST,ATSI,OE,6155.864,True
4/18/2025 3:00:00 AM,4/17/2025 11:00:00 PM,RFC,WEST,ATSI,OE,5848.343,True
4/18/2025 4:00:00 AM,4/18/2025 12:00:00 AM,RFC,WEST,ATSI,OE,5705.054,True
4/18/2025 5:00:00 AM,4/18/2025 1:00:00 AM,RFC,WEST,ATSI,OE,5558.808,True
4/18/2025 6:00:00 AM,4/18/2025 2:00:00 AM,RFC,WEST,ATSI,OE,5457.955,True
4/18/2025 7:00:00 AM,4/18/2025 3:00:00 AM,RFC,WEST,ATSI,OE,5445.224,True
4/18/2025 8:00:00 AM,4/18/2025 4:00:00 AM,RFC,WEST,ATSI,OE,5485.753,True
4/18/2025 9:00:00 AM,4/18/2025 5:00:00 AM,RFC,WEST,ATSI,OE,5691.731,True
4/18/2025 10:00:00 AM,4/18/2025 6:00:00 AM,RFC,WEST,ATSI,OE,5999.438,True
4/18/2025 11:00:00 AM,4/18/2025 7:00:00 AM,RFC,WEST,ATSI,OE,6155.449,True
4/18/2025 12:00:00 PM,4/18/2025 8:00:00 AM,RFC,WEST,ATSI,OE,6346.644,True
4/18/2025 1:00:00 PM,4/18/2025 9:00:00 AM,RFC,WEST,ATSI,OE,6453.086,True
4/18/2025 2:00:00 PM,4/18/2025 10:00:00 AM,RFC,WEST,ATSI,OE,6383.247,True
4/18/2025 3:00:00 PM,4/18/2025 11:00:00 AM,RFC,WEST,ATSI,OE,6393.907,True
4/18/2025 4:00:00 PM,4/18/2025 12:00:00 PM,RFC,WEST,ATSI,OE,6420.202,True
4/18/2025 5:00:00 PM,4/18/2025 1:00:00 PM,RFC,WEST,ATSI,OE,6417.363,True
4/18/2025 6:00:00 PM,4/18/2025 2:00:00 PM,RFC,WEST,ATSI,OE,6369.728,True
4/18/2025 7:00:00 PM,4/18/2025 3:00:00 PM,RFC,WEST,ATSI,OE,6372.240,True
4/18/2025 8:00:00 PM,4/18/2025 4:00:00 PM,RFC,WEST,ATSI,OE,6419.777,True
4/18/2025 9:00:00 PM,4/18/2025 5:00:00 PM,RFC,WEST,ATSI,OE,6474.391,True
4/18/2025 10:00:00 PM,4/18/2025 6:00:00 PM,RFC,WEST,ATSI,OE,6441.955,True
4/18/2025 11:00:00 PM,4/18/2025 7:00:00 PM,RFC,WEST,ATSI,OE,6364.166,True
4/19/2025 12:00:00 AM,4/18/2025 8:00:00 PM,RFC,WEST,ATSI,OE,6421.307,True
4/19/2025 1:00:00 AM,4/18/2025 9:00:00 PM,RFC,WEST,ATSI,OE,6441.730,True
4/19/2025 2:00:00 AM,4/18/2025 10:00:00 PM,RFC,WEST,ATSI,OE,6183.452,True
4/19/2025 3:00:00 AM,4/18/2025 11:00:00 PM,RFC,WEST,ATSI,OE,5819.559,True
4/19/2025 4:00:00 AM,4/19/2025 12:00:00 AM,RFC,WEST,ATSI,OE,5592.223,True
4/19/2025 5:00:00 AM,4/19/2025 1:00:00 AM,RFC,WEST,ATSI,OE,5374.942,True
4/19/2025 6:00:00 AM,4/19/2025 2:00:00 AM,RFC,WEST,ATSI,OE,5238.495,True
4/19/2025 7:00:00 AM,4/19/2025 3:00:00 AM,RFC,WEST,ATSI,OE,5181.750,True
4/19/2025 8:00:00 AM,4/19/2025 4:00:00 AM,RFC,WEST,ATSI,OE,5171.818,True
4/19/2025 9:00:00 AM,4/19/2025 5:00:00 AM,RFC,WEST,ATSI,OE,5243.556,True
4/19/2025 10:00:00 AM,4/19/2025 6:00:00 AM,RFC,WEST,ATSI,OE,5373.340,True
4/19/2025 11:00:00 AM,4/19/2025 7:00:00 AM,RFC,WEST,ATSI,OE,5459.974,True
4/19/2025 12:00:00 PM,4/19/2025 8:00:00 AM,RFC,WEST,ATSI,OE,5760.139,True
4/19/2025 1:00:00 PM,4/19/2025 9:00:00 AM,RFC,WEST,ATSI,OE,5984.758,True
4/19/2025 2:00:00 PM,4/19/2025 10:00:00 AM,RFC,WEST,ATSI,OE,6176.910,True
4/19/2025 3:00:00 PM,4/19/2025 11:00:00 AM,RFC,WEST,ATSI,OE,6271.738,True
4/19/2025 4:00:00 PM,4/19/2025 12:00:00 PM,RFC,WEST,ATSI,OE,6291.212,True
4/19/2025 5:00:00 PM,4/19/2025 1:00:00 PM,RFC,WEST,ATSI,OE,6283.613,True
4/19/2025 6:00:00 PM,4/19/2025 2:00:00 PM,RFC,WEST,ATSI,OE,6225.741,True
4/19/2025 7:00:00 PM,4/19/2025 3:00:00 PM,RFC,WEST,ATSI,OE,6161.337,True
4/19/2025 8:00:00 PM,4/19/2025 4:00:00 PM,RFC,WEST,ATSI,OE,6205.577,True
4/19/2025 9:00:00 PM,4/19/2025 5:00:00 PM,RFC,WEST,ATSI,OE,6215.037,True
4/19/2025 10:00:00 PM,4/19/2025 6:00:00 PM,RFC,WEST,ATSI,OE,6150.922,True
4/19/2025 11:00:00 PM,4/19/2025 7:00:00 PM,RFC,WEST,ATSI,OE,6093.746,True
4/20/2025 12:00:00 AM,4/19/2025 8:00:00 PM,RFC,WEST,ATSI,OE,6130.566,True
4/20/2025 1:00:00 AM,4/19/2025 9:00:00 PM,RFC,WEST,ATSI,OE,6054.001,True
4/20/2025 2:00:00 AM,4/19/2025 10:00:00 PM,RFC,WEST,ATSI,OE,5831.220,True
4/20/2025 3:00:00 AM,4/19/2025 11:00:00 PM,RFC,WEST,ATSI,OE,5459.301,True
4/20/2025 4:00:00 AM,4/20/2025 12:00:00 AM,RFC,WEST,ATSI,OE,5271.867,True
4/20/2025 5:00:00 AM,4/20/2025 1:00:00 AM,RFC,WEST,ATSI,OE,5054.179,True
4/20/2025 6:00:00 AM,4/20/2025 2:00:00 AM,RFC,WEST,ATSI,OE,4932.472,True
4/20/2025 7:00:00 AM,4/20/2025 3:00:00 AM,RFC,WEST,ATSI,OE,4813.384,True
4/20/2025 8:00:00 AM,4/20/2025 4:00:00 AM,RFC,WEST,ATSI,OE,4897.225,True
4/20/2025 9:00:00 AM,4/20/2025 5:00:00 AM,RFC,WEST,ATSI,OE,4959.924,True
4/20/2025 10:00:00 AM,4/20/2025 6:00:00 AM,RFC,WEST,ATSI,OE,5068.840,True
4/20/2025 11:00:00 AM,4/20/2025 7:00:00 AM,RFC,WEST,ATSI,OE,5224.279,True
4/20/2025 12:00:00 PM,4/20/2025 8:00:00 AM,RFC,WEST,ATSI,OE,5426.447,True
4/20/2025 1:00:00 PM,4/20/2025 9:00:00 AM,RFC,WEST,ATSI,OE,5546.965,True
4/20/2025 2:00:00 PM,4/20/2025 10:00:00 AM,RFC,WEST,ATSI,OE,5664.345,True
4/20/2025 3:00:00 PM,4/20/2025 11:00:00 AM,RFC,WEST,ATSI,OE,5725.529,True
4/20/2025 4:00:00 PM,4/20/2025 12:00:00 PM,RFC,WEST,ATSI,OE,5664.085,True
4/20/2025 5:00:00 PM,4/20/2025 1:00:00 PM,RFC,WEST,ATSI,OE,5596.521,True
4/20/2025 6:00:00 PM,4/20/2025 2:00:00 PM,RFC,WEST,ATSI,OE,5443.118,True
4/20/2025 7:00:00 PM,4/20/2025 3:00:00 PM,RFC,WEST,ATSI,OE,5466.975,True
4/20/2025 8:00:00 PM,4/20/2025 4:00:00 PM,RFC,WEST,ATSI,OE,5439.912,True
4/20/2025 9:00:00 PM,4/20/2025 5:00:00 PM,RFC,WEST,ATSI,OE,5501.990,True
4/20/2025 10:00:00 PM,4/20/2025 6:00:00 PM,RFC,WEST,ATSI,OE,5561.103,True
4/20/2025 11:00:00 PM,4/20/2025 7:00:00 PM,RFC,WEST,ATSI,OE,5647.064,True
4/21/2025 12:00:00 AM,4/20/2025 8:00:00 PM,RFC,WEST,ATSI,OE,5893.279,True
4/21/2025 1:00:00 AM,4/20/2025 9:00:00 PM,RFC,WEST,ATSI,OE,5906.598,True
4/21/2025 2:00:00 AM,4/20/2025 10:00:00 PM,RFC,WEST,ATSI,OE,5676.442,True
4/21/2025 3:00:00 AM,4/20/2025 11:00:00 PM,RFC,WEST,ATSI,OE,5417.318,True
4/21/2025 4:00:00 AM,4/21/2025 12:00:00 AM,RFC,WEST,ATSI,OE,5299.620,True
4/21/2025 5:00:00 AM,4/21/2025 1:00:00 AM,RFC,WEST,ATSI,OE,5178.187,True
4/21/2025 6:00:00 AM,4/21/2025 2:00:00 AM,RFC,WEST,ATSI,OE,5153.758,True
4/21/2025 7:00:00 AM,4/21/2025 3:00:00 AM,RFC,WEST,ATSI,OE,5164.418,True
4/21/2025 8:00:00 AM,4/21/2025 4:00:00 AM,RFC,WEST,ATSI,OE,5253.223,True
4/21/2025 9:00:00 AM,4/21/2025 5:00:00 AM,RFC,WEST,ATSI,OE,5574.977,True
4/21/2025 10:00:00 AM,4/21/2025 6:00:00 AM,RFC,WEST,ATSI,OE,6052.334,True
4/21/2025 11:00:00 AM,4/21/2025 7:00:00 AM,RFC,WEST,ATSI,OE,6398.391,True
4/21/2025 12:00:00 PM,4/21/2025 8:00:00 AM,RFC,WEST,ATSI,OE,6583.519,True
4/21/2025 1:00:00 PM,4/21/2025 9:00:00 AM,RFC,WEST,ATSI,OE,6734.571,True
4/21/2025 2:00:00 PM,4/21/2025 10:00:00 AM,RFC,WEST,ATSI,OE,6833.045,True
4/21/2025 3:00:00 PM,4/21/2025 11:00:00 AM,RFC,WEST,ATSI,OE,6893.492,True
4/21/2025 4:00:00 PM,4/21/2025 12:00:00 PM,RFC,WEST,ATSI,OE,6966.456,True
4/21/2025 5:00:00 PM,4/21/2025 1:00:00 PM,RFC,WEST,ATSI,OE,6992.838,True
4/21/2025 6:00:00 PM,4/21/2025 2:00:00 PM,RFC,WEST,ATSI,OE,7013.304,True
4/21/2025 7:00:00 PM,4/21/2025 3:00:00 PM,RFC,WEST,ATSI,OE,6849.073,True
4/21/2025 8:00:00 PM,4/21/2025 4:00:00 PM,RFC,WEST,ATSI,OE,6703.612,True
4/21/2025 9:00:00 PM,4/21/2025 5:00:00 PM,RFC,WEST,ATSI,OE,6716.922,True
4/21/2025 10:00:00 PM,4/21/2025 6:00:00 PM,RFC,WEST,ATSI,OE,6736.233,True
4/21/2025 11:00:00 PM,4/21/2025 7:00:00 PM,RFC,WEST,ATSI,OE,6706.261,True
4/22/2025 12:00:00 AM,4/21/2025 8:00:00 PM,RFC,WEST,ATSI,OE,6715.099,True
4/22/2025 1:00:00 AM,4/21/2025 9:00:00 PM,RFC,WEST,ATSI,OE,6600.416,True
4/22/2025 2:00:00 AM,4/21/2025 10:00:00 PM,RFC,WEST,ATSI,OE,6278.756,True
4/22/2025 3:00:00 AM,4/21/2025 11:00:00 PM,RFC,WEST,ATSI,OE,5920.176,True
4/22/2025 4:00:00 AM,4/22/2025 12:00:00 AM,RFC,WEST,ATSI,OE,5605.632,True
4/22/2025 5:00:00 AM,4/22/2025 1:00:00 AM,RFC,WEST,ATSI,OE,5459.235,True
4/22/2025 6:00:00 AM,4/22/2025 2:00:00 AM,RFC,WEST,ATSI,OE,5371.509,True
4/22/2025 7:00:00 AM,4/22/2025 3:00:00 AM,RFC,WEST,ATSI,OE,5326.373,True
4/22/2025 8:00:00 AM,4/22/2025 4:00:00 AM,RFC,WEST,ATSI,OE,5513.905,True
4/22/2025 9:00:00 AM,4/22/2025 5:00:00 AM,RFC,WEST,ATSI,OE,5730.316,True
4/22/2025 10:00:00 AM,4/22/2025 6:00:00 AM,RFC,WEST,ATSI,OE,6177.349,True
4/22/2025 11:00:00 AM,4/22/2025 7:00:00 AM,RFC,WEST,ATSI,OE,6570.654,True
4/22/2025 12:00:00 PM,4/22/2025 8:00:00 AM,RFC,WEST,ATSI,OE,6685.615,True
4/22/2025 1:00:00 PM,4/22/2025 9:00:00 AM,RFC,WEST,ATSI,OE,6694.369,True
4/22/2025 2:00:00 PM,4/22/2025 10:00:00 AM,RFC,WEST,ATSI,OE,6777.433,True
4/22/2025 3:00:00 PM,4/22/2025 11:00:00 AM,RFC,WEST,ATSI,OE,6735.960,True
4/22/2025 4:00:00 PM,4/22/2025 12:00:00 PM,RFC,WEST,ATSI,OE,6758.598,True
4/22/2025 5:00:00 PM,4/22/2025 1:00:00 PM,RFC,WEST,ATSI,OE,6744.821,True
4/22/2025 6:00:00 PM,4/22/2025 2:00:00 PM,RFC,WEST,ATSI,OE,6744.232,True
4/22/2025 7:00:00 PM,4/22/2025 3:00:00 PM,RFC,WEST,ATSI,OE,6651.411,True
4/22/2025 8:00:00 PM,4/22/2025 4:00:00 PM,RFC,WEST,ATSI,OE,6635.301,True
4/22/2025 9:00:00 PM,4/22/2025 5:00:00 PM,RFC,WEST,ATSI,OE,6535.315,True
4/22/2025 10:00:00 PM,4/22/2025 6:00:00 PM,RFC,WEST,ATSI,OE,6528.796,True
4/22/2025 11:00:00 PM,4/22/2025 7:00:00 PM,RFC,WEST,ATSI,OE,6475.469,True
4/23/2025 12:00:00 AM,4/22/2025 8:00:00 PM,RFC,WEST,ATSI,OE,6593.403,True
4/23/2025 1:00:00 AM,4/22/2025 9:00:00 PM,RFC,WEST,ATSI,OE,6441.873,True
4/23/2025 2:00:00 AM,4/22/2025 10:00:00 PM,RFC,WEST,ATSI,OE,6187.897,True
4/23/2025 3:00:00 AM,4/22/2025 11:00:00 PM,RFC,WEST,ATSI,OE,5828.614,True
4/23/2025 4:00:00 AM,4/23/2025 12:00:00 AM,RFC,WEST,ATSI,OE,5637.916,True
4/23/2025 5:00:00 AM,4/23/2025 1:00:00 AM,RFC,WEST,ATSI,OE,5563.853,True
4/23/2025 6:00:00 AM,4/23/2025 2:00:00 AM,RFC,WEST,ATSI,OE,5468.671,True
4/23/2025 7:00:00 AM,4/23/2025 3:00:00 AM,RFC,WEST,ATSI,OE,5436.247,True
4/23/2025 8:00:00 AM,4/23/2025 4:00:00 AM,RFC,WEST,ATSI,OE,5540.991,True
4/23/2025 9:00:00 AM,4/23/2025 5:00:00 AM,RFC,WEST,ATSI,OE,5761.976,True
4/23/2025 10:00:00 AM,4/23/2025 6:00:00 AM,RFC,WEST,ATSI,OE,6251.374,True
4/23/2025 11:00:00 AM,4/23/2025 7:00:00 AM,RFC,WEST,ATSI,OE,6525.325,True
4/23/2025 12:00:00 PM,4/23/2025 8:00:00 AM,RFC,WEST,ATSI,OE,6751.436,True
4/23/2025 1:00:00 PM,4/23/2025 9:00:00 AM,RFC,WEST,ATSI,OE,6743.009,True
4/23/2025 2:00:00 PM,4/23/2025 10:00:00 AM,RFC,WEST,ATSI,OE,6781.387,True
4/23/2025 3:00:00 PM,4/23/2025 11:00:00 AM,RFC,WEST,ATSI,OE,6786.437,True
4/23/2025 4:00:00 PM,4/23/2025 12:00:00 PM,RFC,WEST,ATSI,OE,6847.170,True
4/23/2025 5:00:00 PM,4/23/2025 1:00:00 PM,RFC,WEST,ATSI,OE,6927.178,True
4/23/2025 6:00:00 PM,4/23/2025 2:00:00 PM,RFC,WEST,ATSI,OE,6993.141,True
4/23/2025 7:00:00 PM,4/23/2025 3:00:00 PM,RFC,WEST,ATSI,OE,6956.276,True
4/23/2025 8:00:00 PM,4/23/2025 4:00:00 PM,RFC,WEST,ATSI,OE,6951.388,True
4/23/2025 9:00:00 PM,4/23/2025 5:00:00 PM,RFC,WEST,ATSI,OE,6939.966,True
4/23/2025 10:00:00 PM,4/23/2025 6:00:00 PM,RFC,WEST,ATSI,OE,6894.567,True
4/23/2025 11:00:00 PM,4/23/2025 7:00:00 PM,RFC,WEST,ATSI,OE,6947.307,True
4/24/2025 12:00:00 AM,4/23/2025 8:00:00 PM,RFC,WEST,ATSI,OE,6952.064,True
4/24/2025 1:00:00 AM,4/23/2025 9:00:00 PM,RFC,WEST,ATSI,OE,6772.850,True
4/24/2025 2:00:00 AM,4/23/2025 10:00:00 PM,RFC,WEST,ATSI,OE,6402.521,True
4/24/2025 3:00:00 AM,4/23/2025 11:00:00 PM,RFC,WEST,ATSI,OE,6037.902,True
4/24/2025 4:00:00 AM,4/24/2025 12:00:00 AM,RFC,WEST,ATSI,OE,5703.887,True
4/24/2025 5:00:00 AM,4/24/2025 1:00:00 AM,RFC,WEST,ATSI,OE,5534.213,True
4/24/2025 6:00:00 AM,4/24/2025 2:00:00 AM,RFC,WEST,ATSI,OE,5371.986,True
4/24/2025 7:00:00 AM,4/24/2025 3:00:00 AM,RFC,WEST,ATSI,OE,5339.879,True
4/24/2025 8:00:00 AM,4/24/2025 4:00:00 AM,RFC,WEST,ATSI,OE,5433.110,True
4/24/2025 9:00:00 AM,4/24/2025 5:00:00 AM,RFC,WEST,ATSI,OE,5668.238,True
4/24/2025 10:00:00 AM,4/24/2025 6:00:00 AM,RFC,WEST,ATSI,OE,6105.167,True
4/24/2025 11:00:00 AM,4/24/2025 7:00:00 AM,RFC,WEST,ATSI,OE,6411.825,True
4/24/2025 12:00:00 PM,4/24/2025 8:00:00 AM,RFC,WEST,ATSI,OE,6661.392,True
4/24/2025 1:00:00 PM,4/24/2025 9:00:00 AM,RFC,WEST,ATSI,OE,6821.293,True
4/24/2025 2:00:00 PM,4/24/2025 10:00:00 AM,RFC,WEST,ATSI,OE,6949.879,True
4/24/2025 3:00:00 PM,4/24/2025 11:00:00 AM,RFC,WEST,ATSI,OE,7113.276,True
4/24/2025 4:00:00 PM,4/24/2025 12:00:00 PM,RFC,WEST,ATSI,OE,7239.827,True
4/24/2025 5:00:00 PM,4/24/2025 1:00:00 PM,RFC,WEST,ATSI,OE,7361.629,True
4/24/2025 6:00:00 PM,4/24/2025 2:00:00 PM,RFC,WEST,ATSI,OE,7540.489,True
4/24/2025 7:00:00 PM,4/24/2025 3:00:00 PM,RFC,WEST,ATSI,OE,7566.740,True
4/24/2025 8:00:00 PM,4/24/2025 4:00:00 PM,RFC,WEST,ATSI,OE,7574.416,True
4/24/2025 9:00:00 PM,4/24/2025 5:00:00 PM,RFC,WEST,ATSI,OE,7560.673,True
4/24/2025 10:00:00 PM,4/24/2025 6:00:00 PM,RFC,WEST,ATSI,OE,7490.216,True
4/24/2025 11:00:00 PM,4/24/2025 7:00:00 PM,RFC,WEST,ATSI,OE,7349.931,True
4/25/2025 12:00:00 AM,4/24/2025 8:00:00 PM,RFC,WEST,ATSI,OE,7259.321,True
4/25/2025 1:00:00 AM,4/24/2025 9:00:00 PM,RFC,WEST,ATSI,OE,7119.480,True
4/25/2025 2:00:00 AM,4/24/2025 10:00:00 PM,RFC,WEST,ATSI,OE,6700.874,True
4/25/2025 3:00:00 AM,4/24/2025 11:00:00 PM,RFC,WEST,ATSI,OE,6306.927,True
4/25/2025 4:00:00 AM,4/25/2025 12:00:00 AM,RFC,WEST,ATSI,OE,5903.707,True
4/25/2025 5:00:00 AM,4/25/2025 1:00:00 AM,RFC,WEST,ATSI,OE,5703.122,True
4/25/2025 6:00:00 AM,4/25/2025 2:00:00 AM,RFC,WEST,ATSI,OE,5563.098,True
4/25/2025 7:00:00 AM,4/25/2025 3:00:00 AM,RFC,WEST,ATSI,OE,5490.895,True
4/25/2025 8:00:00 AM,4/25/2025 4:00:00 AM,RFC,WEST,ATSI,OE,5624.330,True
4/25/2025 9:00:00 AM,4/25/2025 5:00:00 AM,RFC,WEST,ATSI,OE,5730.067,True
4/25/2025 10:00:00 AM,4/25/2025 6:00:00 AM,RFC,WEST,ATSI,OE,6139.494,True
4/25/2025 11:00:00 AM,4/25/2025 7:00:00 AM,RFC,WEST,ATSI,OE,6513.549,True
4/25/2025 12:00:00 PM,4/25/2025 8:00:00 AM,RFC,WEST,ATSI,OE,6759.314,True
4/25/2025 1:00:00 PM,4/25/2025 9:00:00 AM,RFC,WEST,ATSI,OE,6846.811,True
4/25/2025 2:00:00 PM,4/25/2025 10:00:00 AM,RFC,WEST,ATSI,OE,6965.543,True
4/25/2025 3:00:00 PM,4/25/2025 11:00:00 AM,RFC,WEST,ATSI,OE,7044.867,True
4/25/2025 4:00:00 PM,4/25/2025 12:00:00 PM,RFC,WEST,ATSI,OE,7210.486,True
4/25/2025 5:00:00 PM,4/25/2025 1:00:00 PM,RFC,WEST,ATSI,OE,7361.063,True
4/25/2025 6:00:00 PM,4/25/2025 2:00:00 PM,RFC,WEST,ATSI,OE,7306.521,True
4/25/2025 7:00:00 PM,4/25/2025 3:00:00 PM,RFC,WEST,ATSI,OE,7298.322,True
4/25/2025 8:00:00 PM,4/25/2025 4:00:00 PM,RFC,WEST,ATSI,OE,7222.864,True
4/25/2025 9:00:00 PM,4/25/2025 5:00:00 PM,RFC,WEST,ATSI,OE,7082.201,True
4/25/2025 10:00:00 PM,4/25/2025 6:00:00 PM,RFC,WEST,ATSI,OE,6972.972,True
4/25/2025 11:00:00 PM,4/25/2025 7:00:00 PM,RFC,WEST,ATSI,OE,6767.645,True
4/26/2025 12:00:00 AM,4/25/2025 8:00:00 PM,RFC,WEST,ATSI,OE,6788.943,True
4/26/2025 1:00:00 AM,4/25/2025 9:00:00 PM,RFC,WEST,ATSI,OE,6536.751,True
4/26/2025 2:00:00 AM,4/25/2025 10:00:00 PM,RFC,WEST,ATSI,OE,6096.885,True
4/26/2025 3:00:00 AM,4/25/2025 11:00:00 PM,RFC,WEST,ATSI,OE,5878.756,True
4/26/2025 4:00:00 AM,4/26/2025 12:00:00 AM,RFC,WEST,ATSI,OE,5587.870,True
4/26/2025 5:00:00 AM,4/26/2025 1:00:00 AM,RFC,WEST,ATSI,OE,5392.213,True
4/26/2025 6:00:00 AM,4/26/2025 2:00:00 AM,RFC,WEST,ATSI,OE,5319.293,True
4/26/2025 7:00:00 AM,4/26/2025 3:00:00 AM,RFC,WEST,ATSI,OE,5228.515,True
4/26/2025 8:00:00 AM,4/26/2025 4:00:00 AM,RFC,WEST,ATSI,OE,5110.373,True
4/26/2025 9:00:00 AM,4/26/2025 5:00:00 AM,RFC,WEST,ATSI,OE,5115.342,True
4/26/2025 10:00:00 AM,4/26/2025 6:00:00 AM,RFC,WEST,ATSI,OE,5181.780,True
4/26/2025 11:00:00 AM,4/26/2025 7:00:00 AM,RFC,WEST,ATSI,OE,5312.310,True
4/26/2025 12:00:00 PM,4/26/2025 8:00:00 AM,RFC,WEST,ATSI,OE,5557.400,True
4/26/2025 1:00:00 PM,4/26/2025 9:00:00 AM,RFC,WEST,ATSI,OE,5768.407,True
4/26/2025 2:00:00 PM,4/26/2025 10:00:00 AM,RFC,WEST,ATSI,OE,5856.798,True
4/26/2025 3:00:00 PM,4/26/2025 11:00:00 AM,RFC,WEST,ATSI,OE,5873.230,True
4/26/2025 4:00:00 PM,4/26/2025 12:00:00 PM,RFC,WEST,ATSI,OE,5881.112,True
4/26/2025 5:00:00 PM,4/26/2025 1:00:00 PM,RFC,WEST,ATSI,OE,5869.065,True
4/26/2025 6:00:00 PM,4/26/2025 2:00:00 PM,RFC,WEST,ATSI,OE,5840.089,True
4/26/2025 7:00:00 PM,4/26/2025 3:00:00 PM,RFC,WEST,ATSI,OE,5778.112,True
4/26/2025 8:00:00 PM,4/26/2025 4:00:00 PM,RFC,WEST,ATSI,OE,5761.201,True
4/26/2025 9:00:00 PM,4/26/2025 5:00:00 PM,RFC,WEST,ATSI,OE,5738.325,True
4/26/2025 10:00:00 PM,4/26/2025 6:00:00 PM,RFC,WEST,ATSI,OE,5749.796,True
4/26/2025 11:00:00 PM,4/26/2025 7:00:00 PM,RFC,WEST,ATSI,OE,5752.973,True
4/27/2025 12:00:00 AM,4/26/2025 8:00:00 PM,RFC,WEST,ATSI,OE,5877.925,True
4/27/2025 1:00:00 AM,4/26/2025 9:00:00 PM,RFC,WEST,ATSI,OE,5844.352,True
4/27/2025 2:00:00 AM,4/26/2025 10:00:00 PM,RFC,WEST,ATSI,OE,5671.731,True
4/27/2025 3:00:00 AM,4/26/2025 11:00:00 PM,RFC,WEST,ATSI,OE,5458.422,True
4/27/2025 4:00:00 AM,4/27/2025 12:00:00 AM,RFC,WEST,ATSI,OE,5251.446,True
4/27/2025 5:00:00 AM,4/27/2025 1:00:00 AM,RFC,WEST,ATSI,OE,5141.596,True
4/27/2025 6:00:00 AM,4/27/2025 2:00:00 AM,RFC,WEST,ATSI,OE,5114.400,True
4/27/2025 7:00:00 AM,4/27/2025 3:00:00 AM,RFC,WEST,ATSI,OE,5060.579,True
4/27/2025 8:00:00 AM,4/27/2025 4:00:00 AM,RFC,WEST,ATSI,OE,5105.288,True
4/27/2025 9:00:00 AM,4/27/2025 5:00:00 AM,RFC,WEST,ATSI,OE,5193.990,True
4/27/2025 10:00:00 AM,4/27/2025 6:00:00 AM,RFC,WEST,ATSI,OE,5234.673,True
4/27/2025 11:00:00 AM,4/27/2025 7:00:00 AM,RFC,WEST,ATSI,OE,5400.123,True
4/27/2025 12:00:00 PM,4/27/2025 8:00:00 AM,RFC,WEST,ATSI,OE,5453.196,True
4/27/2025 1:00:00 PM,4/27/2025 9:00:00 AM,RFC,WEST,ATSI,OE,5515.939,True
4/27/2025 2:00:00 PM,4/27/2025 10:00:00 AM,RFC,WEST,ATSI,OE,5575.642,True
4/27/2025 3:00:00 PM,4/27/2025 11:00:00 AM,RFC,WEST,ATSI,OE,5541.449,True
4/27/2025 4:00:00 PM,4/27/2025 12:00:00 PM,RFC,WEST,ATSI,OE,5476.858,True
4/27/2025 5:00:00 PM,4/27/2025 1:00:00 PM,RFC,WEST,ATSI,OE,5445.333,True
4/27/2025 6:00:00 PM,4/27/2025 2:00:00 PM,RFC,WEST,ATSI,OE,5444.313,True
4/27/2025 7:00:00 PM,4/27/2025 3:00:00 PM,RFC,WEST,ATSI,OE,5478.561,True
4/27/2025 8:00:00 PM,4/27/2025 4:00:00 PM,RFC,WEST,ATSI,OE,5530.981,True
4/27/2025 9:00:00 PM,4/27/2025 5:00:00 PM,RFC,WEST,ATSI,OE,5640.037,True
4/27/2025 10:00:00 PM,4/27/2025 6:00:00 PM,RFC,WEST,ATSI,OE,5692.654,True
4/27/2025 11:00:00 PM,4/27/2025 7:00:00 PM,RFC,WEST,ATSI,OE,5743.591,True
4/28/2025 12:00:00 AM,4/27/2025 8:00:00 PM,RFC,WEST,ATSI,OE,5842.428,True
4/28/2025 1:00:00 AM,4/27/2025 9:00:00 PM,RFC,WEST,ATSI,OE,5833.366,True
4/28/2025 2:00:00 AM,4/27/2025 10:00:00 PM,RFC,WEST,ATSI,OE,5580.071,True
4/28/2025 3:00:00 AM,4/27/2025 11:00:00 PM,RFC,WEST,ATSI,OE,5363.132,True
4/28/2025 4:00:00 AM,4/28/2025 12:00:00 AM,RFC,WEST,ATSI,OE,5229.685,True
4/28/2025 5:00:00 AM,4/28/2025 1:00:00 AM,RFC,WEST,ATSI,OE,5099.183,True
4/28/2025 6:00:00 AM,4/28/2025 2:00:00 AM,RFC,WEST,ATSI,OE,5106.263,True
4/28/2025 7:00:00 AM,4/28/2025 3:00:00 AM,RFC,WEST,ATSI,OE,5129.979,True
4/28/2025 8:00:00 AM,4/28/2025 4:00:00 AM,RFC,WEST,ATSI,OE,5291.454,True
4/28/2025 9:00:00 AM,4/28/2025 5:00:00 AM,RFC,WEST,ATSI,OE,5640.878,True
4/28/2025 10:00:00 AM,4/28/2025 6:00:00 AM,RFC,WEST,ATSI,OE,6113.157,True
4/28/2025 11:00:00 AM,4/28/2025 7:00:00 AM,RFC,WEST,ATSI,OE,6332.361,True
4/28/2025 12:00:00 PM,4/28/2025 8:00:00 AM,RFC,WEST,ATSI,OE,6401.373,True
4/28/2025 1:00:00 PM,4/28/2025 9:00:00 AM,RFC,WEST,ATSI,OE,6546.759,True
4/28/2025 2:00:00 PM,4/28/2025 10:00:00 AM,RFC,WEST,ATSI,OE,6551.028,True
4/28/2025 3:00:00 PM,4/28/2025 11:00:00 AM,RFC,WEST,ATSI,OE,6483.860,True
4/28/2025 4:00:00 PM,4/28/2025 12:00:00 PM,RFC,WEST,ATSI,OE,6489.573,True
4/28/2025 5:00:00 PM,4/28/2025 1:00:00 PM,RFC,WEST,ATSI,OE,6555.620,True
4/28/2025 6:00:00 PM,4/28/2025 2:00:00 PM,RFC,WEST,ATSI,OE,6483.849,True
4/28/2025 7:00:00 PM,4/28/2025 3:00:00 PM,RFC,WEST,ATSI,OE,6472.873,True
4/28/2025 8:00:00 PM,4/28/2025 4:00:00 PM,RFC,WEST,ATSI,OE,6497.503,True
4/28/2025 9:00:00 PM,4/28/2025 5:00:00 PM,RFC,WEST,ATSI,OE,6540.580,True
4/28/2025 10:00:00 PM,4/28/2025 6:00:00 PM,RFC,WEST,ATSI,OE,6506.797,True
4/28/2025 11:00:00 PM,4/28/2025 7:00:00 PM,RFC,WEST,ATSI,OE,6475.629,True
4/29/2025 12:00:00 AM,4/28/2025 8:00:00 PM,RFC,WEST,ATSI,OE,6508.308,True
4/29/2025 1:00:00 AM,4/28/2025 9:00:00 PM,RFC,WEST,ATSI,OE,6417.791,True
4/29/2025 2:00:00 AM,4/28/2025 10:00:00 PM,RFC,WEST,ATSI,OE,6092.415,True
4/29/2025 3:00:00 AM,4/28/2025 11:00:00 PM,RFC,WEST,ATSI,OE,5706.257,True
4/29/2025 4:00:00 AM,4/29/2025 12:00:00 AM,RFC,WEST,ATSI,OE,5417.324,True
4/29/2025 5:00:00 AM,4/29/2025 1:00:00 AM,RFC,WEST,ATSI,OE,5209.396,True
4/29/2025 6:00:00 AM,4/29/2025 2:00:00 AM,RFC,WEST,ATSI,OE,5097.376,True
4/29/2025 7:00:00 AM,4/29/2025 3:00:00 AM,RFC,WEST,ATSI,OE,5094.786,True
4/29/2025 8:00:00 AM,4/29/2025 4:00:00 AM,RFC,WEST,ATSI,OE,5199.449,True
4/29/2025 9:00:00 AM,4/29/2025 5:00:00 AM,RFC,WEST,ATSI,OE,5475.937,True
4/29/2025 10:00:00 AM,4/29/2025 6:00:00 AM,RFC,WEST,ATSI,OE,5918.564,True
4/29/2025 11:00:00 AM,4/29/2025 7:00:00 AM,RFC,WEST,ATSI,OE,6300.100,True
4/29/2025 12:00:00 PM,4/29/2025 8:00:00 AM,RFC,WEST,ATSI,OE,6598.141,True
4/29/2025 1:00:00 PM,4/29/2025 9:00:00 AM,RFC,WEST,ATSI,OE,6755.368,True
4/29/2025 2:00:00 PM,4/29/2025 10:00:00 AM,RFC,WEST,ATSI,OE,6982.902,True
4/29/2025 3:00:00 PM,4/29/2025 11:00:00 AM,RFC,WEST,ATSI,OE,7119.182,True
4/29/2025 4:00:00 PM,4/29/2025 12:00:00 PM,RFC,WEST,ATSI,OE,7231.197,True
4/29/2025 5:00:00 PM,4/29/2025 1:00:00 PM,RFC,WEST,ATSI,OE,7392.261,True
4/29/2025 6:00:00 PM,4/29/2025 2:00:00 PM,RFC,WEST,ATSI,OE,7445.129,True
4/29/2025 7:00:00 PM,4/29/2025 3:00:00 PM,RFC,WEST,ATSI,OE,7422.077,True
4/29/2025 8:00:00 PM,4/29/2025 4:00:00 PM,RFC,WEST,ATSI,OE,7331.241,True
4/29/2025 9:00:00 PM,4/29/2025 5:00:00 PM,RFC,WEST,ATSI,OE,7246.607,True
4/29/2025 10:00:00 PM,4/29/2025 6:00:00 PM,RFC,WEST,ATSI,OE,7138.886,True
4/29/2025 11:00:00 PM,4/29/2025 7:00:00 PM,RFC,WEST,ATSI,OE,6963.586,True
4/30/2025 12:00:00 AM,4/29/2025 8:00:00 PM,RFC,WEST,ATSI,OE,6886.863,True
4/30/2025 1:00:00 AM,4/29/2025 9:00:00 PM,RFC,WEST,ATSI,OE,6668.490,True
4/30/2025 2:00:00 AM,4/29/2025 10:00:00 PM,RFC,WEST,ATSI,OE,6178.136,True
4/30/2025 3:00:00 AM,4/29/2025 11:00:00 PM,RFC,WEST,ATSI,OE,5704.895,True
4/30/2025 4:00:00 AM,4/30/2025 12:00:00 AM,RFC,WEST,ATSI,OE,5374.307,True
4/30/2025 5:00:00 AM,4/30/2025 1:00:00 AM,RFC,WEST,ATSI,OE,5158.897,True
4/30/2025 6:00:00 AM,4/30/2025 2:00:00 AM,RFC,WEST,ATSI,OE,5058.990,True
4/30/2025 7:00:00 AM,4/30/2025 3:00:00 AM,RFC,WEST,ATSI,OE,5015.247,True
4/30/2025 8:00:00 AM,4/30/2025 4:00:00 AM,RFC,WEST,ATSI,OE,5098.740,True
4/30/2025 9:00:00 AM,4/30/2025 5:00:00 AM,RFC,WEST,ATSI,OE,5338.188,True
4/30/2025 10:00:00 AM,4/30/2025 6:00:00 AM,RFC,WEST,ATSI,OE,5775.817,True
4/30/2025 11:00:00 AM,4/30/2025 7:00:00 AM,RFC,WEST,ATSI,OE,6065.153,True
4/30/2025 12:00:00 PM,4/30/2025 8:00:00 AM,RFC,WEST,ATSI,OE,6262.560,True
4/30/2025 1:00:00 PM,4/30/2025 9:00:00 AM,RFC,WEST,ATSI,OE,6337.816,True
4/30/2025 2:00:00 PM,4/30/2025 10:00:00 AM,RFC,WEST,ATSI,OE,6357.459,True
4/30/2025 3:00:00 PM,4/30/2025 11:00:00 AM,RFC,WEST,ATSI,OE,6353.659,True
4/30/2025 4:00:00 PM,4/30/2025 12:00:00 PM,RFC,WEST,ATSI,OE,6362.602,True
4/30/2025 5:00:00 PM,4/30/2025 1:00:00 PM,RFC,WEST,ATSI,OE,6382.968,True
4/30/2025 6:00:00 PM,4/30/2025 2:00:00 PM,RFC,WEST,ATSI,OE,6330.289,True
4/30/2025 7:00:00 PM,4/30/2025 3:00:00 PM,RFC,WEST,ATSI,OE,6265.726,True
4/30/2025 8:00:00 PM,4/30/2025 4:00:00 PM,RFC,WEST,ATSI,OE,6265.061,True
4/30/2025 9:00:00 PM,4/30/2025 5:00:00 PM,RFC,WEST,ATSI,OE,6242.526,True
4/30/2025 10:00:00 PM,4/30/2025 6:00:00 PM,RFC,WEST,ATSI,OE,6199.978,True
4/30/2025 11:00:00 PM,4/30/2025 7:00:00 PM,RFC,WEST,ATSI,OE,6166.650,True
5/1/2025 12:00:00 AM,4/30/2025 8:00:00 PM,RFC,WEST,ATSI,OE,6261.279,True
5/1/2025 1:00:00 AM,4/30/2025 9:00:00 PM,RFC,WEST,ATSI,OE,6224.150,True
5/1/2025 2:00:00 AM,4/30/2025 10:00:00 PM,RFC,WEST,ATSI,OE,5889.427,True
5/1/2025 3:00:00 AM,4/30/2025 11:00:00 PM,RFC,WEST,ATSI,OE,5558.746,True
5/1/2025 4:00:00 AM,5/1/2025 12:00:00 AM,RFC,WEST,ATSI,OE,5354.915,True
5/1/2025 5:00:00 AM,5/1/2025 1:00:00 AM,RFC,WEST,ATSI,OE,5200.296,True
5/1/2025 6:00:00 AM,5/1/2025 2:00:00 AM,RFC,WEST,ATSI,OE,5143.990,True
5/1/2025 7:00:00 AM,5/1/2025 3:00:00 AM,RFC,WEST,ATSI,OE,5120.086,True
5/1/2025 8:00:00 AM,5/1/2025 4:00:00 AM,RFC,WEST,ATSI,OE,5203.717,True
5/1/2025 9:00:00 AM,5/1/2025 5:00:00 AM,RFC,WEST,ATSI,OE,5474.929,True
5/1/2025 10:00:00 AM,5/1/2025 6:00:00 AM,RFC,WEST,ATSI,OE,5916.565,True
5/1/2025 11:00:00 AM,5/1/2025 7:00:00 AM,RFC,WEST,ATSI,OE,6228.940,True
5/1/2025 12:00:00 PM,5/1/2025 8:00:00 AM,RFC,WEST,ATSI,OE,6402.140,True
5/1/2025 1:00:00 PM,5/1/2025 9:00:00 AM,RFC,WEST,ATSI,OE,6514.270,True
5/1/2025 2:00:00 PM,5/1/2025 10:00:00 AM,RFC,WEST,ATSI,OE,6643.279,True
5/1/2025 3:00:00 PM,5/1/2025 11:00:00 AM,RFC,WEST,ATSI,OE,6770.267,True
5/1/2025 4:00:00 PM,5/1/2025 12:00:00 PM,RFC,WEST,ATSI,OE,6905.280,True
5/1/2025 5:00:00 PM,5/1/2025 1:00:00 PM,RFC,WEST,ATSI,OE,7136.929,True
5/1/2025 6:00:00 PM,5/1/2025 2:00:00 PM,RFC,WEST,ATSI,OE,7100.103,True
5/1/2025 7:00:00 PM,5/1/2025 3:00:00 PM,RFC,WEST,ATSI,OE,7014.792,True
5/1/2025 8:00:00 PM,5/1/2025 4:00:00 PM,RFC,WEST,ATSI,OE,6873.791,True
5/1/2025 9:00:00 PM,5/1/2025 5:00:00 PM,RFC,WEST,ATSI,OE,6785.414,True
5/1/2025 10:00:00 PM,5/1/2025 6:00:00 PM,RFC,WEST,ATSI,OE,6681.019,True
5/1/2025 11:00:00 PM,5/1/2025 7:00:00 PM,RFC,WEST,ATSI,OE,6589.393,True
5/2/2025 12:00:00 AM,5/1/2025 8:00:00 PM,RFC,WEST,ATSI,OE,6647.858,True
5/2/2025 1:00:00 AM,5/1/2025 9:00:00 PM,RFC,WEST,ATSI,OE,6494.251,True
5/2/2025 2:00:00 AM,5/1/2025 10:00:00 PM,RFC,WEST,ATSI,OE,6083.251,True
5/2/2025 3:00:00 AM,5/1/2025 11:00:00 PM,RFC,WEST,ATSI,OE,5746.508,True
5/2/2025 4:00:00 AM,5/2/2025 12:00:00 AM,RFC,WEST,ATSI,OE,5466.105,True
5/2/2025 5:00:00 AM,5/2/2025 1:00:00 AM,RFC,WEST,ATSI,OE,5360.573,True
5/2/2025 6:00:00 AM,5/2/2025 2:00:00 AM,RFC,WEST,ATSI,OE,5291.834,True
5/2/2025 7:00:00 AM,5/2/2025 3:00:00 AM,RFC,WEST,ATSI,OE,5277.378,True
5/2/2025 8:00:00 AM,5/2/2025 4:00:00 AM,RFC,WEST,ATSI,OE,5266.386,True
5/2/2025 9:00:00 AM,5/2/2025 5:00:00 AM,RFC,WEST,ATSI,OE,5576.441,True
5/2/2025 10:00:00 AM,5/2/2025 6:00:00 AM,RFC,WEST,ATSI,OE,5982.621,True
5/2/2025 11:00:00 AM,5/2/2025 7:00:00 AM,RFC,WEST,ATSI,OE,6330.825,True
5/2/2025 12:00:00 PM,5/2/2025 8:00:00 AM,RFC,WEST,ATSI,OE,6529.868,True
5/2/2025 1:00:00 PM,5/2/2025 9:00:00 AM,RFC,WEST,ATSI,OE,6729.005,True
5/2/2025 2:00:00 PM,5/2/2025 10:00:00 AM,RFC,WEST,ATSI,OE,6959.860,True
5/2/2025 3:00:00 PM,5/2/2025 11:00:00 AM,RFC,WEST,ATSI,OE,7062.354,True
5/2/2025 4:00:00 PM,5/2/2025 12:00:00 PM,RFC,WEST,ATSI,OE,7184.381,True
5/2/2025 5:00:00 PM,5/2/2025 1:00:00 PM,RFC,WEST,ATSI,OE,7119.934,True
5/2/2025 6:00:00 PM,5/2/2025 2:00:00 PM,RFC,WEST,ATSI,OE,6991.021,True
5/2/2025 7:00:00 PM,5/2/2025 3:00:00 PM,RFC,WEST,ATSI,OE,6835.774,True
5/2/2025 8:00:00 PM,5/2/2025 4:00:00 PM,RFC,WEST,ATSI,OE,6887.785,True
5/2/2025 9:00:00 PM,5/2/2025 5:00:00 PM,RFC,WEST,ATSI,OE,6873.531,True
5/2/2025 10:00:00 PM,5/2/2025 6:00:00 PM,RFC,WEST,ATSI,OE,6739.486,True
5/2/2025 11:00:00 PM,5/2/2025 7:00:00 PM,RFC,WEST,ATSI,OE,6592.627,True
5/3/2025 12:00:00 AM,5/2/2025 8:00:00 PM,RFC,WEST,ATSI,OE,6462.682,True
5/3/2025 1:00:00 AM,5/2/2025 9:00:00 PM,RFC,WEST,ATSI,OE,6468.613,True
5/3/2025 2:00:00 AM,5/2/2025 10:00:00 PM,RFC,WEST,ATSI,OE,6183.697,True
5/3/2025 3:00:00 AM,5/2/2025 11:00:00 PM,RFC,WEST,ATSI,OE,5766.155,True
5/3/2025 4:00:00 AM,5/3/2025 12:00:00 AM,RFC,WEST,ATSI,OE,5374.773,True
5/3/2025 5:00:00 AM,5/3/2025 1:00:00 AM,RFC,WEST,ATSI,OE,5204.554,True
5/3/2025 6:00:00 AM,5/3/2025 2:00:00 AM,RFC,WEST,ATSI,OE,5155.842,True
5/3/2025 7:00:00 AM,5/3/2025 3:00:00 AM,RFC,WEST,ATSI,OE,5033.606,True
5/3/2025 8:00:00 AM,5/3/2025 4:00:00 AM,RFC,WEST,ATSI,OE,5017.277,True
5/3/2025 9:00:00 AM,5/3/2025 5:00:00 AM,RFC,WEST,ATSI,OE,5077.023,True
5/3/2025 10:00:00 AM,5/3/2025 6:00:00 AM,RFC,WEST,ATSI,OE,5346.524,True
5/3/2025 11:00:00 AM,5/3/2025 7:00:00 AM,RFC,WEST,ATSI,OE,5383.337,True
5/3/2025 12:00:00 PM,5/3/2025 8:00:00 AM,RFC,WEST,ATSI,OE,5684.030,True
5/3/2025 1:00:00 PM,5/3/2025 9:00:00 AM,RFC,WEST,ATSI,OE,5895.535,True
5/3/2025 2:00:00 PM,5/3/2025 10:00:00 AM,RFC,WEST,ATSI,OE,6137.119,True
5/3/2025 3:00:00 PM,5/3/2025 11:00:00 AM,RFC,WEST,ATSI,OE,6170.839,True
5/3/2025 4:00:00 PM,5/3/2025 12:00:00 PM,RFC,WEST,ATSI,OE,6176.864,True
5/3/2025 5:00:00 PM,5/3/2025 1:00:00 PM,RFC,WEST,ATSI,OE,6182.405,True
5/3/2025 6:00:00 PM,5/3/2025 2:00:00 PM,RFC,WEST,ATSI,OE,6124.103,True
5/3/2025 7:00:00 PM,5/3/2025 3:00:00 PM,RFC,WEST,ATSI,OE,6131.652,True
5/3/2025 8:00:00 PM,5/3/2025 4:00:00 PM,RFC,WEST,ATSI,OE,6173.736,True
5/3/2025 9:00:00 PM,5/3/2025 5:00:00 PM,RFC,WEST,ATSI,OE,6222.928,True
5/3/2025 10:00:00 PM,5/3/2025 6:00:00 PM,RFC,WEST,ATSI,OE,6147.110,True
5/3/2025 11:00:00 PM,5/3/2025 7:00:00 PM,RFC,WEST,ATSI,OE,6055.973,True
5/4/2025 12:00:00 AM,5/3/2025 8:00:00 PM,RFC,WEST,ATSI,OE,6192.472,True
5/4/2025 1:00:00 AM,5/3/2025 9:00:00 PM,RFC,WEST,ATSI,OE,6127.970,True
5/4/2025 2:00:00 AM,5/3/2025 10:00:00 PM,RFC,WEST,ATSI,OE,5787.724,True
5/4/2025 3:00:00 AM,5/3/2025 11:00:00 PM,RFC,WEST,ATSI,OE,5509.480,True
5/4/2025 4:00:00 AM,5/4/2025 12:00:00 AM,RFC,WEST,ATSI,OE,5408.762,True
5/4/2025 5:00:00 AM,5/4/2025 1:00:00 AM,RFC,WEST,ATSI,OE,5340.041,True
5/4/2025 6:00:00 AM,5/4/2025 2:00:00 AM,RFC,WEST,ATSI,OE,5275.604,True
5/4/2025 7:00:00 AM,5/4/2025 3:00:00 AM,RFC,WEST,ATSI,OE,5190.582,True
5/4/2025 8:00:00 AM,5/4/2025 4:00:00 AM,RFC,WEST,ATSI,OE,5105.742,True
5/4/2025 9:00:00 AM,5/4/2025 5:00:00 AM,RFC,WEST,ATSI,OE,5125.999,True
5/4/2025 10:00:00 AM,5/4/2025 6:00:00 AM,RFC,WEST,ATSI,OE,5236.511,True
5/4/2025 11:00:00 AM,5/4/2025 7:00:00 AM,RFC,WEST,ATSI,OE,5437.425,True
5/4/2025 12:00:00 PM,5/4/2025 8:00:00 AM,RFC,WEST,ATSI,OE,5716.009,True
5/4/2025 1:00:00 PM,5/4/2025 9:00:00 AM,RFC,WEST,ATSI,OE,5914.732,True
5/4/2025 2:00:00 PM,5/4/2025 10:00:00 AM,RFC,WEST,ATSI,OE,6014.125,True
5/4/2025 3:00:00 PM,5/4/2025 11:00:00 AM,RFC,WEST,ATSI,OE,6105.938,True
5/4/2025 4:00:00 PM,5/4/2025 12:00:00 PM,RFC,WEST,ATSI,OE,6107.669,True
5/4/2025 5:00:00 PM,5/4/2025 1:00:00 PM,RFC,WEST,ATSI,OE,6115.073,True
5/4/2025 6:00:00 PM,5/4/2025 2:00:00 PM,RFC,WEST,ATSI,OE,6045.729,True
5/4/2025 7:00:00 PM,5/4/2025 3:00:00 PM,RFC,WEST,ATSI,OE,6137.872,True
5/4/2025 8:00:00 PM,5/4/2025 4:00:00 PM,RFC,WEST,ATSI,OE,6163.509,True
5/4/2025 9:00:00 PM,5/4/2025 5:00:00 PM,RFC,WEST,ATSI,OE,6202.556,True
5/4/2025 10:00:00 PM,5/4/2025 6:00:00 PM,RFC,WEST,ATSI,OE,6209.489,True
5/4/2025 11:00:00 PM,5/4/2025 7:00:00 PM,RFC,WEST,ATSI,OE,6172.161,True
5/5/2025 12:00:00 AM,5/4/2025 8:00:00 PM,RFC,WEST,ATSI,OE,6281.859,True
5/5/2025 1:00:00 AM,5/4/2025 9:00:00 PM,RFC,WEST,ATSI,OE,6214.826,True
5/5/2025 2:00:00 AM,5/4/2025 10:00:00 PM,RFC,WEST,ATSI,OE,5968.776,True
5/5/2025 3:00:00 AM,5/4/2025 11:00:00 PM,RFC,WEST,ATSI,OE,5732.997,True
5/5/2025 4:00:00 AM,5/5/2025 12:00:00 AM,RFC,WEST,ATSI,OE,5546.221,True
5/5/2025 5:00:00 AM,5/5/2025 1:00:00 AM,RFC,WEST,ATSI,OE,5391.324,True
5/5/2025 6:00:00 AM,5/5/2025 2:00:00 AM,RFC,WEST,ATSI,OE,5335.433,True
5/5/2025 7:00:00 AM,5/5/2025 3:00:00 AM,RFC,WEST,ATSI,OE,5396.202,True
5/5/2025 8:00:00 AM,5/5/2025 4:00:00 AM,RFC,WEST,ATSI,OE,5527.488,True
5/5/2025 9:00:00 AM,5/5/2025 5:00:00 AM,RFC,WEST,ATSI,OE,5691.150,True
5/5/2025 10:00:00 AM,5/5/2025 6:00:00 AM,RFC,WEST,ATSI,OE,6175.822,True
5/5/2025 11:00:00 AM,5/5/2025 7:00:00 AM,RFC,WEST,ATSI,OE,6526.321,True
5/5/2025 12:00:00 PM,5/5/2025 8:00:00 AM,RFC,WEST,ATSI,OE,6731.108,True
5/5/2025 1:00:00 PM,5/5/2025 9:00:00 AM,RFC,WEST,ATSI,OE,6846.672,True
5/5/2025 2:00:00 PM,5/5/2025 10:00:00 AM,RFC,WEST,ATSI,OE,6969.457,True
5/5/2025 3:00:00 PM,5/5/2025 11:00:00 AM,RFC,WEST,ATSI,OE,6932.989,True
5/5/2025 4:00:00 PM,5/5/2025 12:00:00 PM,RFC,WEST,ATSI,OE,6905.747,True
5/5/2025 5:00:00 PM,5/5/2025 1:00:00 PM,RFC,WEST,ATSI,OE,6997.189,True
5/5/2025 6:00:00 PM,5/5/2025 2:00:00 PM,RFC,WEST,ATSI,OE,6820.991,True
5/5/2025 7:00:00 PM,5/5/2025 3:00:00 PM,RFC,WEST,ATSI,OE,6795.533,True
5/5/2025 8:00:00 PM,5/5/2025 4:00:00 PM,RFC,WEST,ATSI,OE,6789.394,True
5/5/2025 9:00:00 PM,5/5/2025 5:00:00 PM,RFC,WEST,ATSI,OE,6700.737,True
5/5/2025 10:00:00 PM,5/5/2025 6:00:00 PM,RFC,WEST,ATSI,OE,6663.618,True
5/5/2025 11:00:00 PM,5/5/2025 7:00:00 PM,RFC,WEST,ATSI,OE,6661.144,True
5/6/2025 12:00:00 AM,5/5/2025 8:00:00 PM,RFC,WEST,ATSI,OE,6676.629,True
5/6/2025 1:00:00 AM,5/5/2025 9:00:00 PM,RFC,WEST,ATSI,OE,6555.240,True
5/6/2025 2:00:00 AM,5/5/2025 10:00:00 PM,RFC,WEST,ATSI,OE,6230.997,True
5/6/2025 3:00:00 AM,5/5/2025 11:00:00 PM,RFC,WEST,ATSI,OE,5952.975,True
5/6/2025 4:00:00 AM,5/6/2025 12:00:00 AM,RFC,WEST,ATSI,OE,5643.814,True
5/6/2025 5:00:00 AM,5/6/2025 1:00:00 AM,RFC,WEST,ATSI,OE,5518.920,True
5/6/2025 6:00:00 AM,5/6/2025 2:00:00 AM,RFC,WEST,ATSI,OE,5384.072,True
5/6/2025 7:00:00 AM,5/6/2025 3:00:00 AM,RFC,WEST,ATSI,OE,5442.952,True
5/6/2025 8:00:00 AM,5/6/2025 4:00:00 AM,RFC,WEST,ATSI,OE,5506.597,True
5/6/2025 9:00:00 AM,5/6/2025 5:00:00 AM,RFC,WEST,ATSI,OE,5802.015,True
5/6/2025 10:00:00 AM,5/6/2025 6:00:00 AM,RFC,WEST,ATSI,OE,6265.599,True
5/6/2025 11:00:00 AM,5/6/2025 7:00:00 AM,RFC,WEST,ATSI,OE,6613.032,True
5/6/2025 12:00:00 PM,5/6/2025 8:00:00 AM,RFC,WEST,ATSI,OE,6707.202,True
5/6/2025 1:00:00 PM,5/6/2025 9:00:00 AM,RFC,WEST,ATSI,OE,6831.001,True
5/6/2025 2:00:00 PM,5/6/2025 10:00:00 AM,RFC,WEST,ATSI,OE,6960.635,True
5/6/2025 3:00:00 PM,5/6/2025 11:00:00 AM,RFC,WEST,ATSI,OE,6955.925,True
5/6/2025 4:00:00 PM,5/6/2025 12:00:00 PM,RFC,WEST,ATSI,OE,6931.119,True
5/6/2025 5:00:00 PM,5/6/2025 1:00:00 PM,RFC,WEST,ATSI,OE,6919.470,True
5/6/2025 6:00:00 PM,5/6/2025 2:00:00 PM,RFC,WEST,ATSI,OE,6788.699,True
5/6/2025 7:00:00 PM,5/6/2025 3:00:00 PM,RFC,WEST,ATSI,OE,6756.597,True
5/6/2025 8:00:00 PM,5/6/2025 4:00:00 PM,RFC,WEST,ATSI,OE,6656.215,True
5/6/2025 9:00:00 PM,5/6/2025 5:00:00 PM,RFC,WEST,ATSI,OE,6600.401,True
5/6/2025 10:00:00 PM,5/6/2025 6:00:00 PM,RFC,WEST,ATSI,OE,6575.880,True
5/6/2025 11:00:00 PM,5/6/2025 7:00:00 PM,RFC,WEST,ATSI,OE,6555.320,True
5/7/2025 12:00:00 AM,5/6/2025 8:00:00 PM,RFC,WEST,ATSI,OE,6659.269,True
5/7/2025 1:00:00 AM,5/6/2025 9:00:00 PM,RFC,WEST,ATSI,OE,6538.654,True
5/7/2025 2:00:00 AM,5/6/2025 10:00:00 PM,RFC,WEST,ATSI,OE,6174.782,True
5/7/2025 3:00:00 AM,5/6/2025 11:00:00 PM,RFC,WEST,ATSI,OE,5910.563,True
5/7/2025 4:00:00 AM,5/7/2025 12:00:00 AM,RFC,WEST,ATSI,OE,5647.810,True
5/7/2025 5:00:00 AM,5/7/2025 1:00:00 AM,RFC,WEST,ATSI,OE,5475.422,True
5/7/2025 6:00:00 AM,5/7/2025 2:00:00 AM,RFC,WEST,ATSI,OE,5409.633,True
5/7/2025 7:00:00 AM,5/7/2025 3:00:00 AM,RFC,WEST,ATSI,OE,5358.520,True
5/7/2025 8:00:00 AM,5/7/2025 4:00:00 AM,RFC,WEST,ATSI,OE,5466.691,True
5/7/2025 9:00:00 AM,5/7/2025 5:00:00 AM,RFC,WEST,ATSI,OE,5720.573,True
5/7/2025 10:00:00 AM,5/7/2025 6:00:00 AM,RFC,WEST,ATSI,OE,6126.279,True
5/7/2025 11:00:00 AM,5/7/2025 7:00:00 AM,RFC,WEST,ATSI,OE,6480.592,True
5/7/2025 12:00:00 PM,5/7/2025 8:00:00 AM,RFC,WEST,ATSI,OE,6703.477,True
5/7/2025 1:00:00 PM,5/7/2025 9:00:00 AM,RFC,WEST,ATSI,OE,6818.742,True
5/7/2025 2:00:00 PM,5/7/2025 10:00:00 AM,RFC,WEST,ATSI,OE,6770.718,True
5/7/2025 3:00:00 PM,5/7/2025 11:00:00 AM,RFC,WEST,ATSI,OE,6806.231,True
5/7/2025 4:00:00 PM,5/7/2025 12:00:00 PM,RFC,WEST,ATSI,OE,6755.522,True
5/7/2025 5:00:00 PM,5/7/2025 1:00:00 PM,RFC,WEST,ATSI,OE,6754.144,True
5/7/2025 6:00:00 PM,5/7/2025 2:00:00 PM,RFC,WEST,ATSI,OE,6683.478,True
5/7/2025 7:00:00 PM,5/7/2025 3:00:00 PM,RFC,WEST,ATSI,OE,6641.211,True
5/7/2025 8:00:00 PM,5/7/2025 4:00:00 PM,RFC,WEST,ATSI,OE,6573.423,True
5/7/2025 9:00:00 PM,5/7/2025 5:00:00 PM,RFC,WEST,ATSI,OE,6579.517,True
5/7/2025 10:00:00 PM,5/7/2025 6:00:00 PM,RFC,WEST,ATSI,OE,6616.954,True
5/7/2025 11:00:00 PM,5/7/2025 7:00:00 PM,RFC,WEST,ATSI,OE,6639.608,True
5/8/2025 12:00:00 AM,5/7/2025 8:00:00 PM,RFC,WEST,ATSI,OE,6661.346,True
5/8/2025 1:00:00 AM,5/7/2025 9:00:00 PM,RFC,WEST,ATSI,OE,6661.886,True
5/8/2025 2:00:00 AM,5/7/2025 10:00:00 PM,RFC,WEST,ATSI,OE,6314.459,True
5/8/2025 3:00:00 AM,5/7/2025 11:00:00 PM,RFC,WEST,ATSI,OE,5907.035,True
5/8/2025 4:00:00 AM,5/8/2025 12:00:00 AM,RFC,WEST,ATSI,OE,5669.677,True
5/8/2025 5:00:00 AM,5/8/2025 1:00:00 AM,RFC,WEST,ATSI,OE,5510.521,True
5/8/2025 6:00:00 AM,5/8/2025 2:00:00 AM,RFC,WEST,ATSI,OE,5357.142,True
5/8/2025 7:00:00 AM,5/8/2025 3:00:00 AM,RFC,WEST,ATSI,OE,5245.506,True
5/8/2025 8:00:00 AM,5/8/2025 4:00:00 AM,RFC,WEST,ATSI,OE,5500.811,True
5/8/2025 9:00:00 AM,5/8/2025 5:00:00 AM,RFC,WEST,ATSI,OE,5719.455,True
5/8/2025 10:00:00 AM,5/8/2025 6:00:00 AM,RFC,WEST,ATSI,OE,6158.620,True
5/8/2025 11:00:00 AM,5/8/2025 7:00:00 AM,RFC,WEST,ATSI,OE,6501.884,True
5/8/2025 12:00:00 PM,5/8/2025 8:00:00 AM,RFC,WEST,ATSI,OE,6598.358,True
5/8/2025 1:00:00 PM,5/8/2025 9:00:00 AM,RFC,WEST,ATSI,OE,6763.181,True
5/8/2025 2:00:00 PM,5/8/2025 10:00:00 AM,RFC,WEST,ATSI,OE,6854.520,True
5/8/2025 3:00:00 PM,5/8/2025 11:00:00 AM,RFC,WEST,ATSI,OE,6838.373,True
5/8/2025 4:00:00 PM,5/8/2025 12:00:00 PM,RFC,WEST,ATSI,OE,6868.825,True
5/8/2025 5:00:00 PM,5/8/2025 1:00:00 PM,RFC,WEST,ATSI,OE,6948.102,True
5/8/2025 6:00:00 PM,5/8/2025 2:00:00 PM,RFC,WEST,ATSI,OE,6792.631,True
5/8/2025 7:00:00 PM,5/8/2025 3:00:00 PM,RFC,WEST,ATSI,OE,6642.127,True
5/8/2025 8:00:00 PM,5/8/2025 4:00:00 PM,RFC,WEST,ATSI,OE,6648.561,True
5/8/2025 9:00:00 PM,5/8/2025 5:00:00 PM,RFC,WEST,ATSI,OE,6571.878,True
5/8/2025 10:00:00 PM,5/8/2025 6:00:00 PM,RFC,WEST,ATSI,OE,6503.494,True
5/8/2025 11:00:00 PM,5/8/2025 7:00:00 PM,RFC,WEST,ATSI,OE,6518.055,True
5/9/2025 12:00:00 AM,5/8/2025 8:00:00 PM,RFC,WEST,ATSI,OE,6586.169,True
5/9/2025 1:00:00 AM,5/8/2025 9:00:00 PM,RFC,WEST,ATSI,OE,6564.241,True
5/9/2025 2:00:00 AM,5/8/2025 10:00:00 PM,RFC,WEST,ATSI,OE,6286.831,True
5/9/2025 3:00:00 AM,5/8/2025 11:00:00 PM,RFC,WEST,ATSI,OE,6051.836,True
5/9/2025 4:00:00 AM,5/9/2025 12:00:00 AM,RFC,WEST,ATSI,OE,5841.995,True
5/9/2025 5:00:00 AM,5/9/2025 1:00:00 AM,RFC,WEST,ATSI,OE,5664.101,True
5/9/2025 6:00:00 AM,5/9/2025 2:00:00 AM,RFC,WEST,ATSI,OE,5642.228,True
5/9/2025 7:00:00 AM,5/9/2025 3:00:00 AM,RFC,WEST,ATSI,OE,5631.863,True
5/9/2025 8:00:00 AM,5/9/2025 4:00:00 AM,RFC,WEST,ATSI,OE,5751.115,True
5/9/2025 9:00:00 AM,5/9/2025 5:00:00 AM,RFC,WEST,ATSI,OE,6025.485,True
5/9/2025 10:00:00 AM,5/9/2025 6:00:00 AM,RFC,WEST,ATSI,OE,6399.904,True
5/9/2025 11:00:00 AM,5/9/2025 7:00:00 AM,RFC,WEST,ATSI,OE,6670.747,True
5/9/2025 12:00:00 PM,5/9/2025 8:00:00 AM,RFC,WEST,ATSI,OE,6654.672,True
5/9/2025 1:00:00 PM,5/9/2025 9:00:00 AM,RFC,WEST,ATSI,OE,6740.019,True
5/9/2025 2:00:00 PM,5/9/2025 10:00:00 AM,RFC,WEST,ATSI,OE,6732.355,True
5/9/2025 3:00:00 PM,5/9/2025 11:00:00 AM,RFC,WEST,ATSI,OE,6682.321,True
5/9/2025 4:00:00 PM,5/9/2025 12:00:00 PM,RFC,WEST,ATSI,OE,6696.786,True
5/9/2025 5:00:00 PM,5/9/2025 1:00:00 PM,RFC,WEST,ATSI,OE,6560.127,True
5/9/2025 6:00:00 PM,5/9/2025 2:00:00 PM,RFC,WEST,ATSI,OE,6560.515,True
5/9/2025 7:00:00 PM,5/9/2025 3:00:00 PM,RFC,WEST,ATSI,OE,6419.357,True
5/9/2025 8:00:00 PM,5/9/2025 4:00:00 PM,RFC,WEST,ATSI,OE,6363.549,True
5/9/2025 9:00:00 PM,5/9/2025 5:00:00 PM,RFC,WEST,ATSI,OE,6287.542,True
5/9/2025 10:00:00 PM,5/9/2025 6:00:00 PM,RFC,WEST,ATSI,OE,6139.136,True
5/9/2025 11:00:00 PM,5/9/2025 7:00:00 PM,RFC,WEST,ATSI,OE,6157.446,True
5/10/2025 12:00:00 AM,5/9/2025 8:00:00 PM,RFC,WEST,ATSI,OE,6255.451,True
5/10/2025 1:00:00 AM,5/9/2025 9:00:00 PM,RFC,WEST,ATSI,OE,6296.309,True
5/10/2025 2:00:00 AM,5/9/2025 10:00:00 PM,RFC,WEST,ATSI,OE,6026.350,True
5/10/2025 3:00:00 AM,5/9/2025 11:00:00 PM,RFC,WEST,ATSI,OE,5739.899,True
5/10/2025 4:00:00 AM,5/10/2025 12:00:00 AM,RFC,WEST,ATSI,OE,5514.712,True
5/10/2025 5:00:00 AM,5/10/2025 1:00:00 AM,RFC,WEST,ATSI,OE,5359.193,True
5/10/2025 6:00:00 AM,5/10/2025 2:00:00 AM,RFC,WEST,ATSI,OE,5302.038,True
5/10/2025 7:00:00 AM,5/10/2025 3:00:00 AM,RFC,WEST,ATSI,OE,5311.422,True
5/10/2025 8:00:00 AM,5/10/2025 4:00:00 AM,RFC,WEST,ATSI,OE,5319.208,True
5/10/2025 9:00:00 AM,5/10/2025 5:00:00 AM,RFC,WEST,ATSI,OE,5443.530,True
5/10/2025 10:00:00 AM,5/10/2025 6:00:00 AM,RFC,WEST,ATSI,OE,5517.490,True
5/10/2025 11:00:00 AM,5/10/2025 7:00:00 AM,RFC,WEST,ATSI,OE,5703.411,True
5/10/2025 12:00:00 PM,5/10/2025 8:00:00 AM,RFC,WEST,ATSI,OE,5799.927,True
5/10/2025 1:00:00 PM,5/10/2025 9:00:00 AM,RFC,WEST,ATSI,OE,5892.446,True
5/10/2025 2:00:00 PM,5/10/2025 10:00:00 AM,RFC,WEST,ATSI,OE,5837.904,True
5/10/2025 3:00:00 PM,5/10/2025 11:00:00 AM,RFC,WEST,ATSI,OE,5849.576,True
5/10/2025 4:00:00 PM,5/10/2025 12:00:00 PM,RFC,WEST,ATSI,OE,5858.694,True
5/10/2025 5:00:00 PM,5/10/2025 1:00:00 PM,RFC,WEST,ATSI,OE,5829.180,True
5/10/2025 6:00:00 PM,5/10/2025 2:00:00 PM,RFC,WEST,ATSI,OE,5816.735,True
5/10/2025 7:00:00 PM,5/10/2025 3:00:00 PM,RFC,WEST,ATSI,OE,5868.755,True
5/10/2025 8:00:00 PM,5/10/2025 4:00:00 PM,RFC,WEST,ATSI,OE,5921.000,True
5/10/2025 9:00:00 PM,5/10/2025 5:00:00 PM,RFC,WEST,ATSI,OE,6003.392,True
5/10/2025 10:00:00 PM,5/10/2025 6:00:00 PM,RFC,WEST,ATSI,OE,6038.150,True
5/10/2025 11:00:00 PM,5/10/2025 7:00:00 PM,RFC,WEST,ATSI,OE,6111.660,True
5/11/2025 12:00:00 AM,5/10/2025 8:00:00 PM,RFC,WEST,ATSI,OE,6074.246,True
5/11/2025 1:00:00 AM,5/10/2025 9:00:00 PM,RFC,WEST,ATSI,OE,6039.139,True
5/11/2025 2:00:00 AM,5/10/2025 10:00:00 PM,RFC,WEST,ATSI,OE,5755.837,True
5/11/2025 3:00:00 AM,5/10/2025 11:00:00 PM,RFC,WEST,ATSI,OE,5439.766,True
5/11/2025 4:00:00 AM,5/11/2025 12:00:00 AM,RFC,WEST,ATSI,OE,5245.401,True
5/11/2025 5:00:00 AM,5/11/2025 1:00:00 AM,RFC,WEST,ATSI,OE,5046.182,True
5/11/2025 6:00:00 AM,5/11/2025 2:00:00 AM,RFC,WEST,ATSI,OE,4992.170,True
5/11/2025 7:00:00 AM,5/11/2025 3:00:00 AM,RFC,WEST,ATSI,OE,4867.705,True
5/11/2025 8:00:00 AM,5/11/2025 4:00:00 AM,RFC,WEST,ATSI,OE,4923.961,True
5/11/2025 9:00:00 AM,5/11/2025 5:00:00 AM,RFC,WEST,ATSI,OE,5010.441,True
5/11/2025 10:00:00 AM,5/11/2025 6:00:00 AM,RFC,WEST,ATSI,OE,5020.159,True
5/11/2025 11:00:00 AM,5/11/2025 7:00:00 AM,RFC,WEST,ATSI,OE,5246.098,True
5/11/2025 12:00:00 PM,5/11/2025 8:00:00 AM,RFC,WEST,ATSI,OE,5428.497,True
5/11/2025 1:00:00 PM,5/11/2025 9:00:00 AM,RFC,WEST,ATSI,OE,5543.180,True
5/11/2025 2:00:00 PM,5/11/2025 10:00:00 AM,RFC,WEST,ATSI,OE,5680.418,True
5/11/2025 3:00:00 PM,5/11/2025 11:00:00 AM,RFC,WEST,ATSI,OE,5738.252,True
5/11/2025 4:00:00 PM,5/11/2025 12:00:00 PM,RFC,WEST,ATSI,OE,5740.755,True
5/11/2025 5:00:00 PM,5/11/2025 1:00:00 PM,RFC,WEST,ATSI,OE,5750.116,True
5/11/2025 6:00:00 PM,5/11/2025 2:00:00 PM,RFC,WEST,ATSI,OE,5744.342,True
5/11/2025 7:00:00 PM,5/11/2025 3:00:00 PM,RFC,WEST,ATSI,OE,5877.067,True
5/11/2025 8:00:00 PM,5/11/2025 4:00:00 PM,RFC,WEST,ATSI,OE,5902.581,True
5/11/2025 9:00:00 PM,5/11/2025 5:00:00 PM,RFC,WEST,ATSI,OE,5990.579,True
5/11/2025 10:00:00 PM,5/11/2025 6:00:00 PM,RFC,WEST,ATSI,OE,6022.599,True
5/11/2025 11:00:00 PM,5/11/2025 7:00:00 PM,RFC,WEST,ATSI,OE,6117.244,True
5/12/2025 12:00:00 AM,5/11/2025 8:00:00 PM,RFC,WEST,ATSI,OE,6204.893,True
5/12/2025 1:00:00 AM,5/11/2025 9:00:00 PM,RFC,WEST,ATSI,OE,6190.250,True
5/12/2025 2:00:00 AM,5/11/2025 10:00:00 PM,RFC,WEST,ATSI,OE,5932.011,True
5/12/2025 3:00:00 AM,5/11/2025 11:00:00 PM,RFC,WEST,ATSI,OE,5591.747,True
5/12/2025 4:00:00 AM,5/12/2025 12:00:00 AM,RFC,WEST,ATSI,OE,5340.942,True
5/12/2025 5:00:00 AM,5/12/2025 1:00:00 AM,RFC,WEST,ATSI,OE,5233.441,True
5/12/2025 6:00:00 AM,5/12/2025 2:00:00 AM,RFC,WEST,ATSI,OE,5232.471,True
5/12/2025 7:00:00 AM,5/12/2025 3:00:00 AM,RFC,WEST,ATSI,OE,5203.736,True
5/12/2025 8:00:00 AM,5/12/2025 4:00:00 AM,RFC,WEST,ATSI,OE,5321.773,True
5/12/2025 9:00:00 AM,5/12/2025 5:00:00 AM,RFC,WEST,ATSI,OE,5608.474,True
5/12/2025 10:00:00 AM,5/12/2025 6:00:00 AM,RFC,WEST,ATSI,OE,6034.669,True
5/12/2025 11:00:00 AM,5/12/2025 7:00:00 AM,RFC,WEST,ATSI,OE,6431.983,True
5/12/2025 12:00:00 PM,5/12/2025 8:00:00 AM,RFC,WEST,ATSI,OE,6580.957,True
5/12/2025 1:00:00 PM,5/12/2025 9:00:00 AM,RFC,WEST,ATSI,OE,6772.405,True
5/12/2025 2:00:00 PM,5/12/2025 10:00:00 AM,RFC,WEST,ATSI,OE,6902.485,True
5/12/2025 3:00:00 PM,5/12/2025 11:00:00 AM,RFC,WEST,ATSI,OE,6983.991,True
5/12/2025 4:00:00 PM,5/12/2025 12:00:00 PM,RFC,WEST,ATSI,OE,7017.147,True
5/12/2025 5:00:00 PM,5/12/2025 1:00:00 PM,RFC,WEST,ATSI,OE,7221.791,True
5/12/2025 6:00:00 PM,5/12/2025 2:00:00 PM,RFC,WEST,ATSI,OE,7381.462,True
5/12/2025 7:00:00 PM,5/12/2025 3:00:00 PM,RFC,WEST,ATSI,OE,7345.704,True
5/12/2025 8:00:00 PM,5/12/2025 4:00:00 PM,RFC,WEST,ATSI,OE,7343.464,True
5/12/2025 9:00:00 PM,5/12/2025 5:00:00 PM,RFC,WEST,ATSI,OE,7294.313,True
5/12/2025 10:00:00 PM,5/12/2025 6:00:00 PM,RFC,WEST,ATSI,OE,7097.511,True
5/12/2025 11:00:00 PM,5/12/2025 7:00:00 PM,RFC,WEST,ATSI,OE,7126.978,True
5/13/2025 12:00:00 AM,5/12/2025 8:00:00 PM,RFC,WEST,ATSI,OE,7139.462,True
5/13/2025 1:00:00 AM,5/12/2025 9:00:00 PM,RFC,WEST,ATSI,OE,6990.993,True
5/13/2025 2:00:00 AM,5/12/2025 10:00:00 PM,RFC,WEST,ATSI,OE,6602.727,True
5/13/2025 3:00:00 AM,5/12/2025 11:00:00 PM,RFC,WEST,ATSI,OE,6200.717,True
5/13/2025 4:00:00 AM,5/13/2025 12:00:00 AM,RFC,WEST,ATSI,OE,5949.870,True
5/13/2025 5:00:00 AM,5/13/2025 1:00:00 AM,RFC,WEST,ATSI,OE,5756.797,True
5/13/2025 6:00:00 AM,5/13/2025 2:00:00 AM,RFC,WEST,ATSI,OE,5555.601,True
5/13/2025 7:00:00 AM,5/13/2025 3:00:00 AM,RFC,WEST,ATSI,OE,5511.715,True
5/13/2025 8:00:00 AM,5/13/2025 4:00:00 AM,RFC,WEST,ATSI,OE,5612.071,True
5/13/2025 9:00:00 AM,5/13/2025 5:00:00 AM,RFC,WEST,ATSI,OE,5861.254,True
5/13/2025 10:00:00 AM,5/13/2025 6:00:00 AM,RFC,WEST,ATSI,OE,6255.480,True
5/13/2025 11:00:00 AM,5/13/2025 7:00:00 AM,RFC,WEST,ATSI,OE,6692.800,True
5/13/2025 12:00:00 PM,5/13/2025 8:00:00 AM,RFC,WEST,ATSI,OE,6910.635,True
5/13/2025 1:00:00 PM,5/13/2025 9:00:00 AM,RFC,WEST,ATSI,OE,7085.862,True
5/13/2025 2:00:00 PM,5/13/2025 10:00:00 AM,RFC,WEST,ATSI,OE,7239.057,True
5/13/2025 3:00:00 PM,5/13/2025 11:00:00 AM,RFC,WEST,ATSI,OE,7221.004,True
5/13/2025 4:00:00 PM,5/13/2025 12:00:00 PM,RFC,WEST,ATSI,OE,7239.038,True
5/13/2025 5:00:00 PM,5/13/2025 1:00:00 PM,RFC,WEST,ATSI,OE,7418.800,True
5/13/2025 6:00:00 PM,5/13/2025 2:00:00 PM,RFC,WEST,ATSI,OE,7319.223,True
5/13/2025 7:00:00 PM,5/13/2025 3:00:00 PM,RFC,WEST,ATSI,OE,7273.515,True
5/13/2025 8:00:00 PM,5/13/2025 4:00:00 PM,RFC,WEST,ATSI,OE,7266.735,True
5/13/2025 9:00:00 PM,5/13/2025 5:00:00 PM,RFC,WEST,ATSI,OE,7144.094,True
5/13/2025 10:00:00 PM,5/13/2025 6:00:00 PM,RFC,WEST,ATSI,OE,7031.208,True
5/13/2025 11:00:00 PM,5/13/2025 7:00:00 PM,RFC,WEST,ATSI,OE,6915.616,True
5/14/2025 12:00:00 AM,5/13/2025 8:00:00 PM,RFC,WEST,ATSI,OE,7000.416,True
5/14/2025 1:00:00 AM,5/13/2025 9:00:00 PM,RFC,WEST,ATSI,OE,6903.749,True
5/14/2025 2:00:00 AM,5/13/2025 10:00:00 PM,RFC,WEST,ATSI,OE,6524.205,True
5/14/2025 3:00:00 AM,5/13/2025 11:00:00 PM,RFC,WEST,ATSI,OE,6124.270,True
5/14/2025 4:00:00 AM,5/14/2025 12:00:00 AM,RFC,WEST,ATSI,OE,5834.617,True
5/14/2025 5:00:00 AM,5/14/2025 1:00:00 AM,RFC,WEST,ATSI,OE,5588.972,True
5/14/2025 6:00:00 AM,5/14/2025 2:00:00 AM,RFC,WEST,ATSI,OE,5463.700,True
5/14/2025 7:00:00 AM,5/14/2025 3:00:00 AM,RFC,WEST,ATSI,OE,5421.039,True
5/14/2025 8:00:00 AM,5/14/2025 4:00:00 AM,RFC,WEST,ATSI,OE,5510.416,True
5/14/2025 9:00:00 AM,5/14/2025 5:00:00 AM,RFC,WEST,ATSI,OE,5803.465,True
5/14/2025 10:00:00 AM,5/14/2025 6:00:00 AM,RFC,WEST,ATSI,OE,6219.364,True
5/14/2025 11:00:00 AM,5/14/2025 7:00:00 AM,RFC,WEST,ATSI,OE,6579.661,True
5/14/2025 12:00:00 PM,5/14/2025 8:00:00 AM,RFC,WEST,ATSI,OE,6775.364,True
5/14/2025 1:00:00 PM,5/14/2025 9:00:00 AM,RFC,WEST,ATSI,OE,6883.645,True
5/14/2025 2:00:00 PM,5/14/2025 10:00:00 AM,RFC,WEST,ATSI,OE,7114.580,True
5/14/2025 3:00:00 PM,5/14/2025 11:00:00 AM,RFC,WEST,ATSI,OE,7317.685,True
5/14/2025 4:00:00 PM,5/14/2025 12:00:00 PM,RFC,WEST,ATSI,OE,7445.404,True
5/14/2025 5:00:00 PM,5/14/2025 1:00:00 PM,RFC,WEST,ATSI,OE,7658.086,True
5/14/2025 6:00:00 PM,5/14/2025 2:00:00 PM,RFC,WEST,ATSI,OE,7749.190,True
5/14/2025 7:00:00 PM,5/14/2025 3:00:00 PM,RFC,WEST,ATSI,OE,7727.805,True
5/14/2025 8:00:00 PM,5/14/2025 4:00:00 PM,RFC,WEST,ATSI,OE,7692.291,True
5/14/2025 9:00:00 PM,5/14/2025 5:00:00 PM,RFC,WEST,ATSI,OE,7681.453,True
5/14/2025 10:00:00 PM,5/14/2025 6:00:00 PM,RFC,WEST,ATSI,OE,7505.563,True
5/14/2025 11:00:00 PM,5/14/2025 7:00:00 PM,RFC,WEST,ATSI,OE,7340.841,True
5/15/2025 12:00:00 AM,5/14/2025 8:00:00 PM,RFC,WEST,ATSI,OE,7313.565,True
5/15/2025 1:00:00 AM,5/14/2025 9:00:00 PM,RFC,WEST,ATSI,OE,7193.552,True
5/15/2025 2:00:00 AM,5/14/2025 10:00:00 PM,RFC,WEST,ATSI,OE,6762.509,True
5/15/2025 3:00:00 AM,5/14/2025 11:00:00 PM,RFC,WEST,ATSI,OE,6393.739,True
5/15/2025 4:00:00 AM,5/15/2025 12:00:00 AM,RFC,WEST,ATSI,OE,6050.111,True
5/15/2025 5:00:00 AM,5/15/2025 1:00:00 AM,RFC,WEST,ATSI,OE,5828.288,True
5/15/2025 6:00:00 AM,5/15/2025 2:00:00 AM,RFC,WEST,ATSI,OE,5706.407,True
5/15/2025 7:00:00 AM,5/15/2025 3:00:00 AM,RFC,WEST,ATSI,OE,5646.386,True
5/15/2025 8:00:00 AM,5/15/2025 4:00:00 AM,RFC,WEST,ATSI,OE,5658.467,True
5/15/2025 9:00:00 AM,5/15/2025 5:00:00 AM,RFC,WEST,ATSI,OE,5941.822,True
5/15/2025 10:00:00 AM,5/15/2025 6:00:00 AM,RFC,WEST,ATSI,OE,6378.249,True
5/15/2025 11:00:00 AM,5/15/2025 7:00:00 AM,RFC,WEST,ATSI,OE,6799.882,True
5/15/2025 12:00:00 PM,5/15/2025 8:00:00 AM,RFC,WEST,ATSI,OE,7021.072,True
5/15/2025 1:00:00 PM,5/15/2025 9:00:00 AM,RFC,WEST,ATSI,OE,7295.448,True
5/15/2025 2:00:00 PM,5/15/2025 10:00:00 AM,RFC,WEST,ATSI,OE,7436.148,True
5/15/2025 3:00:00 PM,5/15/2025 11:00:00 AM,RFC,WEST,ATSI,OE,7565.909,True
5/15/2025 4:00:00 PM,5/15/2025 12:00:00 PM,RFC,WEST,ATSI,OE,7810.209,True
5/15/2025 5:00:00 PM,5/15/2025 1:00:00 PM,RFC,WEST,ATSI,OE,8115.775,True
5/15/2025 6:00:00 PM,5/15/2025 2:00:00 PM,RFC,WEST,ATSI,OE,8319.693,True
5/15/2025 7:00:00 PM,5/15/2025 3:00:00 PM,RFC,WEST,ATSI,OE,8422.942,True
5/15/2025 8:00:00 PM,5/15/2025 4:00:00 PM,RFC,WEST,ATSI,OE,8604.883,True
5/15/2025 9:00:00 PM,5/15/2025 5:00:00 PM,RFC,WEST,ATSI,OE,8550.404,True
5/15/2025 10:00:00 PM,5/15/2025 6:00:00 PM,RFC,WEST,ATSI,OE,8586.838,True
5/15/2025 11:00:00 PM,5/15/2025 7:00:00 PM,RFC,WEST,ATSI,OE,8367.590,True
5/16/2025 12:00:00 AM,5/15/2025 8:00:00 PM,RFC,WEST,ATSI,OE,8297.335,True
5/16/2025 1:00:00 AM,5/15/2025 9:00:00 PM,RFC,WEST,ATSI,OE,8046.079,True
5/16/2025 2:00:00 AM,5/15/2025 10:00:00 PM,RFC,WEST,ATSI,OE,7776.163,True
5/16/2025 3:00:00 AM,5/15/2025 11:00:00 PM,RFC,WEST,ATSI,OE,7305.249,True
5/16/2025 4:00:00 AM,5/16/2025 12:00:00 AM,RFC,WEST,ATSI,OE,6882.517,True
5/16/2025 5:00:00 AM,5/16/2025 1:00:00 AM,RFC,WEST,ATSI,OE,6609.443,True
5/16/2025 6:00:00 AM,5/16/2025 2:00:00 AM,RFC,WEST,ATSI,OE,6425.126,True
5/16/2025 7:00:00 AM,5/16/2025 3:00:00 AM,RFC,WEST,ATSI,OE,6244.571,True
5/16/2025 8:00:00 AM,5/16/2025 4:00:00 AM,RFC,WEST,ATSI,OE,6164.101,True
5/16/2025 9:00:00 AM,5/16/2025 5:00:00 AM,RFC,WEST,ATSI,OE,6314.499,True
5/16/2025 10:00:00 AM,5/16/2025 6:00:00 AM,RFC,WEST,ATSI,OE,6594.227,True
5/16/2025 11:00:00 AM,5/16/2025 7:00:00 AM,RFC,WEST,ATSI,OE,7056.068,True
5/16/2025 12:00:00 PM,5/16/2025 8:00:00 AM,RFC,WEST,ATSI,OE,7437.585,True
5/16/2025 1:00:00 PM,5/16/2025 9:00:00 AM,RFC,WEST,ATSI,OE,7795.311,True
5/16/2025 2:00:00 PM,5/16/2025 10:00:00 AM,RFC,WEST,ATSI,OE,8079.409,True
5/16/2025 3:00:00 PM,5/16/2025 11:00:00 AM,RFC,WEST,ATSI,OE,8211.648,True
5/16/2025 4:00:00 PM,5/16/2025 12:00:00 PM,RFC,WEST,ATSI,OE,8448.994,True
5/16/2025 5:00:00 PM,5/16/2025 1:00:00 PM,RFC,WEST,ATSI,OE,8701.496,True
5/16/2025 6:00:00 PM,5/16/2025 2:00:00 PM,RFC,WEST,ATSI,OE,8745.045,True
5/16/2025 7:00:00 PM,5/16/2025 3:00:00 PM,RFC,WEST,ATSI,OE,8776.991,True
5/16/2025 8:00:00 PM,5/16/2025 4:00:00 PM,RFC,WEST,ATSI,OE,8790.113,True
5/16/2025 9:00:00 PM,5/16/2025 5:00:00 PM,RFC,WEST,ATSI,OE,8793.911,True
5/16/2025 10:00:00 PM,5/16/2025 6:00:00 PM,RFC,WEST,ATSI,OE,8581.081,True
5/16/2025 11:00:00 PM,5/16/2025 7:00:00 PM,RFC,WEST,ATSI,OE,8318.834,True
5/17/2025 12:00:00 AM,5/16/2025 8:00:00 PM,RFC,WEST,ATSI,OE,8042.330,True
5/17/2025 1:00:00 AM,5/16/2025 9:00:00 PM,RFC,WEST,ATSI,OE,7906.734,True
5/17/2025 2:00:00 AM,5/16/2025 10:00:00 PM,RFC,WEST,ATSI,OE,7368.576,True
5/17/2025 3:00:00 AM,5/16/2025 11:00:00 PM,RFC,WEST,ATSI,OE,6701.473,True
5/17/2025 4:00:00 AM,5/17/2025 12:00:00 AM,RFC,WEST,ATSI,OE,6192.825,True
5/17/2025 5:00:00 AM,5/17/2025 1:00:00 AM,RFC,WEST,ATSI,OE,5902.127,True
5/17/2025 6:00:00 AM,5/17/2025 2:00:00 AM,RFC,WEST,ATSI,OE,5699.204,True
5/17/2025 7:00:00 AM,5/17/2025 3:00:00 AM,RFC,WEST,ATSI,OE,5498.142,True
5/17/2025 8:00:00 AM,5/17/2025 4:00:00 AM,RFC,WEST,ATSI,OE,5503.491,True
5/17/2025 9:00:00 AM,5/17/2025 5:00:00 AM,RFC,WEST,ATSI,OE,5415.433,True
5/17/2025 10:00:00 AM,5/17/2025 6:00:00 AM,RFC,WEST,ATSI,OE,5534.847,True
5/17/2025 11:00:00 AM,5/17/2025 7:00:00 AM,RFC,WEST,ATSI,OE,5780.273,True
5/17/2025 12:00:00 PM,5/17/2025 8:00:00 AM,RFC,WEST,ATSI,OE,6072.853,True
5/17/2025 1:00:00 PM,5/17/2025 9:00:00 AM,RFC,WEST,ATSI,OE,6200.664,True
5/17/2025 2:00:00 PM,5/17/2025 10:00:00 AM,RFC,WEST,ATSI,OE,6188.160,True
5/17/2025 3:00:00 PM,5/17/2025 11:00:00 AM,RFC,WEST,ATSI,OE,6402.618,True
5/17/2025 4:00:00 PM,5/17/2025 12:00:00 PM,RFC,WEST,ATSI,OE,6452.139,True
5/17/2025 5:00:00 PM,5/17/2025 1:00:00 PM,RFC,WEST,ATSI,OE,6413.930,True
5/17/2025 6:00:00 PM,5/17/2025 2:00:00 PM,RFC,WEST,ATSI,OE,6305.021,True
5/17/2025 7:00:00 PM,5/17/2025 3:00:00 PM,RFC,WEST,ATSI,OE,6298.117,True
5/17/2025 8:00:00 PM,5/17/2025 4:00:00 PM,RFC,WEST,ATSI,OE,6218.399,True
5/17/2025 9:00:00 PM,5/17/2025 5:00:00 PM,RFC,WEST,ATSI,OE,6133.566,True
5/17/2025 10:00:00 PM,5/17/2025 6:00:00 PM,RFC,WEST,ATSI,OE,6112.916,True
5/17/2025 11:00:00 PM,5/17/2025 7:00:00 PM,RFC,WEST,ATSI,OE,6001.900,True
5/18/2025 12:00:00 AM,5/17/2025 8:00:00 PM,RFC,WEST,ATSI,OE,6025.391,True
5/18/2025 1:00:00 AM,5/17/2025 9:00:00 PM,RFC,WEST,ATSI,OE,6048.729,True
5/18/2025 2:00:00 AM,5/17/2025 10:00:00 PM,RFC,WEST,ATSI,OE,5793.681,True
5/18/2025 3:00:00 AM,5/17/2025 11:00:00 PM,RFC,WEST,ATSI,OE,5488.092,True
5/18/2025 4:00:00 AM,5/18/2025 12:00:00 AM,RFC,WEST,ATSI,OE,5277.543,True
5/18/2025 5:00:00 AM,5/18/2025 1:00:00 AM,RFC,WEST,ATSI,OE,5195.565,True
5/18/2025 6:00:00 AM,5/18/2025 2:00:00 AM,RFC,WEST,ATSI,OE,5067.701,True
5/18/2025 7:00:00 AM,5/18/2025 3:00:00 AM,RFC,WEST,ATSI,OE,5025.184,True
5/18/2025 8:00:00 AM,5/18/2025 4:00:00 AM,RFC,WEST,ATSI,OE,5024.356,True
5/18/2025 9:00:00 AM,5/18/2025 5:00:00 AM,RFC,WEST,ATSI,OE,5055.998,True
5/18/2025 10:00:00 AM,5/18/2025 6:00:00 AM,RFC,WEST,ATSI,OE,5053.433,True
5/18/2025 11:00:00 AM,5/18/2025 7:00:00 AM,RFC,WEST,ATSI,OE,5207.920,True
5/18/2025 12:00:00 PM,5/18/2025 8:00:00 AM,RFC,WEST,ATSI,OE,5435.579,True
5/18/2025 1:00:00 PM,5/18/2025 9:00:00 AM,RFC,WEST,ATSI,OE,5625.899,True
5/18/2025 2:00:00 PM,5/18/2025 10:00:00 AM,RFC,WEST,ATSI,OE,5749.187,True
5/18/2025 3:00:00 PM,5/18/2025 11:00:00 AM,RFC,WEST,ATSI,OE,5913.818,True
5/18/2025 4:00:00 PM,5/18/2025 12:00:00 PM,RFC,WEST,ATSI,OE,5988.029,True
5/18/2025 5:00:00 PM,5/18/2025 1:00:00 PM,RFC,WEST,ATSI,OE,5953.837,True
5/18/2025 6:00:00 PM,5/18/2025 2:00:00 PM,RFC,WEST,ATSI,OE,6040.380,True
5/18/2025 7:00:00 PM,5/18/2025 3:00:00 PM,RFC,WEST,ATSI,OE,6013.422,True
5/18/2025 8:00:00 PM,5/18/2025 4:00:00 PM,RFC,WEST,ATSI,OE,6106.035,True
5/18/2025 9:00:00 PM,5/18/2025 5:00:00 PM,RFC,WEST,ATSI,OE,6180.732,True
5/18/2025 10:00:00 PM,5/18/2025 6:00:00 PM,RFC,WEST,ATSI,OE,6159.944,True
5/18/2025 11:00:00 PM,5/18/2025 7:00:00 PM,RFC,WEST,ATSI,OE,6257.150,True
5/19/2025 12:00:00 AM,5/18/2025 8:00:00 PM,RFC,WEST,ATSI,OE,6232.181,True
5/19/2025 1:00:00 AM,5/18/2025 9:00:00 PM,RFC,WEST,ATSI,OE,6161.097,True
5/19/2025 2:00:00 AM,5/18/2025 10:00:00 PM,RFC,WEST,ATSI,OE,5894.089,True
5/19/2025 3:00:00 AM,5/18/2025 11:00:00 PM,RFC,WEST,ATSI,OE,5623.753,True
5/19/2025 4:00:00 AM,5/19/2025 12:00:00 AM,RFC,WEST,ATSI,OE,5498.997,True
5/19/2025 5:00:00 AM,5/19/2025 1:00:00 AM,RFC,WEST,ATSI,OE,5325.490,True
5/19/2025 6:00:00 AM,5/19/2025 2:00:00 AM,RFC,WEST,ATSI,OE,5262.026,True
5/19/2025 7:00:00 AM,5/19/2025 3:00:00 AM,RFC,WEST,ATSI,OE,5287.918,True
5/19/2025 8:00:00 AM,5/19/2025 4:00:00 AM,RFC,WEST,ATSI,OE,5387.972,True
5/19/2025 9:00:00 AM,5/19/2025 5:00:00 AM,RFC,WEST,ATSI,OE,5621.548,True
5/19/2025 10:00:00 AM,5/19/2025 6:00:00 AM,RFC,WEST,ATSI,OE,6117.287,True
5/19/2025 11:00:00 AM,5/19/2025 7:00:00 AM,RFC,WEST,ATSI,OE,6538.127,True
5/19/2025 12:00:00 PM,5/19/2025 8:00:00 AM,RFC,WEST,ATSI,OE,6709.848,True
5/19/2025 1:00:00 PM,5/19/2025 9:00:00 AM,RFC,WEST,ATSI,OE,6698.147,True
5/19/2025 2:00:00 PM,5/19/2025 10:00:00 AM,RFC,WEST,ATSI,OE,6762.110,True
5/19/2025 3:00:00 PM,5/19/2025 11:00:00 AM,RFC,WEST,ATSI,OE,6745.438,True
5/19/2025 4:00:00 PM,5/19/2025 12:00:00 PM,RFC,WEST,ATSI,OE,6752.318,True
5/19/2025 5:00:00 PM,5/19/2025 1:00:00 PM,RFC,WEST,ATSI,OE,6829.008,True
5/19/2025 6:00:00 PM,5/19/2025 2:00:00 PM,RFC,WEST,ATSI,OE,6833.195,True
5/19/2025 7:00:00 PM,5/19/2025 3:00:00 PM,RFC,WEST,ATSI,OE,6800.938,True
5/19/2025 8:00:00 PM,5/19/2025 4:00:00 PM,RFC,WEST,ATSI,OE,6682.518,True
5/19/2025 9:00:00 PM,5/19/2025 5:00:00 PM,RFC,WEST,ATSI,OE,6704.500,True
5/19/2025 10:00:00 PM,5/19/2025 6:00:00 PM,RFC,WEST,ATSI,OE,6709.472,True
5/19/2025 11:00:00 PM,5/19/2025 7:00:00 PM,RFC,WEST,ATSI,OE,6583.557,True
5/20/2025 12:00:00 AM,5/19/2025 8:00:00 PM,RFC,WEST,ATSI,OE,6585.046,True
5/20/2025 1:00:00 AM,5/19/2025 9:00:00 PM,RFC,WEST,ATSI,OE,6548.394,True
5/20/2025 2:00:00 AM,5/19/2025 10:00:00 PM,RFC,WEST,ATSI,OE,6249.558,True
5/20/2025 3:00:00 AM,5/19/2025 11:00:00 PM,RFC,WEST,ATSI,OE,5900.736,True
5/20/2025 4:00:00 AM,5/20/2025 12:00:00 AM,RFC,WEST,ATSI,OE,5690.085,True
5/20/2025 5:00:00 AM,5/20/2025 1:00:00 AM,RFC,WEST,ATSI,OE,5493.862,True
5/20/2025 6:00:00 AM,5/20/2025 2:00:00 AM,RFC,WEST,ATSI,OE,5480.634,True
5/20/2025 7:00:00 AM,5/20/2025 3:00:00 AM,RFC,WEST,ATSI,OE,5429.406,True
5/20/2025 8:00:00 AM,5/20/2025 4:00:00 AM,RFC,WEST,ATSI,OE,5480.028,True
5/20/2025 9:00:00 AM,5/20/2025 5:00:00 AM,RFC,WEST,ATSI,OE,5765.191,True
5/20/2025 10:00:00 AM,5/20/2025 6:00:00 AM,RFC,WEST,ATSI,OE,6167.238,True
5/20/2025 11:00:00 AM,5/20/2025 7:00:00 AM,RFC,WEST,ATSI,OE,6525.565,True
5/20/2025 12:00:00 PM,5/20/2025 8:00:00 AM,RFC,WEST,ATSI,OE,6721.784,True
5/20/2025 1:00:00 PM,5/20/2025 9:00:00 AM,RFC,WEST,ATSI,OE,6855.001,True
5/20/2025 2:00:00 PM,5/20/2025 10:00:00 AM,RFC,WEST,ATSI,OE,6847.388,True
5/20/2025 3:00:00 PM,5/20/2025 11:00:00 AM,RFC,WEST,ATSI,OE,6861.088,True
5/20/2025 4:00:00 PM,5/20/2025 12:00:00 PM,RFC,WEST,ATSI,OE,6851.510,True
5/20/2025 5:00:00 PM,5/20/2025 1:00:00 PM,RFC,WEST,ATSI,OE,6866.746,True
5/20/2025 6:00:00 PM,5/20/2025 2:00:00 PM,RFC,WEST,ATSI,OE,6837.283,True
5/20/2025 7:00:00 PM,5/20/2025 3:00:00 PM,RFC,WEST,ATSI,OE,6735.849,True
5/20/2025 8:00:00 PM,5/20/2025 4:00:00 PM,RFC,WEST,ATSI,OE,6699.166,True
5/20/2025 9:00:00 PM,5/20/2025 5:00:00 PM,RFC,WEST,ATSI,OE,6704.519,True
5/20/2025 10:00:00 PM,5/20/2025 6:00:00 PM,RFC,WEST,ATSI,OE,6727.968,True
5/20/2025 11:00:00 PM,5/20/2025 7:00:00 PM,RFC,WEST,ATSI,OE,6641.634,True
5/21/2025 12:00:00 AM,5/20/2025 8:00:00 PM,RFC,WEST,ATSI,OE,6681.005,True
5/21/2025 1:00:00 AM,5/20/2025 9:00:00 PM,RFC,WEST,ATSI,OE,6588.418,True
5/21/2025 2:00:00 AM,5/20/2025 10:00:00 PM,RFC,WEST,ATSI,OE,6245.522,True
5/21/2025 3:00:00 AM,5/20/2025 11:00:00 PM,RFC,WEST,ATSI,OE,5957.724,True
5/21/2025 4:00:00 AM,5/21/2025 12:00:00 AM,RFC,WEST,ATSI,OE,5709.755,True
5/21/2025 5:00:00 AM,5/21/2025 1:00:00 AM,RFC,WEST,ATSI,OE,5551.587,True
5/21/2025 6:00:00 AM,5/21/2025 2:00:00 AM,RFC,WEST,ATSI,OE,5457.280,True
5/21/2025 7:00:00 AM,5/21/2025 3:00:00 AM,RFC,WEST,ATSI,OE,5395.119,True
5/21/2025 8:00:00 AM,5/21/2025 4:00:00 AM,RFC,WEST,ATSI,OE,5474.949,True
5/21/2025 9:00:00 AM,5/21/2025 5:00:00 AM,RFC,WEST,ATSI,OE,5740.366,True
5/21/2025 10:00:00 AM,5/21/2025 6:00:00 AM,RFC,WEST,ATSI,OE,6091.048,True
5/21/2025 11:00:00 AM,5/21/2025 7:00:00 AM,RFC,WEST,ATSI,OE,6383.410,True
5/21/2025 12:00:00 PM,5/21/2025 8:00:00 AM,RFC,WEST,ATSI,OE,6633.934,True
5/21/2025 1:00:00 PM,5/21/2025 9:00:00 AM,RFC,WEST,ATSI,OE,6727.339,True
5/21/2025 2:00:00 PM,5/21/2025 10:00:00 AM,RFC,WEST,ATSI,OE,6803.410,True
5/21/2025 3:00:00 PM,5/21/2025 11:00:00 AM,RFC,WEST,ATSI,OE,6882.790,True
5/21/2025 4:00:00 PM,5/21/2025 12:00:00 PM,RFC,WEST,ATSI,OE,6914.355,True
5/21/2025 5:00:00 PM,5/21/2025 1:00:00 PM,RFC,WEST,ATSI,OE,6955.293,True
5/21/2025 6:00:00 PM,5/21/2025 2:00:00 PM,RFC,WEST,ATSI,OE,6876.163,True
5/21/2025 7:00:00 PM,5/21/2025 3:00:00 PM,RFC,WEST,ATSI,OE,6845.445,True
5/21/2025 8:00:00 PM,5/21/2025 4:00:00 PM,RFC,WEST,ATSI,OE,6768.906,True
5/21/2025 9:00:00 PM,5/21/2025 5:00:00 PM,RFC,WEST,ATSI,OE,6708.530,True
5/21/2025 10:00:00 PM,5/21/2025 6:00:00 PM,RFC,WEST,ATSI,OE,6684.256,True
5/21/2025 11:00:00 PM,5/21/2025 7:00:00 PM,RFC,WEST,ATSI,OE,6753.283,True
5/22/2025 12:00:00 AM,5/21/2025 8:00:00 PM,RFC,WEST,ATSI,OE,6797.057,True
5/22/2025 1:00:00 AM,5/21/2025 9:00:00 PM,RFC,WEST,ATSI,OE,6657.624,True
5/22/2025 2:00:00 AM,5/21/2025 10:00:00 PM,RFC,WEST,ATSI,OE,6294.379,True
5/22/2025 3:00:00 AM,5/21/2025 11:00:00 PM,RFC,WEST,ATSI,OE,5987.924,True
5/22/2025 4:00:00 AM,5/22/2025 12:00:00 AM,RFC,WEST,ATSI,OE,5783.943,True
5/22/2025 5:00:00 AM,5/22/2025 1:00:00 AM,RFC,WEST,ATSI,OE,5622.026,True
5/22/2025 6:00:00 AM,5/22/2025 2:00:00 AM,RFC,WEST,ATSI,OE,5518.152,True
5/22/2025 7:00:00 AM,5/22/2025 3:00:00 AM,RFC,WEST,ATSI,OE,5564.248,True
5/22/2025 8:00:00 AM,5/22/2025 4:00:00 AM,RFC,WEST,ATSI,OE,5620.703,True
5/22/2025 9:00:00 AM,5/22/2025 5:00:00 AM,RFC,WEST,ATSI,OE,5939.693,True
5/22/2025 10:00:00 AM,5/22/2025 6:00:00 AM,RFC,WEST,ATSI,OE,6188.346,True
5/22/2025 11:00:00 AM,5/22/2025 7:00:00 AM,RFC,WEST,ATSI,OE,6597.379,True
5/22/2025 12:00:00 PM,5/22/2025 8:00:00 AM,RFC,WEST,ATSI,OE,6766.862,True
5/22/2025 1:00:00 PM,5/22/2025 9:00:00 AM,RFC,WEST,ATSI,OE,6855.108,True
5/22/2025 2:00:00 PM,5/22/2025 10:00:00 AM,RFC,WEST,ATSI,OE,6952.968,True
5/22/2025 3:00:00 PM,5/22/2025 11:00:00 AM,RFC,WEST,ATSI,OE,6976.069,True
5/22/2025 4:00:00 PM,5/22/2025 12:00:00 PM,RFC,WEST,ATSI,OE,7008.210,True
5/22/2025 5:00:00 PM,5/22/2025 1:00:00 PM,RFC,WEST,ATSI,OE,7006.351,True
5/22/2025 6:00:00 PM,5/22/2025 2:00:00 PM,RFC,WEST,ATSI,OE,7026.429,True
5/22/2025 7:00:00 PM,5/22/2025 3:00:00 PM,RFC,WEST,ATSI,OE,6941.316,True
5/22/2025 8:00:00 PM,5/22/2025 4:00:00 PM,RFC,WEST,ATSI,OE,6903.905,True
5/22/2025 9:00:00 PM,5/22/2025 5:00:00 PM,RFC,WEST,ATSI,OE,6894.959,True
5/22/2025 10:00:00 PM,5/22/2025 6:00:00 PM,RFC,WEST,ATSI,OE,6807.147,True
5/22/2025 11:00:00 PM,5/22/2025 7:00:00 PM,RFC,WEST,ATSI,OE,6740.268,True
5/23/2025 12:00:00 AM,5/22/2025 8:00:00 PM,RFC,WEST,ATSI,OE,6794.293,True
5/23/2025 1:00:00 AM,5/22/2025 9:00:00 PM,RFC,WEST,ATSI,OE,6708.568,True
5/23/2025 2:00:00 AM,5/22/2025 10:00:00 PM,RFC,WEST,ATSI,OE,6418.313,True
5/23/2025 3:00:00 AM,5/22/2025 11:00:00 PM,RFC,WEST,ATSI,OE,6190.694,True
5/23/2025 4:00:00 AM,5/23/2025 12:00:00 AM,RFC,WEST,ATSI,OE,5942.248,True
5/23/2025 5:00:00 AM,5/23/2025 1:00:00 AM,RFC,WEST,ATSI,OE,5756.240,True
5/23/2025 6:00:00 AM,5/23/2025 2:00:00 AM,RFC,WEST,ATSI,OE,5704.308,True
5/23/2025 7:00:00 AM,5/23/2025 3:00:00 AM,RFC,WEST,ATSI,OE,5637.683,True
5/23/2025 8:00:00 AM,5/23/2025 4:00:00 AM,RFC,WEST,ATSI,OE,5676.496,True
5/23/2025 9:00:00 AM,5/23/2025 5:00:00 AM,RFC,WEST,ATSI,OE,5892.516,True
5/23/2025 10:00:00 AM,5/23/2025 6:00:00 AM,RFC,WEST,ATSI,OE,6227.389,True
5/23/2025 11:00:00 AM,5/23/2025 7:00:00 AM,RFC,WEST,ATSI,OE,6609.528,True
5/23/2025 12:00:00 PM,5/23/2025 8:00:00 AM,RFC,WEST,ATSI,OE,6689.682,True
5/23/2025 1:00:00 PM,5/23/2025 9:00:00 AM,RFC,WEST,ATSI,OE,6752.543,True
5/23/2025 2:00:00 PM,5/23/2025 10:00:00 AM,RFC,WEST,ATSI,OE,6826.389,True
5/23/2025 3:00:00 PM,5/23/2025 11:00:00 AM,RFC,WEST,ATSI,OE,6853.594,True
5/23/2025 4:00:00 PM,5/23/2025 12:00:00 PM,RFC,WEST,ATSI,OE,6888.073,True
5/23/2025 5:00:00 PM,5/23/2025 1:00:00 PM,RFC,WEST,ATSI,OE,6833.505,True
5/23/2025 6:00:00 PM,5/23/2025 2:00:00 PM,RFC,WEST,ATSI,OE,6647.508,True
5/23/2025 7:00:00 PM,5/23/2025 3:00:00 PM,RFC,WEST,ATSI,OE,6555.445,True
5/23/2025 8:00:00 PM,5/23/2025 4:00:00 PM,RFC,WEST,ATSI,OE,6534.858,True
5/23/2025 9:00:00 PM,5/23/2025 5:00:00 PM,RFC,WEST,ATSI,OE,6445.101,True
5/23/2025 10:00:00 PM,5/23/2025 6:00:00 PM,RFC,WEST,ATSI,OE,6331.617,True
5/23/2025 11:00:00 PM,5/23/2025 7:00:00 PM,RFC,WEST,ATSI,OE,6305.842,True
5/24/2025 12:00:00 AM,5/23/2025 8:00:00 PM,RFC,WEST,ATSI,OE,6346.544,True
5/24/2025 1:00:00 AM,5/23/2025 9:00:00 PM,RFC,WEST,ATSI,OE,6393.633,True
5/24/2025 2:00:00 AM,5/23/2025 10:00:00 PM,RFC,WEST,ATSI,OE,6058.485,True
5/24/2025 3:00:00 AM,5/23/2025 11:00:00 PM,RFC,WEST,ATSI,OE,5783.697,True
5/24/2025 4:00:00 AM,5/24/2025 12:00:00 AM,RFC,WEST,ATSI,OE,5359.512,True
5/24/2025 5:00:00 AM,5/24/2025 1:00:00 AM,RFC,WEST,ATSI,OE,5344.099,True
5/24/2025 6:00:00 AM,5/24/2025 2:00:00 AM,RFC,WEST,ATSI,OE,5198.461,True
5/24/2025 7:00:00 AM,5/24/2025 3:00:00 AM,RFC,WEST,ATSI,OE,5161.573,True
5/24/2025 8:00:00 AM,5/24/2025 4:00:00 AM,RFC,WEST,ATSI,OE,5283.484,True
5/24/2025 9:00:00 AM,5/24/2025 5:00:00 AM,RFC,WEST,ATSI,OE,5301.895,True
5/24/2025 10:00:00 AM,5/24/2025 6:00:00 AM,RFC,WEST,ATSI,OE,5379.930,True
5/24/2025 11:00:00 AM,5/24/2025 7:00:00 AM,RFC,WEST,ATSI,OE,5569.794,True
5/24/2025 12:00:00 PM,5/24/2025 8:00:00 AM,RFC,WEST,ATSI,OE,5791.887,True
5/24/2025 1:00:00 PM,5/24/2025 9:00:00 AM,RFC,WEST,ATSI,OE,5895.294,True
5/24/2025 2:00:00 PM,5/24/2025 10:00:00 AM,RFC,WEST,ATSI,OE,5905.925,True
5/24/2025 3:00:00 PM,5/24/2025 11:00:00 AM,RFC,WEST,ATSI,OE,5921.247,True
5/24/2025 4:00:00 PM,5/24/2025 12:00:00 PM,RFC,WEST,ATSI,OE,5940.203,True
5/24/2025 5:00:00 PM,5/24/2025 1:00:00 PM,RFC,WEST,ATSI,OE,5933.634,True
5/24/2025 6:00:00 PM,5/24/2025 2:00:00 PM,RFC,WEST,ATSI,OE,5826.652,True
5/24/2025 7:00:00 PM,5/24/2025 3:00:00 PM,RFC,WEST,ATSI,OE,5807.307,True
5/24/2025 8:00:00 PM,5/24/2025 4:00:00 PM,RFC,WEST,ATSI,OE,5788.888,True
5/24/2025 9:00:00 PM,5/24/2025 5:00:00 PM,RFC,WEST,ATSI,OE,5811.787,True
5/24/2025 10:00:00 PM,5/24/2025 6:00:00 PM,RFC,WEST,ATSI,OE,5799.747,True
5/24/2025 11:00:00 PM,5/24/2025 7:00:00 PM,RFC,WEST,ATSI,OE,5790.395,True
5/25/2025 12:00:00 AM,5/24/2025 8:00:00 PM,RFC,WEST,ATSI,OE,5745.223,True
5/25/2025 1:00:00 AM,5/24/2025 9:00:00 PM,RFC,WEST,ATSI,OE,5912.227,True
5/25/2025 2:00:00 AM,5/24/2025 10:00:00 PM,RFC,WEST,ATSI,OE,5720.254,True
5/25/2025 3:00:00 AM,5/24/2025 11:00:00 PM,RFC,WEST,ATSI,OE,5476.855,True
5/25/2025 4:00:00 AM,5/25/2025 12:00:00 AM,RFC,WEST,ATSI,OE,5351.212,True
5/25/2025 5:00:00 AM,5/25/2025 1:00:00 AM,RFC,WEST,ATSI,OE,5212.413,True
5/25/2025 6:00:00 AM,5/25/2025 2:00:00 AM,RFC,WEST,ATSI,OE,5178.408,True
5/25/2025 7:00:00 AM,5/25/2025 3:00:00 AM,RFC,WEST,ATSI,OE,5111.232,True
5/25/2025 8:00:00 AM,5/25/2025 4:00:00 AM,RFC,WEST,ATSI,OE,5192.790,True
5/25/2025 9:00:00 AM,5/25/2025 5:00:00 AM,RFC,WEST,ATSI,OE,5176.294,True
5/25/2025 10:00:00 AM,5/25/2025 6:00:00 AM,RFC,WEST,ATSI,OE,5184.533,True
5/25/2025 11:00:00 AM,5/25/2025 7:00:00 AM,RFC,WEST,ATSI,OE,5400.099,True
5/25/2025 12:00:00 PM,5/25/2025 8:00:00 AM,RFC,WEST,ATSI,OE,5498.853,True
5/25/2025 1:00:00 PM,5/25/2025 9:00:00 AM,RFC,WEST,ATSI,OE,5669.523,True
5/25/2025 2:00:00 PM,5/25/2025 10:00:00 AM,RFC,WEST,ATSI,OE,5752.949,True
5/25/2025 3:00:00 PM,5/25/2025 11:00:00 AM,RFC,WEST,ATSI,OE,5814.205,True
5/25/2025 4:00:00 PM,5/25/2025 12:00:00 PM,RFC,WEST,ATSI,OE,5773.993,True
5/25/2025 5:00:00 PM,5/25/2025 1:00:00 PM,RFC,WEST,ATSI,OE,5775.530,True
5/25/2025 6:00:00 PM,5/25/2025 2:00:00 PM,RFC,WEST,ATSI,OE,5783.462,True
5/25/2025 7:00:00 PM,5/25/2025 3:00:00 PM,RFC,WEST,ATSI,OE,5712.580,True
5/25/2025 8:00:00 PM,5/25/2025 4:00:00 PM,RFC,WEST,ATSI,OE,5715.561,True
5/25/2025 9:00:00 PM,5/25/2025 5:00:00 PM,RFC,WEST,ATSI,OE,5661.719,True
5/25/2025 10:00:00 PM,5/25/2025 6:00:00 PM,RFC,WEST,ATSI,OE,5687.970,True
5/25/2025 11:00:00 PM,5/25/2025 7:00:00 PM,RFC,WEST,ATSI,OE,5646.994,True
5/26/2025 12:00:00 AM,5/25/2025 8:00:00 PM,RFC,WEST,ATSI,OE,5612.849,True
5/26/2025 1:00:00 AM,5/25/2025 9:00:00 PM,RFC,WEST,ATSI,OE,5683.854,True
5/26/2025 2:00:00 AM,5/25/2025 10:00:00 PM,RFC,WEST,ATSI,OE,5513.388,True
5/26/2025 3:00:00 AM,5/25/2025 11:00:00 PM,RFC,WEST,ATSI,OE,5371.748,True
5/26/2025 4:00:00 AM,5/26/2025 12:00:00 AM,RFC,WEST,ATSI,OE,5046.334,True
5/26/2025 5:00:00 AM,5/26/2025 1:00:00 AM,RFC,WEST,ATSI,OE,4927.675,True
5/26/2025 6:00:00 AM,5/26/2025 2:00:00 AM,RFC,WEST,ATSI,OE,4794.899,True
5/26/2025 7:00:00 AM,5/26/2025 3:00:00 AM,RFC,WEST,ATSI,OE,4871.457,True
5/26/2025 8:00:00 AM,5/26/2025 4:00:00 AM,RFC,WEST,ATSI,OE,4960.273,True
5/26/2025 9:00:00 AM,5/26/2025 5:00:00 AM,RFC,WEST,ATSI,OE,5062.784,True
5/26/2025 10:00:00 AM,5/26/2025 6:00:00 AM,RFC,WEST,ATSI,OE,5051.388,True
5/26/2025 11:00:00 AM,5/26/2025 7:00:00 AM,RFC,WEST,ATSI,OE,5236.045,True
5/26/2025 12:00:00 PM,5/26/2025 8:00:00 AM,RFC,WEST,ATSI,OE,5394.062,True
5/26/2025 1:00:00 PM,5/26/2025 9:00:00 AM,RFC,WEST,ATSI,OE,5584.916,True
5/26/2025 2:00:00 PM,5/26/2025 10:00:00 AM,RFC,WEST,ATSI,OE,5610.147,True
5/26/2025 3:00:00 PM,5/26/2025 11:00:00 AM,RFC,WEST,ATSI,OE,5732.789,True
5/26/2025 4:00:00 PM,5/26/2025 12:00:00 PM,RFC,WEST,ATSI,OE,5800.375,True
5/26/2025 5:00:00 PM,5/26/2025 1:00:00 PM,RFC,WEST,ATSI,OE,5757.394,True
5/26/2025 6:00:00 PM,5/26/2025 2:00:00 PM,RFC,WEST,ATSI,OE,5746.670,True
5/26/2025 7:00:00 PM,5/26/2025 3:00:00 PM,RFC,WEST,ATSI,OE,5746.023,True
5/26/2025 8:00:00 PM,5/26/2025 4:00:00 PM,RFC,WEST,ATSI,OE,5857.314,True
5/26/2025 9:00:00 PM,5/26/2025 5:00:00 PM,RFC,WEST,ATSI,OE,5922.625,True
5/26/2025 10:00:00 PM,5/26/2025 6:00:00 PM,RFC,WEST,ATSI,OE,5872.443,True
5/26/2025 11:00:00 PM,5/26/2025 7:00:00 PM,RFC,WEST,ATSI,OE,5899.402,True
5/27/2025 12:00:00 AM,5/26/2025 8:00:00 PM,RFC,WEST,ATSI,OE,5881.865,True
5/27/2025 1:00:00 AM,5/26/2025 9:00:00 PM,RFC,WEST,ATSI,OE,5877.989,True
5/27/2025 2:00:00 AM,5/26/2025 10:00:00 PM,RFC,WEST,ATSI,OE,5713.553,True
5/27/2025 3:00:00 AM,5/26/2025 11:00:00 PM,RFC,WEST,ATSI,OE,5418.343,True
5/27/2025 4:00:00 AM,5/27/2025 12:00:00 AM,RFC,WEST,ATSI,OE,5188.998,True
5/27/2025 5:00:00 AM,5/27/2025 1:00:00 AM,RFC,WEST,ATSI,OE,5071.866,True
5/27/2025 6:00:00 AM,5/27/2025 2:00:00 AM,RFC,WEST,ATSI,OE,4887.931,True
5/27/2025 7:00:00 AM,5/27/2025 3:00:00 AM,RFC,WEST,ATSI,OE,4984.142,True
5/27/2025 8:00:00 AM,5/27/2025 4:00:00 AM,RFC,WEST,ATSI,OE,5053.226,True
5/27/2025 9:00:00 AM,5/27/2025 5:00:00 AM,RFC,WEST,ATSI,OE,5349.180,True
5/27/2025 10:00:00 AM,5/27/2025 6:00:00 AM,RFC,WEST,ATSI,OE,5821.218,True
5/27/2025 11:00:00 AM,5/27/2025 7:00:00 AM,RFC,WEST,ATSI,OE,6280.101,True
5/27/2025 12:00:00 PM,5/27/2025 8:00:00 AM,RFC,WEST,ATSI,OE,6544.133,True
5/27/2025 1:00:00 PM,5/27/2025 9:00:00 AM,RFC,WEST,ATSI,OE,6674.711,True
5/27/2025 2:00:00 PM,5/27/2025 10:00:00 AM,RFC,WEST,ATSI,OE,6851.167,True
5/27/2025 3:00:00 PM,5/27/2025 11:00:00 AM,RFC,WEST,ATSI,OE,6910.166,True
5/27/2025 4:00:00 PM,5/27/2025 12:00:00 PM,RFC,WEST,ATSI,OE,6983.931,True
5/27/2025 5:00:00 PM,5/27/2025 1:00:00 PM,RFC,WEST,ATSI,OE,7053.787,True
5/27/2025 6:00:00 PM,5/27/2025 2:00:00 PM,RFC,WEST,ATSI,OE,6998.533,True
5/27/2025 7:00:00 PM,5/27/2025 3:00:00 PM,RFC,WEST,ATSI,OE,6874.439,True
5/27/2025 8:00:00 PM,5/27/2025 4:00:00 PM,RFC,WEST,ATSI,OE,6765.195,True
5/27/2025 9:00:00 PM,5/27/2025 5:00:00 PM,RFC,WEST,ATSI,OE,6731.833,True
5/27/2025 10:00:00 PM,5/27/2025 6:00:00 PM,RFC,WEST,ATSI,OE,6700.683,True
5/27/2025 11:00:00 PM,5/27/2025 7:00:00 PM,RFC,WEST,ATSI,OE,6593.063,True
5/28/2025 12:00:00 AM,5/27/2025 8:00:00 PM,RFC,WEST,ATSI,OE,6586.427,True
5/28/2025 1:00:00 AM,5/27/2025 9:00:00 PM,RFC,WEST,ATSI,OE,6571.524,True
5/28/2025 2:00:00 AM,5/27/2025 10:00:00 PM,RFC,WEST,ATSI,OE,6245.984,True
5/28/2025 3:00:00 AM,5/27/2025 11:00:00 PM,RFC,WEST,ATSI,OE,5930.766,True
5/28/2025 4:00:00 AM,5/28/2025 12:00:00 AM,RFC,WEST,ATSI,OE,5692.414,True
5/28/2025 5:00:00 AM,5/28/2025 1:00:00 AM,RFC,WEST,ATSI,OE,5556.829,True
5/28/2025 6:00:00 AM,5/28/2025 2:00:00 AM,RFC,WEST,ATSI,OE,5460.599,True
5/28/2025 7:00:00 AM,5/28/2025 3:00:00 AM,RFC,WEST,ATSI,OE,5471.005,True
5/28/2025 8:00:00 AM,5/28/2025 4:00:00 AM,RFC,WEST,ATSI,OE,5458.471,True
5/28/2025 9:00:00 AM,5/28/2025 5:00:00 AM,RFC,WEST,ATSI,OE,5726.633,True
5/28/2025 10:00:00 AM,5/28/2025 6:00:00 AM,RFC,WEST,ATSI,OE,6077.264,True
5/28/2025 11:00:00 AM,5/28/2025 7:00:00 AM,RFC,WEST,ATSI,OE,6459.785,True
5/28/2025 12:00:00 PM,5/28/2025 8:00:00 AM,RFC,WEST,ATSI,OE,6721.178,True
5/28/2025 1:00:00 PM,5/28/2025 9:00:00 AM,RFC,WEST,ATSI,OE,6859.573,True
5/28/2025 2:00:00 PM,5/28/2025 10:00:00 AM,RFC,WEST,ATSI,OE,6994.816,True
5/28/2025 3:00:00 PM,5/28/2025 11:00:00 AM,RFC,WEST,ATSI,OE,6979.496,True
5/28/2025 4:00:00 PM,5/28/2025 12:00:00 PM,RFC,WEST,ATSI,OE,7039.799,True
5/28/2025 5:00:00 PM,5/28/2025 1:00:00 PM,RFC,WEST,ATSI,OE,7014.723,True
5/28/2025 6:00:00 PM,5/28/2025 2:00:00 PM,RFC,WEST,ATSI,OE,6982.121,True
5/28/2025 7:00:00 PM,5/28/2025 3:00:00 PM,RFC,WEST,ATSI,OE,6888.182,True
5/28/2025 8:00:00 PM,5/28/2025 4:00:00 PM,RFC,WEST,ATSI,OE,6818.627,True
5/28/2025 9:00:00 PM,5/28/2025 5:00:00 PM,RFC,WEST,ATSI,OE,6770.770,True
5/28/2025 10:00:00 PM,5/28/2025 6:00:00 PM,RFC,WEST,ATSI,OE,6685.396,True
5/28/2025 11:00:00 PM,5/28/2025 7:00:00 PM,RFC,WEST,ATSI,OE,6628.126,True
5/29/2025 12:00:00 AM,5/28/2025 8:00:00 PM,RFC,WEST,ATSI,OE,6629.099,True
5/29/2025 1:00:00 AM,5/28/2025 9:00:00 PM,RFC,WEST,ATSI,OE,6614.693,True
5/29/2025 2:00:00 AM,5/28/2025 10:00:00 PM,RFC,WEST,ATSI,OE,6340.340,True
5/29/2025 3:00:00 AM,5/28/2025 11:00:00 PM,RFC,WEST,ATSI,OE,6064.600,True
5/29/2025 4:00:00 AM,5/29/2025 12:00:00 AM,RFC,WEST,ATSI,OE,5742.857,True
5/29/2025 5:00:00 AM,5/29/2025 1:00:00 AM,RFC,WEST,ATSI,OE,5596.275,True
5/29/2025 6:00:00 AM,5/29/2025 2:00:00 AM,RFC,WEST,ATSI,OE,5465.061,True
5/29/2025 7:00:00 AM,5/29/2025 3:00:00 AM,RFC,WEST,ATSI,OE,5565.972,True
5/29/2025 8:00:00 AM,5/29/2025 4:00:00 AM,RFC,WEST,ATSI,OE,5611.860,True
5/29/2025 9:00:00 AM,5/29/2025 5:00:00 AM,RFC,WEST,ATSI,OE,5847.785,True
5/29/2025 10:00:00 AM,5/29/2025 6:00:00 AM,RFC,WEST,ATSI,OE,6178.500,True
5/29/2025 11:00:00 AM,5/29/2025 7:00:00 AM,RFC,WEST,ATSI,OE,6505.698,True
5/29/2025 12:00:00 PM,5/29/2025 8:00:00 AM,RFC,WEST,ATSI,OE,6768.301,True
5/29/2025 1:00:00 PM,5/29/2025 9:00:00 AM,RFC,WEST,ATSI,OE,6885.461,True
5/29/2025 2:00:00 PM,5/29/2025 10:00:00 AM,RFC,WEST,ATSI,OE,6919.129,True
5/29/2025 3:00:00 PM,5/29/2025 11:00:00 AM,RFC,WEST,ATSI,OE,6966.106,True
5/29/2025 4:00:00 PM,5/29/2025 12:00:00 PM,RFC,WEST,ATSI,OE,7106.664,True
5/29/2025 5:00:00 PM,5/29/2025 1:00:00 PM,RFC,WEST,ATSI,OE,7109.188,True
5/29/2025 6:00:00 PM,5/29/2025 2:00:00 PM,RFC,WEST,ATSI,OE,7052.488,True
5/29/2025 7:00:00 PM,5/29/2025 3:00:00 PM,RFC,WEST,ATSI,OE,6999.538,True
5/29/2025 8:00:00 PM,5/29/2025 4:00:00 PM,RFC,WEST,ATSI,OE,6890.127,True
5/29/2025 9:00:00 PM,5/29/2025 5:00:00 PM,RFC,WEST,ATSI,OE,7012.474,True
5/29/2025 10:00:00 PM,5/29/2025 6:00:00 PM,RFC,WEST,ATSI,OE,6922.906,True
5/29/2025 11:00:00 PM,5/29/2025 7:00:00 PM,RFC,WEST,ATSI,OE,6851.203,True
5/30/2025 12:00:00 AM,5/29/2025 8:00:00 PM,RFC,WEST,ATSI,OE,6831.294,True
5/30/2025 1:00:00 AM,5/29/2025 9:00:00 PM,RFC,WEST,ATSI,OE,6802.005,True
5/30/2025 2:00:00 AM,5/29/2025 10:00:00 PM,RFC,WEST,ATSI,OE,6469.652,True
5/30/2025 3:00:00 AM,5/29/2025 11:00:00 PM,RFC,WEST,ATSI,OE,6097.670,True
5/30/2025 4:00:00 AM,5/30/2025 12:00:00 AM,RFC,WEST,ATSI,OE,5776.120,True
5/30/2025 5:00:00 AM,5/30/2025 1:00:00 AM,RFC,WEST,ATSI,OE,5567.859,True
5/30/2025 6:00:00 AM,5/30/2025 2:00:00 AM,RFC,WEST,ATSI,OE,5428.620,True
5/30/2025 7:00:00 AM,5/30/2025 3:00:00 AM,RFC,WEST,ATSI,OE,5470.418,True
5/30/2025 8:00:00 AM,5/30/2025 4:00:00 AM,RFC,WEST,ATSI,OE,5467.069,True
5/30/2025 9:00:00 AM,5/30/2025 5:00:00 AM,RFC,WEST,ATSI,OE,5616.657,True
5/30/2025 10:00:00 AM,5/30/2025 6:00:00 AM,RFC,WEST,ATSI,OE,5951.181,True
5/30/2025 11:00:00 AM,5/30/2025 7:00:00 AM,RFC,WEST,ATSI,OE,6357.303,True
5/30/2025 12:00:00 PM,5/30/2025 8:00:00 AM,RFC,WEST,ATSI,OE,6672.134,True
5/30/2025 1:00:00 PM,5/30/2025 9:00:00 AM,RFC,WEST,ATSI,OE,6802.712,True
5/30/2025 2:00:00 PM,5/30/2025 10:00:00 AM,RFC,WEST,ATSI,OE,6881.691,True
5/30/2025 3:00:00 PM,5/30/2025 11:00:00 AM,RFC,WEST,ATSI,OE,6822.868,True
5/30/2025 4:00:00 PM,5/30/2025 12:00:00 PM,RFC,WEST,ATSI,OE,6953.985,True
5/30/2025 5:00:00 PM,5/30/2025 1:00:00 PM,RFC,WEST,ATSI,OE,6986.187,True
5/30/2025 6:00:00 PM,5/30/2025 2:00:00 PM,RFC,WEST,ATSI,OE,6845.888,True
5/30/2025 7:00:00 PM,5/30/2025 3:00:00 PM,RFC,WEST,ATSI,OE,6744.013,True
5/30/2025 8:00:00 PM,5/30/2025 4:00:00 PM,RFC,WEST,ATSI,OE,6694.500,True
5/30/2025 9:00:00 PM,5/30/2025 5:00:00 PM,RFC,WEST,ATSI,OE,6614.643,True
5/30/2025 10:00:00 PM,5/30/2025 6:00:00 PM,RFC,WEST,ATSI,OE,6536.017,True
5/30/2025 11:00:00 PM,5/30/2025 7:00:00 PM,RFC,WEST,ATSI,OE,6454.742,True
5/31/2025 12:00:00 AM,5/30/2025 8:00:00 PM,RFC,WEST,ATSI,OE,6498.361,True
5/31/2025 1:00:00 AM,5/30/2025 9:00:00 PM,RFC,WEST,ATSI,OE,6493.862,True
5/31/2025 2:00:00 AM,5/30/2025 10:00:00 PM,RFC,WEST,ATSI,OE,6218.277,True
5/31/2025 3:00:00 AM,5/30/2025 11:00:00 PM,RFC,WEST,ATSI,OE,5903.145,True
5/31/2025 4:00:00 AM,5/31/2025 12:00:00 AM,RFC,WEST,ATSI,OE,5636.160,True
5/31/2025 5:00:00 AM,5/31/2025 1:00:00 AM,RFC,WEST,ATSI,OE,5433.649,True
5/31/2025 6:00:00 AM,5/31/2025 2:00:00 AM,RFC,WEST,ATSI,OE,5298.108,True
5/31/2025 7:00:00 AM,5/31/2025 3:00:00 AM,RFC,WEST,ATSI,OE,5268.362,True
5/31/2025 8:00:00 AM,5/31/2025 4:00:00 AM,RFC,WEST,ATSI,OE,5258.554,True
5/31/2025 9:00:00 AM,5/31/2025 5:00:00 AM,RFC,WEST,ATSI,OE,5351.019,True
5/31/2025 10:00:00 AM,5/31/2025 6:00:00 AM,RFC,WEST,ATSI,OE,5283.213,True
5/31/2025 11:00:00 AM,5/31/2025 7:00:00 AM,RFC,WEST,ATSI,OE,5546.509,True
5/31/2025 12:00:00 PM,5/31/2025 8:00:00 AM,RFC,WEST,ATSI,OE,5707.741,True
5/31/2025 1:00:00 PM,5/31/2025 9:00:00 AM,RFC,WEST,ATSI,OE,5937.579,True
5/31/2025 2:00:00 PM,5/31/2025 10:00:00 AM,RFC,WEST,ATSI,OE,6005.827,True
5/31/2025 3:00:00 PM,5/31/2025 11:00:00 AM,RFC,WEST,ATSI,OE,6120.713,True
5/31/2025 4:00:00 PM,5/31/2025 12:00:00 PM,RFC,WEST,ATSI,OE,6101.085,True
5/31/2025 5:00:00 PM,5/31/2025 1:00:00 PM,RFC,WEST,ATSI,OE,6058.441,True
5/31/2025 6:00:00 PM,5/31/2025 2:00:00 PM,RFC,WEST,ATSI,OE,5901.626,True
5/31/2025 7:00:00 PM,5/31/2025 3:00:00 PM,RFC,WEST,ATSI,OE,5938.407,True
5/31/2025 8:00:00 PM,5/31/2025 4:00:00 PM,RFC,WEST,ATSI,OE,5971.510,True
5/31/2025 9:00:00 PM,5/31/2025 5:00:00 PM,RFC,WEST,ATSI,OE,5972.105,True
5/31/2025 10:00:00 PM,5/31/2025 6:00:00 PM,RFC,WEST,ATSI,OE,5988.714,True
5/31/2025 11:00:00 PM,5/31/2025 7:00:00 PM,RFC,WEST,ATSI,OE,5949.956,True
6/1/2025 12:00:00 AM,5/31/2025 8:00:00 PM,RFC,WEST,ATSI,OE,5966.273,True
6/1/2025 1:00:00 AM,5/31/2025 9:00:00 PM,RFC,WEST,ATSI,OE,5968.321,True
6/1/2025 2:00:00 AM,5/31/2025 10:00:00 PM,RFC,WEST,ATSI,OE,5852.666,True
6/1/2025 3:00:00 AM,5/31/2025 11:00:00 PM,RFC,WEST,ATSI,OE,5551.070,True
6/1/2025 4:00:00 AM,6/1/2025 12:00:00 AM,RFC,WEST,ATSI,OE,5325.738,True
6/1/2025 5:00:00 AM,6/1/2025 1:00:00 AM,RFC,WEST,ATSI,OE,5198.566,True
6/1/2025 6:00:00 AM,6/1/2025 2:00:00 AM,RFC,WEST,ATSI,OE,5134.123,True
6/1/2025 7:00:00 AM,6/1/2025 3:00:00 AM,RFC,WEST,ATSI,OE,5064.734,True
6/1/2025 8:00:00 AM,6/1/2025 4:00:00 AM,RFC,WEST,ATSI,OE,5161.539,True
6/1/2025 9:00:00 AM,6/1/2025 5:00:00 AM,RFC,WEST,ATSI,OE,5231.906,True
6/1/2025 10:00:00 AM,6/1/2025 6:00:00 AM,RFC,WEST,ATSI,OE,5277.796,True
6/1/2025 11:00:00 AM,6/1/2025 7:00:00 AM,RFC,WEST,ATSI,OE,5328.843,True
6/1/2025 12:00:00 PM,6/1/2025 8:00:00 AM,RFC,WEST,ATSI,OE,5529.330,True
6/1/2025 1:00:00 PM,6/1/2025 9:00:00 AM,RFC,WEST,ATSI,OE,5649.427,True
6/1/2025 2:00:00 PM,6/1/2025 10:00:00 AM,RFC,WEST,ATSI,OE,5782.010,True
6/1/2025 3:00:00 PM,6/1/2025 11:00:00 AM,RFC,WEST,ATSI,OE,5804.338,True
6/1/2025 4:00:00 PM,6/1/2025 12:00:00 PM,RFC,WEST,ATSI,OE,5770.747,True
6/1/2025 5:00:00 PM,6/1/2025 1:00:00 PM,RFC,WEST,ATSI,OE,5762.868,True
6/1/2025 6:00:00 PM,6/1/2025 2:00:00 PM,RFC,WEST,ATSI,OE,5738.078,True
6/1/2025 7:00:00 PM,6/1/2025 3:00:00 PM,RFC,WEST,ATSI,OE,5820.594,True
6/1/2025 8:00:00 PM,6/1/2025 4:00:00 PM,RFC,WEST,ATSI,OE,5888.859,True
6/1/2025 9:00:00 PM,6/1/2025 5:00:00 PM,RFC,WEST,ATSI,OE,5934.007,True
6/1/2025 10:00:00 PM,6/1/2025 6:00:00 PM,RFC,WEST,ATSI,OE,6070.135,True
6/1/2025 11:00:00 PM,6/1/2025 7:00:00 PM,RFC,WEST,ATSI,OE,6026.352,True
6/2/2025 12:00:00 AM,6/1/2025 8:00:00 PM,RFC,WEST,ATSI,OE,6110.160,True
6/2/2025 1:00:00 AM,6/1/2025 9:00:00 PM,RFC,WEST,ATSI,OE,6169.755,True
6/2/2025 2:00:00 AM,6/1/2025 10:00:00 PM,RFC,WEST,ATSI,OE,5910.826,True
6/2/2025 3:00:00 AM,6/1/2025 11:00:00 PM,RFC,WEST,ATSI,OE,5697.867,True
6/2/2025 4:00:00 AM,6/2/2025 12:00:00 AM,RFC,WEST,ATSI,OE,5499.323,True
6/2/2025 5:00:00 AM,6/2/2025 1:00:00 AM,RFC,WEST,ATSI,OE,5227.025,True
6/2/2025 6:00:00 AM,6/2/2025 2:00:00 AM,RFC,WEST,ATSI,OE,5219.591,True
6/2/2025 7:00:00 AM,6/2/2025 3:00:00 AM,RFC,WEST,ATSI,OE,5316.701,True
6/2/2025 8:00:00 AM,6/2/2025 4:00:00 AM,RFC,WEST,ATSI,OE,5397.913,True
6/2/2025 9:00:00 AM,6/2/2025 5:00:00 AM,RFC,WEST,ATSI,OE,5687.263,True
6/2/2025 10:00:00 AM,6/2/2025 6:00:00 AM,RFC,WEST,ATSI,OE,6056.734,True
6/2/2025 11:00:00 AM,6/2/2025 7:00:00 AM,RFC,WEST,ATSI,OE,6401.192,True
6/2/2025 12:00:00 PM,6/2/2025 8:00:00 AM,RFC,WEST,ATSI,OE,6634.482,True
6/2/2025 1:00:00 PM,6/2/2025 9:00:00 AM,RFC,WEST,ATSI,OE,6758.612,True
6/2/2025 2:00:00 PM,6/2/2025 10:00:00 AM,RFC,WEST,ATSI,OE,6832.540,True
6/2/2025 3:00:00 PM,6/2/2025 11:00:00 AM,RFC,WEST,ATSI,OE,6892.202,True
6/2/2025 4:00:00 PM,6/2/2025 12:00:00 PM,RFC,WEST,ATSI,OE,7037.212,True
6/2/2025 5:00:00 PM,6/2/2025 1:00:00 PM,RFC,WEST,ATSI,OE,7103.218,True
6/2/2025 6:00:00 PM,6/2/2025 2:00:00 PM,RFC,WEST,ATSI,OE,7105.912,True
6/2/2025 7:00:00 PM,6/2/2025 3:00:00 PM,RFC,WEST,ATSI,OE,7137.376,True
6/2/2025 8:00:00 PM,6/2/2025 4:00:00 PM,RFC,WEST,ATSI,OE,7094.038,True
6/2/2025 9:00:00 PM,6/2/2025 5:00:00 PM,RFC,WEST,ATSI,OE,7110.549,True
6/2/2025 10:00:00 PM,6/2/2025 6:00:00 PM,RFC,WEST,ATSI,OE,7243.137,True
6/2/2025 11:00:00 PM,6/2/2025 7:00:00 PM,RFC,WEST,ATSI,OE,7178.669,True
6/3/2025 12:00:00 AM,6/2/2025 8:00:00 PM,RFC,WEST,ATSI,OE,7028.036,True
6/3/2025 1:00:00 AM,6/2/2025 9:00:00 PM,RFC,WEST,ATSI,OE,6955.013,True
6/3/2025 2:00:00 AM,6/2/2025 10:00:00 PM,RFC,WEST,ATSI,OE,6570.503,True
6/3/2025 3:00:00 AM,6/2/2025 11:00:00 PM,RFC,WEST,ATSI,OE,6041.935,True
6/3/2025 4:00:00 AM,6/3/2025 12:00:00 AM,RFC,WEST,ATSI,OE,5725.744,True
6/3/2025 5:00:00 AM,6/3/2025 1:00:00 AM,RFC,WEST,ATSI,OE,5489.267,True
6/3/2025 6:00:00 AM,6/3/2025 2:00:00 AM,RFC,WEST,ATSI,OE,5450.676,True
6/3/2025 7:00:00 AM,6/3/2025 3:00:00 AM,RFC,WEST,ATSI,OE,5461.779,True
6/3/2025 8:00:00 AM,6/3/2025 4:00:00 AM,RFC,WEST,ATSI,OE,5441.278,True
6/3/2025 9:00:00 AM,6/3/2025 5:00:00 AM,RFC,WEST,ATSI,OE,5730.996,True
6/3/2025 10:00:00 AM,6/3/2025 6:00:00 AM,RFC,WEST,ATSI,OE,6114.111,True
6/3/2025 11:00:00 AM,6/3/2025 7:00:00 AM,RFC,WEST,ATSI,OE,6478.702,True
6/3/2025 12:00:00 PM,6/3/2025 8:00:00 AM,RFC,WEST,ATSI,OE,6649.756,True
6/3/2025 1:00:00 PM,6/3/2025 9:00:00 AM,RFC,WEST,ATSI,OE,6903.470,True
6/3/2025 2:00:00 PM,6/3/2025 10:00:00 AM,RFC,WEST,ATSI,OE,7108.464,True
6/3/2025 3:00:00 PM,6/3/2025 11:00:00 AM,RFC,WEST,ATSI,OE,7274.375,True
6/3/2025 4:00:00 PM,6/3/2025 12:00:00 PM,RFC,WEST,ATSI,OE,7477.583,True
6/3/2025 5:00:00 PM,6/3/2025 1:00:00 PM,RFC,WEST,ATSI,OE,7745.578,True
6/3/2025 6:00:00 PM,6/3/2025 2:00:00 PM,RFC,WEST,ATSI,OE,7938.310,True
6/3/2025 7:00:00 PM,6/3/2025 3:00:00 PM,RFC,WEST,ATSI,OE,8061.922,True
6/3/2025 8:00:00 PM,6/3/2025 4:00:00 PM,RFC,WEST,ATSI,OE,8172.020,True
6/3/2025 9:00:00 PM,6/3/2025 5:00:00 PM,RFC,WEST,ATSI,OE,8387.882,True
6/3/2025 10:00:00 PM,6/3/2025 6:00:00 PM,RFC,WEST,ATSI,OE,8314.640,True
6/3/2025 11:00:00 PM,6/3/2025 7:00:00 PM,RFC,WEST,ATSI,OE,8187.342,True
6/4/2025 12:00:00 AM,6/3/2025 8:00:00 PM,RFC,WEST,ATSI,OE,7920.674,True
6/4/2025 1:00:00 AM,6/3/2025 9:00:00 PM,RFC,WEST,ATSI,OE,7860.581,True
6/4/2025 2:00:00 AM,6/3/2025 10:00:00 PM,RFC,WEST,ATSI,OE,7429.554,True
6/4/2025 3:00:00 AM,6/3/2025 11:00:00 PM,RFC,WEST,ATSI,OE,6962.810,True
6/4/2025 4:00:00 AM,6/4/2025 12:00:00 AM,RFC,WEST,ATSI,OE,6474.507,True
6/4/2025 5:00:00 AM,6/4/2025 1:00:00 AM,RFC,WEST,ATSI,OE,6210.062,True
6/4/2025 6:00:00 AM,6/4/2025 2:00:00 AM,RFC,WEST,ATSI,OE,6009.962,True
6/4/2025 7:00:00 AM,6/4/2025 3:00:00 AM,RFC,WEST,ATSI,OE,5891.279,True
6/4/2025 8:00:00 AM,6/4/2025 4:00:00 AM,RFC,WEST,ATSI,OE,5899.996,True
6/4/2025 9:00:00 AM,6/4/2025 5:00:00 AM,RFC,WEST,ATSI,OE,6058.039,True
6/4/2025 10:00:00 AM,6/4/2025 6:00:00 AM,RFC,WEST,ATSI,OE,6456.646,True
6/4/2025 11:00:00 AM,6/4/2025 7:00:00 AM,RFC,WEST,ATSI,OE,6989.756,True
6/4/2025 12:00:00 PM,6/4/2025 8:00:00 AM,RFC,WEST,ATSI,OE,7422.595,True
6/4/2025 1:00:00 PM,6/4/2025 9:00:00 AM,RFC,WEST,ATSI,OE,7915.790,True
6/4/2025 2:00:00 PM,6/4/2025 10:00:00 AM,RFC,WEST,ATSI,OE,8344.581,True
6/4/2025 3:00:00 PM,6/4/2025 11:00:00 AM,RFC,WEST,ATSI,OE,8732.586,True
6/4/2025 4:00:00 PM,6/4/2025 12:00:00 PM,RFC,WEST,ATSI,OE,9065.992,True
6/4/2025 5:00:00 PM,6/4/2025 1:00:00 PM,RFC,WEST,ATSI,OE,9393.913,True
6/4/2025 6:00:00 PM,6/4/2025 2:00:00 PM,RFC,WEST,ATSI,OE,9500.488,True
6/4/2025 7:00:00 PM,6/4/2025 3:00:00 PM,RFC,WEST,ATSI,OE,9677.675,True
6/4/2025 8:00:00 PM,6/4/2025 4:00:00 PM,RFC,WEST,ATSI,OE,9769.782,True
6/4/2025 9:00:00 PM,6/4/2025 5:00:00 PM,RFC,WEST,ATSI,OE,9680.774,True
6/4/2025 10:00:00 PM,6/4/2025 6:00:00 PM,RFC,WEST,ATSI,OE,9569.129,True
6/4/2025 11:00:00 PM,6/4/2025 7:00:00 PM,RFC,WEST,ATSI,OE,9261.786,True
6/5/2025 12:00:00 AM,6/4/2025 8:00:00 PM,RFC,WEST,ATSI,OE,8907.932,True
6/5/2025 1:00:00 AM,6/4/2025 9:00:00 PM,RFC,WEST,ATSI,OE,8702.249,True
6/5/2025 2:00:00 AM,6/4/2025 10:00:00 PM,RFC,WEST,ATSI,OE,8139.856,True
6/5/2025 3:00:00 AM,6/4/2025 11:00:00 PM,RFC,WEST,ATSI,OE,7527.764,True
6/5/2025 4:00:00 AM,6/5/2025 12:00:00 AM,RFC,WEST,ATSI,OE,6989.474,True
6/5/2025 5:00:00 AM,6/5/2025 1:00:00 AM,RFC,WEST,ATSI,OE,6691.879,True
6/5/2025 6:00:00 AM,6/5/2025 2:00:00 AM,RFC,WEST,ATSI,OE,6492.542,True
6/5/2025 7:00:00 AM,6/5/2025 3:00:00 AM,RFC,WEST,ATSI,OE,6281.415,True
6/5/2025 8:00:00 AM,6/5/2025 4:00:00 AM,RFC,WEST,ATSI,OE,6238.417,True
6/5/2025 9:00:00 AM,6/5/2025 5:00:00 AM,RFC,WEST,ATSI,OE,6307.867,True
6/5/2025 10:00:00 AM,6/5/2025 6:00:00 AM,RFC,WEST,ATSI,OE,6658.610,True
6/5/2025 11:00:00 AM,6/5/2025 7:00:00 AM,RFC,WEST,ATSI,OE,7073.264,True
6/5/2025 12:00:00 PM,6/5/2025 8:00:00 AM,RFC,WEST,ATSI,OE,7412.469,True
6/5/2025 1:00:00 PM,6/5/2025 9:00:00 AM,RFC,WEST,ATSI,OE,7665.427,True
6/5/2025 2:00:00 PM,6/5/2025 10:00:00 AM,RFC,WEST,ATSI,OE,7986.917,True
6/5/2025 3:00:00 PM,6/5/2025 11:00:00 AM,RFC,WEST,ATSI,OE,8113.601,True
6/5/2025 4:00:00 PM,6/5/2025 12:00:00 PM,RFC,WEST,ATSI,OE,8334.197,True
6/5/2025 5:00:00 PM,6/5/2025 1:00:00 PM,RFC,WEST,ATSI,OE,8376.348,True
6/5/2025 6:00:00 PM,6/5/2025 2:00:00 PM,RFC,WEST,ATSI,OE,8362.079,True
6/5/2025 7:00:00 PM,6/5/2025 3:00:00 PM,RFC,WEST,ATSI,OE,8301.190,True
6/5/2025 8:00:00 PM,6/5/2025 4:00:00 PM,RFC,WEST,ATSI,OE,8073.521,True
6/5/2025 9:00:00 PM,6/5/2025 5:00:00 PM,RFC,WEST,ATSI,OE,7960.143,True
6/5/2025 10:00:00 PM,6/5/2025 6:00:00 PM,RFC,WEST,ATSI,OE,7798.110,True
6/5/2025 11:00:00 PM,6/5/2025 7:00:00 PM,RFC,WEST,ATSI,OE,7669.283,True
6/6/2025 12:00:00 AM,6/5/2025 8:00:00 PM,RFC,WEST,ATSI,OE,7550.133,True
6/6/2025 1:00:00 AM,6/5/2025 9:00:00 PM,RFC,WEST,ATSI,OE,7390.871,True
6/6/2025 2:00:00 AM,6/5/2025 10:00:00 PM,RFC,WEST,ATSI,OE,7149.696,True
6/6/2025 3:00:00 AM,6/5/2025 11:00:00 PM,RFC,WEST,ATSI,OE,6742.517,True
6/6/2025 4:00:00 AM,6/6/2025 12:00:00 AM,RFC,WEST,ATSI,OE,6400.078,True
6/6/2025 5:00:00 AM,6/6/2025 1:00:00 AM,RFC,WEST,ATSI,OE,6130.521,True
6/6/2025 6:00:00 AM,6/6/2025 2:00:00 AM,RFC,WEST,ATSI,OE,5977.110,True
6/6/2025 7:00:00 AM,6/6/2025 3:00:00 AM,RFC,WEST,ATSI,OE,5886.510,True
6/6/2025 8:00:00 AM,6/6/2025 4:00:00 AM,RFC,WEST,ATSI,OE,5911.080,True
6/6/2025 9:00:00 AM,6/6/2025 5:00:00 AM,RFC,WEST,ATSI,OE,6048.803,True
6/6/2025 10:00:00 AM,6/6/2025 6:00:00 AM,RFC,WEST,ATSI,OE,6415.723,True
6/6/2025 11:00:00 AM,6/6/2025 7:00:00 AM,RFC,WEST,ATSI,OE,6738.280,True
6/6/2025 12:00:00 PM,6/6/2025 8:00:00 AM,RFC,WEST,ATSI,OE,7042.596,True
6/6/2025 1:00:00 PM,6/6/2025 9:00:00 AM,RFC,WEST,ATSI,OE,7325.958,True
6/6/2025 2:00:00 PM,6/6/2025 10:00:00 AM,RFC,WEST,ATSI,OE,7573.310,True
6/6/2025 3:00:00 PM,6/6/2025 11:00:00 AM,RFC,WEST,ATSI,OE,7659.758,True
6/6/2025 4:00:00 PM,6/6/2025 12:00:00 PM,RFC,WEST,ATSI,OE,7864.700,True
6/6/2025 5:00:00 PM,6/6/2025 1:00:00 PM,RFC,WEST,ATSI,OE,8018.127,True
6/6/2025 6:00:00 PM,6/6/2025 2:00:00 PM,RFC,WEST,ATSI,OE,8187.965,True
6/6/2025 7:00:00 PM,6/6/2025 3:00:00 PM,RFC,WEST,ATSI,OE,8067.908,True
6/6/2025 8:00:00 PM,6/6/2025 4:00:00 PM,RFC,WEST,ATSI,OE,8127.756,True
6/6/2025 9:00:00 PM,6/6/2025 5:00:00 PM,RFC,WEST,ATSI,OE,7917.939,True
6/6/2025 10:00:00 PM,6/6/2025 6:00:00 PM,RFC,WEST,ATSI,OE,7706.594,True
6/6/2025 11:00:00 PM,6/6/2025 7:00:00 PM,RFC,WEST,ATSI,OE,7520.215,True
6/7/2025 12:00:00 AM,6/6/2025 8:00:00 PM,RFC,WEST,ATSI,OE,7281.875,True
6/7/2025 1:00:00 AM,6/6/2025 9:00:00 PM,RFC,WEST,ATSI,OE,7211.250,True
6/7/2025 2:00:00 AM,6/6/2025 10:00:00 PM,RFC,WEST,ATSI,OE,6876.384,True
6/7/2025 3:00:00 AM,6/6/2025 11:00:00 PM,RFC,WEST,ATSI,OE,6438.795,True
6/7/2025 4:00:00 AM,6/7/2025 12:00:00 AM,RFC,WEST,ATSI,OE,6018.219,True
6/7/2025 5:00:00 AM,6/7/2025 1:00:00 AM,RFC,WEST,ATSI,OE,5798.266,True
6/7/2025 6:00:00 AM,6/7/2025 2:00:00 AM,RFC,WEST,ATSI,OE,5625.914,True
6/7/2025 7:00:00 AM,6/7/2025 3:00:00 AM,RFC,WEST,ATSI,OE,5454.871,True
6/7/2025 8:00:00 AM,6/7/2025 4:00:00 AM,RFC,WEST,ATSI,OE,5450.614,True
6/7/2025 9:00:00 AM,6/7/2025 5:00:00 AM,RFC,WEST,ATSI,OE,5492.380,True
6/7/2025 10:00:00 AM,6/7/2025 6:00:00 AM,RFC,WEST,ATSI,OE,5565.952,True
6/7/2025 11:00:00 AM,6/7/2025 7:00:00 AM,RFC,WEST,ATSI,OE,5730.715,True
6/7/2025 12:00:00 PM,6/7/2025 8:00:00 AM,RFC,WEST,ATSI,OE,6006.199,True
6/7/2025 1:00:00 PM,6/7/2025 9:00:00 AM,RFC,WEST,ATSI,OE,6310.173,True
6/7/2025 2:00:00 PM,6/7/2025 10:00:00 AM,RFC,WEST,ATSI,OE,6593.368,True
6/7/2025 3:00:00 PM,6/7/2025 11:00:00 AM,RFC,WEST,ATSI,OE,6848.913,True
6/7/2025 4:00:00 PM,6/7/2025 12:00:00 PM,RFC,WEST,ATSI,OE,7076.481,True
6/7/2025 5:00:00 PM,6/7/2025 1:00:00 PM,RFC,WEST,ATSI,OE,7240.155,True
6/7/2025 6:00:00 PM,6/7/2025 2:00:00 PM,RFC,WEST,ATSI,OE,7374.304,True
6/7/2025 7:00:00 PM,6/7/2025 3:00:00 PM,RFC,WEST,ATSI,OE,7486.148,True
6/7/2025 8:00:00 PM,6/7/2025 4:00:00 PM,RFC,WEST,ATSI,OE,7473.826,True
6/7/2025 9:00:00 PM,6/7/2025 5:00:00 PM,RFC,WEST,ATSI,OE,7439.595,True
6/7/2025 10:00:00 PM,6/7/2025 6:00:00 PM,RFC,WEST,ATSI,OE,7280.173,True
6/7/2025 11:00:00 PM,6/7/2025 7:00:00 PM,RFC,WEST,ATSI,OE,7046.113,True
6/8/2025 12:00:00 AM,6/7/2025 8:00:00 PM,RFC,WEST,ATSI,OE,6795.686,True
6/8/2025 1:00:00 AM,6/7/2025 9:00:00 PM,RFC,WEST,ATSI,OE,6711.921,True
6/8/2025 2:00:00 AM,6/7/2025 10:00:00 PM,RFC,WEST,ATSI,OE,6455.149,True
6/8/2025 3:00:00 AM,6/7/2025 11:00:00 PM,RFC,WEST,ATSI,OE,5981.143,True
6/8/2025 4:00:00 AM,6/8/2025 12:00:00 AM,RFC,WEST,ATSI,OE,5684.409,True
6/8/2025 5:00:00 AM,6/8/2025 1:00:00 AM,RFC,WEST,ATSI,OE,5380.733,True
6/8/2025 6:00:00 AM,6/8/2025 2:00:00 AM,RFC,WEST,ATSI,OE,5252.909,True
6/8/2025 7:00:00 AM,6/8/2025 3:00:00 AM,RFC,WEST,ATSI,OE,5258.450,True
6/8/2025 8:00:00 AM,6/8/2025 4:00:00 AM,RFC,WEST,ATSI,OE,5243.097,True
6/8/2025 9:00:00 AM,6/8/2025 5:00:00 AM,RFC,WEST,ATSI,OE,5221.957,True
6/8/2025 10:00:00 AM,6/8/2025 6:00:00 AM,RFC,WEST,ATSI,OE,5222.319,True
6/8/2025 11:00:00 AM,6/8/2025 7:00:00 AM,RFC,WEST,ATSI,OE,5416.588,True
6/8/2025 12:00:00 PM,6/8/2025 8:00:00 AM,RFC,WEST,ATSI,OE,5622.891,True
6/8/2025 1:00:00 PM,6/8/2025 9:00:00 AM,RFC,WEST,ATSI,OE,5830.784,True
6/8/2025 2:00:00 PM,6/8/2025 10:00:00 AM,RFC,WEST,ATSI,OE,5928.074,True
6/8/2025 3:00:00 PM,6/8/2025 11:00:00 AM,RFC,WEST,ATSI,OE,6082.708,True
6/8/2025 4:00:00 PM,6/8/2025 12:00:00 PM,RFC,WEST,ATSI,OE,6315.663,True
6/8/2025 5:00:00 PM,6/8/2025 1:00:00 PM,RFC,WEST,ATSI,OE,6402.627,True
6/8/2025 6:00:00 PM,6/8/2025 2:00:00 PM,RFC,WEST,ATSI,OE,6568.470,True
6/8/2025 7:00:00 PM,6/8/2025 3:00:00 PM,RFC,WEST,ATSI,OE,6655.795,True
6/8/2025 8:00:00 PM,6/8/2025 4:00:00 PM,RFC,WEST,ATSI,OE,6801.218,True
6/8/2025 9:00:00 PM,6/8/2025 5:00:00 PM,RFC,WEST,ATSI,OE,6911.095,True
6/8/2025 10:00:00 PM,6/8/2025 6:00:00 PM,RFC,WEST,ATSI,OE,6946.254,True
6/8/2025 11:00:00 PM,6/8/2025 7:00:00 PM,RFC,WEST,ATSI,OE,6907.951,True
6/9/2025 12:00:00 AM,6/8/2025 8:00:00 PM,RFC,WEST,ATSI,OE,6783.713,True
6/9/2025 1:00:00 AM,6/8/2025 9:00:00 PM,RFC,WEST,ATSI,OE,6722.544,True
6/9/2025 2:00:00 AM,6/8/2025 10:00:00 PM,RFC,WEST,ATSI,OE,6419.443,True
6/9/2025 3:00:00 AM,6/8/2025 11:00:00 PM,RFC,WEST,ATSI,OE,6067.638,True
6/9/2025 4:00:00 AM,6/9/2025 12:00:00 AM,RFC,WEST,ATSI,OE,5861.522,True
6/9/2025 5:00:00 AM,6/9/2025 1:00:00 AM,RFC,WEST,ATSI,OE,5759.442,True
6/9/2025 6:00:00 AM,6/9/2025 2:00:00 AM,RFC,WEST,ATSI,OE,5597.698,True
6/9/2025 7:00:00 AM,6/9/2025 3:00:00 AM,RFC,WEST,ATSI,OE,5626.059,True
6/9/2025 8:00:00 AM,6/9/2025 4:00:00 AM,RFC,WEST,ATSI,OE,5696.716,True
6/9/2025 9:00:00 AM,6/9/2025 5:00:00 AM,RFC,WEST,ATSI,OE,5891.905,True
6/9/2025 10:00:00 AM,6/9/2025 6:00:00 AM,RFC,WEST,ATSI,OE,6281.028,True
6/9/2025 11:00:00 AM,6/9/2025 7:00:00 AM,RFC,WEST,ATSI,OE,6704.397,True
6/9/2025 12:00:00 PM,6/9/2025 8:00:00 AM,RFC,WEST,ATSI,OE,6997.385,True
6/9/2025 1:00:00 PM,6/9/2025 9:00:00 AM,RFC,WEST,ATSI,OE,7168.564,True
6/9/2025 2:00:00 PM,6/9/2025 10:00:00 AM,RFC,WEST,ATSI,OE,7275.517,True
6/9/2025 3:00:00 PM,6/9/2025 11:00:00 AM,RFC,WEST,ATSI,OE,7406.874,True
6/9/2025 4:00:00 PM,6/9/2025 12:00:00 PM,RFC,WEST,ATSI,OE,7562.324,True
6/9/2025 5:00:00 PM,6/9/2025 1:00:00 PM,RFC,WEST,ATSI,OE,7685.743,True
6/9/2025 6:00:00 PM,6/9/2025 2:00:00 PM,RFC,WEST,ATSI,OE,7653.429,True
6/9/2025 7:00:00 PM,6/9/2025 3:00:00 PM,RFC,WEST,ATSI,OE,7599.295,True
6/9/2025 8:00:00 PM,6/9/2025 4:00:00 PM,RFC,WEST,ATSI,OE,7554.010,True
6/9/2025 9:00:00 PM,6/9/2025 5:00:00 PM,RFC,WEST,ATSI,OE,7573.129,True
6/9/2025 10:00:00 PM,6/9/2025 6:00:00 PM,RFC,WEST,ATSI,OE,7454.135,True
6/9/2025 11:00:00 PM,6/9/2025 7:00:00 PM,RFC,WEST,ATSI,OE,7422.954,True
6/10/2025 12:00:00 AM,6/9/2025 8:00:00 PM,RFC,WEST,ATSI,OE,7288.796,True
6/10/2025 1:00:00 AM,6/9/2025 9:00:00 PM,RFC,WEST,ATSI,OE,7064.517,True
6/10/2025 2:00:00 AM,6/9/2025 10:00:00 PM,RFC,WEST,ATSI,OE,6713.880,True
6/10/2025 3:00:00 AM,6/9/2025 11:00:00 PM,RFC,WEST,ATSI,OE,6259.007,True
6/10/2025 4:00:00 AM,6/10/2025 12:00:00 AM,RFC,WEST,ATSI,OE,6089.666,True
6/10/2025 5:00:00 AM,6/10/2025 1:00:00 AM,RFC,WEST,ATSI,OE,5844.428,True
6/10/2025 6:00:00 AM,6/10/2025 2:00:00 AM,RFC,WEST,ATSI,OE,5656.897,True
6/10/2025 7:00:00 AM,6/10/2025 3:00:00 AM,RFC,WEST,ATSI,OE,5560.768,True
6/10/2025 8:00:00 AM,6/10/2025 4:00:00 AM,RFC,WEST,ATSI,OE,5614.996,True
6/10/2025 9:00:00 AM,6/10/2025 5:00:00 AM,RFC,WEST,ATSI,OE,5824.435,True
6/10/2025 10:00:00 AM,6/10/2025 6:00:00 AM,RFC,WEST,ATSI,OE,6130.247,True
6/10/2025 11:00:00 AM,6/10/2025 7:00:00 AM,RFC,WEST,ATSI,OE,6552.221,True
6/10/2025 12:00:00 PM,6/10/2025 8:00:00 AM,RFC,WEST,ATSI,OE,6768.563,True
6/10/2025 1:00:00 PM,6/10/2025 9:00:00 AM,RFC,WEST,ATSI,OE,7032.522,True
6/10/2025 2:00:00 PM,6/10/2025 10:00:00 AM,RFC,WEST,ATSI,OE,7216.917,True
6/10/2025 3:00:00 PM,6/10/2025 11:00:00 AM,RFC,WEST,ATSI,OE,7303.075,True
6/10/2025 4:00:00 PM,6/10/2025 12:00:00 PM,RFC,WEST,ATSI,OE,7480.781,True
6/10/2025 5:00:00 PM,6/10/2025 1:00:00 PM,RFC,WEST,ATSI,OE,7581.394,True
6/10/2025 6:00:00 PM,6/10/2025 2:00:00 PM,RFC,WEST,ATSI,OE,7718.501,True
6/10/2025 7:00:00 PM,6/10/2025 3:00:00 PM,RFC,WEST,ATSI,OE,7662.218,True
6/10/2025 8:00:00 PM,6/10/2025 4:00:00 PM,RFC,WEST,ATSI,OE,7734.538,True
6/10/2025 9:00:00 PM,6/10/2025 5:00:00 PM,RFC,WEST,ATSI,OE,7671.804,True
6/10/2025 10:00:00 PM,6/10/2025 6:00:00 PM,RFC,WEST,ATSI,OE,7662.527,True
6/10/2025 11:00:00 PM,6/10/2025 7:00:00 PM,RFC,WEST,ATSI,OE,7513.204,True
6/11/2025 12:00:00 AM,6/10/2025 8:00:00 PM,RFC,WEST,ATSI,OE,7297.177,True
6/11/2025 1:00:00 AM,6/10/2025 9:00:00 PM,RFC,WEST,ATSI,OE,7232.695,True
6/11/2025 2:00:00 AM,6/10/2025 10:00:00 PM,RFC,WEST,ATSI,OE,6814.441,True
6/11/2025 3:00:00 AM,6/10/2025 11:00:00 PM,RFC,WEST,ATSI,OE,6330.882,True
6/11/2025 4:00:00 AM,6/11/2025 12:00:00 AM,RFC,WEST,ATSI,OE,5989.313,True
6/11/2025 5:00:00 AM,6/11/2025 1:00:00 AM,RFC,WEST,ATSI,OE,5758.521,True
6/11/2025 6:00:00 AM,6/11/2025 2:00:00 AM,RFC,WEST,ATSI,OE,5591.887,True
6/11/2025 7:00:00 AM,6/11/2025 3:00:00 AM,RFC,WEST,ATSI,OE,5553.677,True
6/11/2025 8:00:00 AM,6/11/2025 4:00:00 AM,RFC,WEST,ATSI,OE,5555.618,True
6/11/2025 9:00:00 AM,6/11/2025 5:00:00 AM,RFC,WEST,ATSI,OE,5691.633,True
6/11/2025 10:00:00 AM,6/11/2025 6:00:00 AM,RFC,WEST,ATSI,OE,6039.317,True
6/11/2025 11:00:00 AM,6/11/2025 7:00:00 AM,RFC,WEST,ATSI,OE,6452.234,True
6/11/2025 12:00:00 PM,6/11/2025 8:00:00 AM,RFC,WEST,ATSI,OE,6804.831,True
6/11/2025 1:00:00 PM,6/11/2025 9:00:00 AM,RFC,WEST,ATSI,OE,7057.282,True
6/11/2025 2:00:00 PM,6/11/2025 10:00:00 AM,RFC,WEST,ATSI,OE,7386.444,True
6/11/2025 3:00:00 PM,6/11/2025 11:00:00 AM,RFC,WEST,ATSI,OE,7653.534,True
6/11/2025 4:00:00 PM,6/11/2025 12:00:00 PM,RFC,WEST,ATSI,OE,7948.649,True
6/11/2025 5:00:00 PM,6/11/2025 1:00:00 PM,RFC,WEST,ATSI,OE,8239.814,True
6/11/2025 6:00:00 PM,6/11/2025 2:00:00 PM,RFC,WEST,ATSI,OE,8440.962,True
6/11/2025 7:00:00 PM,6/11/2025 3:00:00 PM,RFC,WEST,ATSI,OE,8651.134,True
6/11/2025 8:00:00 PM,6/11/2025 4:00:00 PM,RFC,WEST,ATSI,OE,8826.543,True
6/11/2025 9:00:00 PM,6/11/2025 5:00:00 PM,RFC,WEST,ATSI,OE,8933.748,True
6/11/2025 10:00:00 PM,6/11/2025 6:00:00 PM,RFC,WEST,ATSI,OE,8882.311,True
6/11/2025 11:00:00 PM,6/11/2025 7:00:00 PM,RFC,WEST,ATSI,OE,8736.729,True
6/12/2025 12:00:00 AM,6/11/2025 8:00:00 PM,RFC,WEST,ATSI,OE,8351.469,True
6/12/2025 1:00:00 AM,6/11/2025 9:00:00 PM,RFC,WEST,ATSI,OE,8126.942,True
6/12/2025 2:00:00 AM,6/11/2025 10:00:00 PM,RFC,WEST,ATSI,OE,7625.583,True
6/12/2025 3:00:00 AM,6/11/2025 11:00:00 PM,RFC,WEST,ATSI,OE,7017.814,True
6/12/2025 4:00:00 AM,6/12/2025 12:00:00 AM,RFC,WEST,ATSI,OE,6531.542,True
6/12/2025 5:00:00 AM,6/12/2025 1:00:00 AM,RFC,WEST,ATSI,OE,6175.804,True
6/12/2025 6:00:00 AM,6/12/2025 2:00:00 AM,RFC,WEST,ATSI,OE,5967.826,True
6/12/2025 7:00:00 AM,6/12/2025 3:00:00 AM,RFC,WEST,ATSI,OE,5867.247,True
6/12/2025 8:00:00 AM,6/12/2025 4:00:00 AM,RFC,WEST,ATSI,OE,5857.898,True
6/12/2025 9:00:00 AM,6/12/2025 5:00:00 AM,RFC,WEST,ATSI,OE,5992.070,True
6/12/2025 10:00:00 AM,6/12/2025 6:00:00 AM,RFC,WEST,ATSI,OE,6343.832,True
6/12/2025 11:00:00 AM,6/12/2025 7:00:00 AM,RFC,WEST,ATSI,OE,6857.040,True
6/12/2025 12:00:00 PM,6/12/2025 8:00:00 AM,RFC,WEST,ATSI,OE,7235.164,True
6/12/2025 1:00:00 PM,6/12/2025 9:00:00 AM,RFC,WEST,ATSI,OE,7585.571,True
6/12/2025 2:00:00 PM,6/12/2025 10:00:00 AM,RFC,WEST,ATSI,OE,7920.476,True
6/12/2025 3:00:00 PM,6/12/2025 11:00:00 AM,RFC,WEST,ATSI,OE,8227.063,True
6/12/2025 4:00:00 PM,6/12/2025 12:00:00 PM,RFC,WEST,ATSI,OE,8613.418,True
6/12/2025 5:00:00 PM,6/12/2025 1:00:00 PM,RFC,WEST,ATSI,OE,8989.768,True
6/12/2025 6:00:00 PM,6/12/2025 2:00:00 PM,RFC,WEST,ATSI,OE,9284.048,True
6/12/2025 7:00:00 PM,6/12/2025 3:00:00 PM,RFC,WEST,ATSI,OE,9378.268,True
6/12/2025 8:00:00 PM,6/12/2025 4:00:00 PM,RFC,WEST,ATSI,OE,9396.700,True
6/12/2025 9:00:00 PM,6/12/2025 5:00:00 PM,RFC,WEST,ATSI,OE,9209.796,True
6/12/2025 10:00:00 PM,6/12/2025 6:00:00 PM,RFC,WEST,ATSI,OE,8947.263,True
6/12/2025 11:00:00 PM,6/12/2025 7:00:00 PM,RFC,WEST,ATSI,OE,8603.851,True
6/13/2025 12:00:00 AM,6/12/2025 8:00:00 PM,RFC,WEST,ATSI,OE,8235.729,True
6/13/2025 1:00:00 AM,6/12/2025 9:00:00 PM,RFC,WEST,ATSI,OE,7982.696,True
6/13/2025 2:00:00 AM,6/12/2025 10:00:00 PM,RFC,WEST,ATSI,OE,7545.974,True
6/13/2025 3:00:00 AM,6/12/2025 11:00:00 PM,RFC,WEST,ATSI,OE,7035.029,True
6/13/2025 4:00:00 AM,6/13/2025 12:00:00 AM,RFC,WEST,ATSI,OE,6573.938,True
6/13/2025 5:00:00 AM,6/13/2025 1:00:00 AM,RFC,WEST,ATSI,OE,6220.005,True
6/13/2025 6:00:00 AM,6/13/2025 2:00:00 AM,RFC,WEST,ATSI,OE,6000.980,True
6/13/2025 7:00:00 AM,6/13/2025 3:00:00 AM,RFC,WEST,ATSI,OE,5903.238,True
6/13/2025 8:00:00 AM,6/13/2025 4:00:00 AM,RFC,WEST,ATSI,OE,5858.844,True
6/13/2025 9:00:00 AM,6/13/2025 5:00:00 AM,RFC,WEST,ATSI,OE,6045.687,True
6/13/2025 10:00:00 AM,6/13/2025 6:00:00 AM,RFC,WEST,ATSI,OE,6438.802,True
6/13/2025 11:00:00 AM,6/13/2025 7:00:00 AM,RFC,WEST,ATSI,OE,6793.230,True
6/13/2025 12:00:00 PM,6/13/2025 8:00:00 AM,RFC,WEST,ATSI,OE,7138.500,True
6/13/2025 1:00:00 PM,6/13/2025 9:00:00 AM,RFC,WEST,ATSI,OE,7399.707,True
6/13/2025 2:00:00 PM,6/13/2025 10:00:00 AM,RFC,WEST,ATSI,OE,7569.388,True
6/13/2025 3:00:00 PM,6/13/2025 11:00:00 AM,RFC,WEST,ATSI,OE,7856.151,True
6/13/2025 4:00:00 PM,6/13/2025 12:00:00 PM,RFC,WEST,ATSI,OE,8213.410,True
6/13/2025 5:00:00 PM,6/13/2025 1:00:00 PM,RFC,WEST,ATSI,OE,8376.715,True
6/13/2025 6:00:00 PM,6/13/2025 2:00:00 PM,RFC,WEST,ATSI,OE,8326.593,True
6/13/2025 7:00:00 PM,6/13/2025 3:00:00 PM,RFC,WEST,ATSI,OE,8212.302,True
6/13/2025 8:00:00 PM,6/13/2025 4:00:00 PM,RFC,WEST,ATSI,OE,8246.370,True
6/13/2025 9:00:00 PM,6/13/2025 5:00:00 PM,RFC,WEST,ATSI,OE,8084.799,True
6/13/2025 10:00:00 PM,6/13/2025 6:00:00 PM,RFC,WEST,ATSI,OE,7906.141,True
6/13/2025 11:00:00 PM,6/13/2025 7:00:00 PM,RFC,WEST,ATSI,OE,7648.177,True
6/14/2025 12:00:00 AM,6/13/2025 8:00:00 PM,RFC,WEST,ATSI,OE,7473.639,True
6/14/2025 1:00:00 AM,6/13/2025 9:00:00 PM,RFC,WEST,ATSI,OE,7365.355,True
6/14/2025 2:00:00 AM,6/13/2025 10:00:00 PM,RFC,WEST,ATSI,OE,6921.050,True
6/14/2025 3:00:00 AM,6/13/2025 11:00:00 PM,RFC,WEST,ATSI,OE,6487.715,True
6/14/2025 4:00:00 AM,6/14/2025 12:00:00 AM,RFC,WEST,ATSI,OE,6151.410,True
6/14/2025 5:00:00 AM,6/14/2025 1:00:00 AM,RFC,WEST,ATSI,OE,5948.144,True
6/14/2025 6:00:00 AM,6/14/2025 2:00:00 AM,RFC,WEST,ATSI,OE,5711.780,True
6/14/2025 7:00:00 AM,6/14/2025 3:00:00 AM,RFC,WEST,ATSI,OE,5635.017,True
6/14/2025 8:00:00 AM,6/14/2025 4:00:00 AM,RFC,WEST,ATSI,OE,5666.827,True
6/14/2025 9:00:00 AM,6/14/2025 5:00:00 AM,RFC,WEST,ATSI,OE,5588.558,True
6/14/2025 10:00:00 AM,6/14/2025 6:00:00 AM,RFC,WEST,ATSI,OE,5600.976,True
6/14/2025 11:00:00 AM,6/14/2025 7:00:00 AM,RFC,WEST,ATSI,OE,5962.644,True
6/14/2025 12:00:00 PM,6/14/2025 8:00:00 AM,RFC,WEST,ATSI,OE,6152.966,True
6/14/2025 1:00:00 PM,6/14/2025 9:00:00 AM,RFC,WEST,ATSI,OE,6414.801,True
6/14/2025 2:00:00 PM,6/14/2025 10:00:00 AM,RFC,WEST,ATSI,OE,6538.900,True
6/14/2025 3:00:00 PM,6/14/2025 11:00:00 AM,RFC,WEST,ATSI,OE,6654.234,True
6/14/2025 4:00:00 PM,6/14/2025 12:00:00 PM,RFC,WEST,ATSI,OE,6730.278,True
6/14/2025 5:00:00 PM,6/14/2025 1:00:00 PM,RFC,WEST,ATSI,OE,6788.569,True
6/14/2025 6:00:00 PM,6/14/2025 2:00:00 PM,RFC,WEST,ATSI,OE,6805.297,True
6/14/2025 7:00:00 PM,6/14/2025 3:00:00 PM,RFC,WEST,ATSI,OE,6877.054,True
6/14/2025 8:00:00 PM,6/14/2025 4:00:00 PM,RFC,WEST,ATSI,OE,6896.818,True
6/14/2025 9:00:00 PM,6/14/2025 5:00:00 PM,RFC,WEST,ATSI,OE,7016.590,True
6/14/2025 10:00:00 PM,6/14/2025 6:00:00 PM,RFC,WEST,ATSI,OE,6996.136,True
6/14/2025 11:00:00 PM,6/14/2025 7:00:00 PM,RFC,WEST,ATSI,OE,6906.340,True
6/15/2025 12:00:00 AM,6/14/2025 8:00:00 PM,RFC,WEST,ATSI,OE,6770.040,True
6/15/2025 1:00:00 AM,6/14/2025 9:00:00 PM,RFC,WEST,ATSI,OE,6709.245,True
6/15/2025 2:00:00 AM,6/14/2025 10:00:00 PM,RFC,WEST,ATSI,OE,6484.299,True
6/15/2025 3:00:00 AM,6/14/2025 11:00:00 PM,RFC,WEST,ATSI,OE,6120.823,True
6/15/2025 4:00:00 AM,6/15/2025 12:00:00 AM,RFC,WEST,ATSI,OE,5846.150,True
6/15/2025 5:00:00 AM,6/15/2025 1:00:00 AM,RFC,WEST,ATSI,OE,5555.765,True
6/15/2025 6:00:00 AM,6/15/2025 2:00:00 AM,RFC,WEST,ATSI,OE,5425.192,True
6/15/2025 7:00:00 AM,6/15/2025 3:00:00 AM,RFC,WEST,ATSI,OE,5384.895,True
6/15/2025 8:00:00 AM,6/15/2025 4:00:00 AM,RFC,WEST,ATSI,OE,5345.805,True
6/15/2025 9:00:00 AM,6/15/2025 5:00:00 AM,RFC,WEST,ATSI,OE,5331.189,True
6/15/2025 10:00:00 AM,6/15/2025 6:00:00 AM,RFC,WEST,ATSI,OE,5283.989,True
6/15/2025 11:00:00 AM,6/15/2025 7:00:00 AM,RFC,WEST,ATSI,OE,5497.876,True
6/15/2025 12:00:00 PM,6/15/2025 8:00:00 AM,RFC,WEST,ATSI,OE,5844.766,True
6/15/2025 1:00:00 PM,6/15/2025 9:00:00 AM,RFC,WEST,ATSI,OE,6180.441,True
6/15/2025 2:00:00 PM,6/15/2025 10:00:00 AM,RFC,WEST,ATSI,OE,6539.316,True
6/15/2025 3:00:00 PM,6/15/2025 11:00:00 AM,RFC,WEST,ATSI,OE,6814.658,True
6/15/2025 4:00:00 PM,6/15/2025 12:00:00 PM,RFC,WEST,ATSI,OE,6975.179,True
6/15/2025 5:00:00 PM,6/15/2025 1:00:00 PM,RFC,WEST,ATSI,OE,7208.683,True
6/15/2025 6:00:00 PM,6/15/2025 2:00:00 PM,RFC,WEST,ATSI,OE,7343.959,True
6/15/2025 7:00:00 PM,6/15/2025 3:00:00 PM,RFC,WEST,ATSI,OE,7515.163,True
6/15/2025 8:00:00 PM,6/15/2025 4:00:00 PM,RFC,WEST,ATSI,OE,7784.035,True
6/15/2025 9:00:00 PM,6/15/2025 5:00:00 PM,RFC,WEST,ATSI,OE,7905.476,True
6/15/2025 10:00:00 PM,6/15/2025 6:00:00 PM,RFC,WEST,ATSI,OE,7827.908,True
6/15/2025 11:00:00 PM,6/15/2025 7:00:00 PM,RFC,WEST,ATSI,OE,7644.478,True
6/16/2025 12:00:00 AM,6/15/2025 8:00:00 PM,RFC,WEST,ATSI,OE,7458.238,True
6/16/2025 1:00:00 AM,6/15/2025 9:00:00 PM,RFC,WEST,ATSI,OE,7328.246,True
6/16/2025 2:00:00 AM,6/15/2025 10:00:00 PM,RFC,WEST,ATSI,OE,6967.707,True
6/16/2025 3:00:00 AM,6/15/2025 11:00:00 PM,RFC,WEST,ATSI,OE,6545.360,True
6/16/2025 4:00:00 AM,6/16/2025 12:00:00 AM,RFC,WEST,ATSI,OE,6069.432,True
6/16/2025 5:00:00 AM,6/16/2025 1:00:00 AM,RFC,WEST,ATSI,OE,5842.785,True
6/16/2025 6:00:00 AM,6/16/2025 2:00:00 AM,RFC,WEST,ATSI,OE,5696.708,True
6/16/2025 7:00:00 AM,6/16/2025 3:00:00 AM,RFC,WEST,ATSI,OE,5709.096,True
6/16/2025 8:00:00 AM,6/16/2025 4:00:00 AM,RFC,WEST,ATSI,OE,5692.892,True
6/16/2025 9:00:00 AM,6/16/2025 5:00:00 AM,RFC,WEST,ATSI,OE,5966.476,True
6/16/2025 10:00:00 AM,6/16/2025 6:00:00 AM,RFC,WEST,ATSI,OE,6237.056,True
6/16/2025 11:00:00 AM,6/16/2025 7:00:00 AM,RFC,WEST,ATSI,OE,6805.699,True
6/16/2025 12:00:00 PM,6/16/2025 8:00:00 AM,RFC,WEST,ATSI,OE,7163.876,True
6/16/2025 1:00:00 PM,6/16/2025 9:00:00 AM,RFC,WEST,ATSI,OE,7480.602,True
6/16/2025 2:00:00 PM,6/16/2025 10:00:00 AM,RFC,WEST,ATSI,OE,7687.592,True
6/16/2025 3:00:00 PM,6/16/2025 11:00:00 AM,RFC,WEST,ATSI,OE,7932.690,True
6/16/2025 4:00:00 PM,6/16/2025 12:00:00 PM,RFC,WEST,ATSI,OE,8258.461,True
6/16/2025 5:00:00 PM,6/16/2025 1:00:00 PM,RFC,WEST,ATSI,OE,8514.920,True
6/16/2025 6:00:00 PM,6/16/2025 2:00:00 PM,RFC,WEST,ATSI,OE,8699.574,True
6/16/2025 7:00:00 PM,6/16/2025 3:00:00 PM,RFC,WEST,ATSI,OE,8813.513,True
6/16/2025 8:00:00 PM,6/16/2025 4:00:00 PM,RFC,WEST,ATSI,OE,8643.141,True
6/16/2025 9:00:00 PM,6/16/2025 5:00:00 PM,RFC,WEST,ATSI,OE,8566.299,True
6/16/2025 10:00:00 PM,6/16/2025 6:00:00 PM,RFC,WEST,ATSI,OE,8563.659,True
6/16/2025 11:00:00 PM,6/16/2025 7:00:00 PM,RFC,WEST,ATSI,OE,8501.262,True
6/17/2025 12:00:00 AM,6/16/2025 8:00:00 PM,RFC,WEST,ATSI,OE,8313.164,True
6/17/2025 1:00:00 AM,6/16/2025 9:00:00 PM,RFC,WEST,ATSI,OE,8140.875,True
6/17/2025 2:00:00 AM,6/16/2025 10:00:00 PM,RFC,WEST,ATSI,OE,7712.921,True
6/17/2025 3:00:00 AM,6/16/2025 11:00:00 PM,RFC,WEST,ATSI,OE,7140.998,True
6/17/2025 4:00:00 AM,6/17/2025 12:00:00 AM,RFC,WEST,ATSI,OE,6741.348,True
6/17/2025 5:00:00 AM,6/17/2025 1:00:00 AM,RFC,WEST,ATSI,OE,6435.167,True
6/17/2025 6:00:00 AM,6/17/2025 2:00:00 AM,RFC,WEST,ATSI,OE,6268.593,True
6/17/2025 7:00:00 AM,6/17/2025 3:00:00 AM,RFC,WEST,ATSI,OE,6076.610,True
6/17/2025 8:00:00 AM,6/17/2025 4:00:00 AM,RFC,WEST,ATSI,OE,6118.371,True
6/17/2025 9:00:00 AM,6/17/2025 5:00:00 AM,RFC,WEST,ATSI,OE,6336.698,True
6/17/2025 10:00:00 AM,6/17/2025 6:00:00 AM,RFC,WEST,ATSI,OE,6722.425,True
6/17/2025 11:00:00 AM,6/17/2025 7:00:00 AM,RFC,WEST,ATSI,OE,7271.112,True
6/17/2025 12:00:00 PM,6/17/2025 8:00:00 AM,RFC,WEST,ATSI,OE,7722.406,True
6/17/2025 1:00:00 PM,6/17/2025 9:00:00 AM,RFC,WEST,ATSI,OE,8047.256,True
6/17/2025 2:00:00 PM,6/17/2025 10:00:00 AM,RFC,WEST,ATSI,OE,8383.824,True
6/17/2025 3:00:00 PM,6/17/2025 11:00:00 AM,RFC,WEST,ATSI,OE,8641.426,True
6/17/2025 4:00:00 PM,6/17/2025 12:00:00 PM,RFC,WEST,ATSI,OE,8888.123,True
6/17/2025 5:00:00 PM,6/17/2025 1:00:00 PM,RFC,WEST,ATSI,OE,9044.037,True
6/17/2025 6:00:00 PM,6/17/2025 2:00:00 PM,RFC,WEST,ATSI,OE,9084.864,True
6/17/2025 7:00:00 PM,6/17/2025 3:00:00 PM,RFC,WEST,ATSI,OE,9031.691,True
6/17/2025 8:00:00 PM,6/17/2025 4:00:00 PM,RFC,WEST,ATSI,OE,8917.743,True
6/17/2025 9:00:00 PM,6/17/2025 5:00:00 PM,RFC,WEST,ATSI,OE,8971.591,True
6/17/2025 10:00:00 PM,6/17/2025 6:00:00 PM,RFC,WEST,ATSI,OE,8991.538,True
6/17/2025 11:00:00 PM,6/17/2025 7:00:00 PM,RFC,WEST,ATSI,OE,8878.413,True
6/18/2025 12:00:00 AM,6/17/2025 8:00:00 PM,RFC,WEST,ATSI,OE,8701.900,True
6/18/2025 1:00:00 AM,6/17/2025 9:00:00 PM,RFC,WEST,ATSI,OE,8515.416,True
6/18/2025 2:00:00 AM,6/17/2025 10:00:00 PM,RFC,WEST,ATSI,OE,8021.495,True
6/18/2025 3:00:00 AM,6/17/2025 11:00:00 PM,RFC,WEST,ATSI,OE,7524.799,True
6/18/2025 4:00:00 AM,6/18/2025 12:00:00 AM,RFC,WEST,ATSI,OE,7132.575,True
6/18/2025 5:00:00 AM,6/18/2025 1:00:00 AM,RFC,WEST,ATSI,OE,6838.851,True
6/18/2025 6:00:00 AM,6/18/2025 2:00:00 AM,RFC,WEST,ATSI,OE,6626.337,True
6/18/2025 7:00:00 AM,6/18/2025 3:00:00 AM,RFC,WEST,ATSI,OE,6531.678,True
6/18/2025 8:00:00 AM,6/18/2025 4:00:00 AM,RFC,WEST,ATSI,OE,6519.775,True
6/18/2025 9:00:00 AM,6/18/2025 5:00:00 AM,RFC,WEST,ATSI,OE,6804.784,True
6/18/2025 10:00:00 AM,6/18/2025 6:00:00 AM,RFC,WEST,ATSI,OE,7155.301,True
6/18/2025 11:00:00 AM,6/18/2025 7:00:00 AM,RFC,WEST,ATSI,OE,7597.898,True
6/18/2025 12:00:00 PM,6/18/2025 8:00:00 AM,RFC,WEST,ATSI,OE,7983.681,True
6/18/2025 1:00:00 PM,6/18/2025 9:00:00 AM,RFC,WEST,ATSI,OE,8517.671,True
6/18/2025 2:00:00 PM,6/18/2025 10:00:00 AM,RFC,WEST,ATSI,OE,8960.635,True
6/18/2025 3:00:00 PM,6/18/2025 11:00:00 AM,RFC,WEST,ATSI,OE,9359.608,True
6/18/2025 4:00:00 PM,6/18/2025 12:00:00 PM,RFC,WEST,ATSI,OE,9592.938,True
6/18/2025 5:00:00 PM,6/18/2025 1:00:00 PM,RFC,WEST,ATSI,OE,9948.632,True
6/18/2025 6:00:00 PM,6/18/2025 2:00:00 PM,RFC,WEST,ATSI,OE,10015.734,True
6/18/2025 7:00:00 PM,6/18/2025 3:00:00 PM,RFC,WEST,ATSI,OE,9818.420,True
6/18/2025 8:00:00 PM,6/18/2025 4:00:00 PM,RFC,WEST,ATSI,OE,9835.818,True
6/18/2025 9:00:00 PM,6/18/2025 5:00:00 PM,RFC,WEST,ATSI,OE,9772.440,True
6/18/2025 10:00:00 PM,6/18/2025 6:00:00 PM,RFC,WEST,ATSI,OE,9546.154,True
6/18/2025 11:00:00 PM,6/18/2025 7:00:00 PM,RFC,WEST,ATSI,OE,9177.910,True
6/19/2025 12:00:00 AM,6/18/2025 8:00:00 PM,RFC,WEST,ATSI,OE,8680.556,True
6/19/2025 1:00:00 AM,6/18/2025 9:00:00 PM,RFC,WEST,ATSI,OE,8269.513,True
6/19/2025 2:00:00 AM,6/18/2025 10:00:00 PM,RFC,WEST,ATSI,OE,7653.501,True
6/19/2025 3:00:00 AM,6/18/2025 11:00:00 PM,RFC,WEST,ATSI,OE,7140.294,True
6/19/2025 4:00:00 AM,6/19/2025 12:00:00 AM,RFC,WEST,ATSI,OE,6837.821,True
6/19/2025 5:00:00 AM,6/19/2025 1:00:00 AM,RFC,WEST,ATSI,OE,6518.786,True
6/19/2025 6:00:00 AM,6/19/2025 2:00:00 AM,RFC,WEST,ATSI,OE,6285.115,True
6/19/2025 7:00:00 AM,6/19/2025 3:00:00 AM,RFC,WEST,ATSI,OE,6139.546,True
6/19/2025 8:00:00 AM,6/19/2025 4:00:00 AM,RFC,WEST,ATSI,OE,6206.147,True
6/19/2025 9:00:00 AM,6/19/2025 5:00:00 AM,RFC,WEST,ATSI,OE,6434.049,True
6/19/2025 10:00:00 AM,6/19/2025 6:00:00 AM,RFC,WEST,ATSI,OE,6729.604,True
6/19/2025 11:00:00 AM,6/19/2025 7:00:00 AM,RFC,WEST,ATSI,OE,7164.847,True
6/19/2025 12:00:00 PM,6/19/2025 8:00:00 AM,RFC,WEST,ATSI,OE,7504.582,True
6/19/2025 1:00:00 PM,6/19/2025 9:00:00 AM,RFC,WEST,ATSI,OE,7735.442,True
6/19/2025 2:00:00 PM,6/19/2025 10:00:00 AM,RFC,WEST,ATSI,OE,7995.336,True
6/19/2025 3:00:00 PM,6/19/2025 11:00:00 AM,RFC,WEST,ATSI,OE,8163.962,True
6/19/2025 4:00:00 PM,6/19/2025 12:00:00 PM,RFC,WEST,ATSI,OE,8194.840,True
6/19/2025 5:00:00 PM,6/19/2025 1:00:00 PM,RFC,WEST,ATSI,OE,8211.969,True
6/19/2025 6:00:00 PM,6/19/2025 2:00:00 PM,RFC,WEST,ATSI,OE,8069.161,True
6/19/2025 7:00:00 PM,6/19/2025 3:00:00 PM,RFC,WEST,ATSI,OE,7781.921,True
6/19/2025 8:00:00 PM,6/19/2025 4:00:00 PM,RFC,WEST,ATSI,OE,7665.297,True
6/19/2025 9:00:00 PM,6/19/2025 5:00:00 PM,RFC,WEST,ATSI,OE,7554.054,True
6/19/2025 10:00:00 PM,6/19/2025 6:00:00 PM,RFC,WEST,ATSI,OE,7606.358,True
6/19/2025 11:00:00 PM,6/19/2025 7:00:00 PM,RFC,WEST,ATSI,OE,7567.163,True
6/20/2025 12:00:00 AM,6/19/2025 8:00:00 PM,RFC,WEST,ATSI,OE,7409.376,True
6/20/2025 1:00:00 AM,6/19/2025 9:00:00 PM,RFC,WEST,ATSI,OE,7338.726,True
6/20/2025 2:00:00 AM,6/19/2025 10:00:00 PM,RFC,WEST,ATSI,OE,6956.428,True
6/20/2025 3:00:00 AM,6/19/2025 11:00:00 PM,RFC,WEST,ATSI,OE,6570.935,True
6/20/2025 4:00:00 AM,6/20/2025 12:00:00 AM,RFC,WEST,ATSI,OE,6188.930,True
6/20/2025 5:00:00 AM,6/20/2025 1:00:00 AM,RFC,WEST,ATSI,OE,5988.588,True
6/20/2025 6:00:00 AM,6/20/2025 2:00:00 AM,RFC,WEST,ATSI,OE,5830.262,True
6/20/2025 7:00:00 AM,6/20/2025 3:00:00 AM,RFC,WEST,ATSI,OE,5813.431,True
6/20/2025 8:00:00 AM,6/20/2025 4:00:00 AM,RFC,WEST,ATSI,OE,5739.688,True
6/20/2025 9:00:00 AM,6/20/2025 5:00:00 AM,RFC,WEST,ATSI,OE,5863.393,True
6/20/2025 10:00:00 AM,6/20/2025 6:00:00 AM,RFC,WEST,ATSI,OE,6279.983,True
6/20/2025 11:00:00 AM,6/20/2025 7:00:00 AM,RFC,WEST,ATSI,OE,6749.814,True
6/20/2025 12:00:00 PM,6/20/2025 8:00:00 AM,RFC,WEST,ATSI,OE,7126.752,True
6/20/2025 1:00:00 PM,6/20/2025 9:00:00 AM,RFC,WEST,ATSI,OE,7520.633,True
6/20/2025 2:00:00 PM,6/20/2025 10:00:00 AM,RFC,WEST,ATSI,OE,7842.182,True
6/20/2025 3:00:00 PM,6/20/2025 11:00:00 AM,RFC,WEST,ATSI,OE,8300.115,True
6/20/2025 4:00:00 PM,6/20/2025 12:00:00 PM,RFC,WEST,ATSI,OE,8730.849,True
6/20/2025 5:00:00 PM,6/20/2025 1:00:00 PM,RFC,WEST,ATSI,OE,8981.816,True
6/20/2025 6:00:00 PM,6/20/2025 2:00:00 PM,RFC,WEST,ATSI,OE,9030.668,True
6/20/2025 7:00:00 PM,6/20/2025 3:00:00 PM,RFC,WEST,ATSI,OE,9034.750,True
6/20/2025 8:00:00 PM,6/20/2025 4:00:00 PM,RFC,WEST,ATSI,OE,9002.047,True
6/20/2025 9:00:00 PM,6/20/2025 5:00:00 PM,RFC,WEST,ATSI,OE,8868.614,True
6/20/2025 10:00:00 PM,6/20/2025 6:00:00 PM,RFC,WEST,ATSI,OE,8638.736,True
6/20/2025 11:00:00 PM,6/20/2025 7:00:00 PM,RFC,WEST,ATSI,OE,8356.361,True
6/21/2025 12:00:00 AM,6/20/2025 8:00:00 PM,RFC,WEST,ATSI,OE,8088.292,True
6/21/2025 1:00:00 AM,6/20/2025 9:00:00 PM,RFC,WEST,ATSI,OE,7893.548,True
6/21/2025 2:00:00 AM,6/20/2025 10:00:00 PM,RFC,WEST,ATSI,OE,7474.047,True
6/21/2025 3:00:00 AM,6/20/2025 11:00:00 PM,RFC,WEST,ATSI,OE,7027.289,True
6/21/2025 4:00:00 AM,6/21/2025 12:00:00 AM,RFC,WEST,ATSI,OE,6576.536,True
6/21/2025 5:00:00 AM,6/21/2025 1:00:00 AM,RFC,WEST,ATSI,OE,6227.145,True
6/21/2025 6:00:00 AM,6/21/2025 2:00:00 AM,RFC,WEST,ATSI,OE,6065.536,True
6/21/2025 7:00:00 AM,6/21/2025 3:00:00 AM,RFC,WEST,ATSI,OE,5971.864,True
6/21/2025 8:00:00 AM,6/21/2025 4:00:00 AM,RFC,WEST,ATSI,OE,5888.023,True
6/21/2025 9:00:00 AM,6/21/2025 5:00:00 AM,RFC,WEST,ATSI,OE,5934.419,True
6/21/2025 10:00:00 AM,6/21/2025 6:00:00 AM,RFC,WEST,ATSI,OE,5992.673,True
6/21/2025 11:00:00 AM,6/21/2025 7:00:00 AM,RFC,WEST,ATSI,OE,6171.226,True
6/21/2025 12:00:00 PM,6/21/2025 8:00:00 AM,RFC,WEST,ATSI,OE,6726.708,True
6/21/2025 1:00:00 PM,6/21/2025 9:00:00 AM,RFC,WEST,ATSI,OE,7196.859,True
6/21/2025 2:00:00 PM,6/21/2025 10:00:00 AM,RFC,WEST,ATSI,OE,7687.884,True
6/21/2025 3:00:00 PM,6/21/2025 11:00:00 AM,RFC,WEST,ATSI,OE,8098.725,True
6/21/2025 4:00:00 PM,6/21/2025 12:00:00 PM,RFC,WEST,ATSI,OE,8484.537,True
6/21/2025 5:00:00 PM,6/21/2025 1:00:00 PM,RFC,WEST,ATSI,OE,8980.621,True
6/21/2025 6:00:00 PM,6/21/2025 2:00:00 PM,RFC,WEST,ATSI,OE,9357.728,True
6/21/2025 7:00:00 PM,6/21/2025 3:00:00 PM,RFC,WEST,ATSI,OE,9674.459,True
6/21/2025 8:00:00 PM,6/21/2025 4:00:00 PM,RFC,WEST,ATSI,OE,9948.865,True
6/21/2025 9:00:00 PM,6/21/2025 5:00:00 PM,RFC,WEST,ATSI,OE,10128.572,True
6/21/2025 10:00:00 PM,6/21/2025 6:00:00 PM,RFC,WEST,ATSI,OE,10119.988,True
6/21/2025 11:00:00 PM,6/21/2025 7:00:00 PM,RFC,WEST,ATSI,OE,9807.402,True
6/22/2025 12:00:00 AM,6/21/2025 8:00:00 PM,RFC,WEST,ATSI,OE,9423.145,True
6/22/2025 1:00:00 AM,6/21/2025 9:00:00 PM,RFC,WEST,ATSI,OE,9129.609,True
6/22/2025 2:00:00 AM,6/21/2025 10:00:00 PM,RFC,WEST,ATSI,OE,8774.078,True
6/22/2025 3:00:00 AM,6/21/2025 11:00:00 PM,RFC,WEST,ATSI,OE,8229.936,True
6/22/2025 4:00:00 AM,6/22/2025 12:00:00 AM,RFC,WEST,ATSI,OE,7694.948,True
6/22/2025 5:00:00 AM,6/22/2025 1:00:00 AM,RFC,WEST,ATSI,OE,7200.680,True
6/22/2025 6:00:00 AM,6/22/2025 2:00:00 AM,RFC,WEST,ATSI,OE,6991.001,True
6/22/2025 7:00:00 AM,6/22/2025 3:00:00 AM,RFC,WEST,ATSI,OE,6800.606,True
6/22/2025 8:00:00 AM,6/22/2025 4:00:00 AM,RFC,WEST,ATSI,OE,6725.403,True
6/22/2025 9:00:00 AM,6/22/2025 5:00:00 AM,RFC,WEST,ATSI,OE,6539.938,True
6/22/2025 10:00:00 AM,6/22/2025 6:00:00 AM,RFC,WEST,ATSI,OE,6613.339,True
6/22/2025 11:00:00 AM,6/22/2025 7:00:00 AM,RFC,WEST,ATSI,OE,7007.311,True
6/22/2025 12:00:00 PM,6/22/2025 8:00:00 AM,RFC,WEST,ATSI,OE,7768.594,True
6/22/2025 1:00:00 PM,6/22/2025 9:00:00 AM,RFC,WEST,ATSI,OE,8597.918,True
6/22/2025 2:00:00 PM,6/22/2025 10:00:00 AM,RFC,WEST,ATSI,OE,9227.685,True
6/22/2025 3:00:00 PM,6/22/2025 11:00:00 AM,RFC,WEST,ATSI,OE,9904.841,True
6/22/2025 4:00:00 PM,6/22/2025 12:00:00 PM,RFC,WEST,ATSI,OE,10284.629,True
6/22/2025 5:00:00 PM,6/22/2025 1:00:00 PM,RFC,WEST,ATSI,OE,10513.550,True
6/22/2025 6:00:00 PM,6/22/2025 2:00:00 PM,RFC,WEST,ATSI,OE,10773.388,True
6/22/2025 7:00:00 PM,6/22/2025 3:00:00 PM,RFC,WEST,ATSI,OE,10981.127,True
6/22/2025 8:00:00 PM,6/22/2025 4:00:00 PM,RFC,WEST,ATSI,OE,11170.542,True
6/22/2025 9:00:00 PM,6/22/2025 5:00:00 PM,RFC,WEST,ATSI,OE,11258.666,True
6/22/2025 10:00:00 PM,6/22/2025 6:00:00 PM,RFC,WEST,ATSI,OE,11245.745,True
6/22/2025 11:00:00 PM,6/22/2025 7:00:00 PM,RFC,WEST,ATSI,OE,11120.543,True
6/23/2025 12:00:00 AM,6/22/2025 8:00:00 PM,RFC,WEST,ATSI,OE,10853.238,True
6/23/2025 1:00:00 AM,6/22/2025 9:00:00 PM,RFC,WEST,ATSI,OE,10486.327,True
6/23/2025 2:00:00 AM,6/22/2025 10:00:00 PM,RFC,WEST,ATSI,OE,10059.656,True
6/23/2025 3:00:00 AM,6/22/2025 11:00:00 PM,RFC,WEST,ATSI,OE,9429.443,True
6/23/2025 4:00:00 AM,6/23/2025 12:00:00 AM,RFC,WEST,ATSI,OE,8801.963,True
6/23/2025 5:00:00 AM,6/23/2025 1:00:00 AM,RFC,WEST,ATSI,OE,8280.590,True
6/23/2025 6:00:00 AM,6/23/2025 2:00:00 AM,RFC,WEST,ATSI,OE,7899.405,True
6/23/2025 7:00:00 AM,6/23/2025 3:00:00 AM,RFC,WEST,ATSI,OE,7639.937,True
6/23/2025 8:00:00 AM,6/23/2025 4:00:00 AM,RFC,WEST,ATSI,OE,7568.824,True
6/23/2025 9:00:00 AM,6/23/2025 5:00:00 AM,RFC,WEST,ATSI,OE,7710.110,True
6/23/2025 10:00:00 AM,6/23/2025 6:00:00 AM,RFC,WEST,ATSI,OE,8011.859,True
6/23/2025 11:00:00 AM,6/23/2025 7:00:00 AM,RFC,WEST,ATSI,OE,8749.439,True
6/23/2025 12:00:00 PM,6/23/2025 8:00:00 AM,RFC,WEST,ATSI,OE,9600.788,True
6/23/2025 1:00:00 PM,6/23/2025 9:00:00 AM,RFC,WEST,ATSI,OE,10253.741,True
6/23/2025 2:00:00 PM,6/23/2025 10:00:00 AM,RFC,WEST,ATSI,OE,10836.343,True
6/23/2025 3:00:00 PM,6/23/2025 11:00:00 AM,RFC,WEST,ATSI,OE,11270.340,True
6/23/2025 4:00:00 PM,6/23/2025 12:00:00 PM,RFC,WEST,ATSI,OE,11533.893,True
6/23/2025 5:00:00 PM,6/23/2025 1:00:00 PM,RFC,WEST,ATSI,OE,11606.317,True
6/23/2025 6:00:00 PM,6/23/2025 2:00:00 PM,RFC,WEST,ATSI,OE,11628.412,True
6/23/2025 7:00:00 PM,6/23/2025 3:00:00 PM,RFC,WEST,ATSI,OE,11728.327,True
6/23/2025 8:00:00 PM,6/23/2025 4:00:00 PM,RFC,WEST,ATSI,OE,11733.939,True
6/23/2025 9:00:00 PM,6/23/2025 5:00:00 PM,RFC,WEST,ATSI,OE,11779.715,True
6/23/2025 10:00:00 PM,6/23/2025 6:00:00 PM,RFC,WEST,ATSI,OE,11670.190,True
6/23/2025 11:00:00 PM,6/23/2025 7:00:00 PM,RFC,WEST,ATSI,OE,11644.107,True
6/24/2025 12:00:00 AM,6/23/2025 8:00:00 PM,RFC,WEST,ATSI,OE,11328.447,True
6/24/2025 1:00:00 AM,6/23/2025 9:00:00 PM,RFC,WEST,ATSI,OE,11074.272,True
6/24/2025 2:00:00 AM,6/23/2025 10:00:00 PM,RFC,WEST,ATSI,OE,10461.235,True
6/24/2025 3:00:00 AM,6/23/2025 11:00:00 PM,RFC,WEST,ATSI,OE,9745.345,True
6/24/2025 4:00:00 AM,6/24/2025 12:00:00 AM,RFC,WEST,ATSI,OE,9104.815,True
6/24/2025 5:00:00 AM,6/24/2025 1:00:00 AM,RFC,WEST,ATSI,OE,8630.689,True
6/24/2025 6:00:00 AM,6/24/2025 2:00:00 AM,RFC,WEST,ATSI,OE,8212.039,True
6/24/2025 7:00:00 AM,6/24/2025 3:00:00 AM,RFC,WEST,ATSI,OE,7951.856,True
6/24/2025 8:00:00 AM,6/24/2025 4:00:00 AM,RFC,WEST,ATSI,OE,7802.608,True
6/24/2025 9:00:00 AM,6/24/2025 5:00:00 AM,RFC,WEST,ATSI,OE,7818.339,True
6/24/2025 10:00:00 AM,6/24/2025 6:00:00 AM,RFC,WEST,ATSI,OE,8026.799,True
6/24/2025 11:00:00 AM,6/24/2025 7:00:00 AM,RFC,WEST,ATSI,OE,8797.118,True
6/24/2025 12:00:00 PM,6/24/2025 8:00:00 AM,RFC,WEST,ATSI,OE,9489.584,True
6/24/2025 1:00:00 PM,6/24/2025 9:00:00 AM,RFC,WEST,ATSI,OE,10158.792,True
6/24/2025 2:00:00 PM,6/24/2025 10:00:00 AM,RFC,WEST,ATSI,OE,10900.515,True
6/24/2025 3:00:00 PM,6/24/2025 11:00:00 AM,RFC,WEST,ATSI,OE,11443.515,True
6/24/2025 4:00:00 PM,6/24/2025 12:00:00 PM,RFC,WEST,ATSI,OE,11638.493,True
6/24/2025 5:00:00 PM,6/24/2025 1:00:00 PM,RFC,WEST,ATSI,OE,11748.578,True
6/24/2025 6:00:00 PM,6/24/2025 2:00:00 PM,RFC,WEST,ATSI,OE,11798.376,True
6/24/2025 7:00:00 PM,6/24/2025 3:00:00 PM,RFC,WEST,ATSI,OE,11804.265,True
6/24/2025 8:00:00 PM,6/24/2025 4:00:00 PM,RFC,WEST,ATSI,OE,11786.177,True
6/24/2025 9:00:00 PM,6/24/2025 5:00:00 PM,RFC,WEST,ATSI,OE,11717.839,True
6/24/2025 10:00:00 PM,6/24/2025 6:00:00 PM,RFC,WEST,ATSI,OE,11501.423,True
6/24/2025 11:00:00 PM,6/24/2025 7:00:00 PM,RFC,WEST,ATSI,OE,11169.418,True
6/25/2025 12:00:00 AM,6/24/2025 8:00:00 PM,RFC,WEST,ATSI,OE,10812.793,True
6/25/2025 1:00:00 AM,6/24/2025 9:00:00 PM,RFC,WEST,ATSI,OE,10393.591,True
6/25/2025 2:00:00 AM,6/24/2025 10:00:00 PM,RFC,WEST,ATSI,OE,9894.816,True
6/25/2025 3:00:00 AM,6/24/2025 11:00:00 PM,RFC,WEST,ATSI,OE,9256.725,True
6/25/2025 4:00:00 AM,6/25/2025 12:00:00 AM,RFC,WEST,ATSI,OE,8803.750,True
6/25/2025 5:00:00 AM,6/25/2025 1:00:00 AM,RFC,WEST,ATSI,OE,8326.902,True
6/25/2025 6:00:00 AM,6/25/2025 2:00:00 AM,RFC,WEST,ATSI,OE,7956.082,True
6/25/2025 7:00:00 AM,6/25/2025 3:00:00 AM,RFC,WEST,ATSI,OE,7638.270,True
6/25/2025 8:00:00 AM,6/25/2025 4:00:00 AM,RFC,WEST,ATSI,OE,7590.738,True
6/25/2025 9:00:00 AM,6/25/2025 5:00:00 AM,RFC,WEST,ATSI,OE,7782.833,True
6/25/2025 10:00:00 AM,6/25/2025 6:00:00 AM,RFC,WEST,ATSI,OE,8073.034,True
6/25/2025 11:00:00 AM,6/25/2025 7:00:00 AM,RFC,WEST,ATSI,OE,8686.105,True
6/25/2025 12:00:00 PM,6/25/2025 8:00:00 AM,RFC,WEST,ATSI,OE,9276.385,True
6/25/2025 1:00:00 PM,6/25/2025 9:00:00 AM,RFC,WEST,ATSI,OE,10066.555,True
6/25/2025 2:00:00 PM,6/25/2025 10:00:00 AM,RFC,WEST,ATSI,OE,10690.232,True
6/25/2025 3:00:00 PM,6/25/2025 11:00:00 AM,RFC,WEST,ATSI,OE,11106.210,True
6/25/2025 4:00:00 PM,6/25/2025 12:00:00 PM,RFC,WEST,ATSI,OE,11280.910,True
6/25/2025 5:00:00 PM,6/25/2025 1:00:00 PM,RFC,WEST,ATSI,OE,11430.935,True
6/25/2025 6:00:00 PM,6/25/2025 2:00:00 PM,RFC,WEST,ATSI,OE,11426.650,True
6/25/2025 7:00:00 PM,6/25/2025 3:00:00 PM,RFC,WEST,ATSI,OE,11403.742,True
6/25/2025 8:00:00 PM,6/25/2025 4:00:00 PM,RFC,WEST,ATSI,OE,11359.502,True
6/25/2025 9:00:00 PM,6/25/2025 5:00:00 PM,RFC,WEST,ATSI,OE,11352.782,True
6/25/2025 10:00:00 PM,6/25/2025 6:00:00 PM,RFC,WEST,ATSI,OE,11120.656,True
6/25/2025 11:00:00 PM,6/25/2025 7:00:00 PM,RFC,WEST,ATSI,OE,10828.043,True
6/26/2025 12:00:00 AM,6/25/2025 8:00:00 PM,RFC,WEST,ATSI,OE,10468.210,True
6/26/2025 1:00:00 AM,6/25/2025 9:00:00 PM,RFC,WEST,ATSI,OE,10280.480,True
6/26/2025 2:00:00 AM,6/25/2025 10:00:00 PM,RFC,WEST,ATSI,OE,9727.276,True
6/26/2025 3:00:00 AM,6/25/2025 11:00:00 PM,RFC,WEST,ATSI,OE,9101.805,True
6/26/2025 4:00:00 AM,6/26/2025 12:00:00 AM,RFC,WEST,ATSI,OE,8496.579,True
6/26/2025 5:00:00 AM,6/26/2025 1:00:00 AM,RFC,WEST,ATSI,OE,8045.771,True
6/26/2025 6:00:00 AM,6/26/2025 2:00:00 AM,RFC,WEST,ATSI,OE,7677.720,True
6/26/2025 7:00:00 AM,6/26/2025 3:00:00 AM,RFC,WEST,ATSI,OE,7489.171,True
6/26/2025 8:00:00 AM,6/26/2025 4:00:00 AM,RFC,WEST,ATSI,OE,7302.283,True
6/26/2025 9:00:00 AM,6/26/2025 5:00:00 AM,RFC,WEST,ATSI,OE,7363.039,True
6/26/2025 10:00:00 AM,6/26/2025 6:00:00 AM,RFC,WEST,ATSI,OE,7780.331,True
6/26/2025 11:00:00 AM,6/26/2025 7:00:00 AM,RFC,WEST,ATSI,OE,8452.652,True
6/26/2025 12:00:00 PM,6/26/2025 8:00:00 AM,RFC,WEST,ATSI,OE,9037.270,True
6/26/2025 1:00:00 PM,6/26/2025 9:00:00 AM,RFC,WEST,ATSI,OE,9771.856,True
6/26/2025 2:00:00 PM,6/26/2025 10:00:00 AM,RFC,WEST,ATSI,OE,10379.335,True
6/26/2025 3:00:00 PM,6/26/2025 11:00:00 AM,RFC,WEST,ATSI,OE,10951.017,True
6/26/2025 4:00:00 PM,6/26/2025 12:00:00 PM,RFC,WEST,ATSI,OE,11274.984,True
6/26/2025 5:00:00 PM,6/26/2025 1:00:00 PM,RFC,WEST,ATSI,OE,11473.234,True
6/26/2025 6:00:00 PM,6/26/2025 2:00:00 PM,RFC,WEST,ATSI,OE,11180.005,True
6/26/2025 7:00:00 PM,6/26/2025 3:00:00 PM,RFC,WEST,ATSI,OE,10855.518,True
6/26/2025 8:00:00 PM,6/26/2025 4:00:00 PM,RFC,WEST,ATSI,OE,10610.945,True
6/26/2025 9:00:00 PM,6/26/2025 5:00:00 PM,RFC,WEST,ATSI,OE,10403.948,True
6/26/2025 10:00:00 PM,6/26/2025 6:00:00 PM,RFC,WEST,ATSI,OE,10366.208,True
6/26/2025 11:00:00 PM,6/26/2025 7:00:00 PM,RFC,WEST,ATSI,OE,9981.896,True
6/27/2025 12:00:00 AM,6/26/2025 8:00:00 PM,RFC,WEST,ATSI,OE,9657.192,True
6/27/2025 1:00:00 AM,6/26/2025 9:00:00 PM,RFC,WEST,ATSI,OE,9413.010,True
6/27/2025 2:00:00 AM,6/26/2025 10:00:00 PM,RFC,WEST,ATSI,OE,8984.669,True
6/27/2025 3:00:00 AM,6/26/2025 11:00:00 PM,RFC,WEST,ATSI,OE,8401.980,True
6/27/2025 4:00:00 AM,6/27/2025 12:00:00 AM,RFC,WEST,ATSI,OE,7858.337,True
6/27/2025 5:00:00 AM,6/27/2025 1:00:00 AM,RFC,WEST,ATSI,OE,7492.787,True
6/27/2025 6:00:00 AM,6/27/2025 2:00:00 AM,RFC,WEST,ATSI,OE,7273.406,True
6/27/2025 7:00:00 AM,6/27/2025 3:00:00 AM,RFC,WEST,ATSI,OE,7179.349,True
6/27/2025 8:00:00 AM,6/27/2025 4:00:00 AM,RFC,WEST,ATSI,OE,7118.308,True
6/27/2025 9:00:00 AM,6/27/2025 5:00:00 AM,RFC,WEST,ATSI,OE,7268.713,True
6/27/2025 10:00:00 AM,6/27/2025 6:00:00 AM,RFC,WEST,ATSI,OE,7546.580,True
6/27/2025 11:00:00 AM,6/27/2025 7:00:00 AM,RFC,WEST,ATSI,OE,8156.119,True
6/27/2025 12:00:00 PM,6/27/2025 8:00:00 AM,RFC,WEST,ATSI,OE,8802.383,True
6/27/2025 1:00:00 PM,6/27/2025 9:00:00 AM,RFC,WEST,ATSI,OE,9454.633,True
6/27/2025 2:00:00 PM,6/27/2025 10:00:00 AM,RFC,WEST,ATSI,OE,10174.833,True
6/27/2025 3:00:00 PM,6/27/2025 11:00:00 AM,RFC,WEST,ATSI,OE,10621.361,True
6/27/2025 4:00:00 PM,6/27/2025 12:00:00 PM,RFC,WEST,ATSI,OE,10777.149,True
6/27/2025 5:00:00 PM,6/27/2025 1:00:00 PM,RFC,WEST,ATSI,OE,10705.064,True
6/27/2025 6:00:00 PM,6/27/2025 2:00:00 PM,RFC,WEST,ATSI,OE,10894.707,True
6/27/2025 7:00:00 PM,6/27/2025 3:00:00 PM,RFC,WEST,ATSI,OE,11115.984,True
6/27/2025 8:00:00 PM,6/27/2025 4:00:00 PM,RFC,WEST,ATSI,OE,11080.404,True
6/27/2025 9:00:00 PM,6/27/2025 5:00:00 PM,RFC,WEST,ATSI,OE,11090.205,True
6/27/2025 10:00:00 PM,6/27/2025 6:00:00 PM,RFC,WEST,ATSI,OE,11040.081,True
6/27/2025 11:00:00 PM,6/27/2025 7:00:00 PM,RFC,WEST,ATSI,OE,10739.453,True
6/28/2025 12:00:00 AM,6/27/2025 8:00:00 PM,RFC,WEST,ATSI,OE,10280.130,True
6/28/2025 1:00:00 AM,6/27/2025 9:00:00 PM,RFC,WEST,ATSI,OE,9897.585,True
6/28/2025 2:00:00 AM,6/27/2025 10:00:00 PM,RFC,WEST,ATSI,OE,9323.602,True
6/28/2025 3:00:00 AM,6/27/2025 11:00:00 PM,RFC,WEST,ATSI,OE,8757.472,True
6/28/2025 4:00:00 AM,6/28/2025 12:00:00 AM,RFC,WEST,ATSI,OE,8182.989,True
6/28/2025 5:00:00 AM,6/28/2025 1:00:00 AM,RFC,WEST,ATSI,OE,7779.294,True
6/28/2025 6:00:00 AM,6/28/2025 2:00:00 AM,RFC,WEST,ATSI,OE,7309.727,True
6/28/2025 7:00:00 AM,6/28/2025 3:00:00 AM,RFC,WEST,ATSI,OE,7076.713,True
6/28/2025 8:00:00 AM,6/28/2025 4:00:00 AM,RFC,WEST,ATSI,OE,6940.457,True
6/28/2025 9:00:00 AM,6/28/2025 5:00:00 AM,RFC,WEST,ATSI,OE,6890.688,True
6/28/2025 10:00:00 AM,6/28/2025 6:00:00 AM,RFC,WEST,ATSI,OE,6938.184,True
6/28/2025 11:00:00 AM,6/28/2025 7:00:00 AM,RFC,WEST,ATSI,OE,7365.951,True
6/28/2025 12:00:00 PM,6/28/2025 8:00:00 AM,RFC,WEST,ATSI,OE,7815.735,True
6/28/2025 1:00:00 PM,6/28/2025 9:00:00 AM,RFC,WEST,ATSI,OE,8257.958,True
6/28/2025 2:00:00 PM,6/28/2025 10:00:00 AM,RFC,WEST,ATSI,OE,8604.009,True
6/28/2025 3:00:00 PM,6/28/2025 11:00:00 AM,RFC,WEST,ATSI,OE,8929.226,True
6/28/2025 4:00:00 PM,6/28/2025 12:00:00 PM,RFC,WEST,ATSI,OE,9406.816,True
6/28/2025 5:00:00 PM,6/28/2025 1:00:00 PM,RFC,WEST,ATSI,OE,9772.371,True
6/28/2025 6:00:00 PM,6/28/2025 2:00:00 PM,RFC,WEST,ATSI,OE,10022.236,True
6/28/2025 7:00:00 PM,6/28/2025 3:00:00 PM,RFC,WEST,ATSI,OE,10256.679,True
6/28/2025 8:00:00 PM,6/28/2025 4:00:00 PM,RFC,WEST,ATSI,OE,10339.623,True
6/28/2025 9:00:00 PM,6/28/2025 5:00:00 PM,RFC,WEST,ATSI,OE,10403.116,True
6/28/2025 10:00:00 PM,6/28/2025 6:00:00 PM,RFC,WEST,ATSI,OE,10180.722,True
6/28/2025 11:00:00 PM,6/28/2025 7:00:00 PM,RFC,WEST,ATSI,OE,9948.415,True
6/29/2025 12:00:00 AM,6/28/2025 8:00:00 PM,RFC,WEST,ATSI,OE,9421.464,True
6/29/2025 1:00:00 AM,6/28/2025 9:00:00 PM,RFC,WEST,ATSI,OE,9029.912,True
6/29/2025 2:00:00 AM,6/28/2025 10:00:00 PM,RFC,WEST,ATSI,OE,8482.902,True
6/29/2025 3:00:00 AM,6/28/2025 11:00:00 PM,RFC,WEST,ATSI,OE,7860.470,True
6/29/2025 4:00:00 AM,6/29/2025 12:00:00 AM,RFC,WEST,ATSI,OE,7222.301,True
6/29/2025 5:00:00 AM,6/29/2025 1:00:00 AM,RFC,WEST,ATSI,OE,6758.998,True
6/29/2025 6:00:00 AM,6/29/2025 2:00:00 AM,RFC,WEST,ATSI,OE,6506.287,True
6/29/2025 7:00:00 AM,6/29/2025 3:00:00 AM,RFC,WEST,ATSI,OE,6259.019,True
6/29/2025 8:00:00 AM,6/29/2025 4:00:00 AM,RFC,WEST,ATSI,OE,6128.198,True
6/29/2025 9:00:00 AM,6/29/2025 5:00:00 AM,RFC,WEST,ATSI,OE,6030.256,True
6/29/2025 10:00:00 AM,6/29/2025 6:00:00 AM,RFC,WEST,ATSI,OE,6048.002,True
6/29/2025 11:00:00 AM,6/29/2025 7:00:00 AM,RFC,WEST,ATSI,OE,6360.358,True
6/29/2025 12:00:00 PM,6/29/2025 8:00:00 AM,RFC,WEST,ATSI,OE,6900.095,True
6/29/2025 1:00:00 PM,6/29/2025 9:00:00 AM,RFC,WEST,ATSI,OE,7534.452,True
6/29/2025 2:00:00 PM,6/29/2025 10:00:00 AM,RFC,WEST,ATSI,OE,8118.815,True
6/29/2025 3:00:00 PM,6/29/2025 11:00:00 AM,RFC,WEST,ATSI,OE,8664.668,True
6/29/2025 4:00:00 PM,6/29/2025 12:00:00 PM,RFC,WEST,ATSI,OE,9155.089,True
6/29/2025 5:00:00 PM,6/29/2025 1:00:00 PM,RFC,WEST,ATSI,OE,9672.636,True
6/29/2025 6:00:00 PM,6/29/2025 2:00:00 PM,RFC,WEST,ATSI,OE,9989.487,True
6/29/2025 7:00:00 PM,6/29/2025 3:00:00 PM,RFC,WEST,ATSI,OE,10276.805,True
6/29/2025 8:00:00 PM,6/29/2025 4:00:00 PM,RFC,WEST,ATSI,OE,10455.594,True
6/29/2025 9:00:00 PM,6/29/2025 5:00:00 PM,RFC,WEST,ATSI,OE,10548.306,True
6/29/2025 10:00:00 PM,6/29/2025 6:00:00 PM,RFC,WEST,ATSI,OE,10390.833,True
6/29/2025 11:00:00 PM,6/29/2025 7:00:00 PM,RFC,WEST,ATSI,OE,10193.277,True
6/30/2025 12:00:00 AM,6/29/2025 8:00:00 PM,RFC,WEST,ATSI,OE,9798.337,True
6/30/2025 1:00:00 AM,6/29/2025 9:00:00 PM,RFC,WEST,ATSI,OE,9440.467,True
6/30/2025 2:00:00 AM,6/29/2025 10:00:00 PM,RFC,WEST,ATSI,OE,9020.260,True
6/30/2025 3:00:00 AM,6/29/2025 11:00:00 PM,RFC,WEST,ATSI,OE,8335.900,True
6/30/2025 4:00:00 AM,6/30/2025 12:00:00 AM,RFC,WEST,ATSI,OE,7905.871,True
6/30/2025 5:00:00 AM,6/30/2025 1:00:00 AM,RFC,WEST,ATSI,OE,7560.247,True
6/30/2025 6:00:00 AM,6/30/2025 2:00:00 AM,RFC,WEST,ATSI,OE,7219.698,True
6/30/2025 7:00:00 AM,6/30/2025 3:00:00 AM,RFC,WEST,ATSI,OE,7115.405,True
6/30/2025 8:00:00 AM,6/30/2025 4:00:00 AM,RFC,WEST,ATSI,OE,7181.436,True
6/30/2025 9:00:00 AM,6/30/2025 5:00:00 AM,RFC,WEST,ATSI,OE,7363.867,True
6/30/2025 10:00:00 AM,6/30/2025 6:00:00 AM,RFC,WEST,ATSI,OE,7704.401,True
6/30/2025 11:00:00 AM,6/30/2025 7:00:00 AM,RFC,WEST,ATSI,OE,8082.518,True
6/30/2025 12:00:00 PM,6/30/2025 8:00:00 AM,RFC,WEST,ATSI,OE,8500.290,True
6/30/2025 1:00:00 PM,6/30/2025 9:00:00 AM,RFC,WEST,ATSI,OE,8897.604,True
6/30/2025 2:00:00 PM,6/30/2025 10:00:00 AM,RFC,WEST,ATSI,OE,9146.579,True
6/30/2025 3:00:00 PM,6/30/2025 11:00:00 AM,RFC,WEST,ATSI,OE,9430.878,True
6/30/2025 4:00:00 PM,6/30/2025 12:00:00 PM,RFC,WEST,ATSI,OE,9866.211,True
6/30/2025 5:00:00 PM,6/30/2025 1:00:00 PM,RFC,WEST,ATSI,OE,10285.513,True
6/30/2025 6:00:00 PM,6/30/2025 2:00:00 PM,RFC,WEST,ATSI,OE,10420.476,True
6/30/2025 7:00:00 PM,6/30/2025 3:00:00 PM,RFC,WEST,ATSI,OE,10260.168,True
6/30/2025 8:00:00 PM,6/30/2025 4:00:00 PM,RFC,WEST,ATSI,OE,10031.121,True
6/30/2025 9:00:00 PM,6/30/2025 5:00:00 PM,RFC,WEST,ATSI,OE,9764.376,True
6/30/2025 10:00:00 PM,6/30/2025 6:00:00 PM,RFC,WEST,ATSI,OE,9604.166,True
6/30/2025 11:00:00 PM,6/30/2025 7:00:00 PM,RFC,WEST,ATSI,OE,9529.768,True
7/1/2025 12:00:00 AM,6/30/2025 8:00:00 PM,RFC,WEST,ATSI,OE,9251.142,True
7/1/2025 1:00:00 AM,6/30/2025 9:00:00 PM,RFC,WEST,ATSI,OE,9004.375,True
7/1/2025 2:00:00 AM,6/30/2025 10:00:00 PM,RFC,WEST,ATSI,OE,8593.709,True
7/1/2025 3:00:00 AM,6/30/2025 11:00:00 PM,RFC,WEST,ATSI,OE,8055.318,True
7/1/2025 4:00:00 AM,7/1/2025 12:00:00 AM,RFC,WEST,ATSI,OE,7532.380,True
7/1/2025 5:00:00 AM,7/1/2025 1:00:00 AM,RFC,WEST,ATSI,OE,7213.162,True
7/1/2025 6:00:00 AM,7/1/2025 2:00:00 AM,RFC,WEST,ATSI,OE,6919.610,True
7/1/2025 7:00:00 AM,7/1/2025 3:00:00 AM,RFC,WEST,ATSI,OE,6912.881,True
7/1/2025 8:00:00 AM,7/1/2025 4:00:00 AM,RFC,WEST,ATSI,OE,6907.687,True
7/1/2025 9:00:00 AM,7/1/2025 5:00:00 AM,RFC,WEST,ATSI,OE,7110.006,True
7/1/2025 10:00:00 AM,7/1/2025 6:00:00 AM,RFC,WEST,ATSI,OE,7329.442,True
7/1/2025 11:00:00 AM,7/1/2025 7:00:00 AM,RFC,WEST,ATSI,OE,7787.186,True
7/1/2025 12:00:00 PM,7/1/2025 8:00:00 AM,RFC,WEST,ATSI,OE,8154.047,True
7/1/2025 1:00:00 PM,7/1/2025 9:00:00 AM,RFC,WEST,ATSI,OE,8427.044,True
7/1/2025 2:00:00 PM,7/1/2025 10:00:00 AM,RFC,WEST,ATSI,OE,8681.653,True
7/1/2025 3:00:00 PM,7/1/2025 11:00:00 AM,RFC,WEST,ATSI,OE,8959.437,True
7/1/2025 4:00:00 PM,7/1/2025 12:00:00 PM,RFC,WEST,ATSI,OE,9218.708,True
7/1/2025 5:00:00 PM,7/1/2025 1:00:00 PM,RFC,WEST,ATSI,OE,9596.278,True
7/1/2025 6:00:00 PM,7/1/2025 2:00:00 PM,RFC,WEST,ATSI,OE,9871.971,True
7/1/2025 7:00:00 PM,7/1/2025 3:00:00 PM,RFC,WEST,ATSI,OE,10025.943,True
7/1/2025 8:00:00 PM,7/1/2025 4:00:00 PM,RFC,WEST,ATSI,OE,10156.001,True
7/1/2025 9:00:00 PM,7/1/2025 5:00:00 PM,RFC,WEST,ATSI,OE,10326.595,True
7/1/2025 10:00:00 PM,7/1/2025 6:00:00 PM,RFC,WEST,ATSI,OE,10199.341,True
7/1/2025 11:00:00 PM,7/1/2025 7:00:00 PM,RFC,WEST,ATSI,OE,9926.805,True
7/2/2025 12:00:00 AM,7/1/2025 8:00:00 PM,RFC,WEST,ATSI,OE,9450.109,True
7/2/2025 1:00:00 AM,7/1/2025 9:00:00 PM,RFC,WEST,ATSI,OE,9062.157,True
7/2/2025 2:00:00 AM,7/1/2025 10:00:00 PM,RFC,WEST,ATSI,OE,8525.904,True
7/2/2025 3:00:00 AM,7/1/2025 11:00:00 PM,RFC,WEST,ATSI,OE,7810.384,True
7/2/2025 4:00:00 AM,7/2/2025 12:00:00 AM,RFC,WEST,ATSI,OE,7234.925,True
7/2/2025 5:00:00 AM,7/2/2025 1:00:00 AM,RFC,WEST,ATSI,OE,6788.361,True
7/2/2025 6:00:00 AM,7/2/2025 2:00:00 AM,RFC,WEST,ATSI,OE,6433.040,True
7/2/2025 7:00:00 AM,7/2/2025 3:00:00 AM,RFC,WEST,ATSI,OE,6259.224,True
7/2/2025 8:00:00 AM,7/2/2025 4:00:00 AM,RFC,WEST,ATSI,OE,6262.217,True
7/2/2025 9:00:00 AM,7/2/2025 5:00:00 AM,RFC,WEST,ATSI,OE,6355.522,True
7/2/2025 10:00:00 AM,7/2/2025 6:00:00 AM,RFC,WEST,ATSI,OE,6602.017,True
7/2/2025 11:00:00 AM,7/2/2025 7:00:00 AM,RFC,WEST,ATSI,OE,7154.065,True
7/2/2025 12:00:00 PM,7/2/2025 8:00:00 AM,RFC,WEST,ATSI,OE,7736.665,True
7/2/2025 1:00:00 PM,7/2/2025 9:00:00 AM,RFC,WEST,ATSI,OE,8270.357,True
7/2/2025 2:00:00 PM,7/2/2025 10:00:00 AM,RFC,WEST,ATSI,OE,8748.987,True
7/2/2025 3:00:00 PM,7/2/2025 11:00:00 AM,RFC,WEST,ATSI,OE,9116.349,True
7/2/2025 4:00:00 PM,7/2/2025 12:00:00 PM,RFC,WEST,ATSI,OE,9441.673,True
7/2/2025 5:00:00 PM,7/2/2025 1:00:00 PM,RFC,WEST,ATSI,OE,9811.942,True
7/2/2025 6:00:00 PM,7/2/2025 2:00:00 PM,RFC,WEST,ATSI,OE,10097.226,True
7/2/2025 7:00:00 PM,7/2/2025 3:00:00 PM,RFC,WEST,ATSI,OE,10256.025,True
7/2/2025 8:00:00 PM,7/2/2025 4:00:00 PM,RFC,WEST,ATSI,OE,10573.438,True
7/2/2025 9:00:00 PM,7/2/2025 5:00:00 PM,RFC,WEST,ATSI,OE,10526.444,True
7/2/2025 10:00:00 PM,7/2/2025 6:00:00 PM,RFC,WEST,ATSI,OE,10408.639,True
7/2/2025 11:00:00 PM,7/2/2025 7:00:00 PM,RFC,WEST,ATSI,OE,10091.296,True
7/3/2025 12:00:00 AM,7/2/2025 8:00:00 PM,RFC,WEST,ATSI,OE,9575.526,True
7/3/2025 1:00:00 AM,7/2/2025 9:00:00 PM,RFC,WEST,ATSI,OE,9120.616,True
7/3/2025 2:00:00 AM,7/2/2025 10:00:00 PM,RFC,WEST,ATSI,OE,8550.321,True
7/3/2025 3:00:00 AM,7/2/2025 11:00:00 PM,RFC,WEST,ATSI,OE,7849.192,True
7/3/2025 4:00:00 AM,7/3/2025 12:00:00 AM,RFC,WEST,ATSI,OE,7279.615,True
7/3/2025 5:00:00 AM,7/3/2025 1:00:00 AM,RFC,WEST,ATSI,OE,6865.493,True
7/3/2025 6:00:00 AM,7/3/2025 2:00:00 AM,RFC,WEST,ATSI,OE,6601.453,True
7/3/2025 7:00:00 AM,7/3/2025 3:00:00 AM,RFC,WEST,ATSI,OE,6380.812,True
7/3/2025 8:00:00 AM,7/3/2025 4:00:00 AM,RFC,WEST,ATSI,OE,6336.456,True
7/3/2025 9:00:00 AM,7/3/2025 5:00:00 AM,RFC,WEST,ATSI,OE,6378.070,True
7/3/2025 10:00:00 AM,7/3/2025 6:00:00 AM,RFC,WEST,ATSI,OE,6599.882,True
7/3/2025 11:00:00 AM,7/3/2025 7:00:00 AM,RFC,WEST,ATSI,OE,7183.947,True
7/3/2025 12:00:00 PM,7/3/2025 8:00:00 AM,RFC,WEST,ATSI,OE,7736.794,True
7/3/2025 1:00:00 PM,7/3/2025 9:00:00 AM,RFC,WEST,ATSI,OE,8383.176,True
7/3/2025 2:00:00 PM,7/3/2025 10:00:00 AM,RFC,WEST,ATSI,OE,8852.887,True
7/3/2025 3:00:00 PM,7/3/2025 11:00:00 AM,RFC,WEST,ATSI,OE,9322.943,True
7/3/2025 4:00:00 PM,7/3/2025 12:00:00 PM,RFC,WEST,ATSI,OE,9609.170,True
7/3/2025 5:00:00 PM,7/3/2025 1:00:00 PM,RFC,WEST,ATSI,OE,9923.952,True
7/3/2025 6:00:00 PM,7/3/2025 2:00:00 PM,RFC,WEST,ATSI,OE,10094.865,True
7/3/2025 7:00:00 PM,7/3/2025 3:00:00 PM,RFC,WEST,ATSI,OE,10214.473,True
7/3/2025 8:00:00 PM,7/3/2025 4:00:00 PM,RFC,WEST,ATSI,OE,10334.767,True
7/3/2025 9:00:00 PM,7/3/2025 5:00:00 PM,RFC,WEST,ATSI,OE,10316.818,True
7/3/2025 10:00:00 PM,7/3/2025 6:00:00 PM,RFC,WEST,ATSI,OE,10108.765,True
7/3/2025 11:00:00 PM,7/3/2025 7:00:00 PM,RFC,WEST,ATSI,OE,9664.855,True
7/4/2025 12:00:00 AM,7/3/2025 8:00:00 PM,RFC,WEST,ATSI,OE,9099.191,True
7/4/2025 1:00:00 AM,7/3/2025 9:00:00 PM,RFC,WEST,ATSI,OE,8581.124,True
7/4/2025 2:00:00 AM,7/3/2025 10:00:00 PM,RFC,WEST,ATSI,OE,8135.042,True
7/4/2025 3:00:00 AM,7/3/2025 11:00:00 PM,RFC,WEST,ATSI,OE,7552.329,True
7/4/2025 4:00:00 AM,7/4/2025 12:00:00 AM,RFC,WEST,ATSI,OE,6959.701,True
7/4/2025 5:00:00 AM,7/4/2025 1:00:00 AM,RFC,WEST,ATSI,OE,6489.714,True
7/4/2025 6:00:00 AM,7/4/2025 2:00:00 AM,RFC,WEST,ATSI,OE,6145.370,True
7/4/2025 7:00:00 AM,7/4/2025 3:00:00 AM,RFC,WEST,ATSI,OE,5879.980,True
7/4/2025 8:00:00 AM,7/4/2025 4:00:00 AM,RFC,WEST,ATSI,OE,5861.328,True
7/4/2025 9:00:00 AM,7/4/2025 5:00:00 AM,RFC,WEST,ATSI,OE,5715.521,True
7/4/2025 10:00:00 AM,7/4/2025 6:00:00 AM,RFC,WEST,ATSI,OE,5662.293,True
7/4/2025 11:00:00 AM,7/4/2025 7:00:00 AM,RFC,WEST,ATSI,OE,5938.159,True
7/4/2025 12:00:00 PM,7/4/2025 8:00:00 AM,RFC,WEST,ATSI,OE,6382.226,True
7/4/2025 1:00:00 PM,7/4/2025 9:00:00 AM,RFC,WEST,ATSI,OE,6982.797,True
7/4/2025 2:00:00 PM,7/4/2025 10:00:00 AM,RFC,WEST,ATSI,OE,7588.689,True
7/4/2025 3:00:00 PM,7/4/2025 11:00:00 AM,RFC,WEST,ATSI,OE,8169.398,True
7/4/2025 4:00:00 PM,7/4/2025 12:00:00 PM,RFC,WEST,ATSI,OE,8708.121,True
7/4/2025 5:00:00 PM,7/4/2025 1:00:00 PM,RFC,WEST,ATSI,OE,9230.074,True
7/4/2025 6:00:00 PM,7/4/2025 2:00:00 PM,RFC,WEST,ATSI,OE,9618.746,True
7/4/2025 7:00:00 PM,7/4/2025 3:00:00 PM,RFC,WEST,ATSI,OE,9748.220,True
7/4/2025 8:00:00 PM,7/4/2025 4:00:00 PM,RFC,WEST,ATSI,OE,9999.983,True
7/4/2025 9:00:00 PM,7/4/2025 5:00:00 PM,RFC,WEST,ATSI,OE,10028.591,True
7/4/2025 10:00:00 PM,7/4/2025 6:00:00 PM,RFC,WEST,ATSI,OE,9873.039,True
7/4/2025 11:00:00 PM,7/4/2025 7:00:00 PM,RFC,WEST,ATSI,OE,9608.509,True
7/5/2025 12:00:00 AM,7/4/2025 8:00:00 PM,RFC,WEST,ATSI,OE,9191.010,True
7/5/2025 1:00:00 AM,7/4/2025 9:00:00 PM,RFC,WEST,ATSI,OE,8797.908,True
7/5/2025 2:00:00 AM,7/4/2025 10:00:00 PM,RFC,WEST,ATSI,OE,8291.692,True
7/5/2025 3:00:00 AM,7/4/2025 11:00:00 PM,RFC,WEST,ATSI,OE,7874.835,True
7/5/2025 4:00:00 AM,7/5/2025 12:00:00 AM,RFC,WEST,ATSI,OE,7399.552,True
7/5/2025 5:00:00 AM,7/5/2025 1:00:00 AM,RFC,WEST,ATSI,OE,6959.991,True
7/5/2025 6:00:00 AM,7/5/2025 2:00:00 AM,RFC,WEST,ATSI,OE,6626.833,True
7/5/2025 7:00:00 AM,7/5/2025 3:00:00 AM,RFC,WEST,ATSI,OE,6376.504,True
7/5/2025 8:00:00 AM,7/5/2025 4:00:00 AM,RFC,WEST,ATSI,OE,6266.603,True
7/5/2025 9:00:00 AM,7/5/2025 5:00:00 AM,RFC,WEST,ATSI,OE,6215.689,True
7/5/2025 10:00:00 AM,7/5/2025 6:00:00 AM,RFC,WEST,ATSI,OE,6154.688,True
7/5/2025 11:00:00 AM,7/5/2025 7:00:00 AM,RFC,WEST,ATSI,OE,6437.598,True
7/5/2025 12:00:00 PM,7/5/2025 8:00:00 AM,RFC,WEST,ATSI,OE,7083.241,True
7/5/2025 1:00:00 PM,7/5/2025 9:00:00 AM,RFC,WEST,ATSI,OE,7976.273,True
7/5/2025 2:00:00 PM,7/5/2025 10:00:00 AM,RFC,WEST,ATSI,OE,8743.416,True
7/5/2025 3:00:00 PM,7/5/2025 11:00:00 AM,RFC,WEST,ATSI,OE,9426.995,True
7/5/2025 4:00:00 PM,7/5/2025 12:00:00 PM,RFC,WEST,ATSI,OE,9886.834,True
7/5/2025 5:00:00 PM,7/5/2025 1:00:00 PM,RFC,WEST,ATSI,OE,10172.636,True
7/5/2025 6:00:00 PM,7/5/2025 2:00:00 PM,RFC,WEST,ATSI,OE,10463.959,True
7/5/2025 7:00:00 PM,7/5/2025 3:00:00 PM,RFC,WEST,ATSI,OE,10582.954,True
7/5/2025 8:00:00 PM,7/5/2025 4:00:00 PM,RFC,WEST,ATSI,OE,10660.238,True
7/5/2025 9:00:00 PM,7/5/2025 5:00:00 PM,RFC,WEST,ATSI,OE,10648.579,True
7/5/2025 10:00:00 PM,7/5/2025 6:00:00 PM,RFC,WEST,ATSI,OE,10558.630,True
7/5/2025 11:00:00 PM,7/5/2025 7:00:00 PM,RFC,WEST,ATSI,OE,10274.447,True
7/6/2025 12:00:00 AM,7/5/2025 8:00:00 PM,RFC,WEST,ATSI,OE,9896.336,True
7/6/2025 1:00:00 AM,7/5/2025 9:00:00 PM,RFC,WEST,ATSI,OE,9450.786,True
7/6/2025 2:00:00 AM,7/5/2025 10:00:00 PM,RFC,WEST,ATSI,OE,8923.600,True
7/6/2025 3:00:00 AM,7/5/2025 11:00:00 PM,RFC,WEST,ATSI,OE,8327.883,True
7/6/2025 4:00:00 AM,7/6/2025 12:00:00 AM,RFC,WEST,ATSI,OE,7767.893,True
7/6/2025 5:00:00 AM,7/6/2025 1:00:00 AM,RFC,WEST,ATSI,OE,7242.950,True
7/6/2025 6:00:00 AM,7/6/2025 2:00:00 AM,RFC,WEST,ATSI,OE,6860.271,True
7/6/2025 7:00:00 AM,7/6/2025 3:00:00 AM,RFC,WEST,ATSI,OE,6564.492,True
7/6/2025 8:00:00 AM,7/6/2025 4:00:00 AM,RFC,WEST,ATSI,OE,6441.515,True
7/6/2025 9:00:00 AM,7/6/2025 5:00:00 AM,RFC,WEST,ATSI,OE,6291.315,True
7/6/2025 10:00:00 AM,7/6/2025 6:00:00 AM,RFC,WEST,ATSI,OE,6205.672,True
7/6/2025 11:00:00 AM,7/6/2025 7:00:00 AM,RFC,WEST,ATSI,OE,6552.490,True
7/6/2025 12:00:00 PM,7/6/2025 8:00:00 AM,RFC,WEST,ATSI,OE,7205.799,True
7/6/2025 1:00:00 PM,7/6/2025 9:00:00 AM,RFC,WEST,ATSI,OE,8088.019,True
7/6/2025 2:00:00 PM,7/6/2025 10:00:00 AM,RFC,WEST,ATSI,OE,8872.120,True
7/6/2025 3:00:00 PM,7/6/2025 11:00:00 AM,RFC,WEST,ATSI,OE,9550.763,True
7/6/2025 4:00:00 PM,7/6/2025 12:00:00 PM,RFC,WEST,ATSI,OE,10031.161,True
7/6/2025 5:00:00 PM,7/6/2025 1:00:00 PM,RFC,WEST,ATSI,OE,10339.213,True
7/6/2025 6:00:00 PM,7/6/2025 2:00:00 PM,RFC,WEST,ATSI,OE,10600.355,True
7/6/2025 7:00:00 PM,7/6/2025 3:00:00 PM,RFC,WEST,ATSI,OE,10944.589,True
7/6/2025 8:00:00 PM,7/6/2025 4:00:00 PM,RFC,WEST,ATSI,OE,11011.358,True
7/6/2025 9:00:00 PM,7/6/2025 5:00:00 PM,RFC,WEST,ATSI,OE,11065.582,True
7/6/2025 10:00:00 PM,7/6/2025 6:00:00 PM,RFC,WEST,ATSI,OE,11135.453,True
7/6/2025 11:00:00 PM,7/6/2025 7:00:00 PM,RFC,WEST,ATSI,OE,10925.188,True
7/7/2025 12:00:00 AM,7/6/2025 8:00:00 PM,RFC,WEST,ATSI,OE,10423.245,True
7/7/2025 1:00:00 AM,7/6/2025 9:00:00 PM,RFC,WEST,ATSI,OE,10111.392,True
7/7/2025 2:00:00 AM,7/6/2025 10:00:00 PM,RFC,WEST,ATSI,OE,9603.965,True
7/7/2025 3:00:00 AM,7/6/2025 11:00:00 PM,RFC,WEST,ATSI,OE,9021.810,True
7/7/2025 4:00:00 AM,7/7/2025 12:00:00 AM,RFC,WEST,ATSI,OE,8459.911,True
7/7/2025 5:00:00 AM,7/7/2025 1:00:00 AM,RFC,WEST,ATSI,OE,8048.395,True
7/7/2025 6:00:00 AM,7/7/2025 2:00:00 AM,RFC,WEST,ATSI,OE,7669.604,True
7/7/2025 7:00:00 AM,7/7/2025 3:00:00 AM,RFC,WEST,ATSI,OE,7448.909,True
7/7/2025 8:00:00 AM,7/7/2025 4:00:00 AM,RFC,WEST,ATSI,OE,7395.175,True
7/7/2025 9:00:00 AM,7/7/2025 5:00:00 AM,RFC,WEST,ATSI,OE,7474.304,True
7/7/2025 10:00:00 AM,7/7/2025 6:00:00 AM,RFC,WEST,ATSI,OE,7789.936,True
7/7/2025 11:00:00 AM,7/7/2025 7:00:00 AM,RFC,WEST,ATSI,OE,8358.546,True
7/7/2025 12:00:00 PM,7/7/2025 8:00:00 AM,RFC,WEST,ATSI,OE,9048.046,True
7/7/2025 1:00:00 PM,7/7/2025 9:00:00 AM,RFC,WEST,ATSI,OE,9717.045,True
7/7/2025 2:00:00 PM,7/7/2025 10:00:00 AM,RFC,WEST,ATSI,OE,10260.838,True
7/7/2025 3:00:00 PM,7/7/2025 11:00:00 AM,RFC,WEST,ATSI,OE,10634.787,True
7/7/2025 4:00:00 PM,7/7/2025 12:00:00 PM,RFC,WEST,ATSI,OE,10818.653,True
7/7/2025 5:00:00 PM,7/7/2025 1:00:00 PM,RFC,WEST,ATSI,OE,10977.222,True
7/7/2025 6:00:00 PM,7/7/2025 2:00:00 PM,RFC,WEST,ATSI,OE,10860.997,True
7/7/2025 7:00:00 PM,7/7/2025 3:00:00 PM,RFC,WEST,ATSI,OE,10594.890,True
7/7/2025 8:00:00 PM,7/7/2025 4:00:00 PM,RFC,WEST,ATSI,OE,10238.620,True
7/7/2025 9:00:00 PM,7/7/2025 5:00:00 PM,RFC,WEST,ATSI,OE,9877.833,True
7/7/2025 10:00:00 PM,7/7/2025 6:00:00 PM,RFC,WEST,ATSI,OE,9470.197,True
7/7/2025 11:00:00 PM,7/7/2025 7:00:00 PM,RFC,WEST,ATSI,OE,9124.985,True
7/8/2025 12:00:00 AM,7/7/2025 8:00:00 PM,RFC,WEST,ATSI,OE,8921.677,True
7/8/2025 1:00:00 AM,7/7/2025 9:00:00 PM,RFC,WEST,ATSI,OE,8707.758,True
7/8/2025 2:00:00 AM,7/7/2025 10:00:00 PM,RFC,WEST,ATSI,OE,8222.925,True
7/8/2025 3:00:00 AM,7/7/2025 11:00:00 PM,RFC,WEST,ATSI,OE,7655.096,True
7/8/2025 4:00:00 AM,7/8/2025 12:00:00 AM,RFC,WEST,ATSI,OE,7197.834,True
7/8/2025 5:00:00 AM,7/8/2025 1:00:00 AM,RFC,WEST,ATSI,OE,6836.848,True
7/8/2025 6:00:00 AM,7/8/2025 2:00:00 AM,RFC,WEST,ATSI,OE,6597.291,True
7/8/2025 7:00:00 AM,7/8/2025 3:00:00 AM,RFC,WEST,ATSI,OE,6448.458,True
7/8/2025 8:00:00 AM,7/8/2025 4:00:00 AM,RFC,WEST,ATSI,OE,6412.842,True
7/8/2025 9:00:00 AM,7/8/2025 5:00:00 AM,RFC,WEST,ATSI,OE,6563.393,True
7/8/2025 10:00:00 AM,7/8/2025 6:00:00 AM,RFC,WEST,ATSI,OE,6887.998,True
7/8/2025 11:00:00 AM,7/8/2025 7:00:00 AM,RFC,WEST,ATSI,OE,7312.920,True
7/8/2025 12:00:00 PM,7/8/2025 8:00:00 AM,RFC,WEST,ATSI,OE,7682.647,True
7/8/2025 1:00:00 PM,7/8/2025 9:00:00 AM,RFC,WEST,ATSI,OE,8059.237,True
7/8/2025 2:00:00 PM,7/8/2025 10:00:00 AM,RFC,WEST,ATSI,OE,8457.478,True
7/8/2025 3:00:00 PM,7/8/2025 11:00:00 AM,RFC,WEST,ATSI,OE,8866.990,True
7/8/2025 4:00:00 PM,7/8/2025 12:00:00 PM,RFC,WEST,ATSI,OE,9232.922,True
7/8/2025 5:00:00 PM,7/8/2025 1:00:00 PM,RFC,WEST,ATSI,OE,9659.602,True
7/8/2025 6:00:00 PM,7/8/2025 2:00:00 PM,RFC,WEST,ATSI,OE,9869.311,True
7/8/2025 7:00:00 PM,7/8/2025 3:00:00 PM,RFC,WEST,ATSI,OE,9869.575,True
7/8/2025 8:00:00 PM,7/8/2025 4:00:00 PM,RFC,WEST,ATSI,OE,9931.452,True
7/8/2025 9:00:00 PM,7/8/2025 5:00:00 PM,RFC,WEST,ATSI,OE,10135.759,True
7/8/2025 10:00:00 PM,7/8/2025 6:00:00 PM,RFC,WEST,ATSI,OE,10134.830,True
7/8/2025 11:00:00 PM,7/8/2025 7:00:00 PM,RFC,WEST,ATSI,OE,9860.367,True
7/9/2025 12:00:00 AM,7/8/2025 8:00:00 PM,RFC,WEST,ATSI,OE,9346.070,True
7/9/2025 1:00:00 AM,7/8/2025 9:00:00 PM,RFC,WEST,ATSI,OE,9003.171,True
7/9/2025 2:00:00 AM,7/8/2025 10:00:00 PM,RFC,WEST,ATSI,OE,8396.103,True
7/9/2025 3:00:00 AM,7/8/2025 11:00:00 PM,RFC,WEST,ATSI,OE,7768.441,True
7/9/2025 4:00:00 AM,7/9/2025 12:00:00 AM,RFC,WEST,ATSI,OE,7236.376,True
7/9/2025 5:00:00 AM,7/9/2025 1:00:00 AM,RFC,WEST,ATSI,OE,6837.132,True
7/9/2025 6:00:00 AM,7/9/2025 2:00:00 AM,RFC,WEST,ATSI,OE,6558.076,True
7/9/2025 7:00:00 AM,7/9/2025 3:00:00 AM,RFC,WEST,ATSI,OE,6431.656,True
7/9/2025 8:00:00 AM,7/9/2025 4:00:00 AM,RFC,WEST,ATSI,OE,6439.641,True
7/9/2025 9:00:00 AM,7/9/2025 5:00:00 AM,RFC,WEST,ATSI,OE,6633.650,True
7/9/2025 10:00:00 AM,7/9/2025 6:00:00 AM,RFC,WEST,ATSI,OE,6911.225,True
7/9/2025 11:00:00 AM,7/9/2025 7:00:00 AM,RFC,WEST,ATSI,OE,7332.484,True
7/9/2025 12:00:00 PM,7/9/2025 8:00:00 AM,RFC,WEST,ATSI,OE,7658.268,True
7/9/2025 1:00:00 PM,7/9/2025 9:00:00 AM,RFC,WEST,ATSI,OE,7967.737,True
7/9/2025 2:00:00 PM,7/9/2025 10:00:00 AM,RFC,WEST,ATSI,OE,8448.076,True
7/9/2025 3:00:00 PM,7/9/2025 11:00:00 AM,RFC,WEST,ATSI,OE,8769.086,True
7/9/2025 4:00:00 PM,7/9/2025 12:00:00 PM,RFC,WEST,ATSI,OE,9203.284,True
7/9/2025 5:00:00 PM,7/9/2025 1:00:00 PM,RFC,WEST,ATSI,OE,9567.904,True
7/9/2025 6:00:00 PM,7/9/2025 2:00:00 PM,RFC,WEST,ATSI,OE,9803.914,True
7/9/2025 7:00:00 PM,7/9/2025 3:00:00 PM,RFC,WEST,ATSI,OE,9927.379,True
7/9/2025 8:00:00 PM,7/9/2025 4:00:00 PM,RFC,WEST,ATSI,OE,9931.636,True
7/9/2025 9:00:00 PM,7/9/2025 5:00:00 PM,RFC,WEST,ATSI,OE,9926.192,True
7/9/2025 10:00:00 PM,7/9/2025 6:00:00 PM,RFC,WEST,ATSI,OE,9846.274,True
7/9/2025 11:00:00 PM,7/9/2025 7:00:00 PM,RFC,WEST,ATSI,OE,9629.497,True
7/10/2025 12:00:00 AM,7/9/2025 8:00:00 PM,RFC,WEST,ATSI,OE,9124.550,True
7/10/2025 1:00:00 AM,7/9/2025 9:00:00 PM,RFC,WEST,ATSI,OE,8911.249,True
7/10/2025 2:00:00 AM,7/9/2025 10:00:00 PM,RFC,WEST,ATSI,OE,8443.030,True
7/10/2025 3:00:00 AM,7/9/2025 11:00:00 PM,RFC,WEST,ATSI,OE,7901.719,True
7/10/2025 4:00:00 AM,7/10/2025 12:00:00 AM,RFC,WEST,ATSI,OE,7441.238,True
7/10/2025 5:00:00 AM,7/10/2025 1:00:00 AM,RFC,WEST,ATSI,OE,7078.718,True
7/10/2025 6:00:00 AM,7/10/2025 2:00:00 AM,RFC,WEST,ATSI,OE,6788.349,True
7/10/2025 7:00:00 AM,7/10/2025 3:00:00 AM,RFC,WEST,ATSI,OE,6655.093,True
7/10/2025 8:00:00 AM,7/10/2025 4:00:00 AM,RFC,WEST,ATSI,OE,6659.728,True
7/10/2025 9:00:00 AM,7/10/2025 5:00:00 AM,RFC,WEST,ATSI,OE,6899.255,True
7/10/2025 10:00:00 AM,7/10/2025 6:00:00 AM,RFC,WEST,ATSI,OE,7235.504,True
7/10/2025 11:00:00 AM,7/10/2025 7:00:00 AM,RFC,WEST,ATSI,OE,7726.279,True
7/10/2025 12:00:00 PM,7/10/2025 8:00:00 AM,RFC,WEST,ATSI,OE,8280.738,True
7/10/2025 1:00:00 PM,7/10/2025 9:00:00 AM,RFC,WEST,ATSI,OE,8911.779,True
7/10/2025 2:00:00 PM,7/10/2025 10:00:00 AM,RFC,WEST,ATSI,OE,9521.887,True
7/10/2025 3:00:00 PM,7/10/2025 11:00:00 AM,RFC,WEST,ATSI,OE,9928.829,True
7/10/2025 4:00:00 PM,7/10/2025 12:00:00 PM,RFC,WEST,ATSI,OE,10510.958,True
7/10/2025 5:00:00 PM,7/10/2025 1:00:00 PM,RFC,WEST,ATSI,OE,10829.497,True
7/10/2025 6:00:00 PM,7/10/2025 2:00:00 PM,RFC,WEST,ATSI,OE,10931.150,True
7/10/2025 7:00:00 PM,7/10/2025 3:00:00 PM,RFC,WEST,ATSI,OE,10867.729,True
7/10/2025 8:00:00 PM,7/10/2025 4:00:00 PM,RFC,WEST,ATSI,OE,10688.532,True
7/10/2025 9:00:00 PM,7/10/2025 5:00:00 PM,RFC,WEST,ATSI,OE,10569.849,True
7/10/2025 10:00:00 PM,7/10/2025 6:00:00 PM,RFC,WEST,ATSI,OE,10549.711,True
7/10/2025 11:00:00 PM,7/10/2025 7:00:00 PM,RFC,WEST,ATSI,OE,10266.567,True
7/11/2025 12:00:00 AM,7/10/2025 8:00:00 PM,RFC,WEST,ATSI,OE,9792.166,True
7/11/2025 1:00:00 AM,7/10/2025 9:00:00 PM,RFC,WEST,ATSI,OE,9471.107,True
7/11/2025 2:00:00 AM,7/10/2025 10:00:00 PM,RFC,WEST,ATSI,OE,8865.450,True
7/11/2025 3:00:00 AM,7/10/2025 11:00:00 PM,RFC,WEST,ATSI,OE,8272.008,True
7/11/2025 4:00:00 AM,7/11/2025 12:00:00 AM,RFC,WEST,ATSI,OE,7750.993,True
7/11/2025 5:00:00 AM,7/11/2025 1:00:00 AM,RFC,WEST,ATSI,OE,7295.707,True
7/11/2025 6:00:00 AM,7/11/2025 2:00:00 AM,RFC,WEST,ATSI,OE,7013.205,True
7/11/2025 7:00:00 AM,7/11/2025 3:00:00 AM,RFC,WEST,ATSI,OE,6776.787,True
7/11/2025 8:00:00 AM,7/11/2025 4:00:00 AM,RFC,WEST,ATSI,OE,6768.692,True
7/11/2025 9:00:00 AM,7/11/2025 5:00:00 AM,RFC,WEST,ATSI,OE,6954.501,True
7/11/2025 10:00:00 AM,7/11/2025 6:00:00 AM,RFC,WEST,ATSI,OE,7241.862,True
7/11/2025 11:00:00 AM,7/11/2025 7:00:00 AM,RFC,WEST,ATSI,OE,7751.450,True
7/11/2025 12:00:00 PM,7/11/2025 8:00:00 AM,RFC,WEST,ATSI,OE,8486.150,True
7/11/2025 1:00:00 PM,7/11/2025 9:00:00 AM,RFC,WEST,ATSI,OE,9170.125,True
7/11/2025 2:00:00 PM,7/11/2025 10:00:00 AM,RFC,WEST,ATSI,OE,9922.376,True
7/11/2025 3:00:00 PM,7/11/2025 11:00:00 AM,RFC,WEST,ATSI,OE,10295.657,True
7/11/2025 4:00:00 PM,7/11/2025 12:00:00 PM,RFC,WEST,ATSI,OE,10734.485,True
7/11/2025 5:00:00 PM,7/11/2025 1:00:00 PM,RFC,WEST,ATSI,OE,11047.427,True
7/11/2025 6:00:00 PM,7/11/2025 2:00:00 PM,RFC,WEST,ATSI,OE,11162.480,True
7/11/2025 7:00:00 PM,7/11/2025 3:00:00 PM,RFC,WEST,ATSI,OE,11219.033,True
7/11/2025 8:00:00 PM,7/11/2025 4:00:00 PM,RFC,WEST,ATSI,OE,11029.174,True
7/11/2025 9:00:00 PM,7/11/2025 5:00:00 PM,RFC,WEST,ATSI,OE,10854.453,True
7/11/2025 10:00:00 PM,7/11/2025 6:00:00 PM,RFC,WEST,ATSI,OE,10939.479,True
7/11/2025 11:00:00 PM,7/11/2025 7:00:00 PM,RFC,WEST,ATSI,OE,10720.318,True
7/12/2025 12:00:00 AM,7/11/2025 8:00:00 PM,RFC,WEST,ATSI,OE,10192.406,True
7/12/2025 1:00:00 AM,7/11/2025 9:00:00 PM,RFC,WEST,ATSI,OE,9790.918,True
7/12/2025 2:00:00 AM,7/11/2025 10:00:00 PM,RFC,WEST,ATSI,OE,9229.819,True
7/12/2025 3:00:00 AM,7/11/2025 11:00:00 PM,RFC,WEST,ATSI,OE,8599.206,True
7/12/2025 4:00:00 AM,7/12/2025 12:00:00 AM,RFC,WEST,ATSI,OE,8075.683,True
7/12/2025 5:00:00 AM,7/12/2025 1:00:00 AM,RFC,WEST,ATSI,OE,7584.406,True
7/12/2025 6:00:00 AM,7/12/2025 2:00:00 AM,RFC,WEST,ATSI,OE,7270.224,True
7/12/2025 7:00:00 AM,7/12/2025 3:00:00 AM,RFC,WEST,ATSI,OE,7103.883,True
7/12/2025 8:00:00 AM,7/12/2025 4:00:00 AM,RFC,WEST,ATSI,OE,6909.536,True
7/12/2025 9:00:00 AM,7/12/2025 5:00:00 AM,RFC,WEST,ATSI,OE,6892.672,True
7/12/2025 10:00:00 AM,7/12/2025 6:00:00 AM,RFC,WEST,ATSI,OE,6953.442,True
7/12/2025 11:00:00 AM,7/12/2025 7:00:00 AM,RFC,WEST,ATSI,OE,7328.373,True
7/12/2025 12:00:00 PM,7/12/2025 8:00:00 AM,RFC,WEST,ATSI,OE,7948.911,True
7/12/2025 1:00:00 PM,7/12/2025 9:00:00 AM,RFC,WEST,ATSI,OE,8834.704,True
7/12/2025 2:00:00 PM,7/12/2025 10:00:00 AM,RFC,WEST,ATSI,OE,9600.715,True
7/12/2025 3:00:00 PM,7/12/2025 11:00:00 AM,RFC,WEST,ATSI,OE,10298.804,True
7/12/2025 4:00:00 PM,7/12/2025 12:00:00 PM,RFC,WEST,ATSI,OE,10825.026,True
7/12/2025 5:00:00 PM,7/12/2025 1:00:00 PM,RFC,WEST,ATSI,OE,10952.702,True
7/12/2025 6:00:00 PM,7/12/2025 2:00:00 PM,RFC,WEST,ATSI,OE,10972.263,True
7/12/2025 7:00:00 PM,7/12/2025 3:00:00 PM,RFC,WEST,ATSI,OE,11003.124,True
7/12/2025 8:00:00 PM,7/12/2025 4:00:00 PM,RFC,WEST,ATSI,OE,10720.885,True
7/12/2025 9:00:00 PM,7/12/2025 5:00:00 PM,RFC,WEST,ATSI,OE,10447.012,True
7/12/2025 10:00:00 PM,7/12/2025 6:00:00 PM,RFC,WEST,ATSI,OE,10080.340,True
7/12/2025 11:00:00 PM,7/12/2025 7:00:00 PM,RFC,WEST,ATSI,OE,9653.240,True
7/13/2025 12:00:00 AM,7/12/2025 8:00:00 PM,RFC,WEST,ATSI,OE,9333.155,True
7/13/2025 1:00:00 AM,7/12/2025 9:00:00 PM,RFC,WEST,ATSI,OE,8989.606,True
7/13/2025 2:00:00 AM,7/12/2025 10:00:00 PM,RFC,WEST,ATSI,OE,8590.293,True
7/13/2025 3:00:00 AM,7/12/2025 11:00:00 PM,RFC,WEST,ATSI,OE,8034.006,True
7/13/2025 4:00:00 AM,7/13/2025 12:00:00 AM,RFC,WEST,ATSI,OE,7520.074,True
7/13/2025 5:00:00 AM,7/13/2025 1:00:00 AM,RFC,WEST,ATSI,OE,7066.397,True
7/13/2025 6:00:00 AM,7/13/2025 2:00:00 AM,RFC,WEST,ATSI,OE,6763.489,True
7/13/2025 7:00:00 AM,7/13/2025 3:00:00 AM,RFC,WEST,ATSI,OE,6607.928,True
7/13/2025 8:00:00 AM,7/13/2025 4:00:00 AM,RFC,WEST,ATSI,OE,6491.571,True
7/13/2025 9:00:00 AM,7/13/2025 5:00:00 AM,RFC,WEST,ATSI,OE,6473.437,True
7/13/2025 10:00:00 AM,7/13/2025 6:00:00 AM,RFC,WEST,ATSI,OE,6449.799,True
7/13/2025 11:00:00 AM,7/13/2025 7:00:00 AM,RFC,WEST,ATSI,OE,6715.620,True
7/13/2025 12:00:00 PM,7/13/2025 8:00:00 AM,RFC,WEST,ATSI,OE,7214.539,True
7/13/2025 1:00:00 PM,7/13/2025 9:00:00 AM,RFC,WEST,ATSI,OE,7760.229,True
7/13/2025 2:00:00 PM,7/13/2025 10:00:00 AM,RFC,WEST,ATSI,OE,8348.964,True
7/13/2025 3:00:00 PM,7/13/2025 11:00:00 AM,RFC,WEST,ATSI,OE,8902.738,True
7/13/2025 4:00:00 PM,7/13/2025 12:00:00 PM,RFC,WEST,ATSI,OE,9383.375,True
7/13/2025 5:00:00 PM,7/13/2025 1:00:00 PM,RFC,WEST,ATSI,OE,9805.513,True
7/13/2025 6:00:00 PM,7/13/2025 2:00:00 PM,RFC,WEST,ATSI,OE,10164.794,True
7/13/2025 7:00:00 PM,7/13/2025 3:00:00 PM,RFC,WEST,ATSI,OE,10480.457,True
7/13/2025 8:00:00 PM,7/13/2025 4:00:00 PM,RFC,WEST,ATSI,OE,10728.992,True
7/13/2025 9:00:00 PM,7/13/2025 5:00:00 PM,RFC,WEST,ATSI,OE,10825.987,True
7/13/2025 10:00:00 PM,7/13/2025 6:00:00 PM,RFC,WEST,ATSI,OE,10721.322,True
7/13/2025 11:00:00 PM,7/13/2025 7:00:00 PM,RFC,WEST,ATSI,OE,10531.448,True
7/14/2025 12:00:00 AM,7/13/2025 8:00:00 PM,RFC,WEST,ATSI,OE,10059.031,True
7/14/2025 1:00:00 AM,7/13/2025 9:00:00 PM,RFC,WEST,ATSI,OE,9708.881,True
7/14/2025 2:00:00 AM,7/13/2025 10:00:00 PM,RFC,WEST,ATSI,OE,9162.967,True
7/14/2025 3:00:00 AM,7/13/2025 11:00:00 PM,RFC,WEST,ATSI,OE,8533.630,True
7/14/2025 4:00:00 AM,7/14/2025 12:00:00 AM,RFC,WEST,ATSI,OE,7949.714,True
7/14/2025 5:00:00 AM,7/14/2025 1:00:00 AM,RFC,WEST,ATSI,OE,7568.341,True
7/14/2025 6:00:00 AM,7/14/2025 2:00:00 AM,RFC,WEST,ATSI,OE,7301.473,True
7/14/2025 7:00:00 AM,7/14/2025 3:00:00 AM,RFC,WEST,ATSI,OE,7136.564,True
7/14/2025 8:00:00 AM,7/14/2025 4:00:00 AM,RFC,WEST,ATSI,OE,7121.391,True
7/14/2025 9:00:00 AM,7/14/2025 5:00:00 AM,RFC,WEST,ATSI,OE,7374.447,True
7/14/2025 10:00:00 AM,7/14/2025 6:00:00 AM,RFC,WEST,ATSI,OE,7678.021,True
7/14/2025 11:00:00 AM,7/14/2025 7:00:00 AM,RFC,WEST,ATSI,OE,8024.391,True
7/14/2025 12:00:00 PM,7/14/2025 8:00:00 AM,RFC,WEST,ATSI,OE,8354.503,True
7/14/2025 1:00:00 PM,7/14/2025 9:00:00 AM,RFC,WEST,ATSI,OE,8622.540,True
7/14/2025 2:00:00 PM,7/14/2025 10:00:00 AM,RFC,WEST,ATSI,OE,8995.388,True
7/14/2025 3:00:00 PM,7/14/2025 11:00:00 AM,RFC,WEST,ATSI,OE,9397.669,True
7/14/2025 4:00:00 PM,7/14/2025 12:00:00 PM,RFC,WEST,ATSI,OE,9802.404,True
7/14/2025 5:00:00 PM,7/14/2025 1:00:00 PM,RFC,WEST,ATSI,OE,10200.381,True
7/14/2025 6:00:00 PM,7/14/2025 2:00:00 PM,RFC,WEST,ATSI,OE,10511.203,True
7/14/2025 7:00:00 PM,7/14/2025 3:00:00 PM,RFC,WEST,ATSI,OE,10748.044,True
7/14/2025 8:00:00 PM,7/14/2025 4:00:00 PM,RFC,WEST,ATSI,OE,10915.730,True
7/14/2025 9:00:00 PM,7/14/2025 5:00:00 PM,RFC,WEST,ATSI,OE,10915.915,True
7/14/2025 10:00:00 PM,7/14/2025 6:00:00 PM,RFC,WEST,ATSI,OE,10845.209,True
7/14/2025 11:00:00 PM,7/14/2025 7:00:00 PM,RFC,WEST,ATSI,OE,10481.353,True
7/15/2025 12:00:00 AM,7/14/2025 8:00:00 PM,RFC,WEST,ATSI,OE,9886.924,True
7/15/2025 1:00:00 AM,7/14/2025 9:00:00 PM,RFC,WEST,ATSI,OE,9332.061,True
7/15/2025 2:00:00 AM,7/14/2025 10:00:00 PM,RFC,WEST,ATSI,OE,8701.738,True
7/15/2025 3:00:00 AM,7/14/2025 11:00:00 PM,RFC,WEST,ATSI,OE,7983.100,True
7/15/2025 4:00:00 AM,7/15/2025 12:00:00 AM,RFC,WEST,ATSI,OE,7408.727,True
7/15/2025 5:00:00 AM,7/15/2025 1:00:00 AM,RFC,WEST,ATSI,OE,6897.452,True
7/15/2025 6:00:00 AM,7/15/2025 2:00:00 AM,RFC,WEST,ATSI,OE,6645.673,True
7/15/2025 7:00:00 AM,7/15/2025 3:00:00 AM,RFC,WEST,ATSI,OE,6468.538,True
7/15/2025 8:00:00 AM,7/15/2025 4:00:00 AM,RFC,WEST,ATSI,OE,6479.548,True
7/15/2025 9:00:00 AM,7/15/2025 5:00:00 AM,RFC,WEST,ATSI,OE,6587.311,True
7/15/2025 10:00:00 AM,7/15/2025 6:00:00 AM,RFC,WEST,ATSI,OE,6834.147,True
7/15/2025 11:00:00 AM,7/15/2025 7:00:00 AM,RFC,WEST,ATSI,OE,7302.806,True
7/15/2025 12:00:00 PM,7/15/2025 8:00:00 AM,RFC,WEST,ATSI,OE,7833.708,True
7/15/2025 1:00:00 PM,7/15/2025 9:00:00 AM,RFC,WEST,ATSI,OE,8422.291,True
7/15/2025 2:00:00 PM,7/15/2025 10:00:00 AM,RFC,WEST,ATSI,OE,9055.685,True
7/15/2025 3:00:00 PM,7/15/2025 11:00:00 AM,RFC,WEST,ATSI,OE,9643.060,True
7/15/2025 4:00:00 PM,7/15/2025 12:00:00 PM,RFC,WEST,ATSI,OE,10176.179,True
7/15/2025 5:00:00 PM,7/15/2025 1:00:00 PM,RFC,WEST,ATSI,OE,10617.130,True
7/15/2025 6:00:00 PM,7/15/2025 2:00:00 PM,RFC,WEST,ATSI,OE,10938.681,True
7/15/2025 7:00:00 PM,7/15/2025 3:00:00 PM,RFC,WEST,ATSI,OE,11029.500,True
7/15/2025 8:00:00 PM,7/15/2025 4:00:00 PM,RFC,WEST,ATSI,OE,11147.819,True
7/15/2025 9:00:00 PM,7/15/2025 5:00:00 PM,RFC,WEST,ATSI,OE,11036.706,True
7/15/2025 10:00:00 PM,7/15/2025 6:00:00 PM,RFC,WEST,ATSI,OE,10951.355,True
7/15/2025 11:00:00 PM,7/15/2025 7:00:00 PM,RFC,WEST,ATSI,OE,10969.053,True
7/16/2025 12:00:00 AM,7/15/2025 8:00:00 PM,RFC,WEST,ATSI,OE,10450.496,True
7/16/2025 1:00:00 AM,7/15/2025 9:00:00 PM,RFC,WEST,ATSI,OE,10051.021,True
7/16/2025 2:00:00 AM,7/15/2025 10:00:00 PM,RFC,WEST,ATSI,OE,9377.192,True
7/16/2025 3:00:00 AM,7/15/2025 11:00:00 PM,RFC,WEST,ATSI,OE,8732.520,True
7/16/2025 4:00:00 AM,7/16/2025 12:00:00 AM,RFC,WEST,ATSI,OE,8127.525,True
7/16/2025 5:00:00 AM,7/16/2025 1:00:00 AM,RFC,WEST,ATSI,OE,7670.959,True
7/16/2025 6:00:00 AM,7/16/2025 2:00:00 AM,RFC,WEST,ATSI,OE,7346.999,True
7/16/2025 7:00:00 AM,7/16/2025 3:00:00 AM,RFC,WEST,ATSI,OE,7125.829,True
7/16/2025 8:00:00 AM,7/16/2025 4:00:00 AM,RFC,WEST,ATSI,OE,7158.895,True
7/16/2025 9:00:00 AM,7/16/2025 5:00:00 AM,RFC,WEST,ATSI,OE,7424.372,True
7/16/2025 10:00:00 AM,7/16/2025 6:00:00 AM,RFC,WEST,ATSI,OE,7668.984,True
7/16/2025 11:00:00 AM,7/16/2025 7:00:00 AM,RFC,WEST,ATSI,OE,8185.148,True
7/16/2025 12:00:00 PM,7/16/2025 8:00:00 AM,RFC,WEST,ATSI,OE,8644.606,True
7/16/2025 1:00:00 PM,7/16/2025 9:00:00 AM,RFC,WEST,ATSI,OE,9070.047,True
7/16/2025 2:00:00 PM,7/16/2025 10:00:00 AM,RFC,WEST,ATSI,OE,9395.965,True
7/16/2025 3:00:00 PM,7/16/2025 11:00:00 AM,RFC,WEST,ATSI,OE,9627.037,True
7/16/2025 4:00:00 PM,7/16/2025 12:00:00 PM,RFC,WEST,ATSI,OE,9756.634,True
7/16/2025 5:00:00 PM,7/16/2025 1:00:00 PM,RFC,WEST,ATSI,OE,9891.909,True
7/16/2025 6:00:00 PM,7/16/2025 2:00:00 PM,RFC,WEST,ATSI,OE,9853.720,True
7/16/2025 7:00:00 PM,7/16/2025 3:00:00 PM,RFC,WEST,ATSI,OE,9456.536,True
7/16/2025 8:00:00 PM,7/16/2025 4:00:00 PM,RFC,WEST,ATSI,OE,9613.643,True
7/16/2025 9:00:00 PM,7/16/2025 5:00:00 PM,RFC,WEST,ATSI,OE,10157.425,True
7/16/2025 10:00:00 PM,7/16/2025 6:00:00 PM,RFC,WEST,ATSI,OE,10097.065,True
7/16/2025 11:00:00 PM,7/16/2025 7:00:00 PM,RFC,WEST,ATSI,OE,9849.560,True
7/17/2025 12:00:00 AM,7/16/2025 8:00:00 PM,RFC,WEST,ATSI,OE,9557.375,True
7/17/2025 1:00:00 AM,7/16/2025 9:00:00 PM,RFC,WEST,ATSI,OE,9316.228,True
7/17/2025 2:00:00 AM,7/16/2025 10:00:00 PM,RFC,WEST,ATSI,OE,8819.153,True
7/17/2025 3:00:00 AM,7/16/2025 11:00:00 PM,RFC,WEST,ATSI,OE,8251.502,True
7/17/2025 4:00:00 AM,7/17/2025 12:00:00 AM,RFC,WEST,ATSI,OE,7858.697,True
7/17/2025 5:00:00 AM,7/17/2025 1:00:00 AM,RFC,WEST,ATSI,OE,7548.054,True
7/17/2025 6:00:00 AM,7/17/2025 2:00:00 AM,RFC,WEST,ATSI,OE,7311.368,True
7/17/2025 7:00:00 AM,7/17/2025 3:00:00 AM,RFC,WEST,ATSI,OE,7214.759,True
7/17/2025 8:00:00 AM,7/17/2025 4:00:00 AM,RFC,WEST,ATSI,OE,7247.744,True
7/17/2025 9:00:00 AM,7/17/2025 5:00:00 AM,RFC,WEST,ATSI,OE,7523.035,True
7/17/2025 10:00:00 AM,7/17/2025 6:00:00 AM,RFC,WEST,ATSI,OE,7847.891,True
7/17/2025 11:00:00 AM,7/17/2025 7:00:00 AM,RFC,WEST,ATSI,OE,8246.508,True
7/17/2025 12:00:00 PM,7/17/2025 8:00:00 AM,RFC,WEST,ATSI,OE,8658.689,True
7/17/2025 1:00:00 PM,7/17/2025 9:00:00 AM,RFC,WEST,ATSI,OE,8921.499,True
7/17/2025 2:00:00 PM,7/17/2025 10:00:00 AM,RFC,WEST,ATSI,OE,9223.589,True
7/17/2025 3:00:00 PM,7/17/2025 11:00:00 AM,RFC,WEST,ATSI,OE,9510.531,True
7/17/2025 4:00:00 PM,7/17/2025 12:00:00 PM,RFC,WEST,ATSI,OE,9823.147,True
7/17/2025 5:00:00 PM,7/17/2025 1:00:00 PM,RFC,WEST,ATSI,OE,10074.289,True
7/17/2025 6:00:00 PM,7/17/2025 2:00:00 PM,RFC,WEST,ATSI,OE,10207.724,True
7/17/2025 7:00:00 PM,7/17/2025 3:00:00 PM,RFC,WEST,ATSI,OE,10237.442,True
7/17/2025 8:00:00 PM,7/17/2025 4:00:00 PM,RFC,WEST,ATSI,OE,10181.010,True
7/17/2025 9:00:00 PM,7/17/2025 5:00:00 PM,RFC,WEST,ATSI,OE,10256.851,True
7/17/2025 10:00:00 PM,7/17/2025 6:00:00 PM,RFC,WEST,ATSI,OE,10138.282,True
7/17/2025 11:00:00 PM,7/17/2025 7:00:00 PM,RFC,WEST,ATSI,OE,9862.658,True
7/18/2025 12:00:00 AM,7/17/2025 8:00:00 PM,RFC,WEST,ATSI,OE,9408.710,True
7/18/2025 1:00:00 AM,7/17/2025 9:00:00 PM,RFC,WEST,ATSI,OE,9170.581,True
7/18/2025 2:00:00 AM,7/17/2025 10:00:00 PM,RFC,WEST,ATSI,OE,8660.652,True
7/18/2025 3:00:00 AM,7/17/2025 11:00:00 PM,RFC,WEST,ATSI,OE,7969.003,True
7/18/2025 4:00:00 AM,7/18/2025 12:00:00 AM,RFC,WEST,ATSI,OE,7498.883,True
7/18/2025 5:00:00 AM,7/18/2025 1:00:00 AM,RFC,WEST,ATSI,OE,7034.880,True
7/18/2025 6:00:00 AM,7/18/2025 2:00:00 AM,RFC,WEST,ATSI,OE,6768.484,True
7/18/2025 7:00:00 AM,7/18/2025 3:00:00 AM,RFC,WEST,ATSI,OE,6580.130,True
7/18/2025 8:00:00 AM,7/18/2025 4:00:00 AM,RFC,WEST,ATSI,OE,6474.146,True
7/18/2025 9:00:00 AM,7/18/2025 5:00:00 AM,RFC,WEST,ATSI,OE,6656.146,True
7/18/2025 10:00:00 AM,7/18/2025 6:00:00 AM,RFC,WEST,ATSI,OE,6850.510,True
7/18/2025 11:00:00 AM,7/18/2025 7:00:00 AM,RFC,WEST,ATSI,OE,7129.317,True
7/18/2025 12:00:00 PM,7/18/2025 8:00:00 AM,RFC,WEST,ATSI,OE,7448.622,True
7/18/2025 1:00:00 PM,7/18/2025 9:00:00 AM,RFC,WEST,ATSI,OE,7628.759,True
7/18/2025 2:00:00 PM,7/18/2025 10:00:00 AM,RFC,WEST,ATSI,OE,7856.537,True
7/18/2025 3:00:00 PM,7/18/2025 11:00:00 AM,RFC,WEST,ATSI,OE,8067.676,True
7/18/2025 4:00:00 PM,7/18/2025 12:00:00 PM,RFC,WEST,ATSI,OE,8357.285,True
7/18/2025 5:00:00 PM,7/18/2025 1:00:00 PM,RFC,WEST,ATSI,OE,8485.143,True
7/18/2025 6:00:00 PM,7/18/2025 2:00:00 PM,RFC,WEST,ATSI,OE,8648.154,True
7/18/2025 7:00:00 PM,7/18/2025 3:00:00 PM,RFC,WEST,ATSI,OE,8780.241,True
7/18/2025 8:00:00 PM,7/18/2025 4:00:00 PM,RFC,WEST,ATSI,OE,8791.013,True
7/18/2025 9:00:00 PM,7/18/2025 5:00:00 PM,RFC,WEST,ATSI,OE,8754.575,True
7/18/2025 10:00:00 PM,7/18/2025 6:00:00 PM,RFC,WEST,ATSI,OE,8646.875,True
7/18/2025 11:00:00 PM,7/18/2025 7:00:00 PM,RFC,WEST,ATSI,OE,8453.546,True
7/19/2025 12:00:00 AM,7/18/2025 8:00:00 PM,RFC,WEST,ATSI,OE,8168.848,True
7/19/2025 1:00:00 AM,7/18/2025 9:00:00 PM,RFC,WEST,ATSI,OE,7932.666,True
7/19/2025 2:00:00 AM,7/18/2025 10:00:00 PM,RFC,WEST,ATSI,OE,7653.993,True
7/19/2025 3:00:00 AM,7/18/2025 11:00:00 PM,RFC,WEST,ATSI,OE,7163.161,True
7/19/2025 4:00:00 AM,7/19/2025 12:00:00 AM,RFC,WEST,ATSI,OE,6691.757,True
7/19/2025 5:00:00 AM,7/19/2025 1:00:00 AM,RFC,WEST,ATSI,OE,6335.500,True
7/19/2025 6:00:00 AM,7/19/2025 2:00:00 AM,RFC,WEST,ATSI,OE,6075.810,True
7/19/2025 7:00:00 AM,7/19/2025 3:00:00 AM,RFC,WEST,ATSI,OE,5879.890,True
7/19/2025 8:00:00 AM,7/19/2025 4:00:00 AM,RFC,WEST,ATSI,OE,5854.154,True
7/19/2025 9:00:00 AM,7/19/2025 5:00:00 AM,RFC,WEST,ATSI,OE,5878.592,True
7/19/2025 10:00:00 AM,7/19/2025 6:00:00 AM,RFC,WEST,ATSI,OE,5926.789,True
7/19/2025 11:00:00 AM,7/19/2025 7:00:00 AM,RFC,WEST,ATSI,OE,6206.957,True
7/19/2025 12:00:00 PM,7/19/2025 8:00:00 AM,RFC,WEST,ATSI,OE,6637.555,True
7/19/2025 1:00:00 PM,7/19/2025 9:00:00 AM,RFC,WEST,ATSI,OE,7167.037,True
7/19/2025 2:00:00 PM,7/19/2025 10:00:00 AM,RFC,WEST,ATSI,OE,7589.836,True
7/19/2025 3:00:00 PM,7/19/2025 11:00:00 AM,RFC,WEST,ATSI,OE,8017.139,True
7/19/2025 4:00:00 PM,7/19/2025 12:00:00 PM,RFC,WEST,ATSI,OE,8515.370,True
7/19/2025 5:00:00 PM,7/19/2025 1:00:00 PM,RFC,WEST,ATSI,OE,8903.729,True
7/19/2025 6:00:00 PM,7/19/2025 2:00:00 PM,RFC,WEST,ATSI,OE,9272.481,True
7/19/2025 7:00:00 PM,7/19/2025 3:00:00 PM,RFC,WEST,ATSI,OE,9640.101,True
7/19/2025 8:00:00 PM,7/19/2025 4:00:00 PM,RFC,WEST,ATSI,OE,9812.324,True
7/19/2025 9:00:00 PM,7/19/2025 5:00:00 PM,RFC,WEST,ATSI,OE,9702.232,True
7/19/2025 10:00:00 PM,7/19/2025 6:00:00 PM,RFC,WEST,ATSI,OE,9353.115,True
7/19/2025 11:00:00 PM,7/19/2025 7:00:00 PM,RFC,WEST,ATSI,OE,8944.329,True
7/20/2025 12:00:00 AM,7/19/2025 8:00:00 PM,RFC,WEST,ATSI,OE,8682.039,True
7/20/2025 1:00:00 AM,7/19/2025 9:00:00 PM,RFC,WEST,ATSI,OE,8532.095,True
7/20/2025 2:00:00 AM,7/19/2025 10:00:00 PM,RFC,WEST,ATSI,OE,8118.623,True
7/20/2025 3:00:00 AM,7/19/2025 11:00:00 PM,RFC,WEST,ATSI,OE,7653.502,True
7/20/2025 4:00:00 AM,7/20/2025 12:00:00 AM,RFC,WEST,ATSI,OE,7203.308,True
7/20/2025 5:00:00 AM,7/20/2025 1:00:00 AM,RFC,WEST,ATSI,OE,6827.939,True
7/20/2025 6:00:00 AM,7/20/2025 2:00:00 AM,RFC,WEST,ATSI,OE,6544.015,True
7/20/2025 7:00:00 AM,7/20/2025 3:00:00 AM,RFC,WEST,ATSI,OE,6362.189,True
7/20/2025 8:00:00 AM,7/20/2025 4:00:00 AM,RFC,WEST,ATSI,OE,6199.764,True
7/20/2025 9:00:00 AM,7/20/2025 5:00:00 AM,RFC,WEST,ATSI,OE,6259.002,True
7/20/2025 10:00:00 AM,7/20/2025 6:00:00 AM,RFC,WEST,ATSI,OE,6277.588,True
7/20/2025 11:00:00 AM,7/20/2025 7:00:00 AM,RFC,WEST,ATSI,OE,6504.037,True
7/20/2025 12:00:00 PM,7/20/2025 8:00:00 AM,RFC,WEST,ATSI,OE,6872.948,True
7/20/2025 1:00:00 PM,7/20/2025 9:00:00 AM,RFC,WEST,ATSI,OE,7455.740,True
7/20/2025 2:00:00 PM,7/20/2025 10:00:00 AM,RFC,WEST,ATSI,OE,7881.453,True
7/20/2025 3:00:00 PM,7/20/2025 11:00:00 AM,RFC,WEST,ATSI,OE,8326.994,True
7/20/2025 4:00:00 PM,7/20/2025 12:00:00 PM,RFC,WEST,ATSI,OE,8598.889,True
7/20/2025 5:00:00 PM,7/20/2025 1:00:00 PM,RFC,WEST,ATSI,OE,8901.067,True
7/20/2025 6:00:00 PM,7/20/2025 2:00:00 PM,RFC,WEST,ATSI,OE,8970.375,True
7/20/2025 7:00:00 PM,7/20/2025 3:00:00 PM,RFC,WEST,ATSI,OE,9043.675,True
7/20/2025 8:00:00 PM,7/20/2025 4:00:00 PM,RFC,WEST,ATSI,OE,8984.635,True
7/20/2025 9:00:00 PM,7/20/2025 5:00:00 PM,RFC,WEST,ATSI,OE,8900.800,True
7/20/2025 10:00:00 PM,7/20/2025 6:00:00 PM,RFC,WEST,ATSI,OE,8671.979,True
7/20/2025 11:00:00 PM,7/20/2025 7:00:00 PM,RFC,WEST,ATSI,OE,8413.472,True
7/21/2025 12:00:00 AM,7/20/2025 8:00:00 PM,RFC,WEST,ATSI,OE,8125.199,True
7/21/2025 1:00:00 AM,7/20/2025 9:00:00 PM,RFC,WEST,ATSI,OE,7986.585,True
7/21/2025 2:00:00 AM,7/20/2025 10:00:00 PM,RFC,WEST,ATSI,OE,7531.210,True
7/21/2025 3:00:00 AM,7/20/2025 11:00:00 PM,RFC,WEST,ATSI,OE,7125.207,True
7/21/2025 4:00:00 AM,7/21/2025 12:00:00 AM,RFC,WEST,ATSI,OE,6685.022,True
7/21/2025 5:00:00 AM,7/21/2025 1:00:00 AM,RFC,WEST,ATSI,OE,6368.297,True
7/21/2025 6:00:00 AM,7/21/2025 2:00:00 AM,RFC,WEST,ATSI,OE,6117.191,True
7/21/2025 7:00:00 AM,7/21/2025 3:00:00 AM,RFC,WEST,ATSI,OE,6030.513,True
7/21/2025 8:00:00 AM,7/21/2025 4:00:00 AM,RFC,WEST,ATSI,OE,6047.701,True
7/21/2025 9:00:00 AM,7/21/2025 5:00:00 AM,RFC,WEST,ATSI,OE,6214.237,True
7/21/2025 10:00:00 AM,7/21/2025 6:00:00 AM,RFC,WEST,ATSI,OE,6432.279,True
7/21/2025 11:00:00 AM,7/21/2025 7:00:00 AM,RFC,WEST,ATSI,OE,6948.596,True
7/21/2025 12:00:00 PM,7/21/2025 8:00:00 AM,RFC,WEST,ATSI,OE,7281.541,True
7/21/2025 1:00:00 PM,7/21/2025 9:00:00 AM,RFC,WEST,ATSI,OE,7746.916,True
7/21/2025 2:00:00 PM,7/21/2025 10:00:00 AM,RFC,WEST,ATSI,OE,8113.017,True
7/21/2025 3:00:00 PM,7/21/2025 11:00:00 AM,RFC,WEST,ATSI,OE,8502.524,True
7/21/2025 4:00:00 PM,7/21/2025 12:00:00 PM,RFC,WEST,ATSI,OE,8760.270,True
7/21/2025 5:00:00 PM,7/21/2025 1:00:00 PM,RFC,WEST,ATSI,OE,9087.607,True
7/21/2025 6:00:00 PM,7/21/2025 2:00:00 PM,RFC,WEST,ATSI,OE,9220.470,True
7/21/2025 7:00:00 PM,7/21/2025 3:00:00 PM,RFC,WEST,ATSI,OE,9382.686,True
7/21/2025 8:00:00 PM,7/21/2025 4:00:00 PM,RFC,WEST,ATSI,OE,9464.275,True
7/21/2025 9:00:00 PM,7/21/2025 5:00:00 PM,RFC,WEST,ATSI,OE,9483.541,True
7/21/2025 10:00:00 PM,7/21/2025 6:00:00 PM,RFC,WEST,ATSI,OE,9339.947,True
7/21/2025 11:00:00 PM,7/21/2025 7:00:00 PM,RFC,WEST,ATSI,OE,9042.787,True
7/22/2025 12:00:00 AM,7/21/2025 8:00:00 PM,RFC,WEST,ATSI,OE,8522.707,True
7/22/2025 1:00:00 AM,7/21/2025 9:00:00 PM,RFC,WEST,ATSI,OE,8169.606,True
7/22/2025 2:00:00 AM,7/21/2025 10:00:00 PM,RFC,WEST,ATSI,OE,7634.407,True
7/22/2025 3:00:00 AM,7/21/2025 11:00:00 PM,RFC,WEST,ATSI,OE,7073.598,True
7/22/2025 4:00:00 AM,7/22/2025 12:00:00 AM,RFC,WEST,ATSI,OE,6634.486,True
7/22/2025 5:00:00 AM,7/22/2025 1:00:00 AM,RFC,WEST,ATSI,OE,6323.591,True
7/22/2025 6:00:00 AM,7/22/2025 2:00:00 AM,RFC,WEST,ATSI,OE,6091.092,True
7/22/2025 7:00:00 AM,7/22/2025 3:00:00 AM,RFC,WEST,ATSI,OE,5966.282,True
7/22/2025 8:00:00 AM,7/22/2025 4:00:00 AM,RFC,WEST,ATSI,OE,6008.479,True
7/22/2025 9:00:00 AM,7/22/2025 5:00:00 AM,RFC,WEST,ATSI,OE,6166.280,True
7/22/2025 10:00:00 AM,7/22/2025 6:00:00 AM,RFC,WEST,ATSI,OE,6410.388,True
7/22/2025 11:00:00 AM,7/22/2025 7:00:00 AM,RFC,WEST,ATSI,OE,6825.380,True
7/22/2025 12:00:00 PM,7/22/2025 8:00:00 AM,RFC,WEST,ATSI,OE,7208.081,True
7/22/2025 1:00:00 PM,7/22/2025 9:00:00 AM,RFC,WEST,ATSI,OE,7523.537,True
7/22/2025 2:00:00 PM,7/22/2025 10:00:00 AM,RFC,WEST,ATSI,OE,7758.336,True
7/22/2025 3:00:00 PM,7/22/2025 11:00:00 AM,RFC,WEST,ATSI,OE,8001.778,True
7/22/2025 4:00:00 PM,7/22/2025 12:00:00 PM,RFC,WEST,ATSI,OE,8389.648,True
7/22/2025 5:00:00 PM,7/22/2025 1:00:00 PM,RFC,WEST,ATSI,OE,8707.024,True
7/22/2025 6:00:00 PM,7/22/2025 2:00:00 PM,RFC,WEST,ATSI,OE,8986.006,True
7/22/2025 7:00:00 PM,7/22/2025 3:00:00 PM,RFC,WEST,ATSI,OE,9113.250,True
7/22/2025 8:00:00 PM,7/22/2025 4:00:00 PM,RFC,WEST,ATSI,OE,9408.580,True
7/22/2025 9:00:00 PM,7/22/2025 5:00:00 PM,RFC,WEST,ATSI,OE,9440.451,True
7/22/2025 10:00:00 PM,7/22/2025 6:00:00 PM,RFC,WEST,ATSI,OE,9364.539,True
7/22/2025 11:00:00 PM,7/22/2025 7:00:00 PM,RFC,WEST,ATSI,OE,9081.075,True
7/23/2025 12:00:00 AM,7/22/2025 8:00:00 PM,RFC,WEST,ATSI,OE,8593.445,True
7/23/2025 1:00:00 AM,7/22/2025 9:00:00 PM,RFC,WEST,ATSI,OE,8293.509,True
7/23/2025 2:00:00 AM,7/22/2025 10:00:00 PM,RFC,WEST,ATSI,OE,7802.742,True
7/23/2025 3:00:00 AM,7/22/2025 11:00:00 PM,RFC,WEST,ATSI,OE,7210.756,True
7/23/2025 4:00:00 AM,7/23/2025 12:00:00 AM,RFC,WEST,ATSI,OE,6721.956,True
7/23/2025 5:00:00 AM,7/23/2025 1:00:00 AM,RFC,WEST,ATSI,OE,6409.917,True
7/23/2025 6:00:00 AM,7/23/2025 2:00:00 AM,RFC,WEST,ATSI,OE,6132.664,True
7/23/2025 7:00:00 AM,7/23/2025 3:00:00 AM,RFC,WEST,ATSI,OE,6006.716,True
7/23/2025 8:00:00 AM,7/23/2025 4:00:00 AM,RFC,WEST,ATSI,OE,6028.108,True
7/23/2025 9:00:00 AM,7/23/2025 5:00:00 AM,RFC,WEST,ATSI,OE,6191.527,True
7/23/2025 10:00:00 AM,7/23/2025 6:00:00 AM,RFC,WEST,ATSI,OE,6417.104,True
7/23/2025 11:00:00 AM,7/23/2025 7:00:00 AM,RFC,WEST,ATSI,OE,6821.500,True
7/23/2025 12:00:00 PM,7/23/2025 8:00:00 AM,RFC,WEST,ATSI,OE,7295.424,True
7/23/2025 1:00:00 PM,7/23/2025 9:00:00 AM,RFC,WEST,ATSI,OE,7760.749,True
7/23/2025 2:00:00 PM,7/23/2025 10:00:00 AM,RFC,WEST,ATSI,OE,8202.407,True
7/23/2025 3:00:00 PM,7/23/2025 11:00:00 AM,RFC,WEST,ATSI,OE,8639.727,True
7/23/2025 4:00:00 PM,7/23/2025 12:00:00 PM,RFC,WEST,ATSI,OE,9205.887,True
7/23/2025 5:00:00 PM,7/23/2025 1:00:00 PM,RFC,WEST,ATSI,OE,9719.910,True
7/23/2025 6:00:00 PM,7/23/2025 2:00:00 PM,RFC,WEST,ATSI,OE,10080.105,True
7/23/2025 7:00:00 PM,7/23/2025 3:00:00 PM,RFC,WEST,ATSI,OE,10442.077,True
7/23/2025 8:00:00 PM,7/23/2025 4:00:00 PM,RFC,WEST,ATSI,OE,10715.496,True
7/23/2025 9:00:00 PM,7/23/2025 5:00:00 PM,RFC,WEST,ATSI,OE,10881.209,True
7/23/2025 10:00:00 PM,7/23/2025 6:00:00 PM,RFC,WEST,ATSI,OE,10795.299,True
7/23/2025 11:00:00 PM,7/23/2025 7:00:00 PM,RFC,WEST,ATSI,OE,10605.712,True
7/24/2025 12:00:00 AM,7/23/2025 8:00:00 PM,RFC,WEST,ATSI,OE,9956.881,True
7/24/2025 1:00:00 AM,7/23/2025 9:00:00 PM,RFC,WEST,ATSI,OE,9522.930,True
7/24/2025 2:00:00 AM,7/23/2025 10:00:00 PM,RFC,WEST,ATSI,OE,8807.581,True
7/24/2025 3:00:00 AM,7/23/2025 11:00:00 PM,RFC,WEST,ATSI,OE,8110.925,True
7/24/2025 4:00:00 AM,7/24/2025 12:00:00 AM,RFC,WEST,ATSI,OE,7570.688,True
7/24/2025 5:00:00 AM,7/24/2025 1:00:00 AM,RFC,WEST,ATSI,OE,7084.351,True
7/24/2025 6:00:00 AM,7/24/2025 2:00:00 AM,RFC,WEST,ATSI,OE,6827.575,True
7/24/2025 7:00:00 AM,7/24/2025 3:00:00 AM,RFC,WEST,ATSI,OE,6671.130,True
7/24/2025 8:00:00 AM,7/24/2025 4:00:00 AM,RFC,WEST,ATSI,OE,6579.629,True
7/24/2025 9:00:00 AM,7/24/2025 5:00:00 AM,RFC,WEST,ATSI,OE,6770.200,True
7/24/2025 10:00:00 AM,7/24/2025 6:00:00 AM,RFC,WEST,ATSI,OE,6938.463,True
7/24/2025 11:00:00 AM,7/24/2025 7:00:00 AM,RFC,WEST,ATSI,OE,7458.597,True
7/24/2025 12:00:00 PM,7/24/2025 8:00:00 AM,RFC,WEST,ATSI,OE,8105.197,True
7/24/2025 1:00:00 PM,7/24/2025 9:00:00 AM,RFC,WEST,ATSI,OE,8779.915,True
7/24/2025 2:00:00 PM,7/24/2025 10:00:00 AM,RFC,WEST,ATSI,OE,9497.975,True
7/24/2025 3:00:00 PM,7/24/2025 11:00:00 AM,RFC,WEST,ATSI,OE,10196.721,True
7/24/2025 4:00:00 PM,7/24/2025 12:00:00 PM,RFC,WEST,ATSI,OE,10797.653,True
7/24/2025 5:00:00 PM,7/24/2025 1:00:00 PM,RFC,WEST,ATSI,OE,11283.236,True
7/24/2025 6:00:00 PM,7/24/2025 2:00:00 PM,RFC,WEST,ATSI,OE,11441.713,True
7/24/2025 7:00:00 PM,7/24/2025 3:00:00 PM,RFC,WEST,ATSI,OE,11492.392,True
7/24/2025 8:00:00 PM,7/24/2025 4:00:00 PM,RFC,WEST,ATSI,OE,11582.272,True
7/24/2025 9:00:00 PM,7/24/2025 5:00:00 PM,RFC,WEST,ATSI,OE,11587.269,True
7/24/2025 10:00:00 PM,7/24/2025 6:00:00 PM,RFC,WEST,ATSI,OE,11649.251,True
7/24/2025 11:00:00 PM,7/24/2025 7:00:00 PM,RFC,WEST,ATSI,OE,11520.408,True
7/25/2025 12:00:00 AM,7/24/2025 8:00:00 PM,RFC,WEST,ATSI,OE,11218.927,True
7/25/2025 1:00:00 AM,7/24/2025 9:00:00 PM,RFC,WEST,ATSI,OE,10965.892,True
7/25/2025 2:00:00 AM,7/24/2025 10:00:00 PM,RFC,WEST,ATSI,OE,10144.658,True
7/25/2025 3:00:00 AM,7/24/2025 11:00:00 PM,RFC,WEST,ATSI,OE,9373.030,True
7/25/2025 4:00:00 AM,7/25/2025 12:00:00 AM,RFC,WEST,ATSI,OE,8755.148,True
7/25/2025 5:00:00 AM,7/25/2025 1:00:00 AM,RFC,WEST,ATSI,OE,8243.849,True
7/25/2025 6:00:00 AM,7/25/2025 2:00:00 AM,RFC,WEST,ATSI,OE,7893.614,True
7/25/2025 7:00:00 AM,7/25/2025 3:00:00 AM,RFC,WEST,ATSI,OE,7664.712,True
7/25/2025 8:00:00 AM,7/25/2025 4:00:00 AM,RFC,WEST,ATSI,OE,7589.446,True
7/25/2025 9:00:00 AM,7/25/2025 5:00:00 AM,RFC,WEST,ATSI,OE,7729.681,True
7/25/2025 10:00:00 AM,7/25/2025 6:00:00 AM,RFC,WEST,ATSI,OE,7986.012,True
7/25/2025 11:00:00 AM,7/25/2025 7:00:00 AM,RFC,WEST,ATSI,OE,8429.763,True
7/25/2025 12:00:00 PM,7/25/2025 8:00:00 AM,RFC,WEST,ATSI,OE,8934.806,True
7/25/2025 1:00:00 PM,7/25/2025 9:00:00 AM,RFC,WEST,ATSI,OE,9174.156,True
7/25/2025 2:00:00 PM,7/25/2025 10:00:00 AM,RFC,WEST,ATSI,OE,9584.099,True
7/25/2025 3:00:00 PM,7/25/2025 11:00:00 AM,RFC,WEST,ATSI,OE,10003.046,True
7/25/2025 4:00:00 PM,7/25/2025 12:00:00 PM,RFC,WEST,ATSI,OE,10448.933,True
7/25/2025 5:00:00 PM,7/25/2025 1:00:00 PM,RFC,WEST,ATSI,OE,10591.474,True
7/25/2025 6:00:00 PM,7/25/2025 2:00:00 PM,RFC,WEST,ATSI,OE,10431.066,True
7/25/2025 7:00:00 PM,7/25/2025 3:00:00 PM,RFC,WEST,ATSI,OE,10342.545,True
7/25/2025 8:00:00 PM,7/25/2025 4:00:00 PM,RFC,WEST,ATSI,OE,10261.628,True
7/25/2025 9:00:00 PM,7/25/2025 5:00:00 PM,RFC,WEST,ATSI,OE,10231.659,True
7/25/2025 10:00:00 PM,7/25/2025 6:00:00 PM,RFC,WEST,ATSI,OE,10113.812,True
7/25/2025 11:00:00 PM,7/25/2025 7:00:00 PM,RFC,WEST,ATSI,OE,9933.108,True
7/26/2025 12:00:00 AM,7/25/2025 8:00:00 PM,RFC,WEST,ATSI,OE,9657.052,True
7/26/2025 1:00:00 AM,7/25/2025 9:00:00 PM,RFC,WEST,ATSI,OE,9453.581,True
7/26/2025 2:00:00 AM,7/25/2025 10:00:00 PM,RFC,WEST,ATSI,OE,8910.749,True
7/26/2025 3:00:00 AM,7/25/2025 11:00:00 PM,RFC,WEST,ATSI,OE,8352.327,True
7/26/2025 4:00:00 AM,7/26/2025 12:00:00 AM,RFC,WEST,ATSI,OE,7793.116,True
7/26/2025 5:00:00 AM,7/26/2025 1:00:00 AM,RFC,WEST,ATSI,OE,7425.072,True
7/26/2025 6:00:00 AM,7/26/2025 2:00:00 AM,RFC,WEST,ATSI,OE,7155.399,True
7/26/2025 7:00:00 AM,7/26/2025 3:00:00 AM,RFC,WEST,ATSI,OE,6968.869,True
7/26/2025 8:00:00 AM,7/26/2025 4:00:00 AM,RFC,WEST,ATSI,OE,6955.933,True
7/26/2025 9:00:00 AM,7/26/2025 5:00:00 AM,RFC,WEST,ATSI,OE,6973.891,True
7/26/2025 10:00:00 AM,7/26/2025 6:00:00 AM,RFC,WEST,ATSI,OE,7040.281,True
7/26/2025 11:00:00 AM,7/26/2025 7:00:00 AM,RFC,WEST,ATSI,OE,7185.116,True
7/26/2025 12:00:00 PM,7/26/2025 8:00:00 AM,RFC,WEST,ATSI,OE,7535.920,True
7/26/2025 1:00:00 PM,7/26/2025 9:00:00 AM,RFC,WEST,ATSI,OE,8224.657,True
7/26/2025 2:00:00 PM,7/26/2025 10:00:00 AM,RFC,WEST,ATSI,OE,8941.593,True
7/26/2025 3:00:00 PM,7/26/2025 11:00:00 AM,RFC,WEST,ATSI,OE,9555.715,True
7/26/2025 4:00:00 PM,7/26/2025 12:00:00 PM,RFC,WEST,ATSI,OE,10046.289,True
7/26/2025 5:00:00 PM,7/26/2025 1:00:00 PM,RFC,WEST,ATSI,OE,10472.880,True
7/26/2025 6:00:00 PM,7/26/2025 2:00:00 PM,RFC,WEST,ATSI,OE,10698.527,True
7/26/2025 7:00:00 PM,7/26/2025 3:00:00 PM,RFC,WEST,ATSI,OE,10445.175,True
7/26/2025 8:00:00 PM,7/26/2025 4:00:00 PM,RFC,WEST,ATSI,OE,10115.637,True
7/26/2025 9:00:00 PM,7/26/2025 5:00:00 PM,RFC,WEST,ATSI,OE,9908.560,True
7/26/2025 10:00:00 PM,7/26/2025 6:00:00 PM,RFC,WEST,ATSI,OE,9840.098,True
7/26/2025 11:00:00 PM,7/26/2025 7:00:00 PM,RFC,WEST,ATSI,OE,9451.250,True
7/27/2025 12:00:00 AM,7/26/2025 8:00:00 PM,RFC,WEST,ATSI,OE,9063.540,True
7/27/2025 1:00:00 AM,7/26/2025 9:00:00 PM,RFC,WEST,ATSI,OE,8916.211,True
7/27/2025 2:00:00 AM,7/26/2025 10:00:00 PM,RFC,WEST,ATSI,OE,8511.419,True
7/27/2025 3:00:00 AM,7/26/2025 11:00:00 PM,RFC,WEST,ATSI,OE,8013.745,True
7/27/2025 4:00:00 AM,7/27/2025 12:00:00 AM,RFC,WEST,ATSI,OE,7569.338,True
7/27/2025 5:00:00 AM,7/27/2025 1:00:00 AM,RFC,WEST,ATSI,OE,7195.311,True
7/27/2025 6:00:00 AM,7/27/2025 2:00:00 AM,RFC,WEST,ATSI,OE,7001.691,True
7/27/2025 7:00:00 AM,7/27/2025 3:00:00 AM,RFC,WEST,ATSI,OE,6813.946,True
7/27/2025 8:00:00 AM,7/27/2025 4:00:00 AM,RFC,WEST,ATSI,OE,6750.192,True
7/27/2025 9:00:00 AM,7/27/2025 5:00:00 AM,RFC,WEST,ATSI,OE,6713.981,True
7/27/2025 10:00:00 AM,7/27/2025 6:00:00 AM,RFC,WEST,ATSI,OE,6717.441,True
7/27/2025 11:00:00 AM,7/27/2025 7:00:00 AM,RFC,WEST,ATSI,OE,6851.150,True
7/27/2025 12:00:00 PM,7/27/2025 8:00:00 AM,RFC,WEST,ATSI,OE,7336.708,True
7/27/2025 1:00:00 PM,7/27/2025 9:00:00 AM,RFC,WEST,ATSI,OE,7831.034,True
7/27/2025 2:00:00 PM,7/27/2025 10:00:00 AM,RFC,WEST,ATSI,OE,8387.655,True
7/27/2025 3:00:00 PM,7/27/2025 11:00:00 AM,RFC,WEST,ATSI,OE,8811.358,True
7/27/2025 4:00:00 PM,7/27/2025 12:00:00 PM,RFC,WEST,ATSI,OE,9345.764,True
7/27/2025 5:00:00 PM,7/27/2025 1:00:00 PM,RFC,WEST,ATSI,OE,9753.039,True
7/27/2025 6:00:00 PM,7/27/2025 2:00:00 PM,RFC,WEST,ATSI,OE,10182.795,True
7/27/2025 7:00:00 PM,7/27/2025 3:00:00 PM,RFC,WEST,ATSI,OE,10456.020,True
7/27/2025 8:00:00 PM,7/27/2025 4:00:00 PM,RFC,WEST,ATSI,OE,10756.835,True
7/27/2025 9:00:00 PM,7/27/2025 5:00:00 PM,RFC,WEST,ATSI,OE,10869.024,True
7/27/2025 10:00:00 PM,7/27/2025 6:00:00 PM,RFC,WEST,ATSI,OE,10740.122,True
7/27/2025 11:00:00 PM,7/27/2025 7:00:00 PM,RFC,WEST,ATSI,OE,10531.749,True
7/28/2025 12:00:00 AM,7/27/2025 8:00:00 PM,RFC,WEST,ATSI,OE,10040.861,True
7/28/2025 1:00:00 AM,7/27/2025 9:00:00 PM,RFC,WEST,ATSI,OE,9586.165,True
7/28/2025 2:00:00 AM,7/27/2025 10:00:00 PM,RFC,WEST,ATSI,OE,9006.713,True
7/28/2025 3:00:00 AM,7/27/2025 11:00:00 PM,RFC,WEST,ATSI,OE,8334.467,True
7/28/2025 4:00:00 AM,7/28/2025 12:00:00 AM,RFC,WEST,ATSI,OE,7776.702,True
7/28/2025 5:00:00 AM,7/28/2025 1:00:00 AM,RFC,WEST,ATSI,OE,7311.285,True
7/28/2025 6:00:00 AM,7/28/2025 2:00:00 AM,RFC,WEST,ATSI,OE,7058.095,True
7/28/2025 7:00:00 AM,7/28/2025 3:00:00 AM,RFC,WEST,ATSI,OE,6877.017,True
7/28/2025 8:00:00 AM,7/28/2025 4:00:00 AM,RFC,WEST,ATSI,OE,6910.203,True
7/28/2025 9:00:00 AM,7/28/2025 5:00:00 AM,RFC,WEST,ATSI,OE,7123.249,True
7/28/2025 10:00:00 AM,7/28/2025 6:00:00 AM,RFC,WEST,ATSI,OE,7447.081,True
7/28/2025 11:00:00 AM,7/28/2025 7:00:00 AM,RFC,WEST,ATSI,OE,7911.561,True
7/28/2025 12:00:00 PM,7/28/2025 8:00:00 AM,RFC,WEST,ATSI,OE,8560.383,True
7/28/2025 1:00:00 PM,7/28/2025 9:00:00 AM,RFC,WEST,ATSI,OE,9200.641,True
7/28/2025 2:00:00 PM,7/28/2025 10:00:00 AM,RFC,WEST,ATSI,OE,10010.001,True
7/28/2025 3:00:00 PM,7/28/2025 11:00:00 AM,RFC,WEST,ATSI,OE,10682.509,True
7/28/2025 4:00:00 PM,7/28/2025 12:00:00 PM,RFC,WEST,ATSI,OE,11088.238,True
7/28/2025 5:00:00 PM,7/28/2025 1:00:00 PM,RFC,WEST,ATSI,OE,11288.772,True
7/28/2025 6:00:00 PM,7/28/2025 2:00:00 PM,RFC,WEST,ATSI,OE,11454.300,True
7/28/2025 7:00:00 PM,7/28/2025 3:00:00 PM,RFC,WEST,ATSI,OE,11376.545,True
7/28/2025 8:00:00 PM,7/28/2025 4:00:00 PM,RFC,WEST,ATSI,OE,11328.198,True
7/28/2025 9:00:00 PM,7/28/2025 5:00:00 PM,RFC,WEST,ATSI,OE,10839.196,True
7/28/2025 10:00:00 PM,7/28/2025 6:00:00 PM,RFC,WEST,ATSI,OE,10517.801,True
7/28/2025 11:00:00 PM,7/28/2025 7:00:00 PM,RFC,WEST,ATSI,OE,10276.257,True
7/29/2025 12:00:00 AM,7/28/2025 8:00:00 PM,RFC,WEST,ATSI,OE,9787.539,True
7/29/2025 1:00:00 AM,7/28/2025 9:00:00 PM,RFC,WEST,ATSI,OE,9457.322,True
7/29/2025 2:00:00 AM,7/28/2025 10:00:00 PM,RFC,WEST,ATSI,OE,8875.204,True
7/29/2025 3:00:00 AM,7/28/2025 11:00:00 PM,RFC,WEST,ATSI,OE,8293.287,True
7/29/2025 4:00:00 AM,7/29/2025 12:00:00 AM,RFC,WEST,ATSI,OE,7787.784,True
7/29/2025 5:00:00 AM,7/29/2025 1:00:00 AM,RFC,WEST,ATSI,OE,7404.501,True
7/29/2025 6:00:00 AM,7/29/2025 2:00:00 AM,RFC,WEST,ATSI,OE,7137.485,True
7/29/2025 7:00:00 AM,7/29/2025 3:00:00 AM,RFC,WEST,ATSI,OE,6960.491,True
7/29/2025 8:00:00 AM,7/29/2025 4:00:00 AM,RFC,WEST,ATSI,OE,7025.122,True
7/29/2025 9:00:00 AM,7/29/2025 5:00:00 AM,RFC,WEST,ATSI,OE,7290.702,True
7/29/2025 10:00:00 AM,7/29/2025 6:00:00 AM,RFC,WEST,ATSI,OE,7596.400,True
7/29/2025 11:00:00 AM,7/29/2025 7:00:00 AM,RFC,WEST,ATSI,OE,7984.055,True
7/29/2025 12:00:00 PM,7/29/2025 8:00:00 AM,RFC,WEST,ATSI,OE,8493.829,True
7/29/2025 1:00:00 PM,7/29/2025 9:00:00 AM,RFC,WEST,ATSI,OE,8970.204,True
7/29/2025 2:00:00 PM,7/29/2025 10:00:00 AM,RFC,WEST,ATSI,OE,9557.778,True
7/29/2025 3:00:00 PM,7/29/2025 11:00:00 AM,RFC,WEST,ATSI,OE,10116.485,True
7/29/2025 4:00:00 PM,7/29/2025 12:00:00 PM,RFC,WEST,ATSI,OE,10417.925,True
7/29/2025 5:00:00 PM,7/29/2025 1:00:00 PM,RFC,WEST,ATSI,OE,10664.493,True
7/29/2025 6:00:00 PM,7/29/2025 2:00:00 PM,RFC,WEST,ATSI,OE,10854.594,True
7/29/2025 7:00:00 PM,7/29/2025 3:00:00 PM,RFC,WEST,ATSI,OE,10848.146,True
7/29/2025 8:00:00 PM,7/29/2025 4:00:00 PM,RFC,WEST,ATSI,OE,10899.853,True
7/29/2025 9:00:00 PM,7/29/2025 5:00:00 PM,RFC,WEST,ATSI,OE,10873.450,True
7/29/2025 10:00:00 PM,7/29/2025 6:00:00 PM,RFC,WEST,ATSI,OE,10881.952,True
7/29/2025 11:00:00 PM,7/29/2025 7:00:00 PM,RFC,WEST,ATSI,OE,10805.491,True
7/30/2025 12:00:00 AM,7/29/2025 8:00:00 PM,RFC,WEST,ATSI,OE,10315.476,True
7/30/2025 1:00:00 AM,7/29/2025 9:00:00 PM,RFC,WEST,ATSI,OE,10084.590,True
7/30/2025 2:00:00 AM,7/29/2025 10:00:00 PM,RFC,WEST,ATSI,OE,9499.271,True
7/30/2025 3:00:00 AM,7/29/2025 11:00:00 PM,RFC,WEST,ATSI,OE,8888.371,True
7/30/2025 4:00:00 AM,7/30/2025 12:00:00 AM,RFC,WEST,ATSI,OE,8255.235,True
7/30/2025 5:00:00 AM,7/30/2025 1:00:00 AM,RFC,WEST,ATSI,OE,7761.809,True
7/30/2025 6:00:00 AM,7/30/2025 2:00:00 AM,RFC,WEST,ATSI,OE,7467.103,True
7/30/2025 7:00:00 AM,7/30/2025 3:00:00 AM,RFC,WEST,ATSI,OE,7230.670,True
7/30/2025 8:00:00 AM,7/30/2025 4:00:00 AM,RFC,WEST,ATSI,OE,7174.865,True
7/30/2025 9:00:00 AM,7/30/2025 5:00:00 AM,RFC,WEST,ATSI,OE,7296.639,True
7/30/2025 10:00:00 AM,7/30/2025 6:00:00 AM,RFC,WEST,ATSI,OE,7650.467,True
7/30/2025 11:00:00 AM,7/30/2025 7:00:00 AM,RFC,WEST,ATSI,OE,8117.879,True
7/30/2025 12:00:00 PM,7/30/2025 8:00:00 AM,RFC,WEST,ATSI,OE,8761.348,True
7/30/2025 1:00:00 PM,7/30/2025 9:00:00 AM,RFC,WEST,ATSI,OE,9302.460,True
7/30/2025 2:00:00 PM,7/30/2025 10:00:00 AM,RFC,WEST,ATSI,OE,10029.594,True
7/30/2025 3:00:00 PM,7/30/2025 11:00:00 AM,RFC,WEST,ATSI,OE,10572.710,True
7/30/2025 4:00:00 PM,7/30/2025 12:00:00 PM,RFC,WEST,ATSI,OE,11023.078,True
7/30/2025 5:00:00 PM,7/30/2025 1:00:00 PM,RFC,WEST,ATSI,OE,11130.740,True
7/30/2025 6:00:00 PM,7/30/2025 2:00:00 PM,RFC,WEST,ATSI,OE,11291.463,True
7/30/2025 7:00:00 PM,7/30/2025 3:00:00 PM,RFC,WEST,ATSI,OE,11304.892,True
7/30/2025 8:00:00 PM,7/30/2025 4:00:00 PM,RFC,WEST,ATSI,OE,11276.249,True
7/30/2025 9:00:00 PM,7/30/2025 5:00:00 PM,RFC,WEST,ATSI,OE,11060.778,True
7/30/2025 10:00:00 PM,7/30/2025 6:00:00 PM,RFC,WEST,ATSI,OE,11136.778,True
7/30/2025 11:00:00 PM,7/30/2025 7:00:00 PM,RFC,WEST,ATSI,OE,10980.807,True
7/31/2025 12:00:00 AM,7/30/2025 8:00:00 PM,RFC,WEST,ATSI,OE,10583.599,True
7/31/2025 1:00:00 AM,7/30/2025 9:00:00 PM,RFC,WEST,ATSI,OE,10232.521,True
7/31/2025 2:00:00 AM,7/30/2025 10:00:00 PM,RFC,WEST,ATSI,OE,9593.558,True
7/31/2025 3:00:00 AM,7/30/2025 11:00:00 PM,RFC,WEST,ATSI,OE,8869.577,True
7/31/2025 4:00:00 AM,7/31/2025 12:00:00 AM,RFC,WEST,ATSI,OE,8268.177,True
7/31/2025 5:00:00 AM,7/31/2025 1:00:00 AM,RFC,WEST,ATSI,OE,7675.273,True
7/31/2025 6:00:00 AM,7/31/2025 2:00:00 AM,RFC,WEST,ATSI,OE,7430.206,True
7/31/2025 7:00:00 AM,7/31/2025 3:00:00 AM,RFC,WEST,ATSI,OE,7219.368,True
7/31/2025 8:00:00 AM,7/31/2025 4:00:00 AM,RFC,WEST,ATSI,OE,7094.744,True
7/31/2025 9:00:00 AM,7/31/2025 5:00:00 AM,RFC,WEST,ATSI,OE,7173.669,True
7/31/2025 10:00:00 AM,7/31/2025 6:00:00 AM,RFC,WEST,ATSI,OE,7461.362,True
7/31/2025 11:00:00 AM,7/31/2025 7:00:00 AM,RFC,WEST,ATSI,OE,7622.119,True
7/31/2025 12:00:00 PM,7/31/2025 8:00:00 AM,RFC,WEST,ATSI,OE,7860.098,True
7/31/2025 1:00:00 PM,7/31/2025 9:00:00 AM,RFC,WEST,ATSI,OE,7954.801,True
7/31/2025 2:00:00 PM,7/31/2025 10:00:00 AM,RFC,WEST,ATSI,OE,7964.107,True
7/31/2025 3:00:00 PM,7/31/2025 11:00:00 AM,RFC,WEST,ATSI,OE,8104.074,True
7/31/2025 4:00:00 PM,7/31/2025 12:00:00 PM,RFC,WEST,ATSI,OE,8080.891,True
7/31/2025 5:00:00 PM,7/31/2025 1:00:00 PM,RFC,WEST,ATSI,OE,8059.048,True
7/31/2025 6:00:00 PM,7/31/2025 2:00:00 PM,RFC,WEST,ATSI,OE,8068.149,True
7/31/2025 7:00:00 PM,7/31/2025 3:00:00 PM,RFC,WEST,ATSI,OE,7941.101,True
7/31/2025 8:00:00 PM,7/31/2025 4:00:00 PM,RFC,WEST,ATSI,OE,7871.374,True
7/31/2025 9:00:00 PM,7/31/2025 5:00:00 PM,RFC,WEST,ATSI,OE,7773.684,True
7/31/2025 10:00:00 PM,7/31/2025 6:00:00 PM,RFC,WEST,ATSI,OE,7678.266,True
7/31/2025 11:00:00 PM,7/31/2025 7:00:00 PM,RFC,WEST,ATSI,OE,7544.354,True
8/1/2025 12:00:00 AM,7/31/2025 8:00:00 PM,RFC,WEST,ATSI,OE,7387.516,True
8/1/2025 1:00:00 AM,7/31/2025 9:00:00 PM,RFC,WEST,ATSI,OE,7291.893,True
8/1/2025 2:00:00 AM,7/31/2025 10:00:00 PM,RFC,WEST,ATSI,OE,6957.835,True
8/1/2025 3:00:00 AM,7/31/2025 11:00:00 PM,RFC,WEST,ATSI,OE,6578.519,True
8/1/2025 4:00:00 AM,8/1/2025 12:00:00 AM,RFC,WEST,ATSI,OE,6251.141,True
8/1/2025 5:00:00 AM,8/1/2025 1:00:00 AM,RFC,WEST,ATSI,OE,5965.915,True
8/1/2025 6:00:00 AM,8/1/2025 2:00:00 AM,RFC,WEST,ATSI,OE,5810.822,True
8/1/2025 7:00:00 AM,8/1/2025 3:00:00 AM,RFC,WEST,ATSI,OE,5743.729,True
8/1/2025 8:00:00 AM,8/1/2025 4:00:00 AM,RFC,WEST,ATSI,OE,5767.440,True
8/1/2025 9:00:00 AM,8/1/2025 5:00:00 AM,RFC,WEST,ATSI,OE,5876.717,True
8/1/2025 10:00:00 AM,8/1/2025 6:00:00 AM,RFC,WEST,ATSI,OE,6106.844,True
8/1/2025 11:00:00 AM,8/1/2025 7:00:00 AM,RFC,WEST,ATSI,OE,6400.911,True
8/1/2025 12:00:00 PM,8/1/2025 8:00:00 AM,RFC,WEST,ATSI,OE,6742.949,True
8/1/2025 1:00:00 PM,8/1/2025 9:00:00 AM,RFC,WEST,ATSI,OE,7090.110,True
8/1/2025 2:00:00 PM,8/1/2025 10:00:00 AM,RFC,WEST,ATSI,OE,7270.299,True
8/1/2025 3:00:00 PM,8/1/2025 11:00:00 AM,RFC,WEST,ATSI,OE,7536.271,True
8/1/2025 4:00:00 PM,8/1/2025 12:00:00 PM,RFC,WEST,ATSI,OE,7651.370,True
8/1/2025 5:00:00 PM,8/1/2025 1:00:00 PM,RFC,WEST,ATSI,OE,7885.855,True
8/1/2025 6:00:00 PM,8/1/2025 2:00:00 PM,RFC,WEST,ATSI,OE,7831.028,True
8/1/2025 7:00:00 PM,8/1/2025 3:00:00 PM,RFC,WEST,ATSI,OE,7878.600,True
8/1/2025 8:00:00 PM,8/1/2025 4:00:00 PM,RFC,WEST,ATSI,OE,7987.926,True
8/1/2025 9:00:00 PM,8/1/2025 5:00:00 PM,RFC,WEST,ATSI,OE,8071.345,True
8/1/2025 10:00:00 PM,8/1/2025 6:00:00 PM,RFC,WEST,ATSI,OE,7957.085,True
8/1/2025 11:00:00 PM,8/1/2025 7:00:00 PM,RFC,WEST,ATSI,OE,7732.283,True
8/2/2025 12:00:00 AM,8/1/2025 8:00:00 PM,RFC,WEST,ATSI,OE,7357.954,True
8/2/2025 1:00:00 AM,8/1/2025 9:00:00 PM,RFC,WEST,ATSI,OE,7162.379,True
8/2/2025 2:00:00 AM,8/1/2025 10:00:00 PM,RFC,WEST,ATSI,OE,6761.930,True
8/2/2025 3:00:00 AM,8/1/2025 11:00:00 PM,RFC,WEST,ATSI,OE,6257.817,True
8/2/2025 4:00:00 AM,8/2/2025 12:00:00 AM,RFC,WEST,ATSI,OE,5987.426,True
8/2/2025 5:00:00 AM,8/2/2025 1:00:00 AM,RFC,WEST,ATSI,OE,5777.564,True
8/2/2025 6:00:00 AM,8/2/2025 2:00:00 AM,RFC,WEST,ATSI,OE,5531.754,True
8/2/2025 7:00:00 AM,8/2/2025 3:00:00 AM,RFC,WEST,ATSI,OE,5494.460,True
8/2/2025 8:00:00 AM,8/2/2025 4:00:00 AM,RFC,WEST,ATSI,OE,5388.746,True
8/2/2025 9:00:00 AM,8/2/2025 5:00:00 AM,RFC,WEST,ATSI,OE,5417.086,True
8/2/2025 10:00:00 AM,8/2/2025 6:00:00 AM,RFC,WEST,ATSI,OE,5509.409,True
8/2/2025 11:00:00 AM,8/2/2025 7:00:00 AM,RFC,WEST,ATSI,OE,5682.494,True
8/2/2025 12:00:00 PM,8/2/2025 8:00:00 AM,RFC,WEST,ATSI,OE,5991.858,True
8/2/2025 1:00:00 PM,8/2/2025 9:00:00 AM,RFC,WEST,ATSI,OE,6164.681,True
8/2/2025 2:00:00 PM,8/2/2025 10:00:00 AM,RFC,WEST,ATSI,OE,6406.668,True
8/2/2025 3:00:00 PM,8/2/2025 11:00:00 AM,RFC,WEST,ATSI,OE,6604.014,True
8/2/2025 4:00:00 PM,8/2/2025 12:00:00 PM,RFC,WEST,ATSI,OE,6729.442,True
8/2/2025 5:00:00 PM,8/2/2025 1:00:00 PM,RFC,WEST,ATSI,OE,6889.021,True
8/2/2025 6:00:00 PM,8/2/2025 2:00:00 PM,RFC,WEST,ATSI,OE,7079.942,True
8/2/2025 7:00:00 PM,8/2/2025 3:00:00 PM,RFC,WEST,ATSI,OE,7248.498,True
8/2/2025 8:00:00 PM,8/2/2025 4:00:00 PM,RFC,WEST,ATSI,OE,7349.607,True
8/2/2025 9:00:00 PM,8/2/2025 5:00:00 PM,RFC,WEST,ATSI,OE,7467.470,True
8/2/2025 10:00:00 PM,8/2/2025 6:00:00 PM,RFC,WEST,ATSI,OE,7418.317,True
8/2/2025 11:00:00 PM,8/2/2025 7:00:00 PM,RFC,WEST,ATSI,OE,7212.485,True
8/3/2025 12:00:00 AM,8/2/2025 8:00:00 PM,RFC,WEST,ATSI,OE,6900.136,True
8/3/2025 1:00:00 AM,8/2/2025 9:00:00 PM,RFC,WEST,ATSI,OE,6858.771,True
8/3/2025 2:00:00 AM,8/2/2025 10:00:00 PM,RFC,WEST,ATSI,OE,6476.114,True
8/3/2025 3:00:00 AM,8/2/2025 11:00:00 PM,RFC,WEST,ATSI,OE,6020.767,True
8/3/2025 4:00:00 AM,8/3/2025 12:00:00 AM,RFC,WEST,ATSI,OE,5700.735,True
8/3/2025 5:00:00 AM,8/3/2025 1:00:00 AM,RFC,WEST,ATSI,OE,5480.796,True
8/3/2025 6:00:00 AM,8/3/2025 2:00:00 AM,RFC,WEST,ATSI,OE,5335.333,True
8/3/2025 7:00:00 AM,8/3/2025 3:00:00 AM,RFC,WEST,ATSI,OE,5207.831,True
8/3/2025 8:00:00 AM,8/3/2025 4:00:00 AM,RFC,WEST,ATSI,OE,5204.555,True
8/3/2025 9:00:00 AM,8/3/2025 5:00:00 AM,RFC,WEST,ATSI,OE,5243.808,True
8/3/2025 10:00:00 AM,8/3/2025 6:00:00 AM,RFC,WEST,ATSI,OE,5234.137,True
8/3/2025 11:00:00 AM,8/3/2025 7:00:00 AM,RFC,WEST,ATSI,OE,5315.564,True
8/3/2025 12:00:00 PM,8/3/2025 8:00:00 AM,RFC,WEST,ATSI,OE,5594.883,True
8/3/2025 1:00:00 PM,8/3/2025 9:00:00 AM,RFC,WEST,ATSI,OE,5889.884,True
8/3/2025 2:00:00 PM,8/3/2025 10:00:00 AM,RFC,WEST,ATSI,OE,6202.639,True
8/3/2025 3:00:00 PM,8/3/2025 11:00:00 AM,RFC,WEST,ATSI,OE,6524.214,True
8/3/2025 4:00:00 PM,8/3/2025 12:00:00 PM,RFC,WEST,ATSI,OE,6828.851,True
8/3/2025 5:00:00 PM,8/3/2025 1:00:00 PM,RFC,WEST,ATSI,OE,7131.840,True
8/3/2025 6:00:00 PM,8/3/2025 2:00:00 PM,RFC,WEST,ATSI,OE,7420.554,True
8/3/2025 7:00:00 PM,8/3/2025 3:00:00 PM,RFC,WEST,ATSI,OE,7685.184,True
8/3/2025 8:00:00 PM,8/3/2025 4:00:00 PM,RFC,WEST,ATSI,OE,8030.019,True
8/3/2025 9:00:00 PM,8/3/2025 5:00:00 PM,RFC,WEST,ATSI,OE,8194.664,True
8/3/2025 10:00:00 PM,8/3/2025 6:00:00 PM,RFC,WEST,ATSI,OE,8171.033,True
8/3/2025 11:00:00 PM,8/3/2025 7:00:00 PM,RFC,WEST,ATSI,OE,7895.265,True
8/4/2025 12:00:00 AM,8/3/2025 8:00:00 PM,RFC,WEST,ATSI,OE,7633.032,True
8/4/2025 1:00:00 AM,8/3/2025 9:00:00 PM,RFC,WEST,ATSI,OE,7488.824,True
8/4/2025 2:00:00 AM,8/3/2025 10:00:00 PM,RFC,WEST,ATSI,OE,7014.822,True
8/4/2025 3:00:00 AM,8/3/2025 11:00:00 PM,RFC,WEST,ATSI,OE,6588.307,True
8/4/2025 4:00:00 AM,8/4/2025 12:00:00 AM,RFC,WEST,ATSI,OE,6229.539,True
8/4/2025 5:00:00 AM,8/4/2025 1:00:00 AM,RFC,WEST,ATSI,OE,5938.685,True
8/4/2025 6:00:00 AM,8/4/2025 2:00:00 AM,RFC,WEST,ATSI,OE,5787.218,True
8/4/2025 7:00:00 AM,8/4/2025 3:00:00 AM,RFC,WEST,ATSI,OE,5665.149,True
8/4/2025 8:00:00 AM,8/4/2025 4:00:00 AM,RFC,WEST,ATSI,OE,5813.180,True
8/4/2025 9:00:00 AM,8/4/2025 5:00:00 AM,RFC,WEST,ATSI,OE,6004.157,True
8/4/2025 10:00:00 AM,8/4/2025 6:00:00 AM,RFC,WEST,ATSI,OE,6281.482,True
8/4/2025 11:00:00 AM,8/4/2025 7:00:00 AM,RFC,WEST,ATSI,OE,6597.683,True
8/4/2025 12:00:00 PM,8/4/2025 8:00:00 AM,RFC,WEST,ATSI,OE,6927.029,True
8/4/2025 1:00:00 PM,8/4/2025 9:00:00 AM,RFC,WEST,ATSI,OE,7410.998,True
8/4/2025 2:00:00 PM,8/4/2025 10:00:00 AM,RFC,WEST,ATSI,OE,7752.999,True
8/4/2025 3:00:00 PM,8/4/2025 11:00:00 AM,RFC,WEST,ATSI,OE,8039.293,True
8/4/2025 4:00:00 PM,8/4/2025 12:00:00 PM,RFC,WEST,ATSI,OE,8329.627,True
8/4/2025 5:00:00 PM,8/4/2025 1:00:00 PM,RFC,WEST,ATSI,OE,8715.708,True
8/4/2025 6:00:00 PM,8/4/2025 2:00:00 PM,RFC,WEST,ATSI,OE,8943.949,True
8/4/2025 7:00:00 PM,8/4/2025 3:00:00 PM,RFC,WEST,ATSI,OE,9166.524,True
8/4/2025 8:00:00 PM,8/4/2025 4:00:00 PM,RFC,WEST,ATSI,OE,9242.917,True
8/4/2025 9:00:00 PM,8/4/2025 5:00:00 PM,RFC,WEST,ATSI,OE,9314.064,True
8/4/2025 10:00:00 PM,8/4/2025 6:00:00 PM,RFC,WEST,ATSI,OE,9129.197,True
8/4/2025 11:00:00 PM,8/4/2025 7:00:00 PM,RFC,WEST,ATSI,OE,8863.521,True
8/5/2025 12:00:00 AM,8/4/2025 8:00:00 PM,RFC,WEST,ATSI,OE,8499.322,True
8/5/2025 1:00:00 AM,8/4/2025 9:00:00 PM,RFC,WEST,ATSI,OE,8335.447,True
8/5/2025 2:00:00 AM,8/4/2025 10:00:00 PM,RFC,WEST,ATSI,OE,7760.465,True
8/5/2025 3:00:00 AM,8/4/2025 11:00:00 PM,RFC,WEST,ATSI,OE,7211.242,True
8/5/2025 4:00:00 AM,8/5/2025 12:00:00 AM,RFC,WEST,ATSI,OE,6772.514,True
8/5/2025 5:00:00 AM,8/5/2025 1:00:00 AM,RFC,WEST,ATSI,OE,6524.582,True
8/5/2025 6:00:00 AM,8/5/2025 2:00:00 AM,RFC,WEST,ATSI,OE,6262.071,True
8/5/2025 7:00:00 AM,8/5/2025 3:00:00 AM,RFC,WEST,ATSI,OE,6193.892,True
8/5/2025 8:00:00 AM,8/5/2025 4:00:00 AM,RFC,WEST,ATSI,OE,6179.152,True
8/5/2025 9:00:00 AM,8/5/2025 5:00:00 AM,RFC,WEST,ATSI,OE,6323.803,True
8/5/2025 10:00:00 AM,8/5/2025 6:00:00 AM,RFC,WEST,ATSI,OE,6651.107,True
8/5/2025 11:00:00 AM,8/5/2025 7:00:00 AM,RFC,WEST,ATSI,OE,7003.443,True
8/5/2025 12:00:00 PM,8/5/2025 8:00:00 AM,RFC,WEST,ATSI,OE,7418.837,True
8/5/2025 1:00:00 PM,8/5/2025 9:00:00 AM,RFC,WEST,ATSI,OE,7756.983,True
8/5/2025 2:00:00 PM,8/5/2025 10:00:00 AM,RFC,WEST,ATSI,OE,8134.861,True
8/5/2025 3:00:00 PM,8/5/2025 11:00:00 AM,RFC,WEST,ATSI,OE,8620.003,True
8/5/2025 4:00:00 PM,8/5/2025 12:00:00 PM,RFC,WEST,ATSI,OE,9025.079,True
8/5/2025 5:00:00 PM,8/5/2025 1:00:00 PM,RFC,WEST,ATSI,OE,9480.967,True
8/5/2025 6:00:00 PM,8/5/2025 2:00:00 PM,RFC,WEST,ATSI,OE,9753.294,True
8/5/2025 7:00:00 PM,8/5/2025 3:00:00 PM,RFC,WEST,ATSI,OE,9956.912,True
8/5/2025 8:00:00 PM,8/5/2025 4:00:00 PM,RFC,WEST,ATSI,OE,9996.824,True
8/5/2025 9:00:00 PM,8/5/2025 5:00:00 PM,RFC,WEST,ATSI,OE,9886.375,True
8/5/2025 10:00:00 PM,8/5/2025 6:00:00 PM,RFC,WEST,ATSI,OE,9738.301,True
8/5/2025 11:00:00 PM,8/5/2025 7:00:00 PM,RFC,WEST,ATSI,OE,9512.807,True
8/6/2025 12:00:00 AM,8/5/2025 8:00:00 PM,RFC,WEST,ATSI,OE,9193.786,True
8/6/2025 1:00:00 AM,8/5/2025 9:00:00 PM,RFC,WEST,ATSI,OE,8933.766,True
8/6/2025 2:00:00 AM,8/5/2025 10:00:00 PM,RFC,WEST,ATSI,OE,8365.646,True
8/6/2025 3:00:00 AM,8/5/2025 11:00:00 PM,RFC,WEST,ATSI,OE,7819.231,True
8/6/2025 4:00:00 AM,8/6/2025 12:00:00 AM,RFC,WEST,ATSI,OE,7313.444,True
8/6/2025 5:00:00 AM,8/6/2025 1:00:00 AM,RFC,WEST,ATSI,OE,6939.900,True
8/6/2025 6:00:00 AM,8/6/2025 2:00:00 AM,RFC,WEST,ATSI,OE,6657.278,True
8/6/2025 7:00:00 AM,8/6/2025 3:00:00 AM,RFC,WEST,ATSI,OE,6501.739,True
8/6/2025 8:00:00 AM,8/6/2025 4:00:00 AM,RFC,WEST,ATSI,OE,6473.232,True
8/6/2025 9:00:00 AM,8/6/2025 5:00:00 AM,RFC,WEST,ATSI,OE,6633.089,True
8/6/2025 10:00:00 AM,8/6/2025 6:00:00 AM,RFC,WEST,ATSI,OE,6970.921,True
8/6/2025 11:00:00 AM,8/6/2025 7:00:00 AM,RFC,WEST,ATSI,OE,7297.095,True
8/6/2025 12:00:00 PM,8/6/2025 8:00:00 AM,RFC,WEST,ATSI,OE,7699.785,True
8/6/2025 1:00:00 PM,8/6/2025 9:00:00 AM,RFC,WEST,ATSI,OE,8066.439,True
8/6/2025 2:00:00 PM,8/6/2025 10:00:00 AM,RFC,WEST,ATSI,OE,8573.902,True
8/6/2025 3:00:00 PM,8/6/2025 11:00:00 AM,RFC,WEST,ATSI,OE,8998.150,True
8/6/2025 4:00:00 PM,8/6/2025 12:00:00 PM,RFC,WEST,ATSI,OE,9469.329,True
8/6/2025 5:00:00 PM,8/6/2025 1:00:00 PM,RFC,WEST,ATSI,OE,9857.485,True
8/6/2025 6:00:00 PM,8/6/2025 2:00:00 PM,RFC,WEST,ATSI,OE,10159.565,True
8/6/2025 7:00:00 PM,8/6/2025 3:00:00 PM,RFC,WEST,ATSI,OE,10266.761,True
8/6/2025 8:00:00 PM,8/6/2025 4:00:00 PM,RFC,WEST,ATSI,OE,10419.685,True
8/6/2025 9:00:00 PM,8/6/2025 5:00:00 PM,RFC,WEST,ATSI,OE,10364.315,True
8/6/2025 10:00:00 PM,8/6/2025 6:00:00 PM,RFC,WEST,ATSI,OE,10169.490,True
8/6/2025 11:00:00 PM,8/6/2025 7:00:00 PM,RFC,WEST,ATSI,OE,9809.920,True
8/7/2025 12:00:00 AM,8/6/2025 8:00:00 PM,RFC,WEST,ATSI,OE,9278.034,True
8/7/2025 1:00:00 AM,8/6/2025 9:00:00 PM,RFC,WEST,ATSI,OE,8952.572,True
8/7/2025 2:00:00 AM,8/6/2025 10:00:00 PM,RFC,WEST,ATSI,OE,8400.531,True
8/7/2025 3:00:00 AM,8/6/2025 11:00:00 PM,RFC,WEST,ATSI,OE,7799.645,True
8/7/2025 4:00:00 AM,8/7/2025 12:00:00 AM,RFC,WEST,ATSI,OE,7328.292,True
8/7/2025 5:00:00 AM,8/7/2025 1:00:00 AM,RFC,WEST,ATSI,OE,6917.025,True
8/7/2025 6:00:00 AM,8/7/2025 2:00:00 AM,RFC,WEST,ATSI,OE,6611.488,True
8/7/2025 7:00:00 AM,8/7/2025 3:00:00 AM,RFC,WEST,ATSI,OE,6417.333,True
8/7/2025 8:00:00 AM,8/7/2025 4:00:00 AM,RFC,WEST,ATSI,OE,6432.026,True
8/7/2025 9:00:00 AM,8/7/2025 5:00:00 AM,RFC,WEST,ATSI,OE,6614.791,True
8/7/2025 10:00:00 AM,8/7/2025 6:00:00 AM,RFC,WEST,ATSI,OE,6847.866,True
8/7/2025 11:00:00 AM,8/7/2025 7:00:00 AM,RFC,WEST,ATSI,OE,7165.818,True
8/7/2025 12:00:00 PM,8/7/2025 8:00:00 AM,RFC,WEST,ATSI,OE,7530.871,True
8/7/2025 1:00:00 PM,8/7/2025 9:00:00 AM,RFC,WEST,ATSI,OE,7932.102,True
8/7/2025 2:00:00 PM,8/7/2025 10:00:00 AM,RFC,WEST,ATSI,OE,8486.127,True
8/7/2025 3:00:00 PM,8/7/2025 11:00:00 AM,RFC,WEST,ATSI,OE,8978.678,True
8/7/2025 4:00:00 PM,8/7/2025 12:00:00 PM,RFC,WEST,ATSI,OE,9437.812,True
8/7/2025 5:00:00 PM,8/7/2025 1:00:00 PM,RFC,WEST,ATSI,OE,9972.776,True
8/7/2025 6:00:00 PM,8/7/2025 2:00:00 PM,RFC,WEST,ATSI,OE,10269.526,True
8/7/2025 7:00:00 PM,8/7/2025 3:00:00 PM,RFC,WEST,ATSI,OE,10412.768,True
8/7/2025 8:00:00 PM,8/7/2025 4:00:00 PM,RFC,WEST,ATSI,OE,10540.922,True
8/7/2025 9:00:00 PM,8/7/2025 5:00:00 PM,RFC,WEST,ATSI,OE,10501.710,True
8/7/2025 10:00:00 PM,8/7/2025 6:00:00 PM,RFC,WEST,ATSI,OE,10356.390,True
8/7/2025 11:00:00 PM,8/7/2025 7:00:00 PM,RFC,WEST,ATSI,OE,10050.912,True
8/8/2025 12:00:00 AM,8/7/2025 8:00:00 PM,RFC,WEST,ATSI,OE,9579.261,True
8/8/2025 1:00:00 AM,8/7/2025 9:00:00 PM,RFC,WEST,ATSI,OE,9218.075,True
8/8/2025 2:00:00 AM,8/7/2025 10:00:00 PM,RFC,WEST,ATSI,OE,8559.237,True
8/8/2025 3:00:00 AM,8/7/2025 11:00:00 PM,RFC,WEST,ATSI,OE,7942.609,True
8/8/2025 4:00:00 AM,8/8/2025 12:00:00 AM,RFC,WEST,ATSI,OE,7405.149,True
8/8/2025 5:00:00 AM,8/8/2025 1:00:00 AM,RFC,WEST,ATSI,OE,6920.235,True
8/8/2025 6:00:00 AM,8/8/2025 2:00:00 AM,RFC,WEST,ATSI,OE,6612.268,True
8/8/2025 7:00:00 AM,8/8/2025 3:00:00 AM,RFC,WEST,ATSI,OE,6381.458,True
8/8/2025 8:00:00 AM,8/8/2025 4:00:00 AM,RFC,WEST,ATSI,OE,6389.188,True
8/8/2025 9:00:00 AM,8/8/2025 5:00:00 AM,RFC,WEST,ATSI,OE,6568.896,True
8/8/2025 10:00:00 AM,8/8/2025 6:00:00 AM,RFC,WEST,ATSI,OE,6780.685,True
8/8/2025 11:00:00 AM,8/8/2025 7:00:00 AM,RFC,WEST,ATSI,OE,7139.387,True
8/8/2025 12:00:00 PM,8/8/2025 8:00:00 AM,RFC,WEST,ATSI,OE,7636.423,True
8/8/2025 1:00:00 PM,8/8/2025 9:00:00 AM,RFC,WEST,ATSI,OE,8251.304,True
8/8/2025 2:00:00 PM,8/8/2025 10:00:00 AM,RFC,WEST,ATSI,OE,8907.239,True
8/8/2025 3:00:00 PM,8/8/2025 11:00:00 AM,RFC,WEST,ATSI,OE,9491.303,True
8/8/2025 4:00:00 PM,8/8/2025 12:00:00 PM,RFC,WEST,ATSI,OE,10024.928,True
8/8/2025 5:00:00 PM,8/8/2025 1:00:00 PM,RFC,WEST,ATSI,OE,10466.362,True
8/8/2025 6:00:00 PM,8/8/2025 2:00:00 PM,RFC,WEST,ATSI,OE,10723.856,True
8/8/2025 7:00:00 PM,8/8/2025 3:00:00 PM,RFC,WEST,ATSI,OE,10933.844,True
8/8/2025 8:00:00 PM,8/8/2025 4:00:00 PM,RFC,WEST,ATSI,OE,11094.206,True
8/8/2025 9:00:00 PM,8/8/2025 5:00:00 PM,RFC,WEST,ATSI,OE,11000.387,True
8/8/2025 10:00:00 PM,8/8/2025 6:00:00 PM,RFC,WEST,ATSI,OE,10787.594,True
8/8/2025 11:00:00 PM,8/8/2025 7:00:00 PM,RFC,WEST,ATSI,OE,10414.657,True
8/9/2025 12:00:00 AM,8/8/2025 8:00:00 PM,RFC,WEST,ATSI,OE,9857.040,True
8/9/2025 1:00:00 AM,8/8/2025 9:00:00 PM,RFC,WEST,ATSI,OE,9524.205,True
8/9/2025 2:00:00 AM,8/8/2025 10:00:00 PM,RFC,WEST,ATSI,OE,8842.288,True
8/9/2025 3:00:00 AM,8/8/2025 11:00:00 PM,RFC,WEST,ATSI,OE,8128.502,True
8/9/2025 4:00:00 AM,8/9/2025 12:00:00 AM,RFC,WEST,ATSI,OE,7521.715,True
8/9/2025 5:00:00 AM,8/9/2025 1:00:00 AM,RFC,WEST,ATSI,OE,7095.110,True
8/9/2025 6:00:00 AM,8/9/2025 2:00:00 AM,RFC,WEST,ATSI,OE,6797.693,True
8/9/2025 7:00:00 AM,8/9/2025 3:00:00 AM,RFC,WEST,ATSI,OE,6587.739,True
8/9/2025 8:00:00 AM,8/9/2025 4:00:00 AM,RFC,WEST,ATSI,OE,6357.843,True
8/9/2025 9:00:00 AM,8/9/2025 5:00:00 AM,RFC,WEST,ATSI,OE,6317.438,True
8/9/2025 10:00:00 AM,8/9/2025 6:00:00 AM,RFC,WEST,ATSI,OE,6345.028,True
8/9/2025 11:00:00 AM,8/9/2025 7:00:00 AM,RFC,WEST,ATSI,OE,6524.976,True
8/9/2025 12:00:00 PM,8/9/2025 8:00:00 AM,RFC,WEST,ATSI,OE,7131.170,True
8/9/2025 1:00:00 PM,8/9/2025 9:00:00 AM,RFC,WEST,ATSI,OE,7774.280,True
8/9/2025 2:00:00 PM,8/9/2025 10:00:00 AM,RFC,WEST,ATSI,OE,8445.431,True
8/9/2025 3:00:00 PM,8/9/2025 11:00:00 AM,RFC,WEST,ATSI,OE,9004.464,True
8/9/2025 4:00:00 PM,8/9/2025 12:00:00 PM,RFC,WEST,ATSI,OE,9445.068,True
8/9/2025 5:00:00 PM,8/9/2025 1:00:00 PM,RFC,WEST,ATSI,OE,9931.975,True
8/9/2025 6:00:00 PM,8/9/2025 2:00:00 PM,RFC,WEST,ATSI,OE,10276.997,True
8/9/2025 7:00:00 PM,8/9/2025 3:00:00 PM,RFC,WEST,ATSI,OE,10602.021,True
8/9/2025 8:00:00 PM,8/9/2025 4:00:00 PM,RFC,WEST,ATSI,OE,10713.165,True
8/9/2025 9:00:00 PM,8/9/2025 5:00:00 PM,RFC,WEST,ATSI,OE,10674.778,True
8/9/2025 10:00:00 PM,8/9/2025 6:00:00 PM,RFC,WEST,ATSI,OE,10599.055,True
8/9/2025 11:00:00 PM,8/9/2025 7:00:00 PM,RFC,WEST,ATSI,OE,10222.384,True
8/10/2025 12:00:00 AM,8/9/2025 8:00:00 PM,RFC,WEST,ATSI,OE,9733.344,True
8/10/2025 1:00:00 AM,8/9/2025 9:00:00 PM,RFC,WEST,ATSI,OE,9322.344,True
8/10/2025 2:00:00 AM,8/9/2025 10:00:00 PM,RFC,WEST,ATSI,OE,8711.244,True
8/10/2025 3:00:00 AM,8/9/2025 11:00:00 PM,RFC,WEST,ATSI,OE,8109.357,True
8/10/2025 4:00:00 AM,8/10/2025 12:00:00 AM,RFC,WEST,ATSI,OE,7496.082,True
8/10/2025 5:00:00 AM,8/10/2025 1:00:00 AM,RFC,WEST,ATSI,OE,7081.576,True
8/10/2025 6:00:00 AM,8/10/2025 2:00:00 AM,RFC,WEST,ATSI,OE,6774.728,True
8/10/2025 7:00:00 AM,8/10/2025 3:00:00 AM,RFC,WEST,ATSI,OE,6541.197,True
8/10/2025 8:00:00 AM,8/10/2025 4:00:00 AM,RFC,WEST,ATSI,OE,6378.155,True
8/10/2025 9:00:00 AM,8/10/2025 5:00:00 AM,RFC,WEST,ATSI,OE,6315.822,True
8/10/2025 10:00:00 AM,8/10/2025 6:00:00 AM,RFC,WEST,ATSI,OE,6263.923,True
8/10/2025 11:00:00 AM,8/10/2025 7:00:00 AM,RFC,WEST,ATSI,OE,6404.461,True
8/10/2025 12:00:00 PM,8/10/2025 8:00:00 AM,RFC,WEST,ATSI,OE,6930.006,True
8/10/2025 1:00:00 PM,8/10/2025 9:00:00 AM,RFC,WEST,ATSI,OE,7639.938,True
8/10/2025 2:00:00 PM,8/10/2025 10:00:00 AM,RFC,WEST,ATSI,OE,8401.031,True
8/10/2025 3:00:00 PM,8/10/2025 11:00:00 AM,RFC,WEST,ATSI,OE,9060.155,True
8/10/2025 4:00:00 PM,8/10/2025 12:00:00 PM,RFC,WEST,ATSI,OE,9542.018,True
8/10/2025 5:00:00 PM,8/10/2025 1:00:00 PM,RFC,WEST,ATSI,OE,10035.049,True
8/10/2025 6:00:00 PM,8/10/2025 2:00:00 PM,RFC,WEST,ATSI,OE,10334.089,True
8/10/2025 7:00:00 PM,8/10/2025 3:00:00 PM,RFC,WEST,ATSI,OE,10539.453,True
8/10/2025 8:00:00 PM,8/10/2025 4:00:00 PM,RFC,WEST,ATSI,OE,10815.327,True
8/10/2025 9:00:00 PM,8/10/2025 5:00:00 PM,RFC,WEST,ATSI,OE,10886.216,True
8/10/2025 10:00:00 PM,8/10/2025 6:00:00 PM,RFC,WEST,ATSI,OE,10819.160,True
8/10/2025 11:00:00 PM,8/10/2025 7:00:00 PM,RFC,WEST,ATSI,OE,10512.641,True
8/11/2025 12:00:00 AM,8/10/2025 8:00:00 PM,RFC,WEST,ATSI,OE,9994.225,True
8/11/2025 1:00:00 AM,8/10/2025 9:00:00 PM,RFC,WEST,ATSI,OE,9637.264,True
8/11/2025 2:00:00 AM,8/10/2025 10:00:00 PM,RFC,WEST,ATSI,OE,8985.997,True
8/11/2025 3:00:00 AM,8/10/2025 11:00:00 PM,RFC,WEST,ATSI,OE,8362.868,True
8/11/2025 4:00:00 AM,8/11/2025 12:00:00 AM,RFC,WEST,ATSI,OE,7801.422,True
8/11/2025 5:00:00 AM,8/11/2025 1:00:00 AM,RFC,WEST,ATSI,OE,7423.797,True
8/11/2025 6:00:00 AM,8/11/2025 2:00:00 AM,RFC,WEST,ATSI,OE,7101.836,True
8/11/2025 7:00:00 AM,8/11/2025 3:00:00 AM,RFC,WEST,ATSI,OE,6902.307,True
8/11/2025 8:00:00 AM,8/11/2025 4:00:00 AM,RFC,WEST,ATSI,OE,6916.406,True
8/11/2025 9:00:00 AM,8/11/2025 5:00:00 AM,RFC,WEST,ATSI,OE,7061.257,True
8/11/2025 10:00:00 AM,8/11/2025 6:00:00 AM,RFC,WEST,ATSI,OE,7360.526,True
8/11/2025 11:00:00 AM,8/11/2025 7:00:00 AM,RFC,WEST,ATSI,OE,7794.945,True
8/11/2025 12:00:00 PM,8/11/2025 8:00:00 AM,RFC,WEST,ATSI,OE,8444.652,True
8/11/2025 1:00:00 PM,8/11/2025 9:00:00 AM,RFC,WEST,ATSI,OE,9021.076,True
8/11/2025 2:00:00 PM,8/11/2025 10:00:00 AM,RFC,WEST,ATSI,OE,9750.848,True
8/11/2025 3:00:00 PM,8/11/2025 11:00:00 AM,RFC,WEST,ATSI,OE,10503.033,True
8/11/2025 4:00:00 PM,8/11/2025 12:00:00 PM,RFC,WEST,ATSI,OE,11147.035,True
8/11/2025 5:00:00 PM,8/11/2025 1:00:00 PM,RFC,WEST,ATSI,OE,11382.143,True
8/11/2025 6:00:00 PM,8/11/2025 2:00:00 PM,RFC,WEST,ATSI,OE,11364.747,True
8/11/2025 7:00:00 PM,8/11/2025 3:00:00 PM,RFC,WEST,ATSI,OE,11453.625,True
8/11/2025 8:00:00 PM,8/11/2025 4:00:00 PM,RFC,WEST,ATSI,OE,11535.015,True
8/11/2025 9:00:00 PM,8/11/2025 5:00:00 PM,RFC,WEST,ATSI,OE,11557.564,True
8/11/2025 10:00:00 PM,8/11/2025 6:00:00 PM,RFC,WEST,ATSI,OE,11510.064,True
8/11/2025 11:00:00 PM,8/11/2025 7:00:00 PM,RFC,WEST,ATSI,OE,11364.259,True
8/12/2025 12:00:00 AM,8/11/2025 8:00:00 PM,RFC,WEST,ATSI,OE,10878.876,True
8/12/2025 1:00:00 AM,8/11/2025 9:00:00 PM,RFC,WEST,ATSI,OE,10448.142,True
8/12/2025 2:00:00 AM,8/11/2025 10:00:00 PM,RFC,WEST,ATSI,OE,9746.789,True
8/12/2025 3:00:00 AM,8/11/2025 11:00:00 PM,RFC,WEST,ATSI,OE,8989.441,True
8/12/2025 4:00:00 AM,8/12/2025 12:00:00 AM,RFC,WEST,ATSI,OE,8435.201,True
8/12/2025 5:00:00 AM,8/12/2025 1:00:00 AM,RFC,WEST,ATSI,OE,8002.731,True
8/12/2025 6:00:00 AM,8/12/2025 2:00:00 AM,RFC,WEST,ATSI,OE,7533.557,True
8/12/2025 7:00:00 AM,8/12/2025 3:00:00 AM,RFC,WEST,ATSI,OE,7394.276,True
8/12/2025 8:00:00 AM,8/12/2025 4:00:00 AM,RFC,WEST,ATSI,OE,7254.169,True
8/12/2025 9:00:00 AM,8/12/2025 5:00:00 AM,RFC,WEST,ATSI,OE,7469.134,True
8/12/2025 10:00:00 AM,8/12/2025 6:00:00 AM,RFC,WEST,ATSI,OE,7805.656,True
8/12/2025 11:00:00 AM,8/12/2025 7:00:00 AM,RFC,WEST,ATSI,OE,8128.716,True
8/12/2025 12:00:00 PM,8/12/2025 8:00:00 AM,RFC,WEST,ATSI,OE,8674.696,True
8/12/2025 1:00:00 PM,8/12/2025 9:00:00 AM,RFC,WEST,ATSI,OE,9457.989,True
8/12/2025 2:00:00 PM,8/12/2025 10:00:00 AM,RFC,WEST,ATSI,OE,10287.697,True
8/12/2025 3:00:00 PM,8/12/2025 11:00:00 AM,RFC,WEST,ATSI,OE,10898.909,True
8/12/2025 4:00:00 PM,8/12/2025 12:00:00 PM,RFC,WEST,ATSI,OE,11459.290,True
8/12/2025 5:00:00 PM,8/12/2025 1:00:00 PM,RFC,WEST,ATSI,OE,11513.756,True
8/12/2025 6:00:00 PM,8/12/2025 2:00:00 PM,RFC,WEST,ATSI,OE,11607.842,True
8/12/2025 7:00:00 PM,8/12/2025 3:00:00 PM,RFC,WEST,ATSI,OE,11596.017,True
8/12/2025 8:00:00 PM,8/12/2025 4:00:00 PM,RFC,WEST,ATSI,OE,11630.919,True
8/12/2025 9:00:00 PM,8/12/2025 5:00:00 PM,RFC,WEST,ATSI,OE,11604.696,True
8/12/2025 10:00:00 PM,8/12/2025 6:00:00 PM,RFC,WEST,ATSI,OE,11590.265,True
8/12/2025 11:00:00 PM,8/12/2025 7:00:00 PM,RFC,WEST,ATSI,OE,11405.381,True
8/13/2025 12:00:00 AM,8/12/2025 8:00:00 PM,RFC,WEST,ATSI,OE,10993.344,True
8/13/2025 1:00:00 AM,8/12/2025 9:00:00 PM,RFC,WEST,ATSI,OE,10569.000,True
8/13/2025 2:00:00 AM,8/12/2025 10:00:00 PM,RFC,WEST,ATSI,OE,9837.676,True
8/13/2025 3:00:00 AM,8/12/2025 11:00:00 PM,RFC,WEST,ATSI,OE,9053.866,True
8/13/2025 4:00:00 AM,8/13/2025 12:00:00 AM,RFC,WEST,ATSI,OE,8562.937,True
8/13/2025 5:00:00 AM,8/13/2025 1:00:00 AM,RFC,WEST,ATSI,OE,8199.201,True
8/13/2025 6:00:00 AM,8/13/2025 2:00:00 AM,RFC,WEST,ATSI,OE,7715.676,True
8/13/2025 7:00:00 AM,8/13/2025 3:00:00 AM,RFC,WEST,ATSI,OE,7392.823,True
8/13/2025 8:00:00 AM,8/13/2025 4:00:00 AM,RFC,WEST,ATSI,OE,7301.779,True
8/13/2025 9:00:00 AM,8/13/2025 5:00:00 AM,RFC,WEST,ATSI,OE,7383.138,True
8/13/2025 10:00:00 AM,8/13/2025 6:00:00 AM,RFC,WEST,ATSI,OE,7754.185,True
8/13/2025 11:00:00 AM,8/13/2025 7:00:00 AM,RFC,WEST,ATSI,OE,7977.374,True
8/13/2025 12:00:00 PM,8/13/2025 8:00:00 AM,RFC,WEST,ATSI,OE,8312.408,True
8/13/2025 1:00:00 PM,8/13/2025 9:00:00 AM,RFC,WEST,ATSI,OE,8667.318,True
8/13/2025 2:00:00 PM,8/13/2025 10:00:00 AM,RFC,WEST,ATSI,OE,9125.394,True
8/13/2025 3:00:00 PM,8/13/2025 11:00:00 AM,RFC,WEST,ATSI,OE,9532.308,True
8/13/2025 4:00:00 PM,8/13/2025 12:00:00 PM,RFC,WEST,ATSI,OE,9930.990,True
8/13/2025 5:00:00 PM,8/13/2025 1:00:00 PM,RFC,WEST,ATSI,OE,10491.694,True
8/13/2025 6:00:00 PM,8/13/2025 2:00:00 PM,RFC,WEST,ATSI,OE,10826.701,True
8/13/2025 7:00:00 PM,8/13/2025 3:00:00 PM,RFC,WEST,ATSI,OE,10940.930,True
8/13/2025 8:00:00 PM,8/13/2025 4:00:00 PM,RFC,WEST,ATSI,OE,10963.724,True
8/13/2025 9:00:00 PM,8/13/2025 5:00:00 PM,RFC,WEST,ATSI,OE,10851.427,True
8/13/2025 10:00:00 PM,8/13/2025 6:00:00 PM,RFC,WEST,ATSI,OE,10756.776,True
8/13/2025 11:00:00 PM,8/13/2025 7:00:00 PM,RFC,WEST,ATSI,OE,10361.250,True
8/14/2025 12:00:00 AM,8/13/2025 8:00:00 PM,RFC,WEST,ATSI,OE,9897.088,True
8/14/2025 1:00:00 AM,8/13/2025 9:00:00 PM,RFC,WEST,ATSI,OE,9611.824,True
8/14/2025 2:00:00 AM,8/13/2025 10:00:00 PM,RFC,WEST,ATSI,OE,8906.039,True
8/14/2025 3:00:00 AM,8/13/2025 11:00:00 PM,RFC,WEST,ATSI,OE,8290.583,True
8/14/2025 4:00:00 AM,8/14/2025 12:00:00 AM,RFC,WEST,ATSI,OE,7842.733,True
8/14/2025 5:00:00 AM,8/14/2025 1:00:00 AM,RFC,WEST,ATSI,OE,7454.885,True
8/14/2025 6:00:00 AM,8/14/2025 2:00:00 AM,RFC,WEST,ATSI,OE,7162.867,True
8/14/2025 7:00:00 AM,8/14/2025 3:00:00 AM,RFC,WEST,ATSI,OE,6974.592,True
8/14/2025 8:00:00 AM,8/14/2025 4:00:00 AM,RFC,WEST,ATSI,OE,6959.540,True
8/14/2025 9:00:00 AM,8/14/2025 5:00:00 AM,RFC,WEST,ATSI,OE,7118.696,True
8/14/2025 10:00:00 AM,8/14/2025 6:00:00 AM,RFC,WEST,ATSI,OE,7490.497,True
8/14/2025 11:00:00 AM,8/14/2025 7:00:00 AM,RFC,WEST,ATSI,OE,7782.047,True
8/14/2025 12:00:00 PM,8/14/2025 8:00:00 AM,RFC,WEST,ATSI,OE,8282.838,True
8/14/2025 1:00:00 PM,8/14/2025 9:00:00 AM,RFC,WEST,ATSI,OE,8816.289,True
8/14/2025 2:00:00 PM,8/14/2025 10:00:00 AM,RFC,WEST,ATSI,OE,9311.854,True
8/14/2025 3:00:00 PM,8/14/2025 11:00:00 AM,RFC,WEST,ATSI,OE,9824.386,True
8/14/2025 4:00:00 PM,8/14/2025 12:00:00 PM,RFC,WEST,ATSI,OE,10259.998,True
8/14/2025 5:00:00 PM,8/14/2025 1:00:00 PM,RFC,WEST,ATSI,OE,10683.210,True
8/14/2025 6:00:00 PM,8/14/2025 2:00:00 PM,RFC,WEST,ATSI,OE,10886.044,True
8/14/2025 7:00:00 PM,8/14/2025 3:00:00 PM,RFC,WEST,ATSI,OE,11007.921,True
8/14/2025 8:00:00 PM,8/14/2025 4:00:00 PM,RFC,WEST,ATSI,OE,11001.075,True
8/14/2025 9:00:00 PM,8/14/2025 5:00:00 PM,RFC,WEST,ATSI,OE,10940.159,True
8/14/2025 10:00:00 PM,8/14/2025 6:00:00 PM,RFC,WEST,ATSI,OE,10609.597,True
8/14/2025 11:00:00 PM,8/14/2025 7:00:00 PM,RFC,WEST,ATSI,OE,10088.883,True
8/15/2025 12:00:00 AM,8/14/2025 8:00:00 PM,RFC,WEST,ATSI,OE,9523.331,True
8/15/2025 1:00:00 AM,8/14/2025 9:00:00 PM,RFC,WEST,ATSI,OE,9107.638,True
8/15/2025 2:00:00 AM,8/14/2025 10:00:00 PM,RFC,WEST,ATSI,OE,8403.621,True
8/15/2025 3:00:00 AM,8/14/2025 11:00:00 PM,RFC,WEST,ATSI,OE,7774.453,True
8/15/2025 4:00:00 AM,8/15/2025 12:00:00 AM,RFC,WEST,ATSI,OE,7149.611,True
8/15/2025 5:00:00 AM,8/15/2025 1:00:00 AM,RFC,WEST,ATSI,OE,6837.059,True
8/15/2025 6:00:00 AM,8/15/2025 2:00:00 AM,RFC,WEST,ATSI,OE,6513.755,True
8/15/2025 7:00:00 AM,8/15/2025 3:00:00 AM,RFC,WEST,ATSI,OE,6317.511,True
8/15/2025 8:00:00 AM,8/15/2025 4:00:00 AM,RFC,WEST,ATSI,OE,6396.183,True
8/15/2025 9:00:00 AM,8/15/2025 5:00:00 AM,RFC,WEST,ATSI,OE,6508.823,True
8/15/2025 10:00:00 AM,8/15/2025 6:00:00 AM,RFC,WEST,ATSI,OE,6814.548,True
8/15/2025 11:00:00 AM,8/15/2025 7:00:00 AM,RFC,WEST,ATSI,OE,7171.984,True
8/15/2025 12:00:00 PM,8/15/2025 8:00:00 AM,RFC,WEST,ATSI,OE,7639.142,True
8/15/2025 1:00:00 PM,8/15/2025 9:00:00 AM,RFC,WEST,ATSI,OE,8154.694,True
8/15/2025 2:00:00 PM,8/15/2025 10:00:00 AM,RFC,WEST,ATSI,OE,8787.155,True
8/15/2025 3:00:00 PM,8/15/2025 11:00:00 AM,RFC,WEST,ATSI,OE,9263.301,True
8/15/2025 4:00:00 PM,8/15/2025 12:00:00 PM,RFC,WEST,ATSI,OE,9830.479,True
8/15/2025 5:00:00 PM,8/15/2025 1:00:00 PM,RFC,WEST,ATSI,OE,10351.009,True
8/15/2025 6:00:00 PM,8/15/2025 2:00:00 PM,RFC,WEST,ATSI,OE,10702.017,True
8/15/2025 7:00:00 PM,8/15/2025 3:00:00 PM,RFC,WEST,ATSI,OE,10976.869,True
8/15/2025 8:00:00 PM,8/15/2025 4:00:00 PM,RFC,WEST,ATSI,OE,11087.530,True
8/15/2025 9:00:00 PM,8/15/2025 5:00:00 PM,RFC,WEST,ATSI,OE,11078.582,True
8/15/2025 10:00:00 PM,8/15/2025 6:00:00 PM,RFC,WEST,ATSI,OE,10875.367,True
8/15/2025 11:00:00 PM,8/15/2025 7:00:00 PM,RFC,WEST,ATSI,OE,10372.496,True
8/16/2025 12:00:00 AM,8/15/2025 8:00:00 PM,RFC,WEST,ATSI,OE,9895.951,True
8/16/2025 1:00:00 AM,8/15/2025 9:00:00 PM,RFC,WEST,ATSI,OE,9458.489,True
8/16/2025 2:00:00 AM,8/15/2025 10:00:00 PM,RFC,WEST,ATSI,OE,8775.470,True
8/16/2025 3:00:00 AM,8/15/2025 11:00:00 PM,RFC,WEST,ATSI,OE,8074.540,True
8/16/2025 4:00:00 AM,8/16/2025 12:00:00 AM,RFC,WEST,ATSI,OE,7555.900,True
8/16/2025 5:00:00 AM,8/16/2025 1:00:00 AM,RFC,WEST,ATSI,OE,7154.395,True
8/16/2025 6:00:00 AM,8/16/2025 2:00:00 AM,RFC,WEST,ATSI,OE,6844.478,True
8/16/2025 7:00:00 AM,8/16/2025 3:00:00 AM,RFC,WEST,ATSI,OE,6623.914,True
8/16/2025 8:00:00 AM,8/16/2025 4:00:00 AM,RFC,WEST,ATSI,OE,6408.991,True
8/16/2025 9:00:00 AM,8/16/2025 5:00:00 AM,RFC,WEST,ATSI,OE,6436.979,True
8/16/2025 10:00:00 AM,8/16/2025 6:00:00 AM,RFC,WEST,ATSI,OE,6475.307,True
8/16/2025 11:00:00 AM,8/16/2025 7:00:00 AM,RFC,WEST,ATSI,OE,6597.740,True
8/16/2025 12:00:00 PM,8/16/2025 8:00:00 AM,RFC,WEST,ATSI,OE,7128.988,True
8/16/2025 1:00:00 PM,8/16/2025 9:00:00 AM,RFC,WEST,ATSI,OE,7930.611,True
8/16/2025 2:00:00 PM,8/16/2025 10:00:00 AM,RFC,WEST,ATSI,OE,8782.049,True
8/16/2025 3:00:00 PM,8/16/2025 11:00:00 AM,RFC,WEST,ATSI,OE,9481.691,True
8/16/2025 4:00:00 PM,8/16/2025 12:00:00 PM,RFC,WEST,ATSI,OE,9995.722,True
8/16/2025 5:00:00 PM,8/16/2025 1:00:00 PM,RFC,WEST,ATSI,OE,10447.362,True
8/16/2025 6:00:00 PM,8/16/2025 2:00:00 PM,RFC,WEST,ATSI,OE,10713.771,True
8/16/2025 7:00:00 PM,8/16/2025 3:00:00 PM,RFC,WEST,ATSI,OE,10990.644,True
8/16/2025 8:00:00 PM,8/16/2025 4:00:00 PM,RFC,WEST,ATSI,OE,11058.048,True
8/16/2025 9:00:00 PM,8/16/2025 5:00:00 PM,RFC,WEST,ATSI,OE,11037.236,True
8/16/2025 10:00:00 PM,8/16/2025 6:00:00 PM,RFC,WEST,ATSI,OE,10766.953,True
8/16/2025 11:00:00 PM,8/16/2025 7:00:00 PM,RFC,WEST,ATSI,OE,10317.648,True
8/17/2025 12:00:00 AM,8/16/2025 8:00:00 PM,RFC,WEST,ATSI,OE,9922.242,True
8/17/2025 1:00:00 AM,8/16/2025 9:00:00 PM,RFC,WEST,ATSI,OE,9533.255,True
8/17/2025 2:00:00 AM,8/16/2025 10:00:00 PM,RFC,WEST,ATSI,OE,8965.906,True
8/17/2025 3:00:00 AM,8/16/2025 11:00:00 PM,RFC,WEST,ATSI,OE,8403.194,True
8/17/2025 4:00:00 AM,8/17/2025 12:00:00 AM,RFC,WEST,ATSI,OE,7896.566,True
8/17/2025 5:00:00 AM,8/17/2025 1:00:00 AM,RFC,WEST,ATSI,OE,7534.706,True
8/17/2025 6:00:00 AM,8/17/2025 2:00:00 AM,RFC,WEST,ATSI,OE,7147.618,True
8/17/2025 7:00:00 AM,8/17/2025 3:00:00 AM,RFC,WEST,ATSI,OE,6950.010,True
8/17/2025 8:00:00 AM,8/17/2025 4:00:00 AM,RFC,WEST,ATSI,OE,6773.070,True
8/17/2025 9:00:00 AM,8/17/2025 5:00:00 AM,RFC,WEST,ATSI,OE,6729.638,True
8/17/2025 10:00:00 AM,8/17/2025 6:00:00 AM,RFC,WEST,ATSI,OE,6733.375,True
8/17/2025 11:00:00 AM,8/17/2025 7:00:00 AM,RFC,WEST,ATSI,OE,6865.578,True
8/17/2025 12:00:00 PM,8/17/2025 8:00:00 AM,RFC,WEST,ATSI,OE,7295.396,True
8/17/2025 1:00:00 PM,8/17/2025 9:00:00 AM,RFC,WEST,ATSI,OE,7996.327,True
8/17/2025 2:00:00 PM,8/17/2025 10:00:00 AM,RFC,WEST,ATSI,OE,8490.238,True
8/17/2025 3:00:00 PM,8/17/2025 11:00:00 AM,RFC,WEST,ATSI,OE,8966.775,True
8/17/2025 4:00:00 PM,8/17/2025 12:00:00 PM,RFC,WEST,ATSI,OE,9310.765,True
8/17/2025 5:00:00 PM,8/17/2025 1:00:00 PM,RFC,WEST,ATSI,OE,9696.558,True
8/17/2025 6:00:00 PM,8/17/2025 2:00:00 PM,RFC,WEST,ATSI,OE,9803.602,True
8/17/2025 7:00:00 PM,8/17/2025 3:00:00 PM,RFC,WEST,ATSI,OE,9919.199,True
8/17/2025 8:00:00 PM,8/17/2025 4:00:00 PM,RFC,WEST,ATSI,OE,9924.500,True
8/17/2025 9:00:00 PM,8/17/2025 5:00:00 PM,RFC,WEST,ATSI,OE,9881.872,True
8/17/2025 10:00:00 PM,8/17/2025 6:00:00 PM,RFC,WEST,ATSI,OE,9632.391,True
8/17/2025 11:00:00 PM,8/17/2025 7:00:00 PM,RFC,WEST,ATSI,OE,9195.093,True
8/18/2025 12:00:00 AM,8/17/2025 8:00:00 PM,RFC,WEST,ATSI,OE,8855.371,True
8/18/2025 1:00:00 AM,8/17/2025 9:00:00 PM,RFC,WEST,ATSI,OE,8583.619,True
8/18/2025 2:00:00 AM,8/17/2025 10:00:00 PM,RFC,WEST,ATSI,OE,8066.835,True
8/18/2025 3:00:00 AM,8/17/2025 11:00:00 PM,RFC,WEST,ATSI,OE,7532.568,True
8/18/2025 4:00:00 AM,8/18/2025 12:00:00 AM,RFC,WEST,ATSI,OE,7120.949,True
8/18/2025 5:00:00 AM,8/18/2025 1:00:00 AM,RFC,WEST,ATSI,OE,6827.527,True
8/18/2025 6:00:00 AM,8/18/2025 2:00:00 AM,RFC,WEST,ATSI,OE,6600.861,True
8/18/2025 7:00:00 AM,8/18/2025 3:00:00 AM,RFC,WEST,ATSI,OE,6479.881,True
8/18/2025 8:00:00 AM,8/18/2025 4:00:00 AM,RFC,WEST,ATSI,OE,6476.745,True
8/18/2025 9:00:00 AM,8/18/2025 5:00:00 AM,RFC,WEST,ATSI,OE,6667.510,True
8/18/2025 10:00:00 AM,8/18/2025 6:00:00 AM,RFC,WEST,ATSI,OE,7011.992,True
8/18/2025 11:00:00 AM,8/18/2025 7:00:00 AM,RFC,WEST,ATSI,OE,7313.693,True
8/18/2025 12:00:00 PM,8/18/2025 8:00:00 AM,RFC,WEST,ATSI,OE,7653.660,True
8/18/2025 1:00:00 PM,8/18/2025 9:00:00 AM,RFC,WEST,ATSI,OE,8041.275,True
8/18/2025 2:00:00 PM,8/18/2025 10:00:00 AM,RFC,WEST,ATSI,OE,8455.783,True
8/18/2025 3:00:00 PM,8/18/2025 11:00:00 AM,RFC,WEST,ATSI,OE,8882.982,True
8/18/2025 4:00:00 PM,8/18/2025 12:00:00 PM,RFC,WEST,ATSI,OE,9109.541,True
8/18/2025 5:00:00 PM,8/18/2025 1:00:00 PM,RFC,WEST,ATSI,OE,9553.447,True
8/18/2025 6:00:00 PM,8/18/2025 2:00:00 PM,RFC,WEST,ATSI,OE,9759.880,True
8/18/2025 7:00:00 PM,8/18/2025 3:00:00 PM,RFC,WEST,ATSI,OE,9935.570,True
8/18/2025 8:00:00 PM,8/18/2025 4:00:00 PM,RFC,WEST,ATSI,OE,10059.247,True
8/18/2025 9:00:00 PM,8/18/2025 5:00:00 PM,RFC,WEST,ATSI,OE,9949.449,True
8/18/2025 10:00:00 PM,8/18/2025 6:00:00 PM,RFC,WEST,ATSI,OE,9707.645,True
8/18/2025 11:00:00 PM,8/18/2025 7:00:00 PM,RFC,WEST,ATSI,OE,9328.937,True
8/19/2025 12:00:00 AM,8/18/2025 8:00:00 PM,RFC,WEST,ATSI,OE,8929.750,True
8/19/2025 1:00:00 AM,8/18/2025 9:00:00 PM,RFC,WEST,ATSI,OE,8525.373,True
8/19/2025 2:00:00 AM,8/18/2025 10:00:00 PM,RFC,WEST,ATSI,OE,7893.936,True
8/19/2025 3:00:00 AM,8/18/2025 11:00:00 PM,RFC,WEST,ATSI,OE,7246.575,True
8/19/2025 4:00:00 AM,8/19/2025 12:00:00 AM,RFC,WEST,ATSI,OE,6780.756,True
8/19/2025 5:00:00 AM,8/19/2025 1:00:00 AM,RFC,WEST,ATSI,OE,6511.096,True
8/19/2025 6:00:00 AM,8/19/2025 2:00:00 AM,RFC,WEST,ATSI,OE,6294.753,True
8/19/2025 7:00:00 AM,8/19/2025 3:00:00 AM,RFC,WEST,ATSI,OE,6163.836,True
8/19/2025 8:00:00 AM,8/19/2025 4:00:00 AM,RFC,WEST,ATSI,OE,6199.903,True
8/19/2025 9:00:00 AM,8/19/2025 5:00:00 AM,RFC,WEST,ATSI,OE,6390.484,True
8/19/2025 10:00:00 AM,8/19/2025 6:00:00 AM,RFC,WEST,ATSI,OE,6753.032,True
8/19/2025 11:00:00 AM,8/19/2025 7:00:00 AM,RFC,WEST,ATSI,OE,7117.339,True
8/19/2025 12:00:00 PM,8/19/2025 8:00:00 AM,RFC,WEST,ATSI,OE,7542.789,True
8/19/2025 1:00:00 PM,8/19/2025 9:00:00 AM,RFC,WEST,ATSI,OE,7999.767,True
8/19/2025 2:00:00 PM,8/19/2025 10:00:00 AM,RFC,WEST,ATSI,OE,8516.932,True
8/19/2025 3:00:00 PM,8/19/2025 11:00:00 AM,RFC,WEST,ATSI,OE,8937.912,True
8/19/2025 4:00:00 PM,8/19/2025 12:00:00 PM,RFC,WEST,ATSI,OE,9244.314,True
8/19/2025 5:00:00 PM,8/19/2025 1:00:00 PM,RFC,WEST,ATSI,OE,9546.532,True
8/19/2025 6:00:00 PM,8/19/2025 2:00:00 PM,RFC,WEST,ATSI,OE,9968.453,True
8/19/2025 7:00:00 PM,8/19/2025 3:00:00 PM,RFC,WEST,ATSI,OE,10229.067,True
8/19/2025 8:00:00 PM,8/19/2025 4:00:00 PM,RFC,WEST,ATSI,OE,10372.930,True
8/19/2025 9:00:00 PM,8/19/2025 5:00:00 PM,RFC,WEST,ATSI,OE,10382.404,True
8/19/2025 10:00:00 PM,8/19/2025 6:00:00 PM,RFC,WEST,ATSI,OE,10209.144,True
8/19/2025 11:00:00 PM,8/19/2025 7:00:00 PM,RFC,WEST,ATSI,OE,9830.988,True
8/20/2025 12:00:00 AM,8/19/2025 8:00:00 PM,RFC,WEST,ATSI,OE,9482.222,True
8/20/2025 1:00:00 AM,8/19/2025 9:00:00 PM,RFC,WEST,ATSI,OE,9155.689,True
8/20/2025 2:00:00 AM,8/19/2025 10:00:00 PM,RFC,WEST,ATSI,OE,8704.872,True
8/20/2025 3:00:00 AM,8/19/2025 11:00:00 PM,RFC,WEST,ATSI,OE,8112.764,True
8/20/2025 4:00:00 AM,8/20/2025 12:00:00 AM,RFC,WEST,ATSI,OE,7714.367,True
8/20/2025 5:00:00 AM,8/20/2025 1:00:00 AM,RFC,WEST,ATSI,OE,7366.323,True
8/20/2025 6:00:00 AM,8/20/2025 2:00:00 AM,RFC,WEST,ATSI,OE,7124.101,True
8/20/2025 7:00:00 AM,8/20/2025 3:00:00 AM,RFC,WEST,ATSI,OE,6943.864,True
8/20/2025 8:00:00 AM,8/20/2025 4:00:00 AM,RFC,WEST,ATSI,OE,6843.270,True
8/20/2025 9:00:00 AM,8/20/2025 5:00:00 AM,RFC,WEST,ATSI,OE,6940.287,True
8/20/2025 10:00:00 AM,8/20/2025 6:00:00 AM,RFC,WEST,ATSI,OE,7504.456,True
8/20/2025 11:00:00 AM,8/20/2025 7:00:00 AM,RFC,WEST,ATSI,OE,7777.273,True
8/20/2025 12:00:00 PM,8/20/2025 8:00:00 AM,RFC,WEST,ATSI,OE,7961.952,True
8/20/2025 1:00:00 PM,8/20/2025 9:00:00 AM,RFC,WEST,ATSI,OE,8170.467,True
8/20/2025 2:00:00 PM,8/20/2025 10:00:00 AM,RFC,WEST,ATSI,OE,8272.914,True
8/20/2025 3:00:00 PM,8/20/2025 11:00:00 AM,RFC,WEST,ATSI,OE,8298.775,True
8/20/2025 4:00:00 PM,8/20/2025 12:00:00 PM,RFC,WEST,ATSI,OE,8386.997,True
8/20/2025 5:00:00 PM,8/20/2025 1:00:00 PM,RFC,WEST,ATSI,OE,8373.994,True
8/20/2025 6:00:00 PM,8/20/2025 2:00:00 PM,RFC,WEST,ATSI,OE,8453.153,True
8/20/2025 7:00:00 PM,8/20/2025 3:00:00 PM,RFC,WEST,ATSI,OE,8420.958,True
8/20/2025 8:00:00 PM,8/20/2025 4:00:00 PM,RFC,WEST,ATSI,OE,8323.053,True
8/20/2025 9:00:00 PM,8/20/2025 5:00:00 PM,RFC,WEST,ATSI,OE,8289.816,True
8/20/2025 10:00:00 PM,8/20/2025 6:00:00 PM,RFC,WEST,ATSI,OE,8199.105,True
8/20/2025 11:00:00 PM,8/20/2025 7:00:00 PM,RFC,WEST,ATSI,OE,8049.263,True
8/21/2025 12:00:00 AM,8/20/2025 8:00:00 PM,RFC,WEST,ATSI,OE,8040.352,True
8/21/2025 1:00:00 AM,8/20/2025 9:00:00 PM,RFC,WEST,ATSI,OE,7830.245,True
8/21/2025 2:00:00 AM,8/20/2025 10:00:00 PM,RFC,WEST,ATSI,OE,7474.043,True
8/21/2025 3:00:00 AM,8/20/2025 11:00:00 PM,RFC,WEST,ATSI,OE,6989.194,True
8/21/2025 4:00:00 AM,8/21/2025 12:00:00 AM,RFC,WEST,ATSI,OE,6675.882,True
8/21/2025 5:00:00 AM,8/21/2025 1:00:00 AM,RFC,WEST,ATSI,OE,6395.191,True
8/21/2025 6:00:00 AM,8/21/2025 2:00:00 AM,RFC,WEST,ATSI,OE,6260.062,True
8/21/2025 7:00:00 AM,8/21/2025 3:00:00 AM,RFC,WEST,ATSI,OE,6179.024,True
8/21/2025 8:00:00 AM,8/21/2025 4:00:00 AM,RFC,WEST,ATSI,OE,6218.553,True
8/21/2025 9:00:00 AM,8/21/2025 5:00:00 AM,RFC,WEST,ATSI,OE,6465.589,True
8/21/2025 10:00:00 AM,8/21/2025 6:00:00 AM,RFC,WEST,ATSI,OE,6930.060,True
8/21/2025 11:00:00 AM,8/21/2025 7:00:00 AM,RFC,WEST,ATSI,OE,7203.284,True
8/21/2025 12:00:00 PM,8/21/2025 8:00:00 AM,RFC,WEST,ATSI,OE,7401.213,True
8/21/2025 1:00:00 PM,8/21/2025 9:00:00 AM,RFC,WEST,ATSI,OE,7571.320,True
8/21/2025 2:00:00 PM,8/21/2025 10:00:00 AM,RFC,WEST,ATSI,OE,7617.499,True
8/21/2025 3:00:00 PM,8/21/2025 11:00:00 AM,RFC,WEST,ATSI,OE,7780.634,True
8/21/2025 4:00:00 PM,8/21/2025 12:00:00 PM,RFC,WEST,ATSI,OE,7838.359,True
8/21/2025 5:00:00 PM,8/21/2025 1:00:00 PM,RFC,WEST,ATSI,OE,7969.587,True
8/21/2025 6:00:00 PM,8/21/2025 2:00:00 PM,RFC,WEST,ATSI,OE,7973.522,True
8/21/2025 7:00:00 PM,8/21/2025 3:00:00 PM,RFC,WEST,ATSI,OE,7930.464,True
8/21/2025 8:00:00 PM,8/21/2025 4:00:00 PM,RFC,WEST,ATSI,OE,7888.422,True
8/21/2025 9:00:00 PM,8/21/2025 5:00:00 PM,RFC,WEST,ATSI,OE,7782.530,True
8/21/2025 10:00:00 PM,8/21/2025 6:00:00 PM,RFC,WEST,ATSI,OE,7772.335,True
8/21/2025 11:00:00 PM,8/21/2025 7:00:00 PM,RFC,WEST,ATSI,OE,7686.704,True
8/22/2025 12:00:00 AM,8/21/2025 8:00:00 PM,RFC,WEST,ATSI,OE,7681.611,True
8/22/2025 1:00:00 AM,8/21/2025 9:00:00 PM,RFC,WEST,ATSI,OE,7493.296,True
8/22/2025 2:00:00 AM,8/21/2025 10:00:00 PM,RFC,WEST,ATSI,OE,7103.016,True
8/22/2025 3:00:00 AM,8/21/2025 11:00:00 PM,RFC,WEST,ATSI,OE,6667.072,True
8/22/2025 4:00:00 AM,8/22/2025 12:00:00 AM,RFC,WEST,ATSI,OE,6385.169,True
8/22/2025 5:00:00 AM,8/22/2025 1:00:00 AM,RFC,WEST,ATSI,OE,6142.212,True
8/22/2025 6:00:00 AM,8/22/2025 2:00:00 AM,RFC,WEST,ATSI,OE,5959.364,True
8/22/2025 7:00:00 AM,8/22/2025 3:00:00 AM,RFC,WEST,ATSI,OE,5924.953,True
8/22/2025 8:00:00 AM,8/22/2025 4:00:00 AM,RFC,WEST,ATSI,OE,5905.839,True
8/22/2025 9:00:00 AM,8/22/2025 5:00:00 AM,RFC,WEST,ATSI,OE,6218.707,True
8/22/2025 10:00:00 AM,8/22/2025 6:00:00 AM,RFC,WEST,ATSI,OE,6591.035,True
8/22/2025 11:00:00 AM,8/22/2025 7:00:00 AM,RFC,WEST,ATSI,OE,6911.878,True
8/22/2025 12:00:00 PM,8/22/2025 8:00:00 AM,RFC,WEST,ATSI,OE,7202.019,True
8/22/2025 1:00:00 PM,8/22/2025 9:00:00 AM,RFC,WEST,ATSI,OE,7462.556,True
8/22/2025 2:00:00 PM,8/22/2025 10:00:00 AM,RFC,WEST,ATSI,OE,7723.369,True
8/22/2025 3:00:00 PM,8/22/2025 11:00:00 AM,RFC,WEST,ATSI,OE,8029.266,True
8/22/2025 4:00:00 PM,8/22/2025 12:00:00 PM,RFC,WEST,ATSI,OE,8288.999,True
8/22/2025 5:00:00 PM,8/22/2025 1:00:00 PM,RFC,WEST,ATSI,OE,8563.799,True
8/22/2025 6:00:00 PM,8/22/2025 2:00:00 PM,RFC,WEST,ATSI,OE,8747.617,True
8/22/2025 7:00:00 PM,8/22/2025 3:00:00 PM,RFC,WEST,ATSI,OE,8924.399,True
8/22/2025 8:00:00 PM,8/22/2025 4:00:00 PM,RFC,WEST,ATSI,OE,9051.139,True
8/22/2025 9:00:00 PM,8/22/2025 5:00:00 PM,RFC,WEST,ATSI,OE,9174.713,True
8/22/2025 10:00:00 PM,8/22/2025 6:00:00 PM,RFC,WEST,ATSI,OE,9019.353,True
8/22/2025 11:00:00 PM,8/22/2025 7:00:00 PM,RFC,WEST,ATSI,OE,8639.098,True
8/23/2025 12:00:00 AM,8/22/2025 8:00:00 PM,RFC,WEST,ATSI,OE,8249.306,True
8/23/2025 1:00:00 AM,8/22/2025 9:00:00 PM,RFC,WEST,ATSI,OE,8035.374,True
8/23/2025 2:00:00 AM,8/22/2025 10:00:00 PM,RFC,WEST,ATSI,OE,7475.089,True
8/23/2025 3:00:00 AM,8/22/2025 11:00:00 PM,RFC,WEST,ATSI,OE,6982.234,True
8/23/2025 4:00:00 AM,8/23/2025 12:00:00 AM,RFC,WEST,ATSI,OE,6575.851,True
8/23/2025 5:00:00 AM,8/23/2025 1:00:00 AM,RFC,WEST,ATSI,OE,6251.451,True
8/23/2025 6:00:00 AM,8/23/2025 2:00:00 AM,RFC,WEST,ATSI,OE,6028.255,True
8/23/2025 7:00:00 AM,8/23/2025 3:00:00 AM,RFC,WEST,ATSI,OE,5936.189,True
8/23/2025 8:00:00 AM,8/23/2025 4:00:00 AM,RFC,WEST,ATSI,OE,5872.994,True
8/23/2025 9:00:00 AM,8/23/2025 5:00:00 AM,RFC,WEST,ATSI,OE,5934.322,True
8/23/2025 10:00:00 AM,8/23/2025 6:00:00 AM,RFC,WEST,ATSI,OE,6096.384,True
8/23/2025 11:00:00 AM,8/23/2025 7:00:00 AM,RFC,WEST,ATSI,OE,6128.464,True
8/23/2025 12:00:00 PM,8/23/2025 8:00:00 AM,RFC,WEST,ATSI,OE,6483.176,True
8/23/2025 1:00:00 PM,8/23/2025 9:00:00 AM,RFC,WEST,ATSI,OE,6815.970,True
8/23/2025 2:00:00 PM,8/23/2025 10:00:00 AM,RFC,WEST,ATSI,OE,7100.133,True
8/23/2025 3:00:00 PM,8/23/2025 11:00:00 AM,RFC,WEST,ATSI,OE,7419.950,True
8/23/2025 4:00:00 PM,8/23/2025 12:00:00 PM,RFC,WEST,ATSI,OE,7749.000,True
8/23/2025 5:00:00 PM,8/23/2025 1:00:00 PM,RFC,WEST,ATSI,OE,7989.534,True
8/23/2025 6:00:00 PM,8/23/2025 2:00:00 PM,RFC,WEST,ATSI,OE,8288.738,True
8/23/2025 7:00:00 PM,8/23/2025 3:00:00 PM,RFC,WEST,ATSI,OE,8477.829,True
8/23/2025 8:00:00 PM,8/23/2025 4:00:00 PM,RFC,WEST,ATSI,OE,8596.139,True
8/23/2025 9:00:00 PM,8/23/2025 5:00:00 PM,RFC,WEST,ATSI,OE,8576.244,True
8/23/2025 10:00:00 PM,8/23/2025 6:00:00 PM,RFC,WEST,ATSI,OE,8383.282,True
8/23/2025 11:00:00 PM,8/23/2025 7:00:00 PM,RFC,WEST,ATSI,OE,8061.060,True
8/24/2025 12:00:00 AM,8/23/2025 8:00:00 PM,RFC,WEST,ATSI,OE,7914.734,True
8/24/2025 1:00:00 AM,8/23/2025 9:00:00 PM,RFC,WEST,ATSI,OE,7646.441,True
8/24/2025 2:00:00 AM,8/23/2025 10:00:00 PM,RFC,WEST,ATSI,OE,7324.906,True
8/24/2025 3:00:00 AM,8/23/2025 11:00:00 PM,RFC,WEST,ATSI,OE,6904.521,True
8/24/2025 4:00:00 AM,8/24/2025 12:00:00 AM,RFC,WEST,ATSI,OE,6472.143,True
8/24/2025 5:00:00 AM,8/24/2025 1:00:00 AM,RFC,WEST,ATSI,OE,6109.829,True
8/24/2025 6:00:00 AM,8/24/2025 2:00:00 AM,RFC,WEST,ATSI,OE,5962.932,True
8/24/2025 7:00:00 AM,8/24/2025 3:00:00 AM,RFC,WEST,ATSI,OE,5773.951,True
8/24/2025 8:00:00 AM,8/24/2025 4:00:00 AM,RFC,WEST,ATSI,OE,5698.247,True
8/24/2025 9:00:00 AM,8/24/2025 5:00:00 AM,RFC,WEST,ATSI,OE,5750.750,True
8/24/2025 10:00:00 AM,8/24/2025 6:00:00 AM,RFC,WEST,ATSI,OE,5786.538,True
8/24/2025 11:00:00 AM,8/24/2025 7:00:00 AM,RFC,WEST,ATSI,OE,5847.679,True
8/24/2025 12:00:00 PM,8/24/2025 8:00:00 AM,RFC,WEST,ATSI,OE,6211.874,True
8/24/2025 1:00:00 PM,8/24/2025 9:00:00 AM,RFC,WEST,ATSI,OE,6523.022,True
8/24/2025 2:00:00 PM,8/24/2025 10:00:00 AM,RFC,WEST,ATSI,OE,6885.661,True
8/24/2025 3:00:00 PM,8/24/2025 11:00:00 AM,RFC,WEST,ATSI,OE,7143.524,True
8/24/2025 4:00:00 PM,8/24/2025 12:00:00 PM,RFC,WEST,ATSI,OE,7411.742,True
8/24/2025 5:00:00 PM,8/24/2025 1:00:00 PM,RFC,WEST,ATSI,OE,7637.340,True
8/24/2025 6:00:00 PM,8/24/2025 2:00:00 PM,RFC,WEST,ATSI,OE,7788.544,True
8/24/2025 7:00:00 PM,8/24/2025 3:00:00 PM,RFC,WEST,ATSI,OE,7933.871,True
8/24/2025 8:00:00 PM,8/24/2025 4:00:00 PM,RFC,WEST,ATSI,OE,8114.552,True
8/24/2025 9:00:00 PM,8/24/2025 5:00:00 PM,RFC,WEST,ATSI,OE,8159.336,True
8/24/2025 10:00:00 PM,8/24/2025 6:00:00 PM,RFC,WEST,ATSI,OE,8055.685,True
8/24/2025 11:00:00 PM,8/24/2025 7:00:00 PM,RFC,WEST,ATSI,OE,7829.526,True
8/25/2025 12:00:00 AM,8/24/2025 8:00:00 PM,RFC,WEST,ATSI,OE,7611.484,True
8/25/2025 1:00:00 AM,8/24/2025 9:00:00 PM,RFC,WEST,ATSI,OE,7345.817,True
8/25/2025 2:00:00 AM,8/24/2025 10:00:00 PM,RFC,WEST,ATSI,OE,6852.618,True
8/25/2025 3:00:00 AM,8/24/2025 11:00:00 PM,RFC,WEST,ATSI,OE,6426.767,True
8/25/2025 4:00:00 AM,8/25/2025 12:00:00 AM,RFC,WEST,ATSI,OE,6115.311,True
8/25/2025 5:00:00 AM,8/25/2025 1:00:00 AM,RFC,WEST,ATSI,OE,5918.732,True
8/25/2025 6:00:00 AM,8/25/2025 2:00:00 AM,RFC,WEST,ATSI,OE,5757.635,True
8/25/2025 7:00:00 AM,8/25/2025 3:00:00 AM,RFC,WEST,ATSI,OE,5700.978,True
8/25/2025 8:00:00 AM,8/25/2025 4:00:00 AM,RFC,WEST,ATSI,OE,5700.069,True
8/25/2025 9:00:00 AM,8/25/2025 5:00:00 AM,RFC,WEST,ATSI,OE,5966.946,True
8/25/2025 10:00:00 AM,8/25/2025 6:00:00 AM,RFC,WEST,ATSI,OE,6362.978,True
8/25/2025 11:00:00 AM,8/25/2025 7:00:00 AM,RFC,WEST,ATSI,OE,6669.063,True
8/25/2025 12:00:00 PM,8/25/2025 8:00:00 AM,RFC,WEST,ATSI,OE,6869.887,True
8/25/2025 1:00:00 PM,8/25/2025 9:00:00 AM,RFC,WEST,ATSI,OE,7085.237,True
8/25/2025 2:00:00 PM,8/25/2025 10:00:00 AM,RFC,WEST,ATSI,OE,7278.430,True
8/25/2025 3:00:00 PM,8/25/2025 11:00:00 AM,RFC,WEST,ATSI,OE,7358.985,True
8/25/2025 4:00:00 PM,8/25/2025 12:00:00 PM,RFC,WEST,ATSI,OE,7436.425,True
8/25/2025 5:00:00 PM,8/25/2025 1:00:00 PM,RFC,WEST,ATSI,OE,7490.595,True
8/25/2025 6:00:00 PM,8/25/2025 2:00:00 PM,RFC,WEST,ATSI,OE,7507.244,True
8/25/2025 7:00:00 PM,8/25/2025 3:00:00 PM,RFC,WEST,ATSI,OE,7509.713,True
8/25/2025 8:00:00 PM,8/25/2025 4:00:00 PM,RFC,WEST,ATSI,OE,7520.560,True
8/25/2025 9:00:00 PM,8/25/2025 5:00:00 PM,RFC,WEST,ATSI,OE,7447.688,True
8/25/2025 10:00:00 PM,8/25/2025 6:00:00 PM,RFC,WEST,ATSI,OE,7351.877,True
8/25/2025 11:00:00 PM,8/25/2025 7:00:00 PM,RFC,WEST,ATSI,OE,7279.717,True
8/26/2025 12:00:00 AM,8/25/2025 8:00:00 PM,RFC,WEST,ATSI,OE,7207.353,True
8/26/2025 1:00:00 AM,8/25/2025 9:00:00 PM,RFC,WEST,ATSI,OE,7008.624,True
8/26/2025 2:00:00 AM,8/25/2025 10:00:00 PM,RFC,WEST,ATSI,OE,6591.482,True
8/26/2025 3:00:00 AM,8/25/2025 11:00:00 PM,RFC,WEST,ATSI,OE,6191.148,True
8/26/2025 4:00:00 AM,8/26/2025 12:00:00 AM,RFC,WEST,ATSI,OE,5942.266,True
8/26/2025 5:00:00 AM,8/26/2025 1:00:00 AM,RFC,WEST,ATSI,OE,5764.493,True
8/26/2025 6:00:00 AM,8/26/2025 2:00:00 AM,RFC,WEST,ATSI,OE,5621.244,True
8/26/2025 7:00:00 AM,8/26/2025 3:00:00 AM,RFC,WEST,ATSI,OE,5612.934,True
8/26/2025 8:00:00 AM,8/26/2025 4:00:00 AM,RFC,WEST,ATSI,OE,5704.762,True
8/26/2025 9:00:00 AM,8/26/2025 5:00:00 AM,RFC,WEST,ATSI,OE,5981.059,True
8/26/2025 10:00:00 AM,8/26/2025 6:00:00 AM,RFC,WEST,ATSI,OE,6384.871,True
8/26/2025 11:00:00 AM,8/26/2025 7:00:00 AM,RFC,WEST,ATSI,OE,6623.090,True
8/26/2025 12:00:00 PM,8/26/2025 8:00:00 AM,RFC,WEST,ATSI,OE,6876.202,True
8/26/2025 1:00:00 PM,8/26/2025 9:00:00 AM,RFC,WEST,ATSI,OE,6954.308,True
8/26/2025 2:00:00 PM,8/26/2025 10:00:00 AM,RFC,WEST,ATSI,OE,7021.197,True
8/26/2025 3:00:00 PM,8/26/2025 11:00:00 AM,RFC,WEST,ATSI,OE,7177.985,True
8/26/2025 4:00:00 PM,8/26/2025 12:00:00 PM,RFC,WEST,ATSI,OE,7240.964,True
8/26/2025 5:00:00 PM,8/26/2025 1:00:00 PM,RFC,WEST,ATSI,OE,7301.445,True
8/26/2025 6:00:00 PM,8/26/2025 2:00:00 PM,RFC,WEST,ATSI,OE,7313.056,True
8/26/2025 7:00:00 PM,8/26/2025 3:00:00 PM,RFC,WEST,ATSI,OE,7225.391,True
8/26/2025 8:00:00 PM,8/26/2025 4:00:00 PM,RFC,WEST,ATSI,OE,7245.847,True
8/26/2025 9:00:00 PM,8/26/2025 5:00:00 PM,RFC,WEST,ATSI,OE,7249.683,True
8/26/2025 10:00:00 PM,8/26/2025 6:00:00 PM,RFC,WEST,ATSI,OE,7219.879,True
8/26/2025 11:00:00 PM,8/26/2025 7:00:00 PM,RFC,WEST,ATSI,OE,7121.067,True
8/27/2025 12:00:00 AM,8/26/2025 8:00:00 PM,RFC,WEST,ATSI,OE,7068.595,True
8/27/2025 1:00:00 AM,8/26/2025 9:00:00 PM,RFC,WEST,ATSI,OE,6829.307,True
8/27/2025 2:00:00 AM,8/26/2025 10:00:00 PM,RFC,WEST,ATSI,OE,6376.367,True
8/27/2025 3:00:00 AM,8/26/2025 11:00:00 PM,RFC,WEST,ATSI,OE,6135.968,True
8/27/2025 4:00:00 AM,8/27/2025 12:00:00 AM,RFC,WEST,ATSI,OE,5887.109,True
8/27/2025 5:00:00 AM,8/27/2025 1:00:00 AM,RFC,WEST,ATSI,OE,5687.087,True
8/27/2025 6:00:00 AM,8/27/2025 2:00:00 AM,RFC,WEST,ATSI,OE,5563.641,True
8/27/2025 7:00:00 AM,8/27/2025 3:00:00 AM,RFC,WEST,ATSI,OE,5584.892,True
8/27/2025 8:00:00 AM,8/27/2025 4:00:00 AM,RFC,WEST,ATSI,OE,5660.873,True
8/27/2025 9:00:00 AM,8/27/2025 5:00:00 AM,RFC,WEST,ATSI,OE,5897.369,True
8/27/2025 10:00:00 AM,8/27/2025 6:00:00 AM,RFC,WEST,ATSI,OE,6170.934,True
8/27/2025 11:00:00 AM,8/27/2025 7:00:00 AM,RFC,WEST,ATSI,OE,6472.150,True
8/27/2025 12:00:00 PM,8/27/2025 8:00:00 AM,RFC,WEST,ATSI,OE,6693.598,True
8/27/2025 1:00:00 PM,8/27/2025 9:00:00 AM,RFC,WEST,ATSI,OE,6839.028,True
8/27/2025 2:00:00 PM,8/27/2025 10:00:00 AM,RFC,WEST,ATSI,OE,6914.349,True
8/27/2025 3:00:00 PM,8/27/2025 11:00:00 AM,RFC,WEST,ATSI,OE,7020.930,True
8/27/2025 4:00:00 PM,8/27/2025 12:00:00 PM,RFC,WEST,ATSI,OE,7066.224,True
8/27/2025 5:00:00 PM,8/27/2025 1:00:00 PM,RFC,WEST,ATSI,OE,7199.722,True
8/27/2025 6:00:00 PM,8/27/2025 2:00:00 PM,RFC,WEST,ATSI,OE,7273.839,True
8/27/2025 7:00:00 PM,8/27/2025 3:00:00 PM,RFC,WEST,ATSI,OE,7249.191,True
8/27/2025 8:00:00 PM,8/27/2025 4:00:00 PM,RFC,WEST,ATSI,OE,7352.300,True
8/27/2025 9:00:00 PM,8/27/2025 5:00:00 PM,RFC,WEST,ATSI,OE,7303.427,True
8/27/2025 10:00:00 PM,8/27/2025 6:00:00 PM,RFC,WEST,ATSI,OE,7303.066,True
8/27/2025 11:00:00 PM,8/27/2025 7:00:00 PM,RFC,WEST,ATSI,OE,7169.969,True
8/28/2025 12:00:00 AM,8/27/2025 8:00:00 PM,RFC,WEST,ATSI,OE,7147.105,True
8/28/2025 1:00:00 AM,8/27/2025 9:00:00 PM,RFC,WEST,ATSI,OE,6929.068,True
8/28/2025 2:00:00 AM,8/27/2025 10:00:00 PM,RFC,WEST,ATSI,OE,6486.072,True
8/28/2025 3:00:00 AM,8/27/2025 11:00:00 PM,RFC,WEST,ATSI,OE,6102.766,True
8/28/2025 4:00:00 AM,8/28/2025 12:00:00 AM,RFC,WEST,ATSI,OE,5865.696,True
8/28/2025 5:00:00 AM,8/28/2025 1:00:00 AM,RFC,WEST,ATSI,OE,5709.364,True
8/28/2025 6:00:00 AM,8/28/2025 2:00:00 AM,RFC,WEST,ATSI,OE,5560.029,True
8/28/2025 7:00:00 AM,8/28/2025 3:00:00 AM,RFC,WEST,ATSI,OE,5478.803,True
8/28/2025 8:00:00 AM,8/28/2025 4:00:00 AM,RFC,WEST,ATSI,OE,5573.686,True
8/28/2025 9:00:00 AM,8/28/2025 5:00:00 AM,RFC,WEST,ATSI,OE,5887.951,True
8/28/2025 10:00:00 AM,8/28/2025 6:00:00 AM,RFC,WEST,ATSI,OE,6243.631,True
8/28/2025 11:00:00 AM,8/28/2025 7:00:00 AM,RFC,WEST,ATSI,OE,6539.966,True
8/28/2025 12:00:00 PM,8/28/2025 8:00:00 AM,RFC,WEST,ATSI,OE,6762.024,True
8/28/2025 1:00:00 PM,8/28/2025 9:00:00 AM,RFC,WEST,ATSI,OE,6912.380,True
8/28/2025 2:00:00 PM,8/28/2025 10:00:00 AM,RFC,WEST,ATSI,OE,7058.354,True
8/28/2025 3:00:00 PM,8/28/2025 11:00:00 AM,RFC,WEST,ATSI,OE,7136.668,True
8/28/2025 4:00:00 PM,8/28/2025 12:00:00 PM,RFC,WEST,ATSI,OE,7215.216,True
8/28/2025 5:00:00 PM,8/28/2025 1:00:00 PM,RFC,WEST,ATSI,OE,7232.873,True
8/28/2025 6:00:00 PM,8/28/2025 2:00:00 PM,RFC,WEST,ATSI,OE,7165.710,True
8/28/2025 7:00:00 PM,8/28/2025 3:00:00 PM,RFC,WEST,ATSI,OE,7021.071,True
8/28/2025 8:00:00 PM,8/28/2025 4:00:00 PM,RFC,WEST,ATSI,OE,6969.187,True
8/28/2025 9:00:00 PM,8/28/2025 5:00:00 PM,RFC,WEST,ATSI,OE,6995.886,True
8/28/2025 10:00:00 PM,8/28/2025 6:00:00 PM,RFC,WEST,ATSI,OE,6930.827,True
8/28/2025 11:00:00 PM,8/28/2025 7:00:00 PM,RFC,WEST,ATSI,OE,6911.061,True
8/29/2025 12:00:00 AM,8/28/2025 8:00:00 PM,RFC,WEST,ATSI,OE,6934.352,True
8/29/2025 1:00:00 AM,8/28/2025 9:00:00 PM,RFC,WEST,ATSI,OE,6816.324,True
8/29/2025 2:00:00 AM,8/28/2025 10:00:00 PM,RFC,WEST,ATSI,OE,6461.235,True
8/29/2025 3:00:00 AM,8/28/2025 11:00:00 PM,RFC,WEST,ATSI,OE,6136.748,True
8/29/2025 4:00:00 AM,8/29/2025 12:00:00 AM,RFC,WEST,ATSI,OE,5908.335,True
8/29/2025 5:00:00 AM,8/29/2025 1:00:00 AM,RFC,WEST,ATSI,OE,5705.720,True
8/29/2025 6:00:00 AM,8/29/2025 2:00:00 AM,RFC,WEST,ATSI,OE,5571.713,True
8/29/2025 7:00:00 AM,8/29/2025 3:00:00 AM,RFC,WEST,ATSI,OE,5554.799,True
8/29/2025 8:00:00 AM,8/29/2025 4:00:00 AM,RFC,WEST,ATSI,OE,5498.706,True
8/29/2025 9:00:00 AM,8/29/2025 5:00:00 AM,RFC,WEST,ATSI,OE,5723.071,True
8/29/2025 10:00:00 AM,8/29/2025 6:00:00 AM,RFC,WEST,ATSI,OE,5982.966,True
8/29/2025 11:00:00 AM,8/29/2025 7:00:00 AM,RFC,WEST,ATSI,OE,6279.739,True
8/29/2025 12:00:00 PM,8/29/2025 8:00:00 AM,RFC,WEST,ATSI,OE,6516.189,True
8/29/2025 1:00:00 PM,8/29/2025 9:00:00 AM,RFC,WEST,ATSI,OE,6623.357,True
8/29/2025 2:00:00 PM,8/29/2025 10:00:00 AM,RFC,WEST,ATSI,OE,6740.341,True
8/29/2025 3:00:00 PM,8/29/2025 11:00:00 AM,RFC,WEST,ATSI,OE,6735.820,True
8/29/2025 4:00:00 PM,8/29/2025 12:00:00 PM,RFC,WEST,ATSI,OE,6820.340,True
8/29/2025 5:00:00 PM,8/29/2025 1:00:00 PM,RFC,WEST,ATSI,OE,6901.878,True
8/29/2025 6:00:00 PM,8/29/2025 2:00:00 PM,RFC,WEST,ATSI,OE,6846.324,True
8/29/2025 7:00:00 PM,8/29/2025 3:00:00 PM,RFC,WEST,ATSI,OE,6808.349,True
8/29/2025 8:00:00 PM,8/29/2025 4:00:00 PM,RFC,WEST,ATSI,OE,6810.072,True
8/29/2025 9:00:00 PM,8/29/2025 5:00:00 PM,RFC,WEST,ATSI,OE,6775.306,True
8/29/2025 10:00:00 PM,8/29/2025 6:00:00 PM,RFC,WEST,ATSI,OE,6604.680,True
8/29/2025 11:00:00 PM,8/29/2025 7:00:00 PM,RFC,WEST,ATSI,OE,6454.744,True
8/30/2025 12:00:00 AM,8/29/2025 8:00:00 PM,RFC,WEST,ATSI,OE,6440.218,True
8/30/2025 1:00:00 AM,8/29/2025 9:00:00 PM,RFC,WEST,ATSI,OE,6326.144,True
8/30/2025 2:00:00 AM,8/29/2025 10:00:00 PM,RFC,WEST,ATSI,OE,6031.164,True
8/30/2025 3:00:00 AM,8/29/2025 11:00:00 PM,RFC,WEST,ATSI,OE,5680.198,True
8/30/2025 4:00:00 AM,8/30/2025 12:00:00 AM,RFC,WEST,ATSI,OE,5461.092,True
8/30/2025 5:00:00 AM,8/30/2025 1:00:00 AM,RFC,WEST,ATSI,OE,5215.328,True
8/30/2025 6:00:00 AM,8/30/2025 2:00:00 AM,RFC,WEST,ATSI,OE,5128.798,True
8/30/2025 7:00:00 AM,8/30/2025 3:00:00 AM,RFC,WEST,ATSI,OE,5095.979,True
8/30/2025 8:00:00 AM,8/30/2025 4:00:00 AM,RFC,WEST,ATSI,OE,5084.270,True
8/30/2025 9:00:00 AM,8/30/2025 5:00:00 AM,RFC,WEST,ATSI,OE,5078.447,True
8/30/2025 10:00:00 AM,8/30/2025 6:00:00 AM,RFC,WEST,ATSI,OE,5278.351,True
8/30/2025 11:00:00 AM,8/30/2025 7:00:00 AM,RFC,WEST,ATSI,OE,5317.584,True
8/30/2025 12:00:00 PM,8/30/2025 8:00:00 AM,RFC,WEST,ATSI,OE,5592.325,True
8/30/2025 1:00:00 PM,8/30/2025 9:00:00 AM,RFC,WEST,ATSI,OE,5731.241,True
8/30/2025 2:00:00 PM,8/30/2025 10:00:00 AM,RFC,WEST,ATSI,OE,5845.600,True
8/30/2025 3:00:00 PM,8/30/2025 11:00:00 AM,RFC,WEST,ATSI,OE,5993.921,True
8/30/2025 4:00:00 PM,8/30/2025 12:00:00 PM,RFC,WEST,ATSI,OE,5980.654,True
8/30/2025 5:00:00 PM,8/30/2025 1:00:00 PM,RFC,WEST,ATSI,OE,6047.859,True
8/30/2025 6:00:00 PM,8/30/2025 2:00:00 PM,RFC,WEST,ATSI,OE,6080.572,True
8/30/2025 7:00:00 PM,8/30/2025 3:00:00 PM,RFC,WEST,ATSI,OE,6092.004,True
8/30/2025 8:00:00 PM,8/30/2025 4:00:00 PM,RFC,WEST,ATSI,OE,6215.166,True
8/30/2025 9:00:00 PM,8/30/2025 5:00:00 PM,RFC,WEST,ATSI,OE,6272.734,True
8/30/2025 10:00:00 PM,8/30/2025 6:00:00 PM,RFC,WEST,ATSI,OE,6146.524,True
8/30/2025 11:00:00 PM,8/30/2025 7:00:00 PM,RFC,WEST,ATSI,OE,6079.985,True
8/31/2025 12:00:00 AM,8/30/2025 8:00:00 PM,RFC,WEST,ATSI,OE,6042.215,True
8/31/2025 1:00:00 AM,8/30/2025 9:00:00 PM,RFC,WEST,ATSI,OE,5836.859,True
8/31/2025 2:00:00 AM,8/30/2025 10:00:00 PM,RFC,WEST,ATSI,OE,5600.330,True
8/31/2025 3:00:00 AM,8/30/2025 11:00:00 PM,RFC,WEST,ATSI,OE,5386.618,True
8/31/2025 4:00:00 AM,8/31/2025 12:00:00 AM,RFC,WEST,ATSI,OE,5174.132,True
8/31/2025 5:00:00 AM,8/31/2025 1:00:00 AM,RFC,WEST,ATSI,OE,5070.659,True
8/31/2025 6:00:00 AM,8/31/2025 2:00:00 AM,RFC,WEST,ATSI,OE,4978.199,True
8/31/2025 7:00:00 AM,8/31/2025 3:00:00 AM,RFC,WEST,ATSI,OE,4900.757,True
8/31/2025 8:00:00 AM,8/31/2025 4:00:00 AM,RFC,WEST,ATSI,OE,4846.482,True
8/31/2025 9:00:00 AM,8/31/2025 5:00:00 AM,RFC,WEST,ATSI,OE,4946.313,True
8/31/2025 10:00:00 AM,8/31/2025 6:00:00 AM,RFC,WEST,ATSI,OE,4987.915,True
8/31/2025 11:00:00 AM,8/31/2025 7:00:00 AM,RFC,WEST,ATSI,OE,5056.030,True
8/31/2025 12:00:00 PM,8/31/2025 8:00:00 AM,RFC,WEST,ATSI,OE,5295.867,True
8/31/2025 1:00:00 PM,8/31/2025 9:00:00 AM,RFC,WEST,ATSI,OE,5537.339,True
8/31/2025 2:00:00 PM,8/31/2025 10:00:00 AM,RFC,WEST,ATSI,OE,5719.790,True
8/31/2025 3:00:00 PM,8/31/2025 11:00:00 AM,RFC,WEST,ATSI,OE,5871.259,True
8/31/2025 4:00:00 PM,8/31/2025 12:00:00 PM,RFC,WEST,ATSI,OE,5970.620,True
8/31/2025 5:00:00 PM,8/31/2025 1:00:00 PM,RFC,WEST,ATSI,OE,6035.538,True
8/31/2025 6:00:00 PM,8/31/2025 2:00:00 PM,RFC,WEST,ATSI,OE,6148.264,True
8/31/2025 7:00:00 PM,8/31/2025 3:00:00 PM,RFC,WEST,ATSI,OE,6223.533,True
8/31/2025 8:00:00 PM,8/31/2025 4:00:00 PM,RFC,WEST,ATSI,OE,6385.194,True
8/31/2025 9:00:00 PM,8/31/2025 5:00:00 PM,RFC,WEST,ATSI,OE,6490.076,True
8/31/2025 10:00:00 PM,8/31/2025 6:00:00 PM,RFC,WEST,ATSI,OE,6476.112,True
8/31/2025 11:00:00 PM,8/31/2025 7:00:00 PM,RFC,WEST,ATSI,OE,6317.688,True
9/1/2025 12:00:00 AM,8/31/2025 8:00:00 PM,RFC,WEST,ATSI,OE,6307.036,True
9/1/2025 1:00:00 AM,8/31/2025 9:00:00 PM,RFC,WEST,ATSI,OE,5982.095,True
9/1/2025 2:00:00 AM,8/31/2025 10:00:00 PM,RFC,WEST,ATSI,OE,5809.740,True
9/1/2025 3:00:00 AM,8/31/2025 11:00:00 PM,RFC,WEST,ATSI,OE,5436.525,True
9/1/2025 4:00:00 AM,9/1/2025 12:00:00 AM,RFC,WEST,ATSI,OE,5193.562,True
9/1/2025 5:00:00 AM,9/1/2025 1:00:00 AM,RFC,WEST,ATSI,OE,4964.131,True
9/1/2025 6:00:00 AM,9/1/2025 2:00:00 AM,RFC,WEST,ATSI,OE,4777.506,True
9/1/2025 7:00:00 AM,9/1/2025 3:00:00 AM,RFC,WEST,ATSI,OE,4799.292,True
9/1/2025 8:00:00 AM,9/1/2025 4:00:00 AM,RFC,WEST,ATSI,OE,4821.086,True
9/1/2025 9:00:00 AM,9/1/2025 5:00:00 AM,RFC,WEST,ATSI,OE,4877.020,True
9/1/2025 10:00:00 AM,9/1/2025 6:00:00 AM,RFC,WEST,ATSI,OE,4964.340,True
9/1/2025 11:00:00 AM,9/1/2025 7:00:00 AM,RFC,WEST,ATSI,OE,5033.605,True
9/1/2025 12:00:00 PM,9/1/2025 8:00:00 AM,RFC,WEST,ATSI,OE,5225.328,True
9/1/2025 1:00:00 PM,9/1/2025 9:00:00 AM,RFC,WEST,ATSI,OE,5540.179,True
9/1/2025 2:00:00 PM,9/1/2025 10:00:00 AM,RFC,WEST,ATSI,OE,5825.970,True
9/1/2025 3:00:00 PM,9/1/2025 11:00:00 AM,RFC,WEST,ATSI,OE,6043.333,True
9/1/2025 4:00:00 PM,9/1/2025 12:00:00 PM,RFC,WEST,ATSI,OE,6208.005,True
9/1/2025 5:00:00 PM,9/1/2025 1:00:00 PM,RFC,WEST,ATSI,OE,6394.508,True
9/1/2025 6:00:00 PM,9/1/2025 2:00:00 PM,RFC,WEST,ATSI,OE,6559.468,True
9/1/2025 7:00:00 PM,9/1/2025 3:00:00 PM,RFC,WEST,ATSI,OE,6699.484,True
9/1/2025 8:00:00 PM,9/1/2025 4:00:00 PM,RFC,WEST,ATSI,OE,6860.475,True
9/1/2025 9:00:00 PM,9/1/2025 5:00:00 PM,RFC,WEST,ATSI,OE,6978.807,True
9/1/2025 10:00:00 PM,9/1/2025 6:00:00 PM,RFC,WEST,ATSI,OE,7004.865,True
9/1/2025 11:00:00 PM,9/1/2025 7:00:00 PM,RFC,WEST,ATSI,OE,6850.055,True
9/2/2025 12:00:00 AM,9/1/2025 8:00:00 PM,RFC,WEST,ATSI,OE,6810.519,True
9/2/2025 1:00:00 AM,9/1/2025 9:00:00 PM,RFC,WEST,ATSI,OE,6532.077,True
9/2/2025 2:00:00 AM,9/1/2025 10:00:00 PM,RFC,WEST,ATSI,OE,6104.213,True
9/2/2025 3:00:00 AM,9/1/2025 11:00:00 PM,RFC,WEST,ATSI,OE,5725.198,True
9/2/2025 4:00:00 AM,9/2/2025 12:00:00 AM,RFC,WEST,ATSI,OE,5402.548,True
9/2/2025 5:00:00 AM,9/2/2025 1:00:00 AM,RFC,WEST,ATSI,OE,5230.665,True
9/2/2025 6:00:00 AM,9/2/2025 2:00:00 AM,RFC,WEST,ATSI,OE,5124.593,True
9/2/2025 7:00:00 AM,9/2/2025 3:00:00 AM,RFC,WEST,ATSI,OE,5065.802,True
9/2/2025 8:00:00 AM,9/2/2025 4:00:00 AM,RFC,WEST,ATSI,OE,5165.016,True
9/2/2025 9:00:00 AM,9/2/2025 5:00:00 AM,RFC,WEST,ATSI,OE,5489.135,True
9/2/2025 10:00:00 AM,9/2/2025 6:00:00 AM,RFC,WEST,ATSI,OE,5998.650,True
9/2/2025 11:00:00 AM,9/2/2025 7:00:00 AM,RFC,WEST,ATSI,OE,6325.771,True
9/2/2025 12:00:00 PM,9/2/2025 8:00:00 AM,RFC,WEST,ATSI,OE,6568.540,True
9/2/2025 1:00:00 PM,9/2/2025 9:00:00 AM,RFC,WEST,ATSI,OE,6777.896,True
9/2/2025 2:00:00 PM,9/2/2025 10:00:00 AM,RFC,WEST,ATSI,OE,7002.664,True
9/2/2025 3:00:00 PM,9/2/2025 11:00:00 AM,RFC,WEST,ATSI,OE,7227.032,True
9/2/2025 4:00:00 PM,9/2/2025 12:00:00 PM,RFC,WEST,ATSI,OE,7457.973,True
9/2/2025 5:00:00 PM,9/2/2025 1:00:00 PM,RFC,WEST,ATSI,OE,7640.960,True
9/2/2025 6:00:00 PM,9/2/2025 2:00:00 PM,RFC,WEST,ATSI,OE,7753.852,True
9/2/2025 7:00:00 PM,9/2/2025 3:00:00 PM,RFC,WEST,ATSI,OE,7837.959,True
9/2/2025 8:00:00 PM,9/2/2025 4:00:00 PM,RFC,WEST,ATSI,OE,7895.997,True
9/2/2025 9:00:00 PM,9/2/2025 5:00:00 PM,RFC,WEST,ATSI,OE,7971.680,True
9/2/2025 10:00:00 PM,9/2/2025 6:00:00 PM,RFC,WEST,ATSI,OE,7931.655,True
9/2/2025 11:00:00 PM,9/2/2025 7:00:00 PM,RFC,WEST,ATSI,OE,7681.301,True
9/3/2025 12:00:00 AM,9/2/2025 8:00:00 PM,RFC,WEST,ATSI,OE,7545.957,True
9/3/2025 1:00:00 AM,9/2/2025 9:00:00 PM,RFC,WEST,ATSI,OE,7189.585,True
9/3/2025 2:00:00 AM,9/2/2025 10:00:00 PM,RFC,WEST,ATSI,OE,6654.447,True
9/3/2025 3:00:00 AM,9/2/2025 11:00:00 PM,RFC,WEST,ATSI,OE,6114.764,True
9/3/2025 4:00:00 AM,9/3/2025 12:00:00 AM,RFC,WEST,ATSI,OE,5906.069,True
9/3/2025 5:00:00 AM,9/3/2025 1:00:00 AM,RFC,WEST,ATSI,OE,5680.894,True
9/3/2025 6:00:00 AM,9/3/2025 2:00:00 AM,RFC,WEST,ATSI,OE,5486.157,True
9/3/2025 7:00:00 AM,9/3/2025 3:00:00 AM,RFC,WEST,ATSI,OE,5353.463,True
9/3/2025 8:00:00 AM,9/3/2025 4:00:00 AM,RFC,WEST,ATSI,OE,5426.965,True
9/3/2025 9:00:00 AM,9/3/2025 5:00:00 AM,RFC,WEST,ATSI,OE,5619.141,True
9/3/2025 10:00:00 AM,9/3/2025 6:00:00 AM,RFC,WEST,ATSI,OE,6025.043,True
9/3/2025 11:00:00 AM,9/3/2025 7:00:00 AM,RFC,WEST,ATSI,OE,6257.018,True
9/3/2025 12:00:00 PM,9/3/2025 8:00:00 AM,RFC,WEST,ATSI,OE,6507.152,True
9/3/2025 1:00:00 PM,9/3/2025 9:00:00 AM,RFC,WEST,ATSI,OE,6736.879,True
9/3/2025 2:00:00 PM,9/3/2025 10:00:00 AM,RFC,WEST,ATSI,OE,7021.462,True
9/3/2025 3:00:00 PM,9/3/2025 11:00:00 AM,RFC,WEST,ATSI,OE,7234.495,True
9/3/2025 4:00:00 PM,9/3/2025 12:00:00 PM,RFC,WEST,ATSI,OE,7495.739,True
9/3/2025 5:00:00 PM,9/3/2025 1:00:00 PM,RFC,WEST,ATSI,OE,7800.888,True
9/3/2025 6:00:00 PM,9/3/2025 2:00:00 PM,RFC,WEST,ATSI,OE,7973.441,True
9/3/2025 7:00:00 PM,9/3/2025 3:00:00 PM,RFC,WEST,ATSI,OE,8157.687,True
9/3/2025 8:00:00 PM,9/3/2025 4:00:00 PM,RFC,WEST,ATSI,OE,8344.275,True
9/3/2025 9:00:00 PM,9/3/2025 5:00:00 PM,RFC,WEST,ATSI,OE,8515.207,True
9/3/2025 10:00:00 PM,9/3/2025 6:00:00 PM,RFC,WEST,ATSI,OE,8432.388,True
9/3/2025 11:00:00 PM,9/3/2025 7:00:00 PM,RFC,WEST,ATSI,OE,8160.103,True
9/4/2025 12:00:00 AM,9/3/2025 8:00:00 PM,RFC,WEST,ATSI,OE,8037.415,True
9/4/2025 1:00:00 AM,9/3/2025 9:00:00 PM,RFC,WEST,ATSI,OE,7756.693,True
9/4/2025 2:00:00 AM,9/3/2025 10:00:00 PM,RFC,WEST,ATSI,OE,7248.215,True
9/4/2025 3:00:00 AM,9/3/2025 11:00:00 PM,RFC,WEST,ATSI,OE,6748.561,True
9/4/2025 4:00:00 AM,9/4/2025 12:00:00 AM,RFC,WEST,ATSI,OE,6397.475,True
9/4/2025 5:00:00 AM,9/4/2025 1:00:00 AM,RFC,WEST,ATSI,OE,6153.424,True
9/4/2025 6:00:00 AM,9/4/2025 2:00:00 AM,RFC,WEST,ATSI,OE,6017.026,True
9/4/2025 7:00:00 AM,9/4/2025 3:00:00 AM,RFC,WEST,ATSI,OE,5925.327,True
9/4/2025 8:00:00 AM,9/4/2025 4:00:00 AM,RFC,WEST,ATSI,OE,5926.392,True
9/4/2025 9:00:00 AM,9/4/2025 5:00:00 AM,RFC,WEST,ATSI,OE,6155.593,True
9/4/2025 10:00:00 AM,9/4/2025 6:00:00 AM,RFC,WEST,ATSI,OE,6664.084,True
9/4/2025 11:00:00 AM,9/4/2025 7:00:00 AM,RFC,WEST,ATSI,OE,6968.963,True
9/4/2025 12:00:00 PM,9/4/2025 8:00:00 AM,RFC,WEST,ATSI,OE,7179.500,True
9/4/2025 1:00:00 PM,9/4/2025 9:00:00 AM,RFC,WEST,ATSI,OE,7298.355,True
9/4/2025 2:00:00 PM,9/4/2025 10:00:00 AM,RFC,WEST,ATSI,OE,7295.688,True
9/4/2025 3:00:00 PM,9/4/2025 11:00:00 AM,RFC,WEST,ATSI,OE,7355.369,True
9/4/2025 4:00:00 PM,9/4/2025 12:00:00 PM,RFC,WEST,ATSI,OE,7304.330,True
9/4/2025 5:00:00 PM,9/4/2025 1:00:00 PM,RFC,WEST,ATSI,OE,7444.645,True
9/4/2025 6:00:00 PM,9/4/2025 2:00:00 PM,RFC,WEST,ATSI,OE,7430.298,True
9/4/2025 7:00:00 PM,9/4/2025 3:00:00 PM,RFC,WEST,ATSI,OE,7304.454,True
9/4/2025 8:00:00 PM,9/4/2025 4:00:00 PM,RFC,WEST,ATSI,OE,7262.147,True
9/4/2025 9:00:00 PM,9/4/2025 5:00:00 PM,RFC,WEST,ATSI,OE,7188.216,True
9/4/2025 10:00:00 PM,9/4/2025 6:00:00 PM,RFC,WEST,ATSI,OE,7184.811,True
9/4/2025 11:00:00 PM,9/4/2025 7:00:00 PM,RFC,WEST,ATSI,OE,7056.546,True
9/5/2025 12:00:00 AM,9/4/2025 8:00:00 PM,RFC,WEST,ATSI,OE,7099.539,True
9/5/2025 1:00:00 AM,9/4/2025 9:00:00 PM,RFC,WEST,ATSI,OE,6789.188,True
9/5/2025 2:00:00 AM,9/4/2025 10:00:00 PM,RFC,WEST,ATSI,OE,6441.780,True
9/5/2025 3:00:00 AM,9/4/2025 11:00:00 PM,RFC,WEST,ATSI,OE,6080.619,True
9/5/2025 4:00:00 AM,9/5/2025 12:00:00 AM,RFC,WEST,ATSI,OE,5845.343,True
9/5/2025 5:00:00 AM,9/5/2025 1:00:00 AM,RFC,WEST,ATSI,OE,5681.040,True
9/5/2025 6:00:00 AM,9/5/2025 2:00:00 AM,RFC,WEST,ATSI,OE,5554.865,True
9/5/2025 7:00:00 AM,9/5/2025 3:00:00 AM,RFC,WEST,ATSI,OE,5472.071,True
9/5/2025 8:00:00 AM,9/5/2025 4:00:00 AM,RFC,WEST,ATSI,OE,5526.261,True
9/5/2025 9:00:00 AM,9/5/2025 5:00:00 AM,RFC,WEST,ATSI,OE,5720.800,True
9/5/2025 10:00:00 AM,9/5/2025 6:00:00 AM,RFC,WEST,ATSI,OE,6217.336,True
9/5/2025 11:00:00 AM,9/5/2025 7:00:00 AM,RFC,WEST,ATSI,OE,6441.697,True
9/5/2025 12:00:00 PM,9/5/2025 8:00:00 AM,RFC,WEST,ATSI,OE,6645.029,True
9/5/2025 1:00:00 PM,9/5/2025 9:00:00 AM,RFC,WEST,ATSI,OE,6705.376,True
9/5/2025 2:00:00 PM,9/5/2025 10:00:00 AM,RFC,WEST,ATSI,OE,6873.366,True
9/5/2025 3:00:00 PM,9/5/2025 11:00:00 AM,RFC,WEST,ATSI,OE,7024.817,True
9/5/2025 4:00:00 PM,9/5/2025 12:00:00 PM,RFC,WEST,ATSI,OE,7204.321,True
9/5/2025 5:00:00 PM,9/5/2025 1:00:00 PM,RFC,WEST,ATSI,OE,7350.572,True
9/5/2025 6:00:00 PM,9/5/2025 2:00:00 PM,RFC,WEST,ATSI,OE,7318.976,True
9/5/2025 7:00:00 PM,9/5/2025 3:00:00 PM,RFC,WEST,ATSI,OE,7296.423,True
9/5/2025 8:00:00 PM,9/5/2025 4:00:00 PM,RFC,WEST,ATSI,OE,7370.112,True
9/5/2025 9:00:00 PM,9/5/2025 5:00:00 PM,RFC,WEST,ATSI,OE,7422.390,True
9/5/2025 10:00:00 PM,9/5/2025 6:00:00 PM,RFC,WEST,ATSI,OE,7258.926,True
9/5/2025 11:00:00 PM,9/5/2025 7:00:00 PM,RFC,WEST,ATSI,OE,7024.811,True
9/6/2025 12:00:00 AM,9/5/2025 8:00:00 PM,RFC,WEST,ATSI,OE,7000.986,True
9/6/2025 1:00:00 AM,9/5/2025 9:00:00 PM,RFC,WEST,ATSI,OE,6753.724,True
9/6/2025 2:00:00 AM,9/5/2025 10:00:00 PM,RFC,WEST,ATSI,OE,6385.221,True
9/6/2025 3:00:00 AM,9/5/2025 11:00:00 PM,RFC,WEST,ATSI,OE,6051.666,True
9/6/2025 4:00:00 AM,9/6/2025 12:00:00 AM,RFC,WEST,ATSI,OE,5739.161,True
9/6/2025 5:00:00 AM,9/6/2025 1:00:00 AM,RFC,WEST,ATSI,OE,5574.599,True
9/6/2025 6:00:00 AM,9/6/2025 2:00:00 AM,RFC,WEST,ATSI,OE,5427.168,True
9/6/2025 7:00:00 AM,9/6/2025 3:00:00 AM,RFC,WEST,ATSI,OE,5324.753,True
9/6/2025 8:00:00 AM,9/6/2025 4:00:00 AM,RFC,WEST,ATSI,OE,5348.635,True
9/6/2025 9:00:00 AM,9/6/2025 5:00:00 AM,RFC,WEST,ATSI,OE,5432.639,True
9/6/2025 10:00:00 AM,9/6/2025 6:00:00 AM,RFC,WEST,ATSI,OE,5578.886,True
9/6/2025 11:00:00 AM,9/6/2025 7:00:00 AM,RFC,WEST,ATSI,OE,5672.668,True
9/6/2025 12:00:00 PM,9/6/2025 8:00:00 AM,RFC,WEST,ATSI,OE,5802.041,True
9/6/2025 1:00:00 PM,9/6/2025 9:00:00 AM,RFC,WEST,ATSI,OE,5971.987,True
9/6/2025 2:00:00 PM,9/6/2025 10:00:00 AM,RFC,WEST,ATSI,OE,6044.005,True
9/6/2025 3:00:00 PM,9/6/2025 11:00:00 AM,RFC,WEST,ATSI,OE,6212.039,True
9/6/2025 4:00:00 PM,9/6/2025 12:00:00 PM,RFC,WEST,ATSI,OE,6335.213,True
9/6/2025 5:00:00 PM,9/6/2025 1:00:00 PM,RFC,WEST,ATSI,OE,6337.302,True
9/6/2025 6:00:00 PM,9/6/2025 2:00:00 PM,RFC,WEST,ATSI,OE,6374.469,True
9/6/2025 7:00:00 PM,9/6/2025 3:00:00 PM,RFC,WEST,ATSI,OE,6367.389,True
9/6/2025 8:00:00 PM,9/6/2025 4:00:00 PM,RFC,WEST,ATSI,OE,6335.930,True
9/6/2025 9:00:00 PM,9/6/2025 5:00:00 PM,RFC,WEST,ATSI,OE,6249.083,True
9/6/2025 10:00:00 PM,9/6/2025 6:00:00 PM,RFC,WEST,ATSI,OE,6332.635,True
9/6/2025 11:00:00 PM,9/6/2025 7:00:00 PM,RFC,WEST,ATSI,OE,6178.546,True
9/7/2025 12:00:00 AM,9/6/2025 8:00:00 PM,RFC,WEST,ATSI,OE,6332.265,True
9/7/2025 1:00:00 AM,9/6/2025 9:00:00 PM,RFC,WEST,ATSI,OE,6149.575,True
9/7/2025 2:00:00 AM,9/6/2025 10:00:00 PM,RFC,WEST,ATSI,OE,5892.328,True
9/7/2025 3:00:00 AM,9/6/2025 11:00:00 PM,RFC,WEST,ATSI,OE,5629.822,True
9/7/2025 4:00:00 AM,9/7/2025 12:00:00 AM,RFC,WEST,ATSI,OE,5407.839,True
9/7/2025 5:00:00 AM,9/7/2025 1:00:00 AM,RFC,WEST,ATSI,OE,5115.146,True
9/7/2025 6:00:00 AM,9/7/2025 2:00:00 AM,RFC,WEST,ATSI,OE,5059.706,True
9/7/2025 7:00:00 AM,9/7/2025 3:00:00 AM,RFC,WEST,ATSI,OE,5059.560,True
9/7/2025 8:00:00 AM,9/7/2025 4:00:00 AM,RFC,WEST,ATSI,OE,5011.949,True
9/7/2025 9:00:00 AM,9/7/2025 5:00:00 AM,RFC,WEST,ATSI,OE,5010.819,True
9/7/2025 10:00:00 AM,9/7/2025 6:00:00 AM,RFC,WEST,ATSI,OE,5114.540,True
9/7/2025 11:00:00 AM,9/7/2025 7:00:00 AM,RFC,WEST,ATSI,OE,5192.883,True
9/7/2025 12:00:00 PM,9/7/2025 8:00:00 AM,RFC,WEST,ATSI,OE,5420.319,True
9/7/2025 1:00:00 PM,9/7/2025 9:00:00 AM,RFC,WEST,ATSI,OE,5625.636,True
9/7/2025 2:00:00 PM,9/7/2025 10:00:00 AM,RFC,WEST,ATSI,OE,5795.543,True
9/7/2025 3:00:00 PM,9/7/2025 11:00:00 AM,RFC,WEST,ATSI,OE,5920.095,True
9/7/2025 4:00:00 PM,9/7/2025 12:00:00 PM,RFC,WEST,ATSI,OE,5989.260,True
9/7/2025 5:00:00 PM,9/7/2025 1:00:00 PM,RFC,WEST,ATSI,OE,6029.031,True
9/7/2025 6:00:00 PM,9/7/2025 2:00:00 PM,RFC,WEST,ATSI,OE,6089.377,True
9/7/2025 7:00:00 PM,9/7/2025 3:00:00 PM,RFC,WEST,ATSI,OE,5934.016,True
9/7/2025 8:00:00 PM,9/7/2025 4:00:00 PM,RFC,WEST,ATSI,OE,6216.929,True
9/7/2025 9:00:00 PM,9/7/2025 5:00:00 PM,RFC,WEST,ATSI,OE,6354.595,True
9/7/2025 10:00:00 PM,9/7/2025 6:00:00 PM,RFC,WEST,ATSI,OE,6326.239,True
9/7/2025 11:00:00 PM,9/7/2025 7:00:00 PM,RFC,WEST,ATSI,OE,6367.930,True
9/8/2025 12:00:00 AM,9/7/2025 8:00:00 PM,RFC,WEST,ATSI,OE,6493.989,True
9/8/2025 1:00:00 AM,9/7/2025 9:00:00 PM,RFC,WEST,ATSI,OE,6211.857,True
9/8/2025 2:00:00 AM,9/7/2025 10:00:00 PM,RFC,WEST,ATSI,OE,5867.070,True
9/8/2025 3:00:00 AM,9/7/2025 11:00:00 PM,RFC,WEST,ATSI,OE,5562.218,True
9/8/2025 4:00:00 AM,9/8/2025 12:00:00 AM,RFC,WEST,ATSI,OE,5487.419,True
9/8/2025 5:00:00 AM,9/8/2025 1:00:00 AM,RFC,WEST,ATSI,OE,5402.701,True
9/8/2025 6:00:00 AM,9/8/2025 2:00:00 AM,RFC,WEST,ATSI,OE,5330.099,True
9/8/2025 7:00:00 AM,9/8/2025 3:00:00 AM,RFC,WEST,ATSI,OE,5321.438,True
9/8/2025 8:00:00 AM,9/8/2025 4:00:00 AM,RFC,WEST,ATSI,OE,5367.525,True
9/8/2025 9:00:00 AM,9/8/2025 5:00:00 AM,RFC,WEST,ATSI,OE,5703.134,True
9/8/2025 10:00:00 AM,9/8/2025 6:00:00 AM,RFC,WEST,ATSI,OE,6195.432,True
9/8/2025 11:00:00 AM,9/8/2025 7:00:00 AM,RFC,WEST,ATSI,OE,6515.977,True
9/8/2025 12:00:00 PM,9/8/2025 8:00:00 AM,RFC,WEST,ATSI,OE,6691.541,True
9/8/2025 1:00:00 PM,9/8/2025 9:00:00 AM,RFC,WEST,ATSI,OE,6823.780,True
9/8/2025 2:00:00 PM,9/8/2025 10:00:00 AM,RFC,WEST,ATSI,OE,6944.039,True
9/8/2025 3:00:00 PM,9/8/2025 11:00:00 AM,RFC,WEST,ATSI,OE,7000.653,True
9/8/2025 4:00:00 PM,9/8/2025 12:00:00 PM,RFC,WEST,ATSI,OE,7022.482,True
9/8/2025 5:00:00 PM,9/8/2025 1:00:00 PM,RFC,WEST,ATSI,OE,7094.466,True
9/8/2025 6:00:00 PM,9/8/2025 2:00:00 PM,RFC,WEST,ATSI,OE,7072.003,True
9/8/2025 7:00:00 PM,9/8/2025 3:00:00 PM,RFC,WEST,ATSI,OE,7038.157,True
9/8/2025 8:00:00 PM,9/8/2025 4:00:00 PM,RFC,WEST,ATSI,OE,7041.033,True
9/8/2025 9:00:00 PM,9/8/2025 5:00:00 PM,RFC,WEST,ATSI,OE,7016.777,True
9/8/2025 10:00:00 PM,9/8/2025 6:00:00 PM,RFC,WEST,ATSI,OE,6990.104,True
9/8/2025 11:00:00 PM,9/8/2025 7:00:00 PM,RFC,WEST,ATSI,OE,6952.321,True
9/9/2025 12:00:00 AM,9/8/2025 8:00:00 PM,RFC,WEST,ATSI,OE,6970.823,True
9/9/2025 1:00:00 AM,9/8/2025 9:00:00 PM,RFC,WEST,ATSI,OE,6708.315,True
9/9/2025 2:00:00 AM,9/8/2025 10:00:00 PM,RFC,WEST,ATSI,OE,6309.208,True
9/9/2025 3:00:00 AM,9/8/2025 11:00:00 PM,RFC,WEST,ATSI,OE,5989.614,True
9/9/2025 4:00:00 AM,9/9/2025 12:00:00 AM,RFC,WEST,ATSI,OE,5808.957,True
9/9/2025 5:00:00 AM,9/9/2025 1:00:00 AM,RFC,WEST,ATSI,OE,5614.142,True
9/9/2025 6:00:00 AM,9/9/2025 2:00:00 AM,RFC,WEST,ATSI,OE,5505.567,True
9/9/2025 7:00:00 AM,9/9/2025 3:00:00 AM,RFC,WEST,ATSI,OE,5380.487,True
9/9/2025 8:00:00 AM,9/9/2025 4:00:00 AM,RFC,WEST,ATSI,OE,5422.119,True
9/9/2025 9:00:00 AM,9/9/2025 5:00:00 AM,RFC,WEST,ATSI,OE,5632.585,True
9/9/2025 10:00:00 AM,9/9/2025 6:00:00 AM,RFC,WEST,ATSI,OE,6183.410,True
9/9/2025 11:00:00 AM,9/9/2025 7:00:00 AM,RFC,WEST,ATSI,OE,6462.929,True
9/9/2025 12:00:00 PM,9/9/2025 8:00:00 AM,RFC,WEST,ATSI,OE,6603.618,True
9/9/2025 1:00:00 PM,9/9/2025 9:00:00 AM,RFC,WEST,ATSI,OE,6745.721,True
9/9/2025 2:00:00 PM,9/9/2025 10:00:00 AM,RFC,WEST,ATSI,OE,6912.919,True
9/9/2025 3:00:00 PM,9/9/2025 11:00:00 AM,RFC,WEST,ATSI,OE,7011.852,True
9/9/2025 4:00:00 PM,9/9/2025 12:00:00 PM,RFC,WEST,ATSI,OE,7098.408,True
9/9/2025 5:00:00 PM,9/9/2025 1:00:00 PM,RFC,WEST,ATSI,OE,7229.115,True
9/9/2025 6:00:00 PM,9/9/2025 2:00:00 PM,RFC,WEST,ATSI,OE,7290.669,True
9/9/2025 7:00:00 PM,9/9/2025 3:00:00 PM,RFC,WEST,ATSI,OE,7339.449,True
9/9/2025 8:00:00 PM,9/9/2025 4:00:00 PM,RFC,WEST,ATSI,OE,7346.722,True
9/9/2025 9:00:00 PM,9/9/2025 5:00:00 PM,RFC,WEST,ATSI,OE,7391.690,True
9/9/2025 10:00:00 PM,9/9/2025 6:00:00 PM,RFC,WEST,ATSI,OE,7303.367,True
9/9/2025 11:00:00 PM,9/9/2025 7:00:00 PM,RFC,WEST,ATSI,OE,7202.458,True
9/10/2025 12:00:00 AM,9/9/2025 8:00:00 PM,RFC,WEST,ATSI,OE,7206.711,True
9/10/2025 1:00:00 AM,9/9/2025 9:00:00 PM,RFC,WEST,ATSI,OE,6888.208,True
9/10/2025 2:00:00 AM,9/9/2025 10:00:00 PM,RFC,WEST,ATSI,OE,6418.444,True
9/10/2025 3:00:00 AM,9/9/2025 11:00:00 PM,RFC,WEST,ATSI,OE,6098.955,True
9/10/2025 4:00:00 AM,9/10/2025 12:00:00 AM,RFC,WEST,ATSI,OE,5769.028,True
9/10/2025 5:00:00 AM,9/10/2025 1:00:00 AM,RFC,WEST,ATSI,OE,5601.184,True
9/10/2025 6:00:00 AM,9/10/2025 2:00:00 AM,RFC,WEST,ATSI,OE,5519.607,True
9/10/2025 7:00:00 AM,9/10/2025 3:00:00 AM,RFC,WEST,ATSI,OE,5456.880,True
9/10/2025 8:00:00 AM,9/10/2025 4:00:00 AM,RFC,WEST,ATSI,OE,5498.662,True
9/10/2025 9:00:00 AM,9/10/2025 5:00:00 AM,RFC,WEST,ATSI,OE,5701.634,True
9/10/2025 10:00:00 AM,9/10/2025 6:00:00 AM,RFC,WEST,ATSI,OE,6161.478,True
9/10/2025 11:00:00 AM,9/10/2025 7:00:00 AM,RFC,WEST,ATSI,OE,6444.543,True
9/10/2025 12:00:00 PM,9/10/2025 8:00:00 AM,RFC,WEST,ATSI,OE,6582.695,True
9/10/2025 1:00:00 PM,9/10/2025 9:00:00 AM,RFC,WEST,ATSI,OE,6783.403,True
9/10/2025 2:00:00 PM,9/10/2025 10:00:00 AM,RFC,WEST,ATSI,OE,6933.748,True
9/10/2025 3:00:00 PM,9/10/2025 11:00:00 AM,RFC,WEST,ATSI,OE,7080.125,True
9/10/2025 4:00:00 PM,9/10/2025 12:00:00 PM,RFC,WEST,ATSI,OE,7216.015,True
9/10/2025 5:00:00 PM,9/10/2025 1:00:00 PM,RFC,WEST,ATSI,OE,7371.943,True
9/10/2025 6:00:00 PM,9/10/2025 2:00:00 PM,RFC,WEST,ATSI,OE,7520.368,True
9/10/2025 7:00:00 PM,9/10/2025 3:00:00 PM,RFC,WEST,ATSI,OE,7559.708,True
9/10/2025 8:00:00 PM,9/10/2025 4:00:00 PM,RFC,WEST,ATSI,OE,7710.791,True
9/10/2025 9:00:00 PM,9/10/2025 5:00:00 PM,RFC,WEST,ATSI,OE,7710.836,True
9/10/2025 10:00:00 PM,9/10/2025 6:00:00 PM,RFC,WEST,ATSI,OE,7574.925,True
9/10/2025 11:00:00 PM,9/10/2025 7:00:00 PM,RFC,WEST,ATSI,OE,7428.414,True
9/11/2025 12:00:00 AM,9/10/2025 8:00:00 PM,RFC,WEST,ATSI,OE,7334.830,True
9/11/2025 1:00:00 AM,9/10/2025 9:00:00 PM,RFC,WEST,ATSI,OE,7017.873,True
9/11/2025 2:00:00 AM,9/10/2025 10:00:00 PM,RFC,WEST,ATSI,OE,6571.984,True
9/11/2025 3:00:00 AM,9/10/2025 11:00:00 PM,RFC,WEST,ATSI,OE,6151.235,True
9/11/2025 4:00:00 AM,9/11/2025 12:00:00 AM,RFC,WEST,ATSI,OE,5877.203,True
9/11/2025 5:00:00 AM,9/11/2025 1:00:00 AM,RFC,WEST,ATSI,OE,5671.002,True
9/11/2025 6:00:00 AM,9/11/2025 2:00:00 AM,RFC,WEST,ATSI,OE,5503.333,True
9/11/2025 7:00:00 AM,9/11/2025 3:00:00 AM,RFC,WEST,ATSI,OE,5409.612,True
9/11/2025 8:00:00 AM,9/11/2025 4:00:00 AM,RFC,WEST,ATSI,OE,5523.366,True
9/11/2025 9:00:00 AM,9/11/2025 5:00:00 AM,RFC,WEST,ATSI,OE,5742.491,True
9/11/2025 10:00:00 AM,9/11/2025 6:00:00 AM,RFC,WEST,ATSI,OE,6198.535,True
9/11/2025 11:00:00 AM,9/11/2025 7:00:00 AM,RFC,WEST,ATSI,OE,6494.981,True
9/11/2025 12:00:00 PM,9/11/2025 8:00:00 AM,RFC,WEST,ATSI,OE,6577.281,True
9/11/2025 1:00:00 PM,9/11/2025 9:00:00 AM,RFC,WEST,ATSI,OE,6772.750,True
9/11/2025 2:00:00 PM,9/11/2025 10:00:00 AM,RFC,WEST,ATSI,OE,7081.163,True
9/11/2025 3:00:00 PM,9/11/2025 11:00:00 AM,RFC,WEST,ATSI,OE,7203.895,True
9/11/2025 4:00:00 PM,9/11/2025 12:00:00 PM,RFC,WEST,ATSI,OE,7408.229,True
9/11/2025 5:00:00 PM,9/11/2025 1:00:00 PM,RFC,WEST,ATSI,OE,7607.446,True
9/11/2025 6:00:00 PM,9/11/2025 2:00:00 PM,RFC,WEST,ATSI,OE,7728.792,True
9/11/2025 7:00:00 PM,9/11/2025 3:00:00 PM,RFC,WEST,ATSI,OE,7818.778,True
9/11/2025 8:00:00 PM,9/11/2025 4:00:00 PM,RFC,WEST,ATSI,OE,7920.255,True
9/11/2025 9:00:00 PM,9/11/2025 5:00:00 PM,RFC,WEST,ATSI,OE,7845.391,True
9/11/2025 10:00:00 PM,9/11/2025 6:00:00 PM,RFC,WEST,ATSI,OE,7790.618,True
9/11/2025 11:00:00 PM,9/11/2025 7:00:00 PM,RFC,WEST,ATSI,OE,7576.154,True
9/12/2025 12:00:00 AM,9/11/2025 8:00:00 PM,RFC,WEST,ATSI,OE,7406.096,True
9/12/2025 1:00:00 AM,9/11/2025 9:00:00 PM,RFC,WEST,ATSI,OE,7093.297,True
9/12/2025 2:00:00 AM,9/11/2025 10:00:00 PM,RFC,WEST,ATSI,OE,6694.976,True
9/12/2025 3:00:00 AM,9/11/2025 11:00:00 PM,RFC,WEST,ATSI,OE,6239.316,True
9/12/2025 4:00:00 AM,9/12/2025 12:00:00 AM,RFC,WEST,ATSI,OE,5956.960,True
9/12/2025 5:00:00 AM,9/12/2025 1:00:00 AM,RFC,WEST,ATSI,OE,5727.945,True
9/12/2025 6:00:00 AM,9/12/2025 2:00:00 AM,RFC,WEST,ATSI,OE,5568.834,True
9/12/2025 7:00:00 AM,9/12/2025 3:00:00 AM,RFC,WEST,ATSI,OE,5504.192,True
9/12/2025 8:00:00 AM,9/12/2025 4:00:00 AM,RFC,WEST,ATSI,OE,5528.272,True
9/12/2025 9:00:00 AM,9/12/2025 5:00:00 AM,RFC,WEST,ATSI,OE,5768.638,True
9/12/2025 10:00:00 AM,9/12/2025 6:00:00 AM,RFC,WEST,ATSI,OE,6149.272,True
9/12/2025 11:00:00 AM,9/12/2025 7:00:00 AM,RFC,WEST,ATSI,OE,6478.619,True
9/12/2025 12:00:00 PM,9/12/2025 8:00:00 AM,RFC,WEST,ATSI,OE,6606.273,True
9/12/2025 1:00:00 PM,9/12/2025 9:00:00 AM,RFC,WEST,ATSI,OE,6850.906,True
9/12/2025 2:00:00 PM,9/12/2025 10:00:00 AM,RFC,WEST,ATSI,OE,7063.763,True
9/12/2025 3:00:00 PM,9/12/2025 11:00:00 AM,RFC,WEST,ATSI,OE,7220.564,True
9/12/2025 4:00:00 PM,9/12/2025 12:00:00 PM,RFC,WEST,ATSI,OE,7478.718,True
9/12/2025 5:00:00 PM,9/12/2025 1:00:00 PM,RFC,WEST,ATSI,OE,7623.039,True
9/12/2025 6:00:00 PM,9/12/2025 2:00:00 PM,RFC,WEST,ATSI,OE,7744.594,True
9/12/2025 7:00:00 PM,9/12/2025 3:00:00 PM,RFC,WEST,ATSI,OE,7859.484,True
9/12/2025 8:00:00 PM,9/12/2025 4:00:00 PM,RFC,WEST,ATSI,OE,7932.326,True
9/12/2025 9:00:00 PM,9/12/2025 5:00:00 PM,RFC,WEST,ATSI,OE,8007.870,True
9/12/2025 10:00:00 PM,9/12/2025 6:00:00 PM,RFC,WEST,ATSI,OE,7793.363,True
9/12/2025 11:00:00 PM,9/12/2025 7:00:00 PM,RFC,WEST,ATSI,OE,7501.189,True
9/13/2025 12:00:00 AM,9/12/2025 8:00:00 PM,RFC,WEST,ATSI,OE,7339.369,True
9/13/2025 1:00:00 AM,9/12/2025 9:00:00 PM,RFC,WEST,ATSI,OE,7014.346,True
9/13/2025 2:00:00 AM,9/12/2025 10:00:00 PM,RFC,WEST,ATSI,OE,6593.177,True
9/13/2025 3:00:00 AM,9/12/2025 11:00:00 PM,RFC,WEST,ATSI,OE,6148.565,True
9/13/2025 4:00:00 AM,9/13/2025 12:00:00 AM,RFC,WEST,ATSI,OE,5753.343,True
9/13/2025 5:00:00 AM,9/13/2025 1:00:00 AM,RFC,WEST,ATSI,OE,5491.668,True
9/13/2025 6:00:00 AM,9/13/2025 2:00:00 AM,RFC,WEST,ATSI,OE,5460.657,True
9/13/2025 7:00:00 AM,9/13/2025 3:00:00 AM,RFC,WEST,ATSI,OE,5339.388,True
9/13/2025 8:00:00 AM,9/13/2025 4:00:00 AM,RFC,WEST,ATSI,OE,5334.566,True
9/13/2025 9:00:00 AM,9/13/2025 5:00:00 AM,RFC,WEST,ATSI,OE,5391.137,True
9/13/2025 10:00:00 AM,9/13/2025 6:00:00 AM,RFC,WEST,ATSI,OE,5471.508,True
9/13/2025 11:00:00 AM,9/13/2025 7:00:00 AM,RFC,WEST,ATSI,OE,5581.674,True
9/13/2025 12:00:00 PM,9/13/2025 8:00:00 AM,RFC,WEST,ATSI,OE,5842.808,True
9/13/2025 1:00:00 PM,9/13/2025 9:00:00 AM,RFC,WEST,ATSI,OE,6074.226,True
9/13/2025 2:00:00 PM,9/13/2025 10:00:00 AM,RFC,WEST,ATSI,OE,6344.289,True
9/13/2025 3:00:00 PM,9/13/2025 11:00:00 AM,RFC,WEST,ATSI,OE,6631.053,True
9/13/2025 4:00:00 PM,9/13/2025 12:00:00 PM,RFC,WEST,ATSI,OE,6746.775,True
9/13/2025 5:00:00 PM,9/13/2025 1:00:00 PM,RFC,WEST,ATSI,OE,6828.897,True
9/13/2025 6:00:00 PM,9/13/2025 2:00:00 PM,RFC,WEST,ATSI,OE,6809.384,True
9/13/2025 7:00:00 PM,9/13/2025 3:00:00 PM,RFC,WEST,ATSI,OE,6827.238,True
9/13/2025 8:00:00 PM,9/13/2025 4:00:00 PM,RFC,WEST,ATSI,OE,6919.912,True
9/13/2025 9:00:00 PM,9/13/2025 5:00:00 PM,RFC,WEST,ATSI,OE,6865.304,True
9/13/2025 10:00:00 PM,9/13/2025 6:00:00 PM,RFC,WEST,ATSI,OE,6726.910,True
9/13/2025 11:00:00 PM,9/13/2025 7:00:00 PM,RFC,WEST,ATSI,OE,6703.996,True
9/14/2025 12:00:00 AM,9/13/2025 8:00:00 PM,RFC,WEST,ATSI,OE,6715.875,True
9/14/2025 1:00:00 AM,9/13/2025 9:00:00 PM,RFC,WEST,ATSI,OE,6502.315,True
9/14/2025 2:00:00 AM,9/13/2025 10:00:00 PM,RFC,WEST,ATSI,OE,6139.906,True
9/14/2025 3:00:00 AM,9/13/2025 11:00:00 PM,RFC,WEST,ATSI,OE,5820.955,True
9/14/2025 4:00:00 AM,9/14/2025 12:00:00 AM,RFC,WEST,ATSI,OE,5597.778,True
9/14/2025 5:00:00 AM,9/14/2025 1:00:00 AM,RFC,WEST,ATSI,OE,5388.805,True
9/14/2025 6:00:00 AM,9/14/2025 2:00:00 AM,RFC,WEST,ATSI,OE,5293.161,True
9/14/2025 7:00:00 AM,9/14/2025 3:00:00 AM,RFC,WEST,ATSI,OE,5168.805,True
9/14/2025 8:00:00 AM,9/14/2025 4:00:00 AM,RFC,WEST,ATSI,OE,5049.978,True
9/14/2025 9:00:00 AM,9/14/2025 5:00:00 AM,RFC,WEST,ATSI,OE,5146.401,True
9/14/2025 10:00:00 AM,9/14/2025 6:00:00 AM,RFC,WEST,ATSI,OE,5268.708,True
9/14/2025 11:00:00 AM,9/14/2025 7:00:00 AM,RFC,WEST,ATSI,OE,5336.293,True
9/14/2025 12:00:00 PM,9/14/2025 8:00:00 AM,RFC,WEST,ATSI,OE,5522.709,True
9/14/2025 1:00:00 PM,9/14/2025 9:00:00 AM,RFC,WEST,ATSI,OE,5817.112,True
9/14/2025 2:00:00 PM,9/14/2025 10:00:00 AM,RFC,WEST,ATSI,OE,6097.444,True
9/14/2025 3:00:00 PM,9/14/2025 11:00:00 AM,RFC,WEST,ATSI,OE,6340.208,True
9/14/2025 4:00:00 PM,9/14/2025 12:00:00 PM,RFC,WEST,ATSI,OE,6664.593,True
9/14/2025 5:00:00 PM,9/14/2025 1:00:00 PM,RFC,WEST,ATSI,OE,6956.348,True
9/14/2025 6:00:00 PM,9/14/2025 2:00:00 PM,RFC,WEST,ATSI,OE,7199.670,True
9/14/2025 7:00:00 PM,9/14/2025 3:00:00 PM,RFC,WEST,ATSI,OE,7478.451,True
9/14/2025 8:00:00 PM,9/14/2025 4:00:00 PM,RFC,WEST,ATSI,OE,7746.735,True
9/14/2025 9:00:00 PM,9/14/2025 5:00:00 PM,RFC,WEST,ATSI,OE,7836.776,True
9/14/2025 10:00:00 PM,9/14/2025 6:00:00 PM,RFC,WEST,ATSI,OE,7753.423,True
9/14/2025 11:00:00 PM,9/14/2025 7:00:00 PM,RFC,WEST,ATSI,OE,7581.921,True
9/15/2025 12:00:00 AM,9/14/2025 8:00:00 PM,RFC,WEST,ATSI,OE,7464.695,True
9/15/2025 1:00:00 AM,9/14/2025 9:00:00 PM,RFC,WEST,ATSI,OE,7070.441,True
9/15/2025 2:00:00 AM,9/14/2025 10:00:00 PM,RFC,WEST,ATSI,OE,6528.406,True
9/15/2025 3:00:00 AM,9/14/2025 11:00:00 PM,RFC,WEST,ATSI,OE,6115.281,True
9/15/2025 4:00:00 AM,9/15/2025 12:00:00 AM,RFC,WEST,ATSI,OE,5920.728,True
9/15/2025 5:00:00 AM,9/15/2025 1:00:00 AM,RFC,WEST,ATSI,OE,5589.115,True
9/15/2025 6:00:00 AM,9/15/2025 2:00:00 AM,RFC,WEST,ATSI,OE,5498.407,True
9/15/2025 7:00:00 AM,9/15/2025 3:00:00 AM,RFC,WEST,ATSI,OE,5464.380,True
9/15/2025 8:00:00 AM,9/15/2025 4:00:00 AM,RFC,WEST,ATSI,OE,5539.474,True
9/15/2025 9:00:00 AM,9/15/2025 5:00:00 AM,RFC,WEST,ATSI,OE,5813.184,True
9/15/2025 10:00:00 AM,9/15/2025 6:00:00 AM,RFC,WEST,ATSI,OE,6271.379,True
9/15/2025 11:00:00 AM,9/15/2025 7:00:00 AM,RFC,WEST,ATSI,OE,6651.194,True
9/15/2025 12:00:00 PM,9/15/2025 8:00:00 AM,RFC,WEST,ATSI,OE,6854.248,True
9/15/2025 1:00:00 PM,9/15/2025 9:00:00 AM,RFC,WEST,ATSI,OE,7131.476,True
9/15/2025 2:00:00 PM,9/15/2025 10:00:00 AM,RFC,WEST,ATSI,OE,7574.016,True
9/15/2025 3:00:00 PM,9/15/2025 11:00:00 AM,RFC,WEST,ATSI,OE,7800.086,True
9/15/2025 4:00:00 PM,9/15/2025 12:00:00 PM,RFC,WEST,ATSI,OE,8128.298,True
9/15/2025 5:00:00 PM,9/15/2025 1:00:00 PM,RFC,WEST,ATSI,OE,8450.294,True
9/15/2025 6:00:00 PM,9/15/2025 2:00:00 PM,RFC,WEST,ATSI,OE,8625.736,True
9/15/2025 7:00:00 PM,9/15/2025 3:00:00 PM,RFC,WEST,ATSI,OE,8764.011,True
9/15/2025 8:00:00 PM,9/15/2025 4:00:00 PM,RFC,WEST,ATSI,OE,8823.574,True
9/15/2025 9:00:00 PM,9/15/2025 5:00:00 PM,RFC,WEST,ATSI,OE,8665.198,True
9/15/2025 10:00:00 PM,9/15/2025 6:00:00 PM,RFC,WEST,ATSI,OE,8443.082,True
9/15/2025 11:00:00 PM,9/15/2025 7:00:00 PM,RFC,WEST,ATSI,OE,8219.872,True
9/16/2025 12:00:00 AM,9/15/2025 8:00:00 PM,RFC,WEST,ATSI,OE,8075.570,True
9/16/2025 1:00:00 AM,9/15/2025 9:00:00 PM,RFC,WEST,ATSI,OE,7612.668,True
9/16/2025 2:00:00 AM,9/15/2025 10:00:00 PM,RFC,WEST,ATSI,OE,7039.278,True
9/16/2025 3:00:00 AM,9/15/2025 11:00:00 PM,RFC,WEST,ATSI,OE,6592.859,True
9/16/2025 4:00:00 AM,9/16/2025 12:00:00 AM,RFC,WEST,ATSI,OE,6259.234,True
9/16/2025 5:00:00 AM,9/16/2025 1:00:00 AM,RFC,WEST,ATSI,OE,5975.639,True
9/16/2025 6:00:00 AM,9/16/2025 2:00:00 AM,RFC,WEST,ATSI,OE,5849.437,True
9/16/2025 7:00:00 AM,9/16/2025 3:00:00 AM,RFC,WEST,ATSI,OE,5613.253,True
9/16/2025 8:00:00 AM,9/16/2025 4:00:00 AM,RFC,WEST,ATSI,OE,5719.219,True
9/16/2025 9:00:00 AM,9/16/2025 5:00:00 AM,RFC,WEST,ATSI,OE,5997.603,True
9/16/2025 10:00:00 AM,9/16/2025 6:00:00 AM,RFC,WEST,ATSI,OE,6470.700,True
9/16/2025 11:00:00 AM,9/16/2025 7:00:00 AM,RFC,WEST,ATSI,OE,6735.409,True
9/16/2025 12:00:00 PM,9/16/2025 8:00:00 AM,RFC,WEST,ATSI,OE,6971.101,True
9/16/2025 1:00:00 PM,9/16/2025 9:00:00 AM,RFC,WEST,ATSI,OE,7121.858,True
9/16/2025 2:00:00 PM,9/16/2025 10:00:00 AM,RFC,WEST,ATSI,OE,7494.103,True
9/16/2025 3:00:00 PM,9/16/2025 11:00:00 AM,RFC,WEST,ATSI,OE,7815.193,True
9/16/2025 4:00:00 PM,9/16/2025 12:00:00 PM,RFC,WEST,ATSI,OE,8171.733,True
9/16/2025 5:00:00 PM,9/16/2025 1:00:00 PM,RFC,WEST,ATSI,OE,8478.962,True
9/16/2025 6:00:00 PM,9/16/2025 2:00:00 PM,RFC,WEST,ATSI,OE,8716.738,True
9/16/2025 7:00:00 PM,9/16/2025 3:00:00 PM,RFC,WEST,ATSI,OE,8788.275,True
9/16/2025 8:00:00 PM,9/16/2025 4:00:00 PM,RFC,WEST,ATSI,OE,8913.291,True
9/16/2025 9:00:00 PM,9/16/2025 5:00:00 PM,RFC,WEST,ATSI,OE,8762.702,True
9/16/2025 10:00:00 PM,9/16/2025 6:00:00 PM,RFC,WEST,ATSI,OE,8641.643,True
9/16/2025 11:00:00 PM,9/16/2025 7:00:00 PM,RFC,WEST,ATSI,OE,8464.581,True
9/17/2025 12:00:00 AM,9/16/2025 8:00:00 PM,RFC,WEST,ATSI,OE,8265.390,True
9/17/2025 1:00:00 AM,9/16/2025 9:00:00 PM,RFC,WEST,ATSI,OE,7775.423,True
9/17/2025 2:00:00 AM,9/16/2025 10:00:00 PM,RFC,WEST,ATSI,OE,7203.947,True
9/17/2025 3:00:00 AM,9/16/2025 11:00:00 PM,RFC,WEST,ATSI,OE,6734.225,True
9/17/2025 4:00:00 AM,9/17/2025 12:00:00 AM,RFC,WEST,ATSI,OE,6274.163,True
9/17/2025 5:00:00 AM,9/17/2025 1:00:00 AM,RFC,WEST,ATSI,OE,6029.410,True
9/17/2025 6:00:00 AM,9/17/2025 2:00:00 AM,RFC,WEST,ATSI,OE,5867.185,True
9/17/2025 7:00:00 AM,9/17/2025 3:00:00 AM,RFC,WEST,ATSI,OE,5725.244,True
9/17/2025 8:00:00 AM,9/17/2025 4:00:00 AM,RFC,WEST,ATSI,OE,5824.953,True
9/17/2025 9:00:00 AM,9/17/2025 5:00:00 AM,RFC,WEST,ATSI,OE,5984.567,True
9/17/2025 10:00:00 AM,9/17/2025 6:00:00 AM,RFC,WEST,ATSI,OE,6467.282,True
9/17/2025 11:00:00 AM,9/17/2025 7:00:00 AM,RFC,WEST,ATSI,OE,6725.416,True
9/17/2025 12:00:00 PM,9/17/2025 8:00:00 AM,RFC,WEST,ATSI,OE,6913.715,True
9/17/2025 1:00:00 PM,9/17/2025 9:00:00 AM,RFC,WEST,ATSI,OE,7167.144,True
9/17/2025 2:00:00 PM,9/17/2025 10:00:00 AM,RFC,WEST,ATSI,OE,7552.030,True
9/17/2025 3:00:00 PM,9/17/2025 11:00:00 AM,RFC,WEST,ATSI,OE,7862.724,True
9/17/2025 4:00:00 PM,9/17/2025 12:00:00 PM,RFC,WEST,ATSI,OE,8181.361,True
9/17/2025 5:00:00 PM,9/17/2025 1:00:00 PM,RFC,WEST,ATSI,OE,8443.141,True
9/17/2025 6:00:00 PM,9/17/2025 2:00:00 PM,RFC,WEST,ATSI,OE,8685.273,True
9/17/2025 7:00:00 PM,9/17/2025 3:00:00 PM,RFC,WEST,ATSI,OE,8812.106,True
9/17/2025 8:00:00 PM,9/17/2025 4:00:00 PM,RFC,WEST,ATSI,OE,8963.882,True
9/17/2025 9:00:00 PM,9/17/2025 5:00:00 PM,RFC,WEST,ATSI,OE,8869.045,True
9/17/2025 10:00:00 PM,9/17/2025 6:00:00 PM,RFC,WEST,ATSI,OE,8552.522,True
9/17/2025 11:00:00 PM,9/17/2025 7:00:00 PM,RFC,WEST,ATSI,OE,8274.772,True
9/18/2025 12:00:00 AM,9/17/2025 8:00:00 PM,RFC,WEST,ATSI,OE,8005.744,True
9/18/2025 1:00:00 AM,9/17/2025 9:00:00 PM,RFC,WEST,ATSI,OE,7512.930,True
9/18/2025 2:00:00 AM,9/17/2025 10:00:00 PM,RFC,WEST,ATSI,OE,6937.123,True
9/18/2025 3:00:00 AM,9/17/2025 11:00:00 PM,RFC,WEST,ATSI,OE,6442.207,True
9/18/2025 4:00:00 AM,9/18/2025 12:00:00 AM,RFC,WEST,ATSI,OE,6060.324,True
9/18/2025 5:00:00 AM,9/18/2025 1:00:00 AM,RFC,WEST,ATSI,OE,5833.500,True
9/18/2025 6:00:00 AM,9/18/2025 2:00:00 AM,RFC,WEST,ATSI,OE,5699.102,True
9/18/2025 7:00:00 AM,9/18/2025 3:00:00 AM,RFC,WEST,ATSI,OE,5607.623,True
9/18/2025 8:00:00 AM,9/18/2025 4:00:00 AM,RFC,WEST,ATSI,OE,5682.053,True
9/18/2025 9:00:00 AM,9/18/2025 5:00:00 AM,RFC,WEST,ATSI,OE,5887.881,True
9/18/2025 10:00:00 AM,9/18/2025 6:00:00 AM,RFC,WEST,ATSI,OE,6376.218,True
9/18/2025 11:00:00 AM,9/18/2025 7:00:00 AM,RFC,WEST,ATSI,OE,6623.546,True
9/18/2025 12:00:00 PM,9/18/2025 8:00:00 AM,RFC,WEST,ATSI,OE,6830.782,True
9/18/2025 1:00:00 PM,9/18/2025 9:00:00 AM,RFC,WEST,ATSI,OE,7139.706,True
9/18/2025 2:00:00 PM,9/18/2025 10:00:00 AM,RFC,WEST,ATSI,OE,7429.363,True
9/18/2025 3:00:00 PM,9/18/2025 11:00:00 AM,RFC,WEST,ATSI,OE,7700.270,True
9/18/2025 4:00:00 PM,9/18/2025 12:00:00 PM,RFC,WEST,ATSI,OE,7938.931,True
9/18/2025 5:00:00 PM,9/18/2025 1:00:00 PM,RFC,WEST,ATSI,OE,8307.943,True
9/18/2025 6:00:00 PM,9/18/2025 2:00:00 PM,RFC,WEST,ATSI,OE,8538.266,True
9/18/2025 7:00:00 PM,9/18/2025 3:00:00 PM,RFC,WEST,ATSI,OE,8801.194,True
9/18/2025 8:00:00 PM,9/18/2025 4:00:00 PM,RFC,WEST,ATSI,OE,8948.285,True
9/18/2025 9:00:00 PM,9/18/2025 5:00:00 PM,RFC,WEST,ATSI,OE,8893.842,True
9/18/2025 10:00:00 PM,9/18/2025 6:00:00 PM,RFC,WEST,ATSI,OE,8721.548,True
9/18/2025 11:00:00 PM,9/18/2025 7:00:00 PM,RFC,WEST,ATSI,OE,8467.014,True
9/19/2025 12:00:00 AM,9/18/2025 8:00:00 PM,RFC,WEST,ATSI,OE,8249.956,True
9/19/2025 1:00:00 AM,9/18/2025 9:00:00 PM,RFC,WEST,ATSI,OE,7836.179,True
9/19/2025 2:00:00 AM,9/18/2025 10:00:00 PM,RFC,WEST,ATSI,OE,7275.290,True
9/19/2025 3:00:00 AM,9/18/2025 11:00:00 PM,RFC,WEST,ATSI,OE,6812.942,True
9/19/2025 4:00:00 AM,9/19/2025 12:00:00 AM,RFC,WEST,ATSI,OE,6412.671,True
9/19/2025 5:00:00 AM,9/19/2025 1:00:00 AM,RFC,WEST,ATSI,OE,6136.161,True
9/19/2025 6:00:00 AM,9/19/2025 2:00:00 AM,RFC,WEST,ATSI,OE,5955.099,True
9/19/2025 7:00:00 AM,9/19/2025 3:00:00 AM,RFC,WEST,ATSI,OE,5872.055,True
9/19/2025 8:00:00 AM,9/19/2025 4:00:00 AM,RFC,WEST,ATSI,OE,5855.516,True
9/19/2025 9:00:00 AM,9/19/2025 5:00:00 AM,RFC,WEST,ATSI,OE,6085.092,True
9/19/2025 10:00:00 AM,9/19/2025 6:00:00 AM,RFC,WEST,ATSI,OE,6502.111,True
9/19/2025 11:00:00 AM,9/19/2025 7:00:00 AM,RFC,WEST,ATSI,OE,6790.449,True
9/19/2025 12:00:00 PM,9/19/2025 8:00:00 AM,RFC,WEST,ATSI,OE,7046.363,True
9/19/2025 1:00:00 PM,9/19/2025 9:00:00 AM,RFC,WEST,ATSI,OE,7399.610,True
9/19/2025 2:00:00 PM,9/19/2025 10:00:00 AM,RFC,WEST,ATSI,OE,7635.284,True
9/19/2025 3:00:00 PM,9/19/2025 11:00:00 AM,RFC,WEST,ATSI,OE,8009.184,True
9/19/2025 4:00:00 PM,9/19/2025 12:00:00 PM,RFC,WEST,ATSI,OE,8388.845,True
9/19/2025 5:00:00 PM,9/19/2025 1:00:00 PM,RFC,WEST,ATSI,OE,8780.323,True
9/19/2025 6:00:00 PM,9/19/2025 2:00:00 PM,RFC,WEST,ATSI,OE,8962.708,True
9/19/2025 7:00:00 PM,9/19/2025 3:00:00 PM,RFC,WEST,ATSI,OE,8996.584,True
9/19/2025 8:00:00 PM,9/19/2025 4:00:00 PM,RFC,WEST,ATSI,OE,8979.238,True
9/19/2025 9:00:00 PM,9/19/2025 5:00:00 PM,RFC,WEST,ATSI,OE,8912.169,True
9/19/2025 10:00:00 PM,9/19/2025 6:00:00 PM,RFC,WEST,ATSI,OE,8579.858,True
9/19/2025 11:00:00 PM,9/19/2025 7:00:00 PM,RFC,WEST,ATSI,OE,8226.823,True
9/20/2025 12:00:00 AM,9/19/2025 8:00:00 PM,RFC,WEST,ATSI,OE,7922.013,True
9/20/2025 1:00:00 AM,9/19/2025 9:00:00 PM,RFC,WEST,ATSI,OE,7515.980,True
9/20/2025 2:00:00 AM,9/19/2025 10:00:00 PM,RFC,WEST,ATSI,OE,7095.578,True
9/20/2025 3:00:00 AM,9/19/2025 11:00:00 PM,RFC,WEST,ATSI,OE,6578.440,True
9/20/2025 4:00:00 AM,9/20/2025 12:00:00 AM,RFC,WEST,ATSI,OE,6204.991,True
9/20/2025 5:00:00 AM,9/20/2025 1:00:00 AM,RFC,WEST,ATSI,OE,5912.519,True
9/20/2025 6:00:00 AM,9/20/2025 2:00:00 AM,RFC,WEST,ATSI,OE,5708.626,True
9/20/2025 7:00:00 AM,9/20/2025 3:00:00 AM,RFC,WEST,ATSI,OE,5614.382,True
9/20/2025 8:00:00 AM,9/20/2025 4:00:00 AM,RFC,WEST,ATSI,OE,5591.667,True
9/20/2025 9:00:00 AM,9/20/2025 5:00:00 AM,RFC,WEST,ATSI,OE,5678.273,True
9/20/2025 10:00:00 AM,9/20/2025 6:00:00 AM,RFC,WEST,ATSI,OE,5729.100,True
9/20/2025 11:00:00 AM,9/20/2025 7:00:00 AM,RFC,WEST,ATSI,OE,5891.180,True
9/20/2025 12:00:00 PM,9/20/2025 8:00:00 AM,RFC,WEST,ATSI,OE,6139.370,True
9/20/2025 1:00:00 PM,9/20/2025 9:00:00 AM,RFC,WEST,ATSI,OE,6372.710,True
9/20/2025 2:00:00 PM,9/20/2025 10:00:00 AM,RFC,WEST,ATSI,OE,6681.195,True
9/20/2025 3:00:00 PM,9/20/2025 11:00:00 AM,RFC,WEST,ATSI,OE,7015.420,True
9/20/2025 4:00:00 PM,9/20/2025 12:00:00 PM,RFC,WEST,ATSI,OE,7320.644,True
9/20/2025 5:00:00 PM,9/20/2025 1:00:00 PM,RFC,WEST,ATSI,OE,7540.507,True
9/20/2025 6:00:00 PM,9/20/2025 2:00:00 PM,RFC,WEST,ATSI,OE,7906.217,True
9/20/2025 7:00:00 PM,9/20/2025 3:00:00 PM,RFC,WEST,ATSI,OE,8071.504,True
9/20/2025 8:00:00 PM,9/20/2025 4:00:00 PM,RFC,WEST,ATSI,OE,8197.786,True
9/20/2025 9:00:00 PM,9/20/2025 5:00:00 PM,RFC,WEST,ATSI,OE,8156.938,True
9/20/2025 10:00:00 PM,9/20/2025 6:00:00 PM,RFC,WEST,ATSI,OE,7935.875,True
9/20/2025 11:00:00 PM,9/20/2025 7:00:00 PM,RFC,WEST,ATSI,OE,7651.988,True
9/21/2025 12:00:00 AM,9/20/2025 8:00:00 PM,RFC,WEST,ATSI,OE,7502.854,True
9/21/2025 1:00:00 AM,9/20/2025 9:00:00 PM,RFC,WEST,ATSI,OE,7149.007,True
9/21/2025 2:00:00 AM,9/20/2025 10:00:00 PM,RFC,WEST,ATSI,OE,6755.345,True
9/21/2025 3:00:00 AM,9/20/2025 11:00:00 PM,RFC,WEST,ATSI,OE,6352.511,True
9/21/2025 4:00:00 AM,9/21/2025 12:00:00 AM,RFC,WEST,ATSI,OE,5915.586,True
9/21/2025 5:00:00 AM,9/21/2025 1:00:00 AM,RFC,WEST,ATSI,OE,5732.941,True
9/21/2025 6:00:00 AM,9/21/2025 2:00:00 AM,RFC,WEST,ATSI,OE,5454.209,True
9/21/2025 7:00:00 AM,9/21/2025 3:00:00 AM,RFC,WEST,ATSI,OE,5445.860,True
9/21/2025 8:00:00 AM,9/21/2025 4:00:00 AM,RFC,WEST,ATSI,OE,5379.554,True
9/21/2025 9:00:00 AM,9/21/2025 5:00:00 AM,RFC,WEST,ATSI,OE,5461.446,True
9/21/2025 10:00:00 AM,9/21/2025 6:00:00 AM,RFC,WEST,ATSI,OE,5530.681,True
9/21/2025 11:00:00 AM,9/21/2025 7:00:00 AM,RFC,WEST,ATSI,OE,5676.438,True
9/21/2025 12:00:00 PM,9/21/2025 8:00:00 AM,RFC,WEST,ATSI,OE,5871.710,True
9/21/2025 1:00:00 PM,9/21/2025 9:00:00 AM,RFC,WEST,ATSI,OE,6198.311,True
9/21/2025 2:00:00 PM,9/21/2025 10:00:00 AM,RFC,WEST,ATSI,OE,6666.189,True
9/21/2025 3:00:00 PM,9/21/2025 11:00:00 AM,RFC,WEST,ATSI,OE,7067.069,True
9/21/2025 4:00:00 PM,9/21/2025 12:00:00 PM,RFC,WEST,ATSI,OE,7589.605,True
9/21/2025 5:00:00 PM,9/21/2025 1:00:00 PM,RFC,WEST,ATSI,OE,8014.383,True
9/21/2025 6:00:00 PM,9/21/2025 2:00:00 PM,RFC,WEST,ATSI,OE,8333.662,True
9/21/2025 7:00:00 PM,9/21/2025 3:00:00 PM,RFC,WEST,ATSI,OE,8387.875,True
9/21/2025 8:00:00 PM,9/21/2025 4:00:00 PM,RFC,WEST,ATSI,OE,8270.104,True
9/21/2025 9:00:00 PM,9/21/2025 5:00:00 PM,RFC,WEST,ATSI,OE,8258.645,True
9/21/2025 10:00:00 PM,9/21/2025 6:00:00 PM,RFC,WEST,ATSI,OE,8094.812,True
9/21/2025 11:00:00 PM,9/21/2025 7:00:00 PM,RFC,WEST,ATSI,OE,8079.063,True
9/22/2025 12:00:00 AM,9/21/2025 8:00:00 PM,RFC,WEST,ATSI,OE,7892.438,True
9/22/2025 1:00:00 AM,9/21/2025 9:00:00 PM,RFC,WEST,ATSI,OE,7525.613,True
9/22/2025 2:00:00 AM,9/21/2025 10:00:00 PM,RFC,WEST,ATSI,OE,7055.524,True
9/22/2025 3:00:00 AM,9/21/2025 11:00:00 PM,RFC,WEST,ATSI,OE,6701.108,True
9/22/2025 4:00:00 AM,9/22/2025 12:00:00 AM,RFC,WEST,ATSI,OE,6386.042,True
9/22/2025 5:00:00 AM,9/22/2025 1:00:00 AM,RFC,WEST,ATSI,OE,6107.603,True
9/22/2025 6:00:00 AM,9/22/2025 2:00:00 AM,RFC,WEST,ATSI,OE,6006.851,True
9/22/2025 7:00:00 AM,9/22/2025 3:00:00 AM,RFC,WEST,ATSI,OE,5941.152,True
9/22/2025 8:00:00 AM,9/22/2025 4:00:00 AM,RFC,WEST,ATSI,OE,5994.215,True
9/22/2025 9:00:00 AM,9/22/2025 5:00:00 AM,RFC,WEST,ATSI,OE,6374.835,True
9/22/2025 10:00:00 AM,9/22/2025 6:00:00 AM,RFC,WEST,ATSI,OE,6940.091,True
9/22/2025 11:00:00 AM,9/22/2025 7:00:00 AM,RFC,WEST,ATSI,OE,7174.661,True
9/22/2025 12:00:00 PM,9/22/2025 8:00:00 AM,RFC,WEST,ATSI,OE,7464.621,True
9/22/2025 1:00:00 PM,9/22/2025 9:00:00 AM,RFC,WEST,ATSI,OE,7631.085,True
9/22/2025 2:00:00 PM,9/22/2025 10:00:00 AM,RFC,WEST,ATSI,OE,7852.931,True
9/22/2025 3:00:00 PM,9/22/2025 11:00:00 AM,RFC,WEST,ATSI,OE,8325.050,True
9/22/2025 4:00:00 PM,9/22/2025 12:00:00 PM,RFC,WEST,ATSI,OE,8793.713,True
9/22/2025 5:00:00 PM,9/22/2025 1:00:00 PM,RFC,WEST,ATSI,OE,8909.907,True
9/22/2025 6:00:00 PM,9/22/2025 2:00:00 PM,RFC,WEST,ATSI,OE,8648.131,True
9/22/2025 7:00:00 PM,9/22/2025 3:00:00 PM,RFC,WEST,ATSI,OE,8296.291,True
9/22/2025 8:00:00 PM,9/22/2025 4:00:00 PM,RFC,WEST,ATSI,OE,8048.744,True
9/22/2025 9:00:00 PM,9/22/2025 5:00:00 PM,RFC,WEST,ATSI,OE,7925.634,True
9/22/2025 10:00:00 PM,9/22/2025 6:00:00 PM,RFC,WEST,ATSI,OE,7842.534,True
9/22/2025 11:00:00 PM,9/22/2025 7:00:00 PM,RFC,WEST,ATSI,OE,7799.280,True
9/23/2025 12:00:00 AM,9/22/2025 8:00:00 PM,RFC,WEST,ATSI,OE,7714.944,True
9/23/2025 1:00:00 AM,9/22/2025 9:00:00 PM,RFC,WEST,ATSI,OE,7393.252,True
9/23/2025 2:00:00 AM,9/22/2025 10:00:00 PM,RFC,WEST,ATSI,OE,6988.593,True
9/23/2025 3:00:00 AM,9/22/2025 11:00:00 PM,RFC,WEST,ATSI,OE,6580.861,True
9/23/2025 4:00:00 AM,9/23/2025 12:00:00 AM,RFC,WEST,ATSI,OE,6273.776,True
9/23/2025 5:00:00 AM,9/23/2025 1:00:00 AM,RFC,WEST,ATSI,OE,6085.642,True
9/23/2025 6:00:00 AM,9/23/2025 2:00:00 AM,RFC,WEST,ATSI,OE,5960.380,True
9/23/2025 7:00:00 AM,9/23/2025 3:00:00 AM,RFC,WEST,ATSI,OE,5834.209,True
9/23/2025 8:00:00 AM,9/23/2025 4:00:00 AM,RFC,WEST,ATSI,OE,5931.521,True
9/23/2025 9:00:00 AM,9/23/2025 5:00:00 AM,RFC,WEST,ATSI,OE,6206.814,True
9/23/2025 10:00:00 AM,9/23/2025 6:00:00 AM,RFC,WEST,ATSI,OE,6717.232,True
9/23/2025 11:00:00 AM,9/23/2025 7:00:00 AM,RFC,WEST,ATSI,OE,7096.723,True
9/23/2025 12:00:00 PM,9/23/2025 8:00:00 AM,RFC,WEST,ATSI,OE,7304.161,True
9/23/2025 1:00:00 PM,9/23/2025 9:00:00 AM,RFC,WEST,ATSI,OE,7496.330,True
9/23/2025 2:00:00 PM,9/23/2025 10:00:00 AM,RFC,WEST,ATSI,OE,7609.749,True
9/23/2025 3:00:00 PM,9/23/2025 11:00:00 AM,RFC,WEST,ATSI,OE,7773.831,True
9/23/2025 4:00:00 PM,9/23/2025 12:00:00 PM,RFC,WEST,ATSI,OE,7964.854,True
9/23/2025 5:00:00 PM,9/23/2025 1:00:00 PM,RFC,WEST,ATSI,OE,8095.512,True
9/23/2025 6:00:00 PM,9/23/2025 2:00:00 PM,RFC,WEST,ATSI,OE,8228.349,True
9/23/2025 7:00:00 PM,9/23/2025 3:00:00 PM,RFC,WEST,ATSI,OE,8307.682,True
9/23/2025 8:00:00 PM,9/23/2025 4:00:00 PM,RFC,WEST,ATSI,OE,8439.087,True
9/23/2025 9:00:00 PM,9/23/2025 5:00:00 PM,RFC,WEST,ATSI,OE,8485.773,True
9/23/2025 10:00:00 PM,9/23/2025 6:00:00 PM,RFC,WEST,ATSI,OE,8243.648,True
9/23/2025 11:00:00 PM,9/23/2025 7:00:00 PM,RFC,WEST,ATSI,OE,8148.698,True
9/24/2025 12:00:00 AM,9/23/2025 8:00:00 PM,RFC,WEST,ATSI,OE,7941.986,True
9/24/2025 1:00:00 AM,9/23/2025 9:00:00 PM,RFC,WEST,ATSI,OE,7549.761,True
9/24/2025 2:00:00 AM,9/23/2025 10:00:00 PM,RFC,WEST,ATSI,OE,7073.737,True
9/24/2025 3:00:00 AM,9/23/2025 11:00:00 PM,RFC,WEST,ATSI,OE,6717.780,True
9/24/2025 4:00:00 AM,9/24/2025 12:00:00 AM,RFC,WEST,ATSI,OE,6387.658,True
9/24/2025 5:00:00 AM,9/24/2025 1:00:00 AM,RFC,WEST,ATSI,OE,6158.412,True
9/24/2025 6:00:00 AM,9/24/2025 2:00:00 AM,RFC,WEST,ATSI,OE,5977.320,True
9/24/2025 7:00:00 AM,9/24/2025 3:00:00 AM,RFC,WEST,ATSI,OE,5907.763,True
9/24/2025 8:00:00 AM,9/24/2025 4:00:00 AM,RFC,WEST,ATSI,OE,5943.376,True
9/24/2025 9:00:00 AM,9/24/2025 5:00:00 AM,RFC,WEST,ATSI,OE,6160.299,True
9/24/2025 10:00:00 AM,9/24/2025 6:00:00 AM,RFC,WEST,ATSI,OE,6647.138,True
9/24/2025 11:00:00 AM,9/24/2025 7:00:00 AM,RFC,WEST,ATSI,OE,7021.482,True
9/24/2025 12:00:00 PM,9/24/2025 8:00:00 AM,RFC,WEST,ATSI,OE,7175.051,True
9/24/2025 1:00:00 PM,9/24/2025 9:00:00 AM,RFC,WEST,ATSI,OE,7344.875,True
9/24/2025 2:00:00 PM,9/24/2025 10:00:00 AM,RFC,WEST,ATSI,OE,7527.113,True
9/24/2025 3:00:00 PM,9/24/2025 11:00:00 AM,RFC,WEST,ATSI,OE,7726.104,True
9/24/2025 4:00:00 PM,9/24/2025 12:00:00 PM,RFC,WEST,ATSI,OE,7903.399,True
9/24/2025 5:00:00 PM,9/24/2025 1:00:00 PM,RFC,WEST,ATSI,OE,7919.741,True
9/24/2025 6:00:00 PM,9/24/2025 2:00:00 PM,RFC,WEST,ATSI,OE,7797.298,True
9/24/2025 7:00:00 PM,9/24/2025 3:00:00 PM,RFC,WEST,ATSI,OE,7728.797,True
9/24/2025 8:00:00 PM,9/24/2025 4:00:00 PM,RFC,WEST,ATSI,OE,7647.871,True
9/24/2025 9:00:00 PM,9/24/2025 5:00:00 PM,RFC,WEST,ATSI,OE,7653.926,True
9/24/2025 10:00:00 PM,9/24/2025 6:00:00 PM,RFC,WEST,ATSI,OE,7578.632,True
9/24/2025 11:00:00 PM,9/24/2025 7:00:00 PM,RFC,WEST,ATSI,OE,7717.722,True
9/25/2025 12:00:00 AM,9/24/2025 8:00:00 PM,RFC,WEST,ATSI,OE,7603.870,True
9/25/2025 1:00:00 AM,9/24/2025 9:00:00 PM,RFC,WEST,ATSI,OE,7357.716,True
9/25/2025 2:00:00 AM,9/24/2025 10:00:00 PM,RFC,WEST,ATSI,OE,6812.483,True
9/25/2025 3:00:00 AM,9/24/2025 11:00:00 PM,RFC,WEST,ATSI,OE,6385.639,True
9/25/2025 4:00:00 AM,9/25/2025 12:00:00 AM,RFC,WEST,ATSI,OE,6196.330,True
9/25/2025 5:00:00 AM,9/25/2025 1:00:00 AM,RFC,WEST,ATSI,OE,6006.870,True
9/25/2025 6:00:00 AM,9/25/2025 2:00:00 AM,RFC,WEST,ATSI,OE,5849.306,True
9/25/2025 7:00:00 AM,9/25/2025 3:00:00 AM,RFC,WEST,ATSI,OE,5899.576,True
9/25/2025 8:00:00 AM,9/25/2025 4:00:00 AM,RFC,WEST,ATSI,OE,5935.653,True
9/25/2025 9:00:00 AM,9/25/2025 5:00:00 AM,RFC,WEST,ATSI,OE,6200.218,True
9/25/2025 10:00:00 AM,9/25/2025 6:00:00 AM,RFC,WEST,ATSI,OE,6762.254,True
9/25/2025 11:00:00 AM,9/25/2025 7:00:00 AM,RFC,WEST,ATSI,OE,6976.771,True
9/25/2025 12:00:00 PM,9/25/2025 8:00:00 AM,RFC,WEST,ATSI,OE,7113.542,True
9/25/2025 1:00:00 PM,9/25/2025 9:00:00 AM,RFC,WEST,ATSI,OE,7352.429,True
9/25/2025 2:00:00 PM,9/25/2025 10:00:00 AM,RFC,WEST,ATSI,OE,7524.108,True
9/25/2025 3:00:00 PM,9/25/2025 11:00:00 AM,RFC,WEST,ATSI,OE,7613.651,True
9/25/2025 4:00:00 PM,9/25/2025 12:00:00 PM,RFC,WEST,ATSI,OE,7611.618,True
9/25/2025 5:00:00 PM,9/25/2025 1:00:00 PM,RFC,WEST,ATSI,OE,7722.488,True
9/25/2025 6:00:00 PM,9/25/2025 2:00:00 PM,RFC,WEST,ATSI,OE,7665.275,True
9/25/2025 7:00:00 PM,9/25/2025 3:00:00 PM,RFC,WEST,ATSI,OE,7825.302,True
9/25/2025 8:00:00 PM,9/25/2025 4:00:00 PM,RFC,WEST,ATSI,OE,7904.045,True
9/25/2025 9:00:00 PM,9/25/2025 5:00:00 PM,RFC,WEST,ATSI,OE,7899.715,True
9/25/2025 10:00:00 PM,9/25/2025 6:00:00 PM,RFC,WEST,ATSI,OE,7729.493,True
9/25/2025 11:00:00 PM,9/25/2025 7:00:00 PM,RFC,WEST,ATSI,OE,7702.121,True
9/26/2025 12:00:00 AM,9/25/2025 8:00:00 PM,RFC,WEST,ATSI,OE,7548.384,True
9/26/2025 1:00:00 AM,9/25/2025 9:00:00 PM,RFC,WEST,ATSI,OE,7252.411,True
9/26/2025 2:00:00 AM,9/25/2025 10:00:00 PM,RFC,WEST,ATSI,OE,6799.996,True
9/26/2025 3:00:00 AM,9/25/2025 11:00:00 PM,RFC,WEST,ATSI,OE,6421.134,True
9/26/2025 4:00:00 AM,9/26/2025 12:00:00 AM,RFC,WEST,ATSI,OE,6151.481,True
9/26/2025 5:00:00 AM,9/26/2025 1:00:00 AM,RFC,WEST,ATSI,OE,6001.917,True
9/26/2025 6:00:00 AM,9/26/2025 2:00:00 AM,RFC,WEST,ATSI,OE,5854.406,True
9/26/2025 7:00:00 AM,9/26/2025 3:00:00 AM,RFC,WEST,ATSI,OE,5792.475,True
9/26/2025 8:00:00 AM,9/26/2025 4:00:00 AM,RFC,WEST,ATSI,OE,5789.026,True
9/26/2025 9:00:00 AM,9/26/2025 5:00:00 AM,RFC,WEST,ATSI,OE,6036.061,True
9/26/2025 10:00:00 AM,9/26/2025 6:00:00 AM,RFC,WEST,ATSI,OE,6487.712,True
9/26/2025 11:00:00 AM,9/26/2025 7:00:00 AM,RFC,WEST,ATSI,OE,6725.130,True
9/26/2025 12:00:00 PM,9/26/2025 8:00:00 AM,RFC,WEST,ATSI,OE,6943.407,True
9/26/2025 1:00:00 PM,9/26/2025 9:00:00 AM,RFC,WEST,ATSI,OE,7130.616,True
9/26/2025 2:00:00 PM,9/26/2025 10:00:00 AM,RFC,WEST,ATSI,OE,7343.207,True
9/26/2025 3:00:00 PM,9/26/2025 11:00:00 AM,RFC,WEST,ATSI,OE,7541.968,True
9/26/2025 4:00:00 PM,9/26/2025 12:00:00 PM,RFC,WEST,ATSI,OE,7762.695,True
9/26/2025 5:00:00 PM,9/26/2025 1:00:00 PM,RFC,WEST,ATSI,OE,8077.735,True
9/26/2025 6:00:00 PM,9/26/2025 2:00:00 PM,RFC,WEST,ATSI,OE,8062.195,True
9/26/2025 7:00:00 PM,9/26/2025 3:00:00 PM,RFC,WEST,ATSI,OE,8172.824,True
9/26/2025 8:00:00 PM,9/26/2025 4:00:00 PM,RFC,WEST,ATSI,OE,8148.936,True
9/26/2025 9:00:00 PM,9/26/2025 5:00:00 PM,RFC,WEST,ATSI,OE,8181.270,True
9/26/2025 10:00:00 PM,9/26/2025 6:00:00 PM,RFC,WEST,ATSI,OE,7883.759,True
9/26/2025 11:00:00 PM,9/26/2025 7:00:00 PM,RFC,WEST,ATSI,OE,7590.736,True
9/27/2025 12:00:00 AM,9/26/2025 8:00:00 PM,RFC,WEST,ATSI,OE,7348.263,True
9/27/2025 1:00:00 AM,9/26/2025 9:00:00 PM,RFC,WEST,ATSI,OE,7022.008,True
9/27/2025 2:00:00 AM,9/26/2025 10:00:00 PM,RFC,WEST,ATSI,OE,6655.894,True
9/27/2025 3:00:00 AM,9/26/2025 11:00:00 PM,RFC,WEST,ATSI,OE,6254.444,True
9/27/2025 4:00:00 AM,9/27/2025 12:00:00 AM,RFC,WEST,ATSI,OE,5906.125,True
9/27/2025 5:00:00 AM,9/27/2025 1:00:00 AM,RFC,WEST,ATSI,OE,5660.528,True
9/27/2025 6:00:00 AM,9/27/2025 2:00:00 AM,RFC,WEST,ATSI,OE,5552.259,True
9/27/2025 7:00:00 AM,9/27/2025 3:00:00 AM,RFC,WEST,ATSI,OE,5481.496,True
9/27/2025 8:00:00 AM,9/27/2025 4:00:00 AM,RFC,WEST,ATSI,OE,5386.955,True
9/27/2025 9:00:00 AM,9/27/2025 5:00:00 AM,RFC,WEST,ATSI,OE,5490.610,True
9/27/2025 10:00:00 AM,9/27/2025 6:00:00 AM,RFC,WEST,ATSI,OE,5651.532,True
9/27/2025 11:00:00 AM,9/27/2025 7:00:00 AM,RFC,WEST,ATSI,OE,5734.122,True
9/27/2025 12:00:00 PM,9/27/2025 8:00:00 AM,RFC,WEST,ATSI,OE,5893.197,True
9/27/2025 1:00:00 PM,9/27/2025 9:00:00 AM,RFC,WEST,ATSI,OE,6204.746,True
9/27/2025 2:00:00 PM,9/27/2025 10:00:00 AM,RFC,WEST,ATSI,OE,6441.743,True
9/27/2025 3:00:00 PM,9/27/2025 11:00:00 AM,RFC,WEST,ATSI,OE,6606.193,True
9/27/2025 4:00:00 PM,9/27/2025 12:00:00 PM,RFC,WEST,ATSI,OE,6888.431,True
9/27/2025 5:00:00 PM,9/27/2025 1:00:00 PM,RFC,WEST,ATSI,OE,7120.020,True
9/27/2025 6:00:00 PM,9/27/2025 2:00:00 PM,RFC,WEST,ATSI,OE,7429.720,True
9/27/2025 7:00:00 PM,9/27/2025 3:00:00 PM,RFC,WEST,ATSI,OE,7629.197,True
9/27/2025 8:00:00 PM,9/27/2025 4:00:00 PM,RFC,WEST,ATSI,OE,7861.047,True
9/27/2025 9:00:00 PM,9/27/2025 5:00:00 PM,RFC,WEST,ATSI,OE,7860.928,True
9/27/2025 10:00:00 PM,9/27/2025 6:00:00 PM,RFC,WEST,ATSI,OE,7713.421,True
9/27/2025 11:00:00 PM,9/27/2025 7:00:00 PM,RFC,WEST,ATSI,OE,7524.814,True
9/28/2025 12:00:00 AM,9/27/2025 8:00:00 PM,RFC,WEST,ATSI,OE,7250.776,True
9/28/2025 1:00:00 AM,9/27/2025 9:00:00 PM,RFC,WEST,ATSI,OE,6945.585,True
9/28/2025 2:00:00 AM,9/27/2025 10:00:00 PM,RFC,WEST,ATSI,OE,6533.104,True
9/28/2025 3:00:00 AM,9/27/2025 11:00:00 PM,RFC,WEST,ATSI,OE,6121.433,True
9/28/2025 4:00:00 AM,9/28/2025 12:00:00 AM,RFC,WEST,ATSI,OE,5856.715,True
9/28/2025 5:00:00 AM,9/28/2025 1:00:00 AM,RFC,WEST,ATSI,OE,5615.257,True
9/28/2025 6:00:00 AM,9/28/2025 2:00:00 AM,RFC,WEST,ATSI,OE,5440.915,True
9/28/2025 7:00:00 AM,9/28/2025 3:00:00 AM,RFC,WEST,ATSI,OE,5318.927,True
9/28/2025 8:00:00 AM,9/28/2025 4:00:00 AM,RFC,WEST,ATSI,OE,5352.612,True
9/28/2025 9:00:00 AM,9/28/2025 5:00:00 AM,RFC,WEST,ATSI,OE,5327.006,True
9/28/2025 10:00:00 AM,9/28/2025 6:00:00 AM,RFC,WEST,ATSI,OE,5435.860,True
9/28/2025 11:00:00 AM,9/28/2025 7:00:00 AM,RFC,WEST,ATSI,OE,5526.550,True
9/28/2025 12:00:00 PM,9/28/2025 8:00:00 AM,RFC,WEST,ATSI,OE,5772.716,True
9/28/2025 1:00:00 PM,9/28/2025 9:00:00 AM,RFC,WEST,ATSI,OE,6054.561,True
9/28/2025 2:00:00 PM,9/28/2025 10:00:00 AM,RFC,WEST,ATSI,OE,6360.217,True
9/28/2025 3:00:00 PM,9/28/2025 11:00:00 AM,RFC,WEST,ATSI,OE,6736.780,True
9/28/2025 4:00:00 PM,9/28/2025 12:00:00 PM,RFC,WEST,ATSI,OE,7189.665,True
9/28/2025 5:00:00 PM,9/28/2025 1:00:00 PM,RFC,WEST,ATSI,OE,7569.019,True
9/28/2025 6:00:00 PM,9/28/2025 2:00:00 PM,RFC,WEST,ATSI,OE,7817.833,True
9/28/2025 7:00:00 PM,9/28/2025 3:00:00 PM,RFC,WEST,ATSI,OE,8111.871,True
9/28/2025 8:00:00 PM,9/28/2025 4:00:00 PM,RFC,WEST,ATSI,OE,8311.950,True
9/28/2025 9:00:00 PM,9/28/2025 5:00:00 PM,RFC,WEST,ATSI,OE,8382.086,True
9/28/2025 10:00:00 PM,9/28/2025 6:00:00 PM,RFC,WEST,ATSI,OE,8051.532,True
9/28/2025 11:00:00 PM,9/28/2025 7:00:00 PM,RFC,WEST,ATSI,OE,7844.940,True
9/29/2025 12:00:00 AM,9/28/2025 8:00:00 PM,RFC,WEST,ATSI,OE,7643.683,True
9/29/2025 1:00:00 AM,9/28/2025 9:00:00 PM,RFC,WEST,ATSI,OE,7177.367,True
9/29/2025 2:00:00 AM,9/28/2025 10:00:00 PM,RFC,WEST,ATSI,OE,6706.032,True
9/29/2025 3:00:00 AM,9/28/2025 11:00:00 PM,RFC,WEST,ATSI,OE,6277.332,True
9/29/2025 4:00:00 AM,9/29/2025 12:00:00 AM,RFC,WEST,ATSI,OE,5938.878,True
9/29/2025 5:00:00 AM,9/29/2025 1:00:00 AM,RFC,WEST,ATSI,OE,5724.286,True
9/29/2025 6:00:00 AM,9/29/2025 2:00:00 AM,RFC,WEST,ATSI,OE,5630.913,True
9/29/2025 7:00:00 AM,9/29/2025 3:00:00 AM,RFC,WEST,ATSI,OE,5547.958,True
9/29/2025 8:00:00 AM,9/29/2025 4:00:00 AM,RFC,WEST,ATSI,OE,5632.315,True
9/29/2025 9:00:00 AM,9/29/2025 5:00:00 AM,RFC,WEST,ATSI,OE,5873.207,True
9/29/2025 10:00:00 AM,9/29/2025 6:00:00 AM,RFC,WEST,ATSI,OE,6347.562,True
9/29/2025 11:00:00 AM,9/29/2025 7:00:00 AM,RFC,WEST,ATSI,OE,6649.222,True
9/29/2025 12:00:00 PM,9/29/2025 8:00:00 AM,RFC,WEST,ATSI,OE,6837.145,True
9/29/2025 1:00:00 PM,9/29/2025 9:00:00 AM,RFC,WEST,ATSI,OE,7117.111,True
9/29/2025 2:00:00 PM,9/29/2025 10:00:00 AM,RFC,WEST,ATSI,OE,7300.390,True
9/29/2025 3:00:00 PM,9/29/2025 11:00:00 AM,RFC,WEST,ATSI,OE,7504.203,True
9/29/2025 4:00:00 PM,9/29/2025 12:00:00 PM,RFC,WEST,ATSI,OE,7811.686,True
9/29/2025 5:00:00 PM,9/29/2025 1:00:00 PM,RFC,WEST,ATSI,OE,8108.115,True
9/29/2025 6:00:00 PM,9/29/2025 2:00:00 PM,RFC,WEST,ATSI,OE,8310.488,True
9/29/2025 7:00:00 PM,9/29/2025 3:00:00 PM,RFC,WEST,ATSI,OE,8417.195,True
9/29/2025 8:00:00 PM,9/29/2025 4:00:00 PM,RFC,WEST,ATSI,OE,8525.108,True
9/29/2025 9:00:00 PM,9/29/2025 5:00:00 PM,RFC,WEST,ATSI,OE,8351.950,True
9/29/2025 10:00:00 PM,9/29/2025 6:00:00 PM,RFC,WEST,ATSI,OE,8008.568,True
9/29/2025 11:00:00 PM,9/29/2025 7:00:00 PM,RFC,WEST,ATSI,OE,7819.674,True
9/30/2025 12:00:00 AM,9/29/2025 8:00:00 PM,RFC,WEST,ATSI,OE,7728.383,True
9/30/2025 1:00:00 AM,9/29/2025 9:00:00 PM,RFC,WEST,ATSI,OE,7239.700,True
9/30/2025 2:00:00 AM,9/29/2025 10:00:00 PM,RFC,WEST,ATSI,OE,6781.368,True
9/30/2025 3:00:00 AM,9/29/2025 11:00:00 PM,RFC,WEST,ATSI,OE,6278.177,True
9/30/2025 4:00:00 AM,9/30/2025 12:00:00 AM,RFC,WEST,ATSI,OE,6014.502,True
9/30/2025 5:00:00 AM,9/30/2025 1:00:00 AM,RFC,WEST,ATSI,OE,5700.505,True
9/30/2025 6:00:00 AM,9/30/2025 2:00:00 AM,RFC,WEST,ATSI,OE,5642.443,True
9/30/2025 7:00:00 AM,9/30/2025 3:00:00 AM,RFC,WEST,ATSI,OE,5675.734,True
9/30/2025 8:00:00 AM,9/30/2025 4:00:00 AM,RFC,WEST,ATSI,OE,5602.214,True
9/30/2025 9:00:00 AM,9/30/2025 5:00:00 AM,RFC,WEST,ATSI,OE,5788.532,True
9/30/2025 10:00:00 AM,9/30/2025 6:00:00 AM,RFC,WEST,ATSI,OE,6311.817,True
9/30/2025 11:00:00 AM,9/30/2025 7:00:00 AM,RFC,WEST,ATSI,OE,6615.384,True
9/30/2025 12:00:00 PM,9/30/2025 8:00:00 AM,RFC,WEST,ATSI,OE,6781.561,True
9/30/2025 1:00:00 PM,9/30/2025 9:00:00 AM,RFC,WEST,ATSI,OE,6981.814,True
9/30/2025 2:00:00 PM,9/30/2025 10:00:00 AM,RFC,WEST,ATSI,OE,7226.067,True
9/30/2025 3:00:00 PM,9/30/2025 11:00:00 AM,RFC,WEST,ATSI,OE,7460.004,True
9/30/2025 4:00:00 PM,9/30/2025 12:00:00 PM,RFC,WEST,ATSI,OE,7637.057,True
9/30/2025 5:00:00 PM,9/30/2025 1:00:00 PM,RFC,WEST,ATSI,OE,7862.371,True
9/30/2025 6:00:00 PM,9/30/2025 2:00:00 PM,RFC,WEST,ATSI,OE,8026.269,True
9/30/2025 7:00:00 PM,9/30/2025 3:00:00 PM,RFC,WEST,ATSI,OE,8186.269,True
9/30/2025 8:00:00 PM,9/30/2025 4:00:00 PM,RFC,WEST,ATSI,OE,8205.922,True
9/30/2025 9:00:00 PM,9/30/2025 5:00:00 PM,RFC,WEST,ATSI,OE,8233.662,True
9/30/2025 10:00:00 PM,9/30/2025 6:00:00 PM,RFC,WEST,ATSI,OE,8034.595,True
9/30/2025 11:00:00 PM,9/30/2025 7:00:00 PM,RFC,WEST,ATSI,OE,7820.151,True
10/1/2025 12:00:00 AM,9/30/2025 8:00:00 PM,RFC,WEST,ATSI,OE,7673.149,True
10/1/2025 1:00:00 AM,9/30/2025 9:00:00 PM,RFC,WEST,ATSI,OE,7226.322,True
10/1/2025 2:00:00 AM,9/30/2025 10:00:00 PM,RFC,WEST,ATSI,OE,6867.558,True
10/1/2025 3:00:00 AM,9/30/2025 11:00:00 PM,RFC,WEST,ATSI,OE,6433.771,True
10/1/2025 4:00:00 AM,10/1/2025 12:00:00 AM,RFC,WEST,ATSI,OE,6033.262,True
10/1/2025 5:00:00 AM,10/1/2025 1:00:00 AM,RFC,WEST,ATSI,OE,5897.462,True
10/1/2025 6:00:00 AM,10/1/2025 2:00:00 AM,RFC,WEST,ATSI,OE,5725.928,True
10/1/2025 7:00:00 AM,10/1/2025 3:00:00 AM,RFC,WEST,ATSI,OE,5655.809,True
10/1/2025 8:00:00 AM,10/1/2025 4:00:00 AM,RFC,WEST,ATSI,OE,5717.451,True
10/1/2025 9:00:00 AM,10/1/2025 5:00:00 AM,RFC,WEST,ATSI,OE,5936.424,True
10/1/2025 10:00:00 AM,10/1/2025 6:00:00 AM,RFC,WEST,ATSI,OE,6340.699,True
10/1/2025 11:00:00 AM,10/1/2025 7:00:00 AM,RFC,WEST,ATSI,OE,6637.799,True
10/1/2025 12:00:00 PM,10/1/2025 8:00:00 AM,RFC,WEST,ATSI,OE,6757.827,True
10/1/2025 1:00:00 PM,10/1/2025 9:00:00 AM,RFC,WEST,ATSI,OE,6806.155,True
10/1/2025 2:00:00 PM,10/1/2025 10:00:00 AM,RFC,WEST,ATSI,OE,6998.732,True
10/1/2025 3:00:00 PM,10/1/2025 11:00:00 AM,RFC,WEST,ATSI,OE,7087.951,True
10/1/2025 4:00:00 PM,10/1/2025 12:00:00 PM,RFC,WEST,ATSI,OE,7258.264,True
10/1/2025 5:00:00 PM,10/1/2025 1:00:00 PM,RFC,WEST,ATSI,OE,7400.692,True
10/1/2025 6:00:00 PM,10/1/2025 2:00:00 PM,RFC,WEST,ATSI,OE,7390.400,True
10/1/2025 7:00:00 PM,10/1/2025 3:00:00 PM,RFC,WEST,ATSI,OE,7496.313,True
10/1/2025 8:00:00 PM,10/1/2025 4:00:00 PM,RFC,WEST,ATSI,OE,7525.474,True
10/1/2025 9:00:00 PM,10/1/2025 5:00:00 PM,RFC,WEST,ATSI,OE,7493.434,True
10/1/2025 10:00:00 PM,10/1/2025 6:00:00 PM,RFC,WEST,ATSI,OE,7272.202,True
10/1/2025 11:00:00 PM,10/1/2025 7:00:00 PM,RFC,WEST,ATSI,OE,7238.945,True
10/2/2025 12:00:00 AM,10/1/2025 8:00:00 PM,RFC,WEST,ATSI,OE,7082.048,True
10/2/2025 1:00:00 AM,10/1/2025 9:00:00 PM,RFC,WEST,ATSI,OE,6804.457,True
10/2/2025 2:00:00 AM,10/1/2025 10:00:00 PM,RFC,WEST,ATSI,OE,6410.842,True
10/2/2025 3:00:00 AM,10/1/2025 11:00:00 PM,RFC,WEST,ATSI,OE,6043.484,True
10/2/2025 4:00:00 AM,10/2/2025 12:00:00 AM,RFC,WEST,ATSI,OE,5818.990,True
10/2/2025 5:00:00 AM,10/2/2025 1:00:00 AM,RFC,WEST,ATSI,OE,5621.852,True
10/2/2025 6:00:00 AM,10/2/2025 2:00:00 AM,RFC,WEST,ATSI,OE,5521.767,True
10/2/2025 7:00:00 AM,10/2/2025 3:00:00 AM,RFC,WEST,ATSI,OE,5515.224,True
10/2/2025 8:00:00 AM,10/2/2025 4:00:00 AM,RFC,WEST,ATSI,OE,5609.869,True
10/2/2025 9:00:00 AM,10/2/2025 5:00:00 AM,RFC,WEST,ATSI,OE,5781.464,True
10/2/2025 10:00:00 AM,10/2/2025 6:00:00 AM,RFC,WEST,ATSI,OE,6232.319,True
10/2/2025 11:00:00 AM,10/2/2025 7:00:00 AM,RFC,WEST,ATSI,OE,6532.901,True
10/2/2025 12:00:00 PM,10/2/2025 8:00:00 AM,RFC,WEST,ATSI,OE,6704.223,True
10/2/2025 1:00:00 PM,10/2/2025 9:00:00 AM,RFC,WEST,ATSI,OE,6710.431,True
10/2/2025 2:00:00 PM,10/2/2025 10:00:00 AM,RFC,WEST,ATSI,OE,6869.281,True
10/2/2025 3:00:00 PM,10/2/2025 11:00:00 AM,RFC,WEST,ATSI,OE,7017.285,True
10/2/2025 4:00:00 PM,10/2/2025 12:00:00 PM,RFC,WEST,ATSI,OE,7124.595,True
10/2/2025 5:00:00 PM,10/2/2025 1:00:00 PM,RFC,WEST,ATSI,OE,7247.457,True
10/2/2025 6:00:00 PM,10/2/2025 2:00:00 PM,RFC,WEST,ATSI,OE,7342.159,True
10/2/2025 7:00:00 PM,10/2/2025 3:00:00 PM,RFC,WEST,ATSI,OE,7385.146,True
10/2/2025 8:00:00 PM,10/2/2025 4:00:00 PM,RFC,WEST,ATSI,OE,7458.617,True
10/2/2025 9:00:00 PM,10/2/2025 5:00:00 PM,RFC,WEST,ATSI,OE,7474.768,True
10/2/2025 10:00:00 PM,10/2/2025 6:00:00 PM,RFC,WEST,ATSI,OE,7368.598,True
10/2/2025 11:00:00 PM,10/2/2025 7:00:00 PM,RFC,WEST,ATSI,OE,7340.854,True
10/3/2025 12:00:00 AM,10/2/2025 8:00:00 PM,RFC,WEST,ATSI,OE,7220.682,True
10/3/2025 1:00:00 AM,10/2/2025 9:00:00 PM,RFC,WEST,ATSI,OE,6888.089,True
10/3/2025 2:00:00 AM,10/2/2025 10:00:00 PM,RFC,WEST,ATSI,OE,6504.438,True
10/3/2025 3:00:00 AM,10/2/2025 11:00:00 PM,RFC,WEST,ATSI,OE,6159.994,True
10/3/2025 4:00:00 AM,10/3/2025 12:00:00 AM,RFC,WEST,ATSI,OE,5883.882,True
10/3/2025 5:00:00 AM,10/3/2025 1:00:00 AM,RFC,WEST,ATSI,OE,5677.074,True
10/3/2025 6:00:00 AM,10/3/2025 2:00:00 AM,RFC,WEST,ATSI,OE,5585.602,True
10/3/2025 7:00:00 AM,10/3/2025 3:00:00 AM,RFC,WEST,ATSI,OE,5515.286,True
10/3/2025 8:00:00 AM,10/3/2025 4:00:00 AM,RFC,WEST,ATSI,OE,5595.699,True
10/3/2025 9:00:00 AM,10/3/2025 5:00:00 AM,RFC,WEST,ATSI,OE,5790.198,True
10/3/2025 10:00:00 AM,10/3/2025 6:00:00 AM,RFC,WEST,ATSI,OE,6222.878,True
10/3/2025 11:00:00 AM,10/3/2025 7:00:00 AM,RFC,WEST,ATSI,OE,6542.234,True
10/3/2025 12:00:00 PM,10/3/2025 8:00:00 AM,RFC,WEST,ATSI,OE,6688.437,True
10/3/2025 1:00:00 PM,10/3/2025 9:00:00 AM,RFC,WEST,ATSI,OE,6823.028,True
10/3/2025 2:00:00 PM,10/3/2025 10:00:00 AM,RFC,WEST,ATSI,OE,6976.599,True
10/3/2025 3:00:00 PM,10/3/2025 11:00:00 AM,RFC,WEST,ATSI,OE,7146.563,True
10/3/2025 4:00:00 PM,10/3/2025 12:00:00 PM,RFC,WEST,ATSI,OE,7402.654,True
10/3/2025 5:00:00 PM,10/3/2025 1:00:00 PM,RFC,WEST,ATSI,OE,7654.949,True
10/3/2025 6:00:00 PM,10/3/2025 2:00:00 PM,RFC,WEST,ATSI,OE,7831.318,True
10/3/2025 7:00:00 PM,10/3/2025 3:00:00 PM,RFC,WEST,ATSI,OE,7960.825,True
10/3/2025 8:00:00 PM,10/3/2025 4:00:00 PM,RFC,WEST,ATSI,OE,8122.952,True
10/3/2025 9:00:00 PM,10/3/2025 5:00:00 PM,RFC,WEST,ATSI,OE,8076.511,True
10/3/2025 10:00:00 PM,10/3/2025 6:00:00 PM,RFC,WEST,ATSI,OE,7787.768,True
10/3/2025 11:00:00 PM,10/3/2025 7:00:00 PM,RFC,WEST,ATSI,OE,7552.269,True
10/4/2025 12:00:00 AM,10/3/2025 8:00:00 PM,RFC,WEST,ATSI,OE,7262.126,True
10/4/2025 1:00:00 AM,10/3/2025 9:00:00 PM,RFC,WEST,ATSI,OE,6983.601,True
10/4/2025 2:00:00 AM,10/3/2025 10:00:00 PM,RFC,WEST,ATSI,OE,6564.143,True
10/4/2025 3:00:00 AM,10/3/2025 11:00:00 PM,RFC,WEST,ATSI,OE,6100.944,True
10/4/2025 4:00:00 AM,10/4/2025 12:00:00 AM,RFC,WEST,ATSI,OE,5818.868,True
10/4/2025 5:00:00 AM,10/4/2025 1:00:00 AM,RFC,WEST,ATSI,OE,5636.313,True
10/4/2025 6:00:00 AM,10/4/2025 2:00:00 AM,RFC,WEST,ATSI,OE,5421.091,True
10/4/2025 7:00:00 AM,10/4/2025 3:00:00 AM,RFC,WEST,ATSI,OE,5363.919,True
10/4/2025 8:00:00 AM,10/4/2025 4:00:00 AM,RFC,WEST,ATSI,OE,5369.739,True
10/4/2025 9:00:00 AM,10/4/2025 5:00:00 AM,RFC,WEST,ATSI,OE,5414.080,True
10/4/2025 10:00:00 AM,10/4/2025 6:00:00 AM,RFC,WEST,ATSI,OE,5615.278,True
10/4/2025 11:00:00 AM,10/4/2025 7:00:00 AM,RFC,WEST,ATSI,OE,5748.240,True
10/4/2025 12:00:00 PM,10/4/2025 8:00:00 AM,RFC,WEST,ATSI,OE,5944.829,True
10/4/2025 1:00:00 PM,10/4/2025 9:00:00 AM,RFC,WEST,ATSI,OE,6213.374,True
10/4/2025 2:00:00 PM,10/4/2025 10:00:00 AM,RFC,WEST,ATSI,OE,6431.652,True
10/4/2025 3:00:00 PM,10/4/2025 11:00:00 AM,RFC,WEST,ATSI,OE,6705.520,True
10/4/2025 4:00:00 PM,10/4/2025 12:00:00 PM,RFC,WEST,ATSI,OE,7049.458,True
10/4/2025 5:00:00 PM,10/4/2025 1:00:00 PM,RFC,WEST,ATSI,OE,7335.000,True
10/4/2025 6:00:00 PM,10/4/2025 2:00:00 PM,RFC,WEST,ATSI,OE,7558.393,True
10/4/2025 7:00:00 PM,10/4/2025 3:00:00 PM,RFC,WEST,ATSI,OE,7779.451,True
10/4/2025 8:00:00 PM,10/4/2025 4:00:00 PM,RFC,WEST,ATSI,OE,8072.378,True
10/4/2025 9:00:00 PM,10/4/2025 5:00:00 PM,RFC,WEST,ATSI,OE,8035.332,True
10/4/2025 10:00:00 PM,10/4/2025 6:00:00 PM,RFC,WEST,ATSI,OE,7818.290,True
10/4/2025 11:00:00 PM,10/4/2025 7:00:00 PM,RFC,WEST,ATSI,OE,7592.577,True
10/5/2025 12:00:00 AM,10/4/2025 8:00:00 PM,RFC,WEST,ATSI,OE,7238.517,True
10/5/2025 1:00:00 AM,10/4/2025 9:00:00 PM,RFC,WEST,ATSI,OE,6978.976,True
10/5/2025 2:00:00 AM,10/4/2025 10:00:00 PM,RFC,WEST,ATSI,OE,6589.741,True
10/5/2025 3:00:00 AM,10/4/2025 11:00:00 PM,RFC,WEST,ATSI,OE,6139.964,True
10/5/2025 4:00:00 AM,10/5/2025 12:00:00 AM,RFC,WEST,ATSI,OE,5858.750,True
10/5/2025 5:00:00 AM,10/5/2025 1:00:00 AM,RFC,WEST,ATSI,OE,5495.794,True
10/5/2025 6:00:00 AM,10/5/2025 2:00:00 AM,RFC,WEST,ATSI,OE,5391.084,True
10/5/2025 7:00:00 AM,10/5/2025 3:00:00 AM,RFC,WEST,ATSI,OE,5319.313,True
10/5/2025 8:00:00 AM,10/5/2025 4:00:00 AM,RFC,WEST,ATSI,OE,5294.622,True
10/5/2025 9:00:00 AM,10/5/2025 5:00:00 AM,RFC,WEST,ATSI,OE,5315.517,True
10/5/2025 10:00:00 AM,10/5/2025 6:00:00 AM,RFC,WEST,ATSI,OE,5385.120,True
10/5/2025 11:00:00 AM,10/5/2025 7:00:00 AM,RFC,WEST,ATSI,OE,5472.927,True
10/5/2025 12:00:00 PM,10/5/2025 8:00:00 AM,RFC,WEST,ATSI,OE,5725.684,True
10/5/2025 1:00:00 PM,10/5/2025 9:00:00 AM,RFC,WEST,ATSI,OE,6054.842,True
10/5/2025 2:00:00 PM,10/5/2025 10:00:00 AM,RFC,WEST,ATSI,OE,6356.574,True
10/5/2025 3:00:00 PM,10/5/2025 11:00:00 AM,RFC,WEST,ATSI,OE,6672.390,True
10/5/2025 4:00:00 PM,10/5/2025 12:00:00 PM,RFC,WEST,ATSI,OE,6999.212,True
10/5/2025 5:00:00 PM,10/5/2025 1:00:00 PM,RFC,WEST,ATSI,OE,7388.611,True
10/5/2025 6:00:00 PM,10/5/2025 2:00:00 PM,RFC,WEST,ATSI,OE,7654.597,True
10/5/2025 7:00:00 PM,10/5/2025 3:00:00 PM,RFC,WEST,ATSI,OE,7905.238,True
10/5/2025 8:00:00 PM,10/5/2025 4:00:00 PM,RFC,WEST,ATSI,OE,8086.327,True
10/5/2025 9:00:00 PM,10/5/2025 5:00:00 PM,RFC,WEST,ATSI,OE,8145.000,True
10/5/2025 10:00:00 PM,10/5/2025 6:00:00 PM,RFC,WEST,ATSI,OE,7899.714,True
10/5/2025 11:00:00 PM,10/5/2025 7:00:00 PM,RFC,WEST,ATSI,OE,7625.928,True
10/6/2025 12:00:00 AM,10/5/2025 8:00:00 PM,RFC,WEST,ATSI,OE,7349.676,True
10/6/2025 1:00:00 AM,10/5/2025 9:00:00 PM,RFC,WEST,ATSI,OE,6937.877,True
10/6/2025 2:00:00 AM,10/5/2025 10:00:00 PM,RFC,WEST,ATSI,OE,6572.116,True
10/6/2025 3:00:00 AM,10/5/2025 11:00:00 PM,RFC,WEST,ATSI,OE,6154.458,True
10/6/2025 4:00:00 AM,10/6/2025 12:00:00 AM,RFC,WEST,ATSI,OE,5869.121,True
10/6/2025 5:00:00 AM,10/6/2025 1:00:00 AM,RFC,WEST,ATSI,OE,5680.947,True
10/6/2025 6:00:00 AM,10/6/2025 2:00:00 AM,RFC,WEST,ATSI,OE,5566.031,True
10/6/2025 7:00:00 AM,10/6/2025 3:00:00 AM,RFC,WEST,ATSI,OE,5572.633,True
10/6/2025 8:00:00 AM,10/6/2025 4:00:00 AM,RFC,WEST,ATSI,OE,5631.901,True
10/6/2025 9:00:00 AM,10/6/2025 5:00:00 AM,RFC,WEST,ATSI,OE,5918.629,True
10/6/2025 10:00:00 AM,10/6/2025 6:00:00 AM,RFC,WEST,ATSI,OE,6359.934,True
10/6/2025 11:00:00 AM,10/6/2025 7:00:00 AM,RFC,WEST,ATSI,OE,6632.358,True
10/6/2025 12:00:00 PM,10/6/2025 8:00:00 AM,RFC,WEST,ATSI,OE,6870.976,True
10/6/2025 1:00:00 PM,10/6/2025 9:00:00 AM,RFC,WEST,ATSI,OE,7094.388,True
10/6/2025 2:00:00 PM,10/6/2025 10:00:00 AM,RFC,WEST,ATSI,OE,7359.262,True
10/6/2025 3:00:00 PM,10/6/2025 11:00:00 AM,RFC,WEST,ATSI,OE,7732.531,True
10/6/2025 4:00:00 PM,10/6/2025 12:00:00 PM,RFC,WEST,ATSI,OE,8080.657,True
10/6/2025 5:00:00 PM,10/6/2025 1:00:00 PM,RFC,WEST,ATSI,OE,8468.990,True
10/6/2025 6:00:00 PM,10/6/2025 2:00:00 PM,RFC,WEST,ATSI,OE,8584.385,True
10/6/2025 7:00:00 PM,10/6/2025 3:00:00 PM,RFC,WEST,ATSI,OE,8755.018,True
10/6/2025 8:00:00 PM,10/6/2025 4:00:00 PM,RFC,WEST,ATSI,OE,8829.044,True
10/6/2025 9:00:00 PM,10/6/2025 5:00:00 PM,RFC,WEST,ATSI,OE,8665.093,True
10/6/2025 10:00:00 PM,10/6/2025 6:00:00 PM,RFC,WEST,ATSI,OE,8410.559,True
10/6/2025 11:00:00 PM,10/6/2025 7:00:00 PM,RFC,WEST,ATSI,OE,8382.557,True
10/7/2025 12:00:00 AM,10/6/2025 8:00:00 PM,RFC,WEST,ATSI,OE,8125.821,True
10/7/2025 1:00:00 AM,10/6/2025 9:00:00 PM,RFC,WEST,ATSI,OE,7723.253,True
10/7/2025 2:00:00 AM,10/6/2025 10:00:00 PM,RFC,WEST,ATSI,OE,7257.181,True
10/7/2025 3:00:00 AM,10/6/2025 11:00:00 PM,RFC,WEST,ATSI,OE,6821.775,True
10/7/2025 4:00:00 AM,10/7/2025 12:00:00 AM,RFC,WEST,ATSI,OE,6452.594,True
10/7/2025 5:00:00 AM,10/7/2025 1:00:00 AM,RFC,WEST,ATSI,OE,6222.555,True
10/7/2025 6:00:00 AM,10/7/2025 2:00:00 AM,RFC,WEST,ATSI,OE,6082.210,True
10/7/2025 7:00:00 AM,10/7/2025 3:00:00 AM,RFC,WEST,ATSI,OE,6089.807,True
10/7/2025 8:00:00 AM,10/7/2025 4:00:00 AM,RFC,WEST,ATSI,OE,6123.156,True
10/7/2025 9:00:00 AM,10/7/2025 5:00:00 AM,RFC,WEST,ATSI,OE,6419.151,True
10/7/2025 10:00:00 AM,10/7/2025 6:00:00 AM,RFC,WEST,ATSI,OE,6853.588,True
10/7/2025 11:00:00 AM,10/7/2025 7:00:00 AM,RFC,WEST,ATSI,OE,7337.210,True
10/7/2025 12:00:00 PM,10/7/2025 8:00:00 AM,RFC,WEST,ATSI,OE,7420.935,True
10/7/2025 1:00:00 PM,10/7/2025 9:00:00 AM,RFC,WEST,ATSI,OE,7526.838,True
10/7/2025 2:00:00 PM,10/7/2025 10:00:00 AM,RFC,WEST,ATSI,OE,7585.715,True
10/7/2025 3:00:00 PM,10/7/2025 11:00:00 AM,RFC,WEST,ATSI,OE,7587.808,True
10/7/2025 4:00:00 PM,10/7/2025 12:00:00 PM,RFC,WEST,ATSI,OE,7749.143,True
10/7/2025 5:00:00 PM,10/7/2025 1:00:00 PM,RFC,WEST,ATSI,OE,7855.116,True
10/7/2025 6:00:00 PM,10/7/2025 2:00:00 PM,RFC,WEST,ATSI,OE,7826.784,True
10/7/2025 7:00:00 PM,10/7/2025 3:00:00 PM,RFC,WEST,ATSI,OE,7734.689,True
10/7/2025 8:00:00 PM,10/7/2025 4:00:00 PM,RFC,WEST,ATSI,OE,7624.787,True
10/7/2025 9:00:00 PM,10/7/2025 5:00:00 PM,RFC,WEST,ATSI,OE,7598.246,True
10/7/2025 10:00:00 PM,10/7/2025 6:00:00 PM,RFC,WEST,ATSI,OE,7477.542,True
10/7/2025 11:00:00 PM,10/7/2025 7:00:00 PM,RFC,WEST,ATSI,OE,7496.565,True
10/8/2025 12:00:00 AM,10/7/2025 8:00:00 PM,RFC,WEST,ATSI,OE,7245.607,True
10/8/2025 1:00:00 AM,10/7/2025 9:00:00 PM,RFC,WEST,ATSI,OE,6976.459,True
10/8/2025 2:00:00 AM,10/7/2025 10:00:00 PM,RFC,WEST,ATSI,OE,6531.260,True
10/8/2025 3:00:00 AM,10/7/2025 11:00:00 PM,RFC,WEST,ATSI,OE,6153.855,True
10/8/2025 4:00:00 AM,10/8/2025 12:00:00 AM,RFC,WEST,ATSI,OE,5839.375,True
10/8/2025 5:00:00 AM,10/8/2025 1:00:00 AM,RFC,WEST,ATSI,OE,5660.285,True
10/8/2025 6:00:00 AM,10/8/2025 2:00:00 AM,RFC,WEST,ATSI,OE,5525.381,True
10/8/2025 7:00:00 AM,10/8/2025 3:00:00 AM,RFC,WEST,ATSI,OE,5568.569,True
10/8/2025 8:00:00 AM,10/8/2025 4:00:00 AM,RFC,WEST,ATSI,OE,5613.258,True
10/8/2025 9:00:00 AM,10/8/2025 5:00:00 AM,RFC,WEST,ATSI,OE,5795.619,True
10/8/2025 10:00:00 AM,10/8/2025 6:00:00 AM,RFC,WEST,ATSI,OE,6299.387,True
10/8/2025 11:00:00 AM,10/8/2025 7:00:00 AM,RFC,WEST,ATSI,OE,6564.464,True
10/8/2025 12:00:00 PM,10/8/2025 8:00:00 AM,RFC,WEST,ATSI,OE,6673.452,True
10/8/2025 1:00:00 PM,10/8/2025 9:00:00 AM,RFC,WEST,ATSI,OE,6888.891,True
10/8/2025 2:00:00 PM,10/8/2025 10:00:00 AM,RFC,WEST,ATSI,OE,6980.222,True
10/8/2025 3:00:00 PM,10/8/2025 11:00:00 AM,RFC,WEST,ATSI,OE,7066.386,True
10/8/2025 4:00:00 PM,10/8/2025 12:00:00 PM,RFC,WEST,ATSI,OE,6985.733,True
10/8/2025 5:00:00 PM,10/8/2025 1:00:00 PM,RFC,WEST,ATSI,OE,7042.271,True
10/8/2025 6:00:00 PM,10/8/2025 2:00:00 PM,RFC,WEST,ATSI,OE,6967.468,True
10/8/2025 7:00:00 PM,10/8/2025 3:00:00 PM,RFC,WEST,ATSI,OE,6913.254,True
10/8/2025 8:00:00 PM,10/8/2025 4:00:00 PM,RFC,WEST,ATSI,OE,6799.015,True
10/8/2025 9:00:00 PM,10/8/2025 5:00:00 PM,RFC,WEST,ATSI,OE,6633.803,True
10/8/2025 10:00:00 PM,10/8/2025 6:00:00 PM,RFC,WEST,ATSI,OE,6719.020,True
10/8/2025 11:00:00 PM,10/8/2025 7:00:00 PM,RFC,WEST,ATSI,OE,6782.966,True
10/9/2025 12:00:00 AM,10/8/2025 8:00:00 PM,RFC,WEST,ATSI,OE,6766.343,True
10/9/2025 1:00:00 AM,10/8/2025 9:00:00 PM,RFC,WEST,ATSI,OE,6546.903,True
10/9/2025 2:00:00 AM,10/8/2025 10:00:00 PM,RFC,WEST,ATSI,OE,6145.960,True
10/9/2025 3:00:00 AM,10/8/2025 11:00:00 PM,RFC,WEST,ATSI,OE,5893.355,True
10/9/2025 4:00:00 AM,10/9/2025 12:00:00 AM,RFC,WEST,ATSI,OE,5658.655,True
10/9/2025 5:00:00 AM,10/9/2025 1:00:00 AM,RFC,WEST,ATSI,OE,5512.039,True
10/9/2025 6:00:00 AM,10/9/2025 2:00:00 AM,RFC,WEST,ATSI,OE,5450.783,True
10/9/2025 7:00:00 AM,10/9/2025 3:00:00 AM,RFC,WEST,ATSI,OE,5395.367,True
10/9/2025 8:00:00 AM,10/9/2025 4:00:00 AM,RFC,WEST,ATSI,OE,5463.027,True
10/9/2025 9:00:00 AM,10/9/2025 5:00:00 AM,RFC,WEST,ATSI,OE,5825.418,True
10/9/2025 10:00:00 AM,10/9/2025 6:00:00 AM,RFC,WEST,ATSI,OE,6290.917,True
10/9/2025 11:00:00 AM,10/9/2025 7:00:00 AM,RFC,WEST,ATSI,OE,6642.413,True
10/9/2025 12:00:00 PM,10/9/2025 8:00:00 AM,RFC,WEST,ATSI,OE,6716.978,True
10/9/2025 1:00:00 PM,10/9/2025 9:00:00 AM,RFC,WEST,ATSI,OE,6733.432,True
10/9/2025 2:00:00 PM,10/9/2025 10:00:00 AM,RFC,WEST,ATSI,OE,6693.741,True
10/9/2025 3:00:00 PM,10/9/2025 11:00:00 AM,RFC,WEST,ATSI,OE,6644.911,True
10/9/2025 4:00:00 PM,10/9/2025 12:00:00 PM,RFC,WEST,ATSI,OE,6711.327,True
10/9/2025 5:00:00 PM,10/9/2025 1:00:00 PM,RFC,WEST,ATSI,OE,6745.485,True
10/9/2025 6:00:00 PM,10/9/2025 2:00:00 PM,RFC,WEST,ATSI,OE,6690.204,True
10/9/2025 7:00:00 PM,10/9/2025 3:00:00 PM,RFC,WEST,ATSI,OE,6634.771,True
10/9/2025 8:00:00 PM,10/9/2025 4:00:00 PM,RFC,WEST,ATSI,OE,6578.228,True
10/9/2025 9:00:00 PM,10/9/2025 5:00:00 PM,RFC,WEST,ATSI,OE,6489.040,True
10/9/2025 10:00:00 PM,10/9/2025 6:00:00 PM,RFC,WEST,ATSI,OE,6606.757,True
10/9/2025 11:00:00 PM,10/9/2025 7:00:00 PM,RFC,WEST,ATSI,OE,6803.092,True
10/10/2025 12:00:00 AM,10/9/2025 8:00:00 PM,RFC,WEST,ATSI,OE,6691.081,True
10/10/2025 1:00:00 AM,10/9/2025 9:00:00 PM,RFC,WEST,ATSI,OE,6438.735,True
10/10/2025 2:00:00 AM,10/9/2025 10:00:00 PM,RFC,WEST,ATSI,OE,6151.155,True
10/10/2025 3:00:00 AM,10/9/2025 11:00:00 PM,RFC,WEST,ATSI,OE,5832.485,True
10/10/2025 4:00:00 AM,10/10/2025 12:00:00 AM,RFC,WEST,ATSI,OE,5627.728,True
10/10/2025 5:00:00 AM,10/10/2025 1:00:00 AM,RFC,WEST,ATSI,OE,5533.677,True
10/10/2025 6:00:00 AM,10/10/2025 2:00:00 AM,RFC,WEST,ATSI,OE,5408.733,True
10/10/2025 7:00:00 AM,10/10/2025 3:00:00 AM,RFC,WEST,ATSI,OE,5383.199,True
10/10/2025 8:00:00 AM,10/10/2025 4:00:00 AM,RFC,WEST,ATSI,OE,5512.200,True
10/10/2025 9:00:00 AM,10/10/2025 5:00:00 AM,RFC,WEST,ATSI,OE,5734.247,True
10/10/2025 10:00:00 AM,10/10/2025 6:00:00 AM,RFC,WEST,ATSI,OE,6141.291,True
10/10/2025 11:00:00 AM,10/10/2025 7:00:00 AM,RFC,WEST,ATSI,OE,6472.171,True
10/10/2025 12:00:00 PM,10/10/2025 8:00:00 AM,RFC,WEST,ATSI,OE,6703.515,True
10/10/2025 1:00:00 PM,10/10/2025 9:00:00 AM,RFC,WEST,ATSI,OE,6749.319,True
10/10/2025 2:00:00 PM,10/10/2025 10:00:00 AM,RFC,WEST,ATSI,OE,6754.000,True
10/10/2025 3:00:00 PM,10/10/2025 11:00:00 AM,RFC,WEST,ATSI,OE,6749.554,True
10/10/2025 4:00:00 PM,10/10/2025 12:00:00 PM,RFC,WEST,ATSI,OE,6667.074,True
10/10/2025 5:00:00 PM,10/10/2025 1:00:00 PM,RFC,WEST,ATSI,OE,6741.672,True
10/10/2025 6:00:00 PM,10/10/2025 2:00:00 PM,RFC,WEST,ATSI,OE,6676.150,True
10/10/2025 7:00:00 PM,10/10/2025 3:00:00 PM,RFC,WEST,ATSI,OE,6624.277,True
10/10/2025 8:00:00 PM,10/10/2025 4:00:00 PM,RFC,WEST,ATSI,OE,6587.255,True
10/10/2025 9:00:00 PM,10/10/2025 5:00:00 PM,RFC,WEST,ATSI,OE,6513.023,True
10/10/2025 10:00:00 PM,10/10/2025 6:00:00 PM,RFC,WEST,ATSI,OE,6449.830,True
10/10/2025 11:00:00 PM,10/10/2025 7:00:00 PM,RFC,WEST,ATSI,OE,6586.458,True
10/11/2025 12:00:00 AM,10/10/2025 8:00:00 PM,RFC,WEST,ATSI,OE,6477.406,True
10/11/2025 1:00:00 AM,10/10/2025 9:00:00 PM,RFC,WEST,ATSI,OE,6257.235,True
10/11/2025 2:00:00 AM,10/10/2025 10:00:00 PM,RFC,WEST,ATSI,OE,6000.580,True
10/11/2025 3:00:00 AM,10/10/2025 11:00:00 PM,RFC,WEST,ATSI,OE,5701.203,True
10/11/2025 4:00:00 AM,10/11/2025 12:00:00 AM,RFC,WEST,ATSI,OE,5465.557,True
10/11/2025 5:00:00 AM,10/11/2025 1:00:00 AM,RFC,WEST,ATSI,OE,5340.250,True
10/11/2025 6:00:00 AM,10/11/2025 2:00:00 AM,RFC,WEST,ATSI,OE,5242.068,True
10/11/2025 7:00:00 AM,10/11/2025 3:00:00 AM,RFC,WEST,ATSI,OE,5215.694,True
10/11/2025 8:00:00 AM,10/11/2025 4:00:00 AM,RFC,WEST,ATSI,OE,5260.900,True
10/11/2025 9:00:00 AM,10/11/2025 5:00:00 AM,RFC,WEST,ATSI,OE,5286.362,True
10/11/2025 10:00:00 AM,10/11/2025 6:00:00 AM,RFC,WEST,ATSI,OE,5398.799,True
10/11/2025 11:00:00 AM,10/11/2025 7:00:00 AM,RFC,WEST,ATSI,OE,5647.125,True
10/11/2025 12:00:00 PM,10/11/2025 8:00:00 AM,RFC,WEST,ATSI,OE,5808.712,True
10/11/2025 1:00:00 PM,10/11/2025 9:00:00 AM,RFC,WEST,ATSI,OE,5872.783,True
10/11/2025 2:00:00 PM,10/11/2025 10:00:00 AM,RFC,WEST,ATSI,OE,5913.500,True
10/11/2025 3:00:00 PM,10/11/2025 11:00:00 AM,RFC,WEST,ATSI,OE,5982.986,True
10/11/2025 4:00:00 PM,10/11/2025 12:00:00 PM,RFC,WEST,ATSI,OE,5994.102,True
10/11/2025 5:00:00 PM,10/11/2025 1:00:00 PM,RFC,WEST,ATSI,OE,5991.291,True
10/11/2025 6:00:00 PM,10/11/2025 2:00:00 PM,RFC,WEST,ATSI,OE,6014.604,True
10/11/2025 7:00:00 PM,10/11/2025 3:00:00 PM,RFC,WEST,ATSI,OE,5919.127,True
10/11/2025 8:00:00 PM,10/11/2025 4:00:00 PM,RFC,WEST,ATSI,OE,6041.851,True
10/11/2025 9:00:00 PM,10/11/2025 5:00:00 PM,RFC,WEST,ATSI,OE,6023.535,True
10/11/2025 10:00:00 PM,10/11/2025 6:00:00 PM,RFC,WEST,ATSI,OE,6038.212,True
10/11/2025 11:00:00 PM,10/11/2025 7:00:00 PM,RFC,WEST,ATSI,OE,6225.180,True
10/12/2025 12:00:00 AM,10/11/2025 8:00:00 PM,RFC,WEST,ATSI,OE,6129.304,True
10/12/2025 1:00:00 AM,10/11/2025 9:00:00 PM,RFC,WEST,ATSI,OE,5949.939,True
10/12/2025 2:00:00 AM,10/11/2025 10:00:00 PM,RFC,WEST,ATSI,OE,5721.759,True
10/12/2025 3:00:00 AM,10/11/2025 11:00:00 PM,RFC,WEST,ATSI,OE,5446.455,True
10/12/2025 4:00:00 AM,10/12/2025 12:00:00 AM,RFC,WEST,ATSI,OE,5226.411,True
10/12/2025 5:00:00 AM,10/12/2025 1:00:00 AM,RFC,WEST,ATSI,OE,5176.941,True
10/12/2025 6:00:00 AM,10/12/2025 2:00:00 AM,RFC,WEST,ATSI,OE,5087.896,True
10/12/2025 7:00:00 AM,10/12/2025 3:00:00 AM,RFC,WEST,ATSI,OE,5042.689,True
10/12/2025 8:00:00 AM,10/12/2025 4:00:00 AM,RFC,WEST,ATSI,OE,4982.978,True
10/12/2025 9:00:00 AM,10/12/2025 5:00:00 AM,RFC,WEST,ATSI,OE,5063.924,True
10/12/2025 10:00:00 AM,10/12/2025 6:00:00 AM,RFC,WEST,ATSI,OE,5282.002,True
10/12/2025 11:00:00 AM,10/12/2025 7:00:00 AM,RFC,WEST,ATSI,OE,5415.938,True
10/12/2025 12:00:00 PM,10/12/2025 8:00:00 AM,RFC,WEST,ATSI,OE,5623.698,True
10/12/2025 1:00:00 PM,10/12/2025 9:00:00 AM,RFC,WEST,ATSI,OE,5681.032,True
10/12/2025 2:00:00 PM,10/12/2025 10:00:00 AM,RFC,WEST,ATSI,OE,5691.040,True
10/12/2025 3:00:00 PM,10/12/2025 11:00:00 AM,RFC,WEST,ATSI,OE,5872.763,True
10/12/2025 4:00:00 PM,10/12/2025 12:00:00 PM,RFC,WEST,ATSI,OE,5964.136,True
10/12/2025 5:00:00 PM,10/12/2025 1:00:00 PM,RFC,WEST,ATSI,OE,5974.047,True
10/12/2025 6:00:00 PM,10/12/2025 2:00:00 PM,RFC,WEST,ATSI,OE,5964.389,True
10/12/2025 7:00:00 PM,10/12/2025 3:00:00 PM,RFC,WEST,ATSI,OE,5999.497,True
10/12/2025 8:00:00 PM,10/12/2025 4:00:00 PM,RFC,WEST,ATSI,OE,6115.088,True
10/12/2025 9:00:00 PM,10/12/2025 5:00:00 PM,RFC,WEST,ATSI,OE,6193.610,True
10/12/2025 10:00:00 PM,10/12/2025 6:00:00 PM,RFC,WEST,ATSI,OE,6091.856,True
10/12/2025 11:00:00 PM,10/12/2025 7:00:00 PM,RFC,WEST,ATSI,OE,6289.165,True
10/13/2025 12:00:00 AM,10/12/2025 8:00:00 PM,RFC,WEST,ATSI,OE,6337.424,True
10/13/2025 1:00:00 AM,10/12/2025 9:00:00 PM,RFC,WEST,ATSI,OE,6090.053,True
10/13/2025 2:00:00 AM,10/12/2025 10:00:00 PM,RFC,WEST,ATSI,OE,5788.976,True
10/13/2025 3:00:00 AM,10/12/2025 11:00:00 PM,RFC,WEST,ATSI,OE,5565.445,True
10/13/2025 4:00:00 AM,10/13/2025 12:00:00 AM,RFC,WEST,ATSI,OE,5381.132,True
10/13/2025 5:00:00 AM,10/13/2025 1:00:00 AM,RFC,WEST,ATSI,OE,5327.064,True
10/13/2025 6:00:00 AM,10/13/2025 2:00:00 AM,RFC,WEST,ATSI,OE,5282.076,True
10/13/2025 7:00:00 AM,10/13/2025 3:00:00 AM,RFC,WEST,ATSI,OE,5318.712,True
10/13/2025 8:00:00 AM,10/13/2025 4:00:00 AM,RFC,WEST,ATSI,OE,5415.501,True
10/13/2025 9:00:00 AM,10/13/2025 5:00:00 AM,RFC,WEST,ATSI,OE,5653.607,True
10/13/2025 10:00:00 AM,10/13/2025 6:00:00 AM,RFC,WEST,ATSI,OE,6162.767,True
10/13/2025 11:00:00 AM,10/13/2025 7:00:00 AM,RFC,WEST,ATSI,OE,6551.462,True
10/13/2025 12:00:00 PM,10/13/2025 8:00:00 AM,RFC,WEST,ATSI,OE,6647.366,True
10/13/2025 1:00:00 PM,10/13/2025 9:00:00 AM,RFC,WEST,ATSI,OE,6744.941,True
10/13/2025 2:00:00 PM,10/13/2025 10:00:00 AM,RFC,WEST,ATSI,OE,6863.941,True
10/13/2025 3:00:00 PM,10/13/2025 11:00:00 AM,RFC,WEST,ATSI,OE,6925.154,True
10/13/2025 4:00:00 PM,10/13/2025 12:00:00 PM,RFC,WEST,ATSI,OE,7028.389,True
10/13/2025 5:00:00 PM,10/13/2025 1:00:00 PM,RFC,WEST,ATSI,OE,7080.190,True
10/13/2025 6:00:00 PM,10/13/2025 2:00:00 PM,RFC,WEST,ATSI,OE,7096.727,True
10/13/2025 7:00:00 PM,10/13/2025 3:00:00 PM,RFC,WEST,ATSI,OE,6970.194,True
10/13/2025 8:00:00 PM,10/13/2025 4:00:00 PM,RFC,WEST,ATSI,OE,6945.039,True
10/13/2025 9:00:00 PM,10/13/2025 5:00:00 PM,RFC,WEST,ATSI,OE,6988.866,True
10/13/2025 10:00:00 PM,10/13/2025 6:00:00 PM,RFC,WEST,ATSI,OE,6852.397,True
10/13/2025 11:00:00 PM,10/13/2025 7:00:00 PM,RFC,WEST,ATSI,OE,6950.961,True
10/14/2025 12:00:00 AM,10/13/2025 8:00:00 PM,RFC,WEST,ATSI,OE,6916.701,True
10/14/2025 1:00:00 AM,10/13/2025 9:00:00 PM,RFC,WEST,ATSI,OE,6624.344,True
10/14/2025 2:00:00 AM,10/13/2025 10:00:00 PM,RFC,WEST,ATSI,OE,6144.642,True
10/14/2025 3:00:00 AM,10/13/2025 11:00:00 PM,RFC,WEST,ATSI,OE,5900.293,True
10/14/2025 4:00:00 AM,10/14/2025 12:00:00 AM,RFC,WEST,ATSI,OE,5678.477,True
10/14/2025 5:00:00 AM,10/14/2025 1:00:00 AM,RFC,WEST,ATSI,OE,5489.635,True
10/14/2025 6:00:00 AM,10/14/2025 2:00:00 AM,RFC,WEST,ATSI,OE,5430.301,True
10/14/2025 7:00:00 AM,10/14/2025 3:00:00 AM,RFC,WEST,ATSI,OE,5413.347,True
10/14/2025 8:00:00 AM,10/14/2025 4:00:00 AM,RFC,WEST,ATSI,OE,5482.835,True
10/14/2025 9:00:00 AM,10/14/2025 5:00:00 AM,RFC,WEST,ATSI,OE,5770.520,True
10/14/2025 10:00:00 AM,10/14/2025 6:00:00 AM,RFC,WEST,ATSI,OE,6230.696,True
10/14/2025 11:00:00 AM,10/14/2025 7:00:00 AM,RFC,WEST,ATSI,OE,6591.703,True
10/14/2025 12:00:00 PM,10/14/2025 8:00:00 AM,RFC,WEST,ATSI,OE,6757.171,True
10/14/2025 1:00:00 PM,10/14/2025 9:00:00 AM,RFC,WEST,ATSI,OE,6861.275,True
10/14/2025 2:00:00 PM,10/14/2025 10:00:00 AM,RFC,WEST,ATSI,OE,6904.195,True
10/14/2025 3:00:00 PM,10/14/2025 11:00:00 AM,RFC,WEST,ATSI,OE,6970.449,True
10/14/2025 4:00:00 PM,10/14/2025 12:00:00 PM,RFC,WEST,ATSI,OE,7043.009,True
10/14/2025 5:00:00 PM,10/14/2025 1:00:00 PM,RFC,WEST,ATSI,OE,7112.463,True
10/14/2025 6:00:00 PM,10/14/2025 2:00:00 PM,RFC,WEST,ATSI,OE,7099.791,True
10/14/2025 7:00:00 PM,10/14/2025 3:00:00 PM,RFC,WEST,ATSI,OE,6995.569,True
10/14/2025 8:00:00 PM,10/14/2025 4:00:00 PM,RFC,WEST,ATSI,OE,6992.616,True
10/14/2025 9:00:00 PM,10/14/2025 5:00:00 PM,RFC,WEST,ATSI,OE,7002.977,True
10/14/2025 10:00:00 PM,10/14/2025 6:00:00 PM,RFC,WEST,ATSI,OE,6963.939,True
10/14/2025 11:00:00 PM,10/14/2025 7:00:00 PM,RFC,WEST,ATSI,OE,7085.044,True
10/15/2025 12:00:00 AM,10/14/2025 8:00:00 PM,RFC,WEST,ATSI,OE,6960.848,True
10/15/2025 1:00:00 AM,10/14/2025 9:00:00 PM,RFC,WEST,ATSI,OE,6686.977,True
10/15/2025 2:00:00 AM,10/14/2025 10:00:00 PM,RFC,WEST,ATSI,OE,6373.725,True
10/15/2025 3:00:00 AM,10/14/2025 11:00:00 PM,RFC,WEST,ATSI,OE,6054.548,True
10/15/2025 4:00:00 AM,10/15/2025 12:00:00 AM,RFC,WEST,ATSI,OE,5825.495,True
10/15/2025 5:00:00 AM,10/15/2025 1:00:00 AM,RFC,WEST,ATSI,OE,5653.009,True
10/15/2025 6:00:00 AM,10/15/2025 2:00:00 AM,RFC,WEST,ATSI,OE,5515.861,True
10/15/2025 7:00:00 AM,10/15/2025 3:00:00 AM,RFC,WEST,ATSI,OE,5389.465,True
10/15/2025 8:00:00 AM,10/15/2025 4:00:00 AM,RFC,WEST,ATSI,OE,5511.665,True
10/15/2025 9:00:00 AM,10/15/2025 5:00:00 AM,RFC,WEST,ATSI,OE,5705.586,True
10/15/2025 10:00:00 AM,10/15/2025 6:00:00 AM,RFC,WEST,ATSI,OE,6114.632,True
10/15/2025 11:00:00 AM,10/15/2025 7:00:00 AM,RFC,WEST,ATSI,OE,6502.788,True
10/15/2025 12:00:00 PM,10/15/2025 8:00:00 AM,RFC,WEST,ATSI,OE,6590.995,True
10/15/2025 1:00:00 PM,10/15/2025 9:00:00 AM,RFC,WEST,ATSI,OE,6710.915,True
10/15/2025 2:00:00 PM,10/15/2025 10:00:00 AM,RFC,WEST,ATSI,OE,6762.105,True
10/15/2025 3:00:00 PM,10/15/2025 11:00:00 AM,RFC,WEST,ATSI,OE,6736.344,True
10/15/2025 4:00:00 PM,10/15/2025 12:00:00 PM,RFC,WEST,ATSI,OE,6766.810,True
10/15/2025 5:00:00 PM,10/15/2025 1:00:00 PM,RFC,WEST,ATSI,OE,6767.312,True
10/15/2025 6:00:00 PM,10/15/2025 2:00:00 PM,RFC,WEST,ATSI,OE,6702.213,True
10/15/2025 7:00:00 PM,10/15/2025 3:00:00 PM,RFC,WEST,ATSI,OE,6642.854,True
10/15/2025 8:00:00 PM,10/15/2025 4:00:00 PM,RFC,WEST,ATSI,OE,6607.176,True
10/15/2025 9:00:00 PM,10/15/2025 5:00:00 PM,RFC,WEST,ATSI,OE,6597.978,True
10/15/2025 10:00:00 PM,10/15/2025 6:00:00 PM,RFC,WEST,ATSI,OE,6606.054,True
10/15/2025 11:00:00 PM,10/15/2025 7:00:00 PM,RFC,WEST,ATSI,OE,6747.495,True
10/16/2025 12:00:00 AM,10/15/2025 8:00:00 PM,RFC,WEST,ATSI,OE,6748.110,True
10/16/2025 1:00:00 AM,10/15/2025 9:00:00 PM,RFC,WEST,ATSI,OE,6491.788,True
10/16/2025 2:00:00 AM,10/15/2025 10:00:00 PM,RFC,WEST,ATSI,OE,6217.018,True
10/16/2025 3:00:00 AM,10/15/2025 11:00:00 PM,RFC,WEST,ATSI,OE,5940.440,True
10/16/2025 4:00:00 AM,10/16/2025 12:00:00 AM,RFC,WEST,ATSI,OE,5736.688,True
10/16/2025 5:00:00 AM,10/16/2025 1:00:00 AM,RFC,WEST,ATSI,OE,5628.315,True
10/16/2025 6:00:00 AM,10/16/2025 2:00:00 AM,RFC,WEST,ATSI,OE,5589.004,True
10/16/2025 7:00:00 AM,10/16/2025 3:00:00 AM,RFC,WEST,ATSI,OE,5541.795,True
10/16/2025 8:00:00 AM,10/16/2025 4:00:00 AM,RFC,WEST,ATSI,OE,5675.124,True
10/16/2025 9:00:00 AM,10/16/2025 5:00:00 AM,RFC,WEST,ATSI,OE,5926.566,True
10/16/2025 10:00:00 AM,10/16/2025 6:00:00 AM,RFC,WEST,ATSI,OE,6346.229,True
10/16/2025 11:00:00 AM,10/16/2025 7:00:00 AM,RFC,WEST,ATSI,OE,6710.299,True
10/16/2025 12:00:00 PM,10/16/2025 8:00:00 AM,RFC,WEST,ATSI,OE,6852.544,True
10/16/2025 1:00:00 PM,10/16/2025 9:00:00 AM,RFC,WEST,ATSI,OE,6856.451,True
10/16/2025 2:00:00 PM,10/16/2025 10:00:00 AM,RFC,WEST,ATSI,OE,6789.040,True
10/16/2025 3:00:00 PM,10/16/2025 11:00:00 AM,RFC,WEST,ATSI,OE,6678.254,True
10/16/2025 4:00:00 PM,10/16/2025 12:00:00 PM,RFC,WEST,ATSI,OE,6664.526,True
10/16/2025 5:00:00 PM,10/16/2025 1:00:00 PM,RFC,WEST,ATSI,OE,6679.711,True
10/16/2025 6:00:00 PM,10/16/2025 2:00:00 PM,RFC,WEST,ATSI,OE,6517.344,True
10/16/2025 7:00:00 PM,10/16/2025 3:00:00 PM,RFC,WEST,ATSI,OE,6510.968,True
10/16/2025 8:00:00 PM,10/16/2025 4:00:00 PM,RFC,WEST,ATSI,OE,6429.958,True
10/16/2025 9:00:00 PM,10/16/2025 5:00:00 PM,RFC,WEST,ATSI,OE,6402.724,True
10/16/2025 10:00:00 PM,10/16/2025 6:00:00 PM,RFC,WEST,ATSI,OE,6538.394,True
10/16/2025 11:00:00 PM,10/16/2025 7:00:00 PM,RFC,WEST,ATSI,OE,6746.601,True
10/17/2025 12:00:00 AM,10/16/2025 8:00:00 PM,RFC,WEST,ATSI,OE,6578.742,True
10/17/2025 1:00:00 AM,10/16/2025 9:00:00 PM,RFC,WEST,ATSI,OE,6461.563,True
10/17/2025 2:00:00 AM,10/16/2025 10:00:00 PM,RFC,WEST,ATSI,OE,6167.760,True
10/17/2025 3:00:00 AM,10/16/2025 11:00:00 PM,RFC,WEST,ATSI,OE,5857.547,True
10/17/2025 4:00:00 AM,10/17/2025 12:00:00 AM,RFC,WEST,ATSI,OE,5695.578,True
10/17/2025 5:00:00 AM,10/17/2025 1:00:00 AM,RFC,WEST,ATSI,OE,5567.589,True
10/17/2025 6:00:00 AM,10/17/2025 2:00:00 AM,RFC,WEST,ATSI,OE,5540.327,True
10/17/2025 7:00:00 AM,10/17/2025 3:00:00 AM,RFC,WEST,ATSI,OE,5530.629,True
10/17/2025 8:00:00 AM,10/17/2025 4:00:00 AM,RFC,WEST,ATSI,OE,5649.154,True
10/17/2025 9:00:00 AM,10/17/2025 5:00:00 AM,RFC,WEST,ATSI,OE,5899.650,True
10/17/2025 10:00:00 AM,10/17/2025 6:00:00 AM,RFC,WEST,ATSI,OE,6333.920,True
10/17/2025 11:00:00 AM,10/17/2025 7:00:00 AM,RFC,WEST,ATSI,OE,6668.773,True
10/17/2025 12:00:00 PM,10/17/2025 8:00:00 AM,RFC,WEST,ATSI,OE,6798.800,True
10/17/2025 1:00:00 PM,10/17/2025 9:00:00 AM,RFC,WEST,ATSI,OE,6777.803,True
10/17/2025 2:00:00 PM,10/17/2025 10:00:00 AM,RFC,WEST,ATSI,OE,6674.322,True
10/17/2025 3:00:00 PM,10/17/2025 11:00:00 AM,RFC,WEST,ATSI,OE,6688.226,True
10/17/2025 4:00:00 PM,10/17/2025 12:00:00 PM,RFC,WEST,ATSI,OE,6630.855,True
10/17/2025 5:00:00 PM,10/17/2025 1:00:00 PM,RFC,WEST,ATSI,OE,6631.079,True
10/17/2025 6:00:00 PM,10/17/2025 2:00:00 PM,RFC,WEST,ATSI,OE,6576.241,True
10/17/2025 7:00:00 PM,10/17/2025 3:00:00 PM,RFC,WEST,ATSI,OE,6575.068,True
10/17/2025 8:00:00 PM,10/17/2025 4:00:00 PM,RFC,WEST,ATSI,OE,6579.160,True
10/17/2025 9:00:00 PM,10/17/2025 5:00:00 PM,RFC,WEST,ATSI,OE,6404.045,True
10/17/2025 10:00:00 PM,10/17/2025 6:00:00 PM,RFC,WEST,ATSI,OE,6387.071,True
10/17/2025 11:00:00 PM,10/17/2025 7:00:00 PM,RFC,WEST,ATSI,OE,6515.027,True
10/18/2025 12:00:00 AM,10/17/2025 8:00:00 PM,RFC,WEST,ATSI,OE,6398.609,True
10/18/2025 1:00:00 AM,10/17/2025 9:00:00 PM,RFC,WEST,ATSI,OE,6236.713,True
10/18/2025 2:00:00 AM,10/17/2025 10:00:00 PM,RFC,WEST,ATSI,OE,6015.128,True
10/18/2025 3:00:00 AM,10/17/2025 11:00:00 PM,RFC,WEST,ATSI,OE,5676.639,True
10/18/2025 4:00:00 AM,10/18/2025 12:00:00 AM,RFC,WEST,ATSI,OE,5458.258,True
10/18/2025 5:00:00 AM,10/18/2025 1:00:00 AM,RFC,WEST,ATSI,OE,5267.008,True
10/18/2025 6:00:00 AM,10/18/2025 2:00:00 AM,RFC,WEST,ATSI,OE,5154.748,True
10/18/2025 7:00:00 AM,10/18/2025 3:00:00 AM,RFC,WEST,ATSI,OE,5229.355,True
10/18/2025 8:00:00 AM,10/18/2025 4:00:00 AM,RFC,WEST,ATSI,OE,5245.254,True
10/18/2025 9:00:00 AM,10/18/2025 5:00:00 AM,RFC,WEST,ATSI,OE,5331.110,True
10/18/2025 10:00:00 AM,10/18/2025 6:00:00 AM,RFC,WEST,ATSI,OE,5489.382,True
10/18/2025 11:00:00 AM,10/18/2025 7:00:00 AM,RFC,WEST,ATSI,OE,5747.890,True
10/18/2025 12:00:00 PM,10/18/2025 8:00:00 AM,RFC,WEST,ATSI,OE,5882.134,True
10/18/2025 1:00:00 PM,10/18/2025 9:00:00 AM,RFC,WEST,ATSI,OE,6007.669,True
10/18/2025 2:00:00 PM,10/18/2025 10:00:00 AM,RFC,WEST,ATSI,OE,5959.150,True
10/18/2025 3:00:00 PM,10/18/2025 11:00:00 AM,RFC,WEST,ATSI,OE,6091.672,True
10/18/2025 4:00:00 PM,10/18/2025 12:00:00 PM,RFC,WEST,ATSI,OE,6045.424,True
10/18/2025 5:00:00 PM,10/18/2025 1:00:00 PM,RFC,WEST,ATSI,OE,6236.750,True
10/18/2025 6:00:00 PM,10/18/2025 2:00:00 PM,RFC,WEST,ATSI,OE,6260.837,True
10/18/2025 7:00:00 PM,10/18/2025 3:00:00 PM,RFC,WEST,ATSI,OE,6447.978,True
10/18/2025 8:00:00 PM,10/18/2025 4:00:00 PM,RFC,WEST,ATSI,OE,6560.802,True
10/18/2025 9:00:00 PM,10/18/2025 5:00:00 PM,RFC,WEST,ATSI,OE,6479.948,True
10/18/2025 10:00:00 PM,10/18/2025 6:00:00 PM,RFC,WEST,ATSI,OE,6536.960,True
10/18/2025 11:00:00 PM,10/18/2025 7:00:00 PM,RFC,WEST,ATSI,OE,6525.029,True
10/19/2025 12:00:00 AM,10/18/2025 8:00:00 PM,RFC,WEST,ATSI,OE,6508.014,True
10/19/2025 1:00:00 AM,10/18/2025 9:00:00 PM,RFC,WEST,ATSI,OE,6312.816,True
10/19/2025 2:00:00 AM,10/18/2025 10:00:00 PM,RFC,WEST,ATSI,OE,6122.902,True
10/19/2025 3:00:00 AM,10/18/2025 11:00:00 PM,RFC,WEST,ATSI,OE,5866.065,True
10/19/2025 4:00:00 AM,10/19/2025 12:00:00 AM,RFC,WEST,ATSI,OE,5582.998,True
10/19/2025 5:00:00 AM,10/19/2025 1:00:00 AM,RFC,WEST,ATSI,OE,5386.638,True
10/19/2025 6:00:00 AM,10/19/2025 2:00:00 AM,RFC,WEST,ATSI,OE,5274.693,True
10/19/2025 7:00:00 AM,10/19/2025 3:00:00 AM,RFC,WEST,ATSI,OE,5231.645,True
10/19/2025 8:00:00 AM,10/19/2025 4:00:00 AM,RFC,WEST,ATSI,OE,5167.543,True
10/19/2025 9:00:00 AM,10/19/2025 5:00:00 AM,RFC,WEST,ATSI,OE,5242.619,True
10/19/2025 10:00:00 AM,10/19/2025 6:00:00 AM,RFC,WEST,ATSI,OE,5388.474,True
10/19/2025 11:00:00 AM,10/19/2025 7:00:00 AM,RFC,WEST,ATSI,OE,5523.778,True
10/19/2025 12:00:00 PM,10/19/2025 8:00:00 AM,RFC,WEST,ATSI,OE,5723.932,True
10/19/2025 1:00:00 PM,10/19/2025 9:00:00 AM,RFC,WEST,ATSI,OE,5796.807,True
10/19/2025 2:00:00 PM,10/19/2025 10:00:00 AM,RFC,WEST,ATSI,OE,6072.924,True
10/19/2025 3:00:00 PM,10/19/2025 11:00:00 AM,RFC,WEST,ATSI,OE,6235.693,True
10/19/2025 4:00:00 PM,10/19/2025 12:00:00 PM,RFC,WEST,ATSI,OE,6304.002,True
10/19/2025 5:00:00 PM,10/19/2025 1:00:00 PM,RFC,WEST,ATSI,OE,6370.653,True
10/19/2025 6:00:00 PM,10/19/2025 2:00:00 PM,RFC,WEST,ATSI,OE,6268.577,True
10/19/2025 7:00:00 PM,10/19/2025 3:00:00 PM,RFC,WEST,ATSI,OE,6167.583,True
10/19/2025 8:00:00 PM,10/19/2025 4:00:00 PM,RFC,WEST,ATSI,OE,6206.740,True
10/19/2025 9:00:00 PM,10/19/2025 5:00:00 PM,RFC,WEST,ATSI,OE,6256.392,True
10/19/2025 10:00:00 PM,10/19/2025 6:00:00 PM,RFC,WEST,ATSI,OE,6358.767,True
10/19/2025 11:00:00 PM,10/19/2025 7:00:00 PM,RFC,WEST,ATSI,OE,6404.068,True
10/20/2025 12:00:00 AM,10/19/2025 8:00:00 PM,RFC,WEST,ATSI,OE,6192.302,True
10/20/2025 1:00:00 AM,10/19/2025 9:00:00 PM,RFC,WEST,ATSI,OE,6064.715,True
10/20/2025 2:00:00 AM,10/19/2025 10:00:00 PM,RFC,WEST,ATSI,OE,5856.705,True
10/20/2025 3:00:00 AM,10/19/2025 11:00:00 PM,RFC,WEST,ATSI,OE,5609.618,True
10/20/2025 4:00:00 AM,10/20/2025 12:00:00 AM,RFC,WEST,ATSI,OE,5416.735,True
10/20/2025 5:00:00 AM,10/20/2025 1:00:00 AM,RFC,WEST,ATSI,OE,5269.020,True
10/20/2025 6:00:00 AM,10/20/2025 2:00:00 AM,RFC,WEST,ATSI,OE,5146.299,True
10/20/2025 7:00:00 AM,10/20/2025 3:00:00 AM,RFC,WEST,ATSI,OE,5123.433,True
10/20/2025 8:00:00 AM,10/20/2025 4:00:00 AM,RFC,WEST,ATSI,OE,5270.629,True
10/20/2025 9:00:00 AM,10/20/2025 5:00:00 AM,RFC,WEST,ATSI,OE,5572.285,True
10/20/2025 10:00:00 AM,10/20/2025 6:00:00 AM,RFC,WEST,ATSI,OE,6180.012,True
10/20/2025 11:00:00 AM,10/20/2025 7:00:00 AM,RFC,WEST,ATSI,OE,6677.332,True
10/20/2025 12:00:00 PM,10/20/2025 8:00:00 AM,RFC,WEST,ATSI,OE,6783.072,True
10/20/2025 1:00:00 PM,10/20/2025 9:00:00 AM,RFC,WEST,ATSI,OE,6708.067,True
10/20/2025 2:00:00 PM,10/20/2025 10:00:00 AM,RFC,WEST,ATSI,OE,6820.445,True
10/20/2025 3:00:00 PM,10/20/2025 11:00:00 AM,RFC,WEST,ATSI,OE,6805.113,True
10/20/2025 4:00:00 PM,10/20/2025 12:00:00 PM,RFC,WEST,ATSI,OE,6836.419,True
10/20/2025 5:00:00 PM,10/20/2025 1:00:00 PM,RFC,WEST,ATSI,OE,6881.450,True
10/20/2025 6:00:00 PM,10/20/2025 2:00:00 PM,RFC,WEST,ATSI,OE,6757.573,True
10/20/2025 7:00:00 PM,10/20/2025 3:00:00 PM,RFC,WEST,ATSI,OE,6656.633,True
10/20/2025 8:00:00 PM,10/20/2025 4:00:00 PM,RFC,WEST,ATSI,OE,6616.456,True
10/20/2025 9:00:00 PM,10/20/2025 5:00:00 PM,RFC,WEST,ATSI,OE,6567.632,True
10/20/2025 10:00:00 PM,10/20/2025 6:00:00 PM,RFC,WEST,ATSI,OE,6663.496,True
10/20/2025 11:00:00 PM,10/20/2025 7:00:00 PM,RFC,WEST,ATSI,OE,6889.219,True
10/21/2025 12:00:00 AM,10/20/2025 8:00:00 PM,RFC,WEST,ATSI,OE,6732.150,True
10/21/2025 1:00:00 AM,10/20/2025 9:00:00 PM,RFC,WEST,ATSI,OE,6473.097,True
10/21/2025 2:00:00 AM,10/20/2025 10:00:00 PM,RFC,WEST,ATSI,OE,6223.103,True
10/21/2025 3:00:00 AM,10/20/2025 11:00:00 PM,RFC,WEST,ATSI,OE,5966.470,True
10/21/2025 4:00:00 AM,10/21/2025 12:00:00 AM,RFC,WEST,ATSI,OE,5760.970,True
10/21/2025 5:00:00 AM,10/21/2025 1:00:00 AM,RFC,WEST,ATSI,OE,5675.446,True
10/21/2025 6:00:00 AM,10/21/2025 2:00:00 AM,RFC,WEST,ATSI,OE,5600.524,True
10/21/2025 7:00:00 AM,10/21/2025 3:00:00 AM,RFC,WEST,ATSI,OE,5570.476,True
10/21/2025 8:00:00 AM,10/21/2025 4:00:00 AM,RFC,WEST,ATSI,OE,5611.273,True
10/21/2025 9:00:00 AM,10/21/2025 5:00:00 AM,RFC,WEST,ATSI,OE,5914.083,True
10/21/2025 10:00:00 AM,10/21/2025 6:00:00 AM,RFC,WEST,ATSI,OE,6420.780,True
10/21/2025 11:00:00 AM,10/21/2025 7:00:00 AM,RFC,WEST,ATSI,OE,6818.727,True
10/21/2025 12:00:00 PM,10/21/2025 8:00:00 AM,RFC,WEST,ATSI,OE,6894.040,True
10/21/2025 1:00:00 PM,10/21/2025 9:00:00 AM,RFC,WEST,ATSI,OE,7005.121,True
10/21/2025 2:00:00 PM,10/21/2025 10:00:00 AM,RFC,WEST,ATSI,OE,6979.671,True
10/21/2025 3:00:00 PM,10/21/2025 11:00:00 AM,RFC,WEST,ATSI,OE,6901.281,True
10/21/2025 4:00:00 PM,10/21/2025 12:00:00 PM,RFC,WEST,ATSI,OE,6895.660,True
10/21/2025 5:00:00 PM,10/21/2025 1:00:00 PM,RFC,WEST,ATSI,OE,6867.682,True
10/21/2025 6:00:00 PM,10/21/2025 2:00:00 PM,RFC,WEST,ATSI,OE,6749.867,True
10/21/2025 7:00:00 PM,10/21/2025 3:00:00 PM,RFC,WEST,ATSI,OE,6727.897,True
10/21/2025 8:00:00 PM,10/21/2025 4:00:00 PM,RFC,WEST,ATSI,OE,6705.261,True
10/21/2025 9:00:00 PM,10/21/2025 5:00:00 PM,RFC,WEST,ATSI,OE,6736.453,True
10/21/2025 10:00:00 PM,10/21/2025 6:00:00 PM,RFC,WEST,ATSI,OE,6783.630,True
10/21/2025 11:00:00 PM,10/21/2025 7:00:00 PM,RFC,WEST,ATSI,OE,6882.435,True
10/22/2025 12:00:00 AM,10/21/2025 8:00:00 PM,RFC,WEST,ATSI,OE,6695.883,True
10/22/2025 1:00:00 AM,10/21/2025 9:00:00 PM,RFC,WEST,ATSI,OE,6497.114,True
10/22/2025 2:00:00 AM,10/21/2025 10:00:00 PM,RFC,WEST,ATSI,OE,6213.673,True
10/22/2025 3:00:00 AM,10/21/2025 11:00:00 PM,RFC,WEST,ATSI,OE,5933.268,True
10/22/2025 4:00:00 AM,10/22/2025 12:00:00 AM,RFC,WEST,ATSI,OE,5741.174,True
10/22/2025 5:00:00 AM,10/22/2025 1:00:00 AM,RFC,WEST,ATSI,OE,5557.312,True
10/22/2025 6:00:00 AM,10/22/2025 2:00:00 AM,RFC,WEST,ATSI,OE,5495.566,True
10/22/2025 7:00:00 AM,10/22/2025 3:00:00 AM,RFC,WEST,ATSI,OE,5483.374,True
10/22/2025 8:00:00 AM,10/22/2025 4:00:00 AM,RFC,WEST,ATSI,OE,5593.578,True
10/22/2025 9:00:00 AM,10/22/2025 5:00:00 AM,RFC,WEST,ATSI,OE,5900.975,True
10/22/2025 10:00:00 AM,10/22/2025 6:00:00 AM,RFC,WEST,ATSI,OE,6418.091,True
10/22/2025 11:00:00 AM,10/22/2025 7:00:00 AM,RFC,WEST,ATSI,OE,6808.001,True
10/22/2025 12:00:00 PM,10/22/2025 8:00:00 AM,RFC,WEST,ATSI,OE,6911.593,True
10/22/2025 1:00:00 PM,10/22/2025 9:00:00 AM,RFC,WEST,ATSI,OE,7059.855,True
10/22/2025 2:00:00 PM,10/22/2025 10:00:00 AM,RFC,WEST,ATSI,OE,7112.558,True
10/22/2025 3:00:00 PM,10/22/2025 11:00:00 AM,RFC,WEST,ATSI,OE,7057.521,True
10/22/2025 4:00:00 PM,10/22/2025 12:00:00 PM,RFC,WEST,ATSI,OE,7066.527,True
10/22/2025 5:00:00 PM,10/22/2025 1:00:00 PM,RFC,WEST,ATSI,OE,7139.135,True
10/22/2025 6:00:00 PM,10/22/2025 2:00:00 PM,RFC,WEST,ATSI,OE,7027.874,True
10/22/2025 7:00:00 PM,10/22/2025 3:00:00 PM,RFC,WEST,ATSI,OE,6934.917,True
10/22/2025 8:00:00 PM,10/22/2025 4:00:00 PM,RFC,WEST,ATSI,OE,6951.990,True
10/22/2025 9:00:00 PM,10/22/2025 5:00:00 PM,RFC,WEST,ATSI,OE,6963.579,True
10/22/2025 10:00:00 PM,10/22/2025 6:00:00 PM,RFC,WEST,ATSI,OE,7054.584,True
10/22/2025 11:00:00 PM,10/22/2025 7:00:00 PM,RFC,WEST,ATSI,OE,7126.337,True
10/23/2025 12:00:00 AM,10/22/2025 8:00:00 PM,RFC,WEST,ATSI,OE,6997.131,True
10/23/2025 1:00:00 AM,10/22/2025 9:00:00 PM,RFC,WEST,ATSI,OE,6768.364,True
10/23/2025 2:00:00 AM,10/22/2025 10:00:00 PM,RFC,WEST,ATSI,OE,6398.100,True
10/23/2025 3:00:00 AM,10/22/2025 11:00:00 PM,RFC,WEST,ATSI,OE,6140.800,True
10/23/2025 4:00:00 AM,10/23/2025 12:00:00 AM,RFC,WEST,ATSI,OE,5979.769,True
10/23/2025 5:00:00 AM,10/23/2025 1:00:00 AM,RFC,WEST,ATSI,OE,5838.535,True
10/23/2025 6:00:00 AM,10/23/2025 2:00:00 AM,RFC,WEST,ATSI,OE,5747.855,True
10/23/2025 7:00:00 AM,10/23/2025 3:00:00 AM,RFC,WEST,ATSI,OE,5632.742,True
10/23/2025 8:00:00 AM,10/23/2025 4:00:00 AM,RFC,WEST,ATSI,OE,5780.309,True
10/23/2025 9:00:00 AM,10/23/2025 5:00:00 AM,RFC,WEST,ATSI,OE,6011.818,True
10/23/2025 10:00:00 AM,10/23/2025 6:00:00 AM,RFC,WEST,ATSI,OE,6474.100,True
10/23/2025 11:00:00 AM,10/23/2025 7:00:00 AM,RFC,WEST,ATSI,OE,6876.254,True
10/23/2025 12:00:00 PM,10/23/2025 8:00:00 AM,RFC,WEST,ATSI,OE,6949.112,True
10/23/2025 1:00:00 PM,10/23/2025 9:00:00 AM,RFC,WEST,ATSI,OE,7085.159,True
10/23/2025 2:00:00 PM,10/23/2025 10:00:00 AM,RFC,WEST,ATSI,OE,7090.274,True
10/23/2025 3:00:00 PM,10/23/2025 11:00:00 AM,RFC,WEST,ATSI,OE,7081.195,True
10/23/2025 4:00:00 PM,10/23/2025 12:00:00 PM,RFC,WEST,ATSI,OE,7037.222,True
10/23/2025 5:00:00 PM,10/23/2025 1:00:00 PM,RFC,WEST,ATSI,OE,7044.143,True
10/23/2025 6:00:00 PM,10/23/2025 2:00:00 PM,RFC,WEST,ATSI,OE,6929.137,True
10/23/2025 7:00:00 PM,10/23/2025 3:00:00 PM,RFC,WEST,ATSI,OE,6809.663,True
10/23/2025 8:00:00 PM,10/23/2025 4:00:00 PM,RFC,WEST,ATSI,OE,6850.581,True
10/23/2025 9:00:00 PM,10/23/2025 5:00:00 PM,RFC,WEST,ATSI,OE,6820.389,True
10/23/2025 10:00:00 PM,10/23/2025 6:00:00 PM,RFC,WEST,ATSI,OE,6914.943,True
10/23/2025 11:00:00 PM,10/23/2025 7:00:00 PM,RFC,WEST,ATSI,OE,7025.487,True
10/24/2025 12:00:00 AM,10/23/2025 8:00:00 PM,RFC,WEST,ATSI,OE,6920.380,True
10/24/2025 1:00:00 AM,10/23/2025 9:00:00 PM,RFC,WEST,ATSI,OE,6751.660,True
10/24/2025 2:00:00 AM,10/23/2025 10:00:00 PM,RFC,WEST,ATSI,OE,6447.044,True
10/24/2025 3:00:00 AM,10/23/2025 11:00:00 PM,RFC,WEST,ATSI,OE,6151.428,True
10/24/2025 4:00:00 AM,10/24/2025 12:00:00 AM,RFC,WEST,ATSI,OE,6015.670,True
10/24/2025 5:00:00 AM,10/24/2025 1:00:00 AM,RFC,WEST,ATSI,OE,5857.272,True
10/24/2025 6:00:00 AM,10/24/2025 2:00:00 AM,RFC,WEST,ATSI,OE,5763.668,True
10/24/2025 7:00:00 AM,10/24/2025 3:00:00 AM,RFC,WEST,ATSI,OE,5714.076,True
10/24/2025 8:00:00 AM,10/24/2025 4:00:00 AM,RFC,WEST,ATSI,OE,5894.175,True
10/24/2025 9:00:00 AM,10/24/2025 5:00:00 AM,RFC,WEST,ATSI,OE,6025.791,True
10/24/2025 10:00:00 AM,10/24/2025 6:00:00 AM,RFC,WEST,ATSI,OE,6339.010,True
10/24/2025 11:00:00 AM,10/24/2025 7:00:00 AM,RFC,WEST,ATSI,OE,6736.471,True
10/24/2025 12:00:00 PM,10/24/2025 8:00:00 AM,RFC,WEST,ATSI,OE,6881.949,True
10/24/2025 1:00:00 PM,10/24/2025 9:00:00 AM,RFC,WEST,ATSI,OE,7033.210,True
10/24/2025 2:00:00 PM,10/24/2025 10:00:00 AM,RFC,WEST,ATSI,OE,7137.798,True
10/24/2025 3:00:00 PM,10/24/2025 11:00:00 AM,RFC,WEST,ATSI,OE,7103.079,True
10/24/2025 4:00:00 PM,10/24/2025 12:00:00 PM,RFC,WEST,ATSI,OE,7107.908,True
10/24/2025 5:00:00 PM,10/24/2025 1:00:00 PM,RFC,WEST,ATSI,OE,7088.534,True
10/24/2025 6:00:00 PM,10/24/2025 2:00:00 PM,RFC,WEST,ATSI,OE,6981.462,True
10/24/2025 7:00:00 PM,10/24/2025 3:00:00 PM,RFC,WEST,ATSI,OE,6843.814,True
10/24/2025 8:00:00 PM,10/24/2025 4:00:00 PM,RFC,WEST,ATSI,OE,6795.054,True
10/24/2025 9:00:00 PM,10/24/2025 5:00:00 PM,RFC,WEST,ATSI,OE,6760.999,True
10/24/2025 10:00:00 PM,10/24/2025 6:00:00 PM,RFC,WEST,ATSI,OE,6779.882,True
10/24/2025 11:00:00 PM,10/24/2025 7:00:00 PM,RFC,WEST,ATSI,OE,6827.383,True
10/25/2025 12:00:00 AM,10/24/2025 8:00:00 PM,RFC,WEST,ATSI,OE,6698.035,True
10/25/2025 1:00:00 AM,10/24/2025 9:00:00 PM,RFC,WEST,ATSI,OE,6530.951,True
10/25/2025 2:00:00 AM,10/24/2025 10:00:00 PM,RFC,WEST,ATSI,OE,6270.321,True
10/25/2025 3:00:00 AM,10/24/2025 11:00:00 PM,RFC,WEST,ATSI,OE,6041.619,True
10/25/2025 4:00:00 AM,10/25/2025 12:00:00 AM,RFC,WEST,ATSI,OE,5841.203,True
10/25/2025 5:00:00 AM,10/25/2025 1:00:00 AM,RFC,WEST,ATSI,OE,5707.734,True
10/25/2025 6:00:00 AM,10/25/2025 2:00:00 AM,RFC,WEST,ATSI,OE,5610.077,True
10/25/2025 7:00:00 AM,10/25/2025 3:00:00 AM,RFC,WEST,ATSI,OE,5590.583,True
10/25/2025 8:00:00 AM,10/25/2025 4:00:00 AM,RFC,WEST,ATSI,OE,5669.099,True
10/25/2025 9:00:00 AM,10/25/2025 5:00:00 AM,RFC,WEST,ATSI,OE,5752.078,True
10/25/2025 10:00:00 AM,10/25/2025 6:00:00 AM,RFC,WEST,ATSI,OE,5867.302,True
10/25/2025 11:00:00 AM,10/25/2025 7:00:00 AM,RFC,WEST,ATSI,OE,6159.295,True
10/25/2025 12:00:00 PM,10/25/2025 8:00:00 AM,RFC,WEST,ATSI,OE,6324.409,True
10/25/2025 1:00:00 PM,10/25/2025 9:00:00 AM,RFC,WEST,ATSI,OE,6356.592,True
10/25/2025 2:00:00 PM,10/25/2025 10:00:00 AM,RFC,WEST,ATSI,OE,6401.940,True
10/25/2025 3:00:00 PM,10/25/2025 11:00:00 AM,RFC,WEST,ATSI,OE,6335.955,True
10/25/2025 4:00:00 PM,10/25/2025 12:00:00 PM,RFC,WEST,ATSI,OE,6224.602,True
10/25/2025 5:00:00 PM,10/25/2025 1:00:00 PM,RFC,WEST,ATSI,OE,6139.713,True
10/25/2025 6:00:00 PM,10/25/2025 2:00:00 PM,RFC,WEST,ATSI,OE,6027.554,True
10/25/2025 7:00:00 PM,10/25/2025 3:00:00 PM,RFC,WEST,ATSI,OE,5985.843,True
10/25/2025 8:00:00 PM,10/25/2025 4:00:00 PM,RFC,WEST,ATSI,OE,6019.140,True
10/25/2025 9:00:00 PM,10/25/2025 5:00:00 PM,RFC,WEST,ATSI,OE,6069.543,True
10/25/2025 10:00:00 PM,10/25/2025 6:00:00 PM,RFC,WEST,ATSI,OE,6231.804,True
10/25/2025 11:00:00 PM,10/25/2025 7:00:00 PM,RFC,WEST,ATSI,OE,6325.293,True
10/26/2025 12:00:00 AM,10/25/2025 8:00:00 PM,RFC,WEST,ATSI,OE,6283.545,True
10/26/2025 1:00:00 AM,10/25/2025 9:00:00 PM,RFC,WEST,ATSI,OE,6172.682,True
10/26/2025 2:00:00 AM,10/25/2025 10:00:00 PM,RFC,WEST,ATSI,OE,6015.744,True
10/26/2025 3:00:00 AM,10/25/2025 11:00:00 PM,RFC,WEST,ATSI,OE,5821.465,True
10/26/2025 4:00:00 AM,10/26/2025 12:00:00 AM,RFC,WEST,ATSI,OE,5660.562,True
10/26/2025 5:00:00 AM,10/26/2025 1:00:00 AM,RFC,WEST,ATSI,OE,5520.470,True
10/26/2025 6:00:00 AM,10/26/2025 2:00:00 AM,RFC,WEST,ATSI,OE,5453.089,True
10/26/2025 7:00:00 AM,10/26/2025 3:00:00 AM,RFC,WEST,ATSI,OE,5444.434,True
10/26/2025 8:00:00 AM,10/26/2025 4:00:00 AM,RFC,WEST,ATSI,OE,5471.245,True
10/26/2025 9:00:00 AM,10/26/2025 5:00:00 AM,RFC,WEST,ATSI,OE,5571.223,True
10/26/2025 10:00:00 AM,10/26/2025 6:00:00 AM,RFC,WEST,ATSI,OE,5749.703,True
10/26/2025 11:00:00 AM,10/26/2025 7:00:00 AM,RFC,WEST,ATSI,OE,5944.159,True
10/26/2025 12:00:00 PM,10/26/2025 8:00:00 AM,RFC,WEST,ATSI,OE,6074.991,True
10/26/2025 1:00:00 PM,10/26/2025 9:00:00 AM,RFC,WEST,ATSI,OE,6063.705,True
10/26/2025 2:00:00 PM,10/26/2025 10:00:00 AM,RFC,WEST,ATSI,OE,6074.390,True
10/26/2025 3:00:00 PM,10/26/2025 11:00:00 AM,RFC,WEST,ATSI,OE,6053.906,True
10/26/2025 4:00:00 PM,10/26/2025 12:00:00 PM,RFC,WEST,ATSI,OE,6082.882,True
10/26/2025 5:00:00 PM,10/26/2025 1:00:00 PM,RFC,WEST,ATSI,OE,5997.739,True
10/26/2025 6:00:00 PM,10/26/2025 2:00:00 PM,RFC,WEST,ATSI,OE,5950.083,True
10/26/2025 7:00:00 PM,10/26/2025 3:00:00 PM,RFC,WEST,ATSI,OE,5975.644,True
10/26/2025 8:00:00 PM,10/26/2025 4:00:00 PM,RFC,WEST,ATSI,OE,6099.409,True
10/26/2025 9:00:00 PM,10/26/2025 5:00:00 PM,RFC,WEST,ATSI,OE,6153.510,True
10/26/2025 10:00:00 PM,10/26/2025 6:00:00 PM,RFC,WEST,ATSI,OE,6305.394,True
10/26/2025 11:00:00 PM,10/26/2025 7:00:00 PM,RFC,WEST,ATSI,OE,6617.251,True
10/27/2025 12:00:00 AM,10/26/2025 8:00:00 PM,RFC,WEST,ATSI,OE,6526.150,True
10/27/2025 1:00:00 AM,10/26/2025 9:00:00 PM,RFC,WEST,ATSI,OE,6270.897,True
10/27/2025 2:00:00 AM,10/26/2025 10:00:00 PM,RFC,WEST,ATSI,OE,6100.441,True
10/27/2025 3:00:00 AM,10/26/2025 11:00:00 PM,RFC,WEST,ATSI,OE,5922.285,True
10/27/2025 4:00:00 AM,10/27/2025 12:00:00 AM,RFC,WEST,ATSI,OE,5804.123,True
10/27/2025 5:00:00 AM,10/27/2025 1:00:00 AM,RFC,WEST,ATSI,OE,5703.989,True
10/27/2025 6:00:00 AM,10/27/2025 2:00:00 AM,RFC,WEST,ATSI,OE,5679.700,True
10/27/2025 7:00:00 AM,10/27/2025 3:00:00 AM,RFC,WEST,ATSI,OE,5702.411,True
10/27/2025 8:00:00 AM,10/27/2025 4:00:00 AM,RFC,WEST,ATSI,OE,5862.107,True
10/27/2025 9:00:00 AM,10/27/2025 5:00:00 AM,RFC,WEST,ATSI,OE,6179.261,True
10/27/2025 10:00:00 AM,10/27/2025 6:00:00 AM,RFC,WEST,ATSI,OE,6710.692,True
10/27/2025 11:00:00 AM,10/27/2025 7:00:00 AM,RFC,WEST,ATSI,OE,7147.768,True
10/27/2025 12:00:00 PM,10/27/2025 8:00:00 AM,RFC,WEST,ATSI,OE,7258.547,True
10/27/2025 1:00:00 PM,10/27/2025 9:00:00 AM,RFC,WEST,ATSI,OE,7127.165,True
10/27/2025 2:00:00 PM,10/27/2025 10:00:00 AM,RFC,WEST,ATSI,OE,7021.623,True
10/27/2025 3:00:00 PM,10/27/2025 11:00:00 AM,RFC,WEST,ATSI,OE,6917.780,True
10/27/2025 4:00:00 PM,10/27/2025 12:00:00 PM,RFC,WEST,ATSI,OE,6861.992,True
10/27/2025 5:00:00 PM,10/27/2025 1:00:00 PM,RFC,WEST,ATSI,OE,6903.786,True
10/27/2025 6:00:00 PM,10/27/2025 2:00:00 PM,RFC,WEST,ATSI,OE,6761.102,True
10/27/2025 7:00:00 PM,10/27/2025 3:00:00 PM,RFC,WEST,ATSI,OE,6643.334,True
10/27/2025 8:00:00 PM,10/27/2025 4:00:00 PM,RFC,WEST,ATSI,OE,6577.152,True
10/27/2025 9:00:00 PM,10/27/2025 5:00:00 PM,RFC,WEST,ATSI,OE,6615.962,True
10/27/2025 10:00:00 PM,10/27/2025 6:00:00 PM,RFC,WEST,ATSI,OE,6743.422,True
10/27/2025 11:00:00 PM,10/27/2025 7:00:00 PM,RFC,WEST,ATSI,OE,6955.203,True
10/28/2025 12:00:00 AM,10/27/2025 8:00:00 PM,RFC,WEST,ATSI,OE,6770.028,True
10/28/2025 1:00:00 AM,10/27/2025 9:00:00 PM,RFC,WEST,ATSI,OE,6625.176,True
10/28/2025 2:00:00 AM,10/27/2025 10:00:00 PM,RFC,WEST,ATSI,OE,6329.110,True
10/28/2025 3:00:00 AM,10/27/2025 11:00:00 PM,RFC,WEST,ATSI,OE,6046.903,True
10/28/2025 4:00:00 AM,10/28/2025 12:00:00 AM,RFC,WEST,ATSI,OE,5857.184,True
10/28/2025 5:00:00 AM,10/28/2025 1:00:00 AM,RFC,WEST,ATSI,OE,5802.823,True
10/28/2025 6:00:00 AM,10/28/2025 2:00:00 AM,RFC,WEST,ATSI,OE,5687.638,True
10/28/2025 7:00:00 AM,10/28/2025 3:00:00 AM,RFC,WEST,ATSI,OE,5534.374,True
10/28/2025 8:00:00 AM,10/28/2025 4:00:00 AM,RFC,WEST,ATSI,OE,5787.068,True
10/28/2025 9:00:00 AM,10/28/2025 5:00:00 AM,RFC,WEST,ATSI,OE,6074.167,True
10/28/2025 10:00:00 AM,10/28/2025 6:00:00 AM,RFC,WEST,ATSI,OE,6599.443,True
10/28/2025 11:00:00 AM,10/28/2025 7:00:00 AM,RFC,WEST,ATSI,OE,7034.285,True
10/28/2025 12:00:00 PM,10/28/2025 8:00:00 AM,RFC,WEST,ATSI,OE,7090.055,True
10/28/2025 1:00:00 PM,10/28/2025 9:00:00 AM,RFC,WEST,ATSI,OE,7039.756,True
10/28/2025 2:00:00 PM,10/28/2025 10:00:00 AM,RFC,WEST,ATSI,OE,6981.660,True
10/28/2025 3:00:00 PM,10/28/2025 11:00:00 AM,RFC,WEST,ATSI,OE,6880.273,True
10/28/2025 4:00:00 PM,10/28/2025 12:00:00 PM,RFC,WEST,ATSI,OE,6864.041,True
10/28/2025 5:00:00 PM,10/28/2025 1:00:00 PM,RFC,WEST,ATSI,OE,6757.046,True
10/28/2025 6:00:00 PM,10/28/2025 2:00:00 PM,RFC,WEST,ATSI,OE,6681.056,True
10/28/2025 7:00:00 PM,10/28/2025 3:00:00 PM,RFC,WEST,ATSI,OE,6662.645,True
10/28/2025 8:00:00 PM,10/28/2025 4:00:00 PM,RFC,WEST,ATSI,OE,6652.164,True
10/28/2025 9:00:00 PM,10/28/2025 5:00:00 PM,RFC,WEST,ATSI,OE,6655.455,True
10/28/2025 10:00:00 PM,10/28/2025 6:00:00 PM,RFC,WEST,ATSI,OE,6791.819,True
10/28/2025 11:00:00 PM,10/28/2025 7:00:00 PM,RFC,WEST,ATSI,OE,6972.871,True
10/29/2025 12:00:00 AM,10/28/2025 8:00:00 PM,RFC,WEST,ATSI,OE,6913.345,True
10/29/2025 1:00:00 AM,10/28/2025 9:00:00 PM,RFC,WEST,ATSI,OE,6754.309,True
10/29/2025 2:00:00 AM,10/28/2025 10:00:00 PM,RFC,WEST,ATSI,OE,6421.433,True
10/29/2025 3:00:00 AM,10/28/2025 11:00:00 PM,RFC,WEST,ATSI,OE,6130.619,True
10/29/2025 4:00:00 AM,10/29/2025 12:00:00 AM,RFC,WEST,ATSI,OE,5938.038,True
10/29/2025 5:00:00 AM,10/29/2025 1:00:00 AM,RFC,WEST,ATSI,OE,5921.877,True
10/29/2025 6:00:00 AM,10/29/2025 2:00:00 AM,RFC,WEST,ATSI,OE,5871.439,True
10/29/2025 7:00:00 AM,10/29/2025 3:00:00 AM,RFC,WEST,ATSI,OE,5901.475,True
10/29/2025 8:00:00 AM,10/29/2025 4:00:00 AM,RFC,WEST,ATSI,OE,6026.496,True
10/29/2025 9:00:00 AM,10/29/2025 5:00:00 AM,RFC,WEST,ATSI,OE,6351.701,True
10/29/2025 10:00:00 AM,10/29/2025 6:00:00 AM,RFC,WEST,ATSI,OE,6788.915,True
10/29/2025 11:00:00 AM,10/29/2025 7:00:00 AM,RFC,WEST,ATSI,OE,7217.234,True
10/29/2025 12:00:00 PM,10/29/2025 8:00:00 AM,RFC,WEST,ATSI,OE,7221.826,True
10/29/2025 1:00:00 PM,10/29/2025 9:00:00 AM,RFC,WEST,ATSI,OE,7178.080,True
10/29/2025 2:00:00 PM,10/29/2025 10:00:00 AM,RFC,WEST,ATSI,OE,7118.911,True
10/29/2025 3:00:00 PM,10/29/2025 11:00:00 AM,RFC,WEST,ATSI,OE,7065.353,True
10/29/2025 4:00:00 PM,10/29/2025 12:00:00 PM,RFC,WEST,ATSI,OE,7063.018,True
10/29/2025 5:00:00 PM,10/29/2025 1:00:00 PM,RFC,WEST,ATSI,OE,7024.348,True
10/29/2025 6:00:00 PM,10/29/2025 2:00:00 PM,RFC,WEST,ATSI,OE,6971.543,True
10/29/2025 7:00:00 PM,10/29/2025 3:00:00 PM,RFC,WEST,ATSI,OE,6955.456,True
10/29/2025 8:00:00 PM,10/29/2025 4:00:00 PM,RFC,WEST,ATSI,OE,6943.746,True
10/29/2025 9:00:00 PM,10/29/2025 5:00:00 PM,RFC,WEST,ATSI,OE,6926.300,True
10/29/2025 10:00:00 PM,10/29/2025 6:00:00 PM,RFC,WEST,ATSI,OE,7029.366,True
10/29/2025 11:00:00 PM,10/29/2025 7:00:00 PM,RFC,WEST,ATSI,OE,7094.370,True
10/30/2025 12:00:00 AM,10/29/2025 8:00:00 PM,RFC,WEST,ATSI,OE,6936.010,True
10/30/2025 1:00:00 AM,10/29/2025 9:00:00 PM,RFC,WEST,ATSI,OE,6708.265,True
10/30/2025 2:00:00 AM,10/29/2025 10:00:00 PM,RFC,WEST,ATSI,OE,6438.881,True
10/30/2025 3:00:00 AM,10/29/2025 11:00:00 PM,RFC,WEST,ATSI,OE,6184.473,True
10/30/2025 4:00:00 AM,10/30/2025 12:00:00 AM,RFC,WEST,ATSI,OE,5968.175,True
10/30/2025 5:00:00 AM,10/30/2025 1:00:00 AM,RFC,WEST,ATSI,OE,5807.706,True
10/30/2025 6:00:00 AM,10/30/2025 2:00:00 AM,RFC,WEST,ATSI,OE,5711.977,True
10/30/2025 7:00:00 AM,10/30/2025 3:00:00 AM,RFC,WEST,ATSI,OE,5616.798,True
10/30/2025 8:00:00 AM,10/30/2025 4:00:00 AM,RFC,WEST,ATSI,OE,5762.423,True
10/30/2025 9:00:00 AM,10/30/2025 5:00:00 AM,RFC,WEST,ATSI,OE,6077.788,True
10/30/2025 10:00:00 AM,10/30/2025 6:00:00 AM,RFC,WEST,ATSI,OE,6581.238,True
10/30/2025 11:00:00 AM,10/30/2025 7:00:00 AM,RFC,WEST,ATSI,OE,6949.743,True
10/30/2025 12:00:00 PM,10/30/2025 8:00:00 AM,RFC,WEST,ATSI,OE,7119.276,True
10/30/2025 1:00:00 PM,10/30/2025 9:00:00 AM,RFC,WEST,ATSI,OE,7268.690,True
10/30/2025 2:00:00 PM,10/30/2025 10:00:00 AM,RFC,WEST,ATSI,OE,7292.473,True
10/30/2025 3:00:00 PM,10/30/2025 11:00:00 AM,RFC,WEST,ATSI,OE,7335.683,True
10/30/2025 4:00:00 PM,10/30/2025 12:00:00 PM,RFC,WEST,ATSI,OE,7347.532,True
10/30/2025 5:00:00 PM,10/30/2025 1:00:00 PM,RFC,WEST,ATSI,OE,7319.134,True
10/30/2025 6:00:00 PM,10/30/2025 2:00:00 PM,RFC,WEST,ATSI,OE,7240.779,True
10/30/2025 7:00:00 PM,10/30/2025 3:00:00 PM,RFC,WEST,ATSI,OE,7123.894,True
10/30/2025 8:00:00 PM,10/30/2025 4:00:00 PM,RFC,WEST,ATSI,OE,7115.421,True
10/30/2025 9:00:00 PM,10/30/2025 5:00:00 PM,RFC,WEST,ATSI,OE,7093.416,True
10/30/2025 10:00:00 PM,10/30/2025 6:00:00 PM,RFC,WEST,ATSI,OE,7162.371,True
10/30/2025 11:00:00 PM,10/30/2025 7:00:00 PM,RFC,WEST,ATSI,OE,7035.481,True
10/31/2025 12:00:00 AM,10/30/2025 8:00:00 PM,RFC,WEST,ATSI,OE,6935.693,True
10/31/2025 1:00:00 AM,10/30/2025 9:00:00 PM,RFC,WEST,ATSI,OE,6714.870,True
10/31/2025 2:00:00 AM,10/30/2025 10:00:00 PM,RFC,WEST,ATSI,OE,6422.593,True
10/31/2025 3:00:00 AM,10/30/2025 11:00:00 PM,RFC,WEST,ATSI,OE,6115.759,True
10/31/2025 4:00:00 AM,10/31/2025 12:00:00 AM,RFC,WEST,ATSI,OE,5894.019,True
10/31/2025 5:00:00 AM,10/31/2025 1:00:00 AM,RFC,WEST,ATSI,OE,5756.847,True
10/31/2025 6:00:00 AM,10/31/2025 2:00:00 AM,RFC,WEST,ATSI,OE,5694.494,True
10/31/2025 7:00:00 AM,10/31/2025 3:00:00 AM,RFC,WEST,ATSI,OE,5664.251,True
10/31/2025 8:00:00 AM,10/31/2025 4:00:00 AM,RFC,WEST,ATSI,OE,5758.166,True
10/31/2025 9:00:00 AM,10/31/2025 5:00:00 AM,RFC,WEST,ATSI,OE,6033.574,True
10/31/2025 10:00:00 AM,10/31/2025 6:00:00 AM,RFC,WEST,ATSI,OE,6543.357,True
10/31/2025 11:00:00 AM,10/31/2025 7:00:00 AM,RFC,WEST,ATSI,OE,6937.949,True
10/31/2025 12:00:00 PM,10/31/2025 8:00:00 AM,RFC,WEST,ATSI,OE,7021.967,True
10/31/2025 1:00:00 PM,10/31/2025 9:00:00 AM,RFC,WEST,ATSI,OE,7012.438,True
10/31/2025 2:00:00 PM,10/31/2025 10:00:00 AM,RFC,WEST,ATSI,OE,7010.968,True
10/31/2025 3:00:00 PM,10/31/2025 11:00:00 AM,RFC,WEST,ATSI,OE,6903.748,True
10/31/2025 4:00:00 PM,10/31/2025 12:00:00 PM,RFC,WEST,ATSI,OE,6794.478,True
10/31/2025 5:00:00 PM,10/31/2025 1:00:00 PM,RFC,WEST,ATSI,OE,6761.324,True
10/31/2025 6:00:00 PM,10/31/2025 2:00:00 PM,RFC,WEST,ATSI,OE,6636.725,True
10/31/2025 7:00:00 PM,10/31/2025 3:00:00 PM,RFC,WEST,ATSI,OE,6701.434,True
10/31/2025 8:00:00 PM,10/31/2025 4:00:00 PM,RFC,WEST,ATSI,OE,6636.239,True
10/31/2025 9:00:00 PM,10/31/2025 5:00:00 PM,RFC,WEST,ATSI,OE,6552.185,True
10/31/2025 10:00:00 PM,10/31/2025 6:00:00 PM,RFC,WEST,ATSI,OE,6630.893,True
10/31/2025 11:00:00 PM,10/31/2025 7:00:00 PM,RFC,WEST,ATSI,OE,6631.160,True
11/1/2025 12:00:00 AM,10/31/2025 8:00:00 PM,RFC,WEST,ATSI,OE,6491.552,True
11/1/2025 1:00:00 AM,10/31/2025 9:00:00 PM,RFC,WEST,ATSI,OE,6306.914,True
11/1/2025 2:00:00 AM,10/31/2025 10:00:00 PM,RFC,WEST,ATSI,OE,6098.651,True
11/1/2025 3:00:00 AM,10/31/2025 11:00:00 PM,RFC,WEST,ATSI,OE,5826.526,True
11/1/2025 4:00:00 AM,11/1/2025 12:00:00 AM,RFC,WEST,ATSI,OE,5649.972,True
11/1/2025 5:00:00 AM,11/1/2025 1:00:00 AM,RFC,WEST,ATSI,OE,5507.680,True
11/1/2025 6:00:00 AM,11/1/2025 2:00:00 AM,RFC,WEST,ATSI,OE,5399.181,True
11/1/2025 7:00:00 AM,11/1/2025 3:00:00 AM,RFC,WEST,ATSI,OE,5394.664,True
11/1/2025 8:00:00 AM,11/1/2025 4:00:00 AM,RFC,WEST,ATSI,OE,5518.446,True
11/1/2025 9:00:00 AM,11/1/2025 5:00:00 AM,RFC,WEST,ATSI,OE,5629.318,True
11/1/2025 10:00:00 AM,11/1/2025 6:00:00 AM,RFC,WEST,ATSI,OE,5847.027,True
11/1/2025 11:00:00 AM,11/1/2025 7:00:00 AM,RFC,WEST,ATSI,OE,6048.154,True
11/1/2025 12:00:00 PM,11/1/2025 8:00:00 AM,RFC,WEST,ATSI,OE,6199.481,True
11/1/2025 1:00:00 PM,11/1/2025 9:00:00 AM,RFC,WEST,ATSI,OE,6276.940,True
11/1/2025 2:00:00 PM,11/1/2025 10:00:00 AM,RFC,WEST,ATSI,OE,6264.152,True
11/1/2025 3:00:00 PM,11/1/2025 11:00:00 AM,RFC,WEST,ATSI,OE,6179.021,True
11/1/2025 4:00:00 PM,11/1/2025 12:00:00 PM,RFC,WEST,ATSI,OE,6071.909,True
11/1/2025 5:00:00 PM,11/1/2025 1:00:00 PM,RFC,WEST,ATSI,OE,6074.351,True
11/1/2025 6:00:00 PM,11/1/2025 2:00:00 PM,RFC,WEST,ATSI,OE,6059.621,True
11/1/2025 7:00:00 PM,11/1/2025 3:00:00 PM,RFC,WEST,ATSI,OE,6021.723,True
11/1/2025 8:00:00 PM,11/1/2025 4:00:00 PM,RFC,WEST,ATSI,OE,6078.506,True
11/1/2025 9:00:00 PM,11/1/2025 5:00:00 PM,RFC,WEST,ATSI,OE,6104.287,True
11/1/2025 10:00:00 PM,11/1/2025 6:00:00 PM,RFC,WEST,ATSI,OE,6243.084,True
11/1/2025 11:00:00 PM,11/1/2025 7:00:00 PM,RFC,WEST,ATSI,OE,6355.300,True
11/2/2025 12:00:00 AM,11/1/2025 8:00:00 PM,RFC,WEST,ATSI,OE,6228.574,True
11/2/2025 1:00:00 AM,11/1/2025 9:00:00 PM,RFC,WEST,ATSI,OE,6102.650,True
11/2/2025 2:00:00 AM,11/1/2025 10:00:00 PM,RFC,WEST,ATSI,OE,5947.839,True
11/2/2025 3:00:00 AM,11/1/2025 11:00:00 PM,RFC,WEST,ATSI,OE,5747.780,True
11/2/2025 4:00:00 AM,11/2/2025 12:00:00 AM,RFC,WEST,ATSI,OE,5609.869,True
11/2/2025 5:00:00 AM,11/2/2025 1:00:00 AM,RFC,WEST,ATSI,OE,5426.509,True
11/2/2025 6:00:00 AM,11/2/2025 1:00:00 AM,RFC,WEST,ATSI,OE,5407.927,True
11/2/2025 7:00:00 AM,11/2/2025 2:00:00 AM,RFC,WEST,ATSI,OE,5364.946,True
11/2/2025 8:00:00 AM,11/2/2025 3:00:00 AM,RFC,WEST,ATSI,OE,5398.008,True
11/2/2025 9:00:00 AM,11/2/2025 4:00:00 AM,RFC,WEST,ATSI,OE,5412.523,True
11/2/2025 10:00:00 AM,11/2/2025 5:00:00 AM,RFC,WEST,ATSI,OE,5455.006,True
11/2/2025 11:00:00 AM,11/2/2025 6:00:00 AM,RFC,WEST,ATSI,OE,5693.229,True
11/2/2025 12:00:00 PM,11/2/2025 7:00:00 AM,RFC,WEST,ATSI,OE,5970.630,True
11/2/2025 1:00:00 PM,11/2/2025 8:00:00 AM,RFC,WEST,ATSI,OE,6185.577,True
11/2/2025 2:00:00 PM,11/2/2025 9:00:00 AM,RFC,WEST,ATSI,OE,6301.831,True
11/2/2025 3:00:00 PM,11/2/2025 10:00:00 AM,RFC,WEST,ATSI,OE,6216.123,True
11/2/2025 4:00:00 PM,11/2/2025 11:00:00 AM,RFC,WEST,ATSI,OE,6096.206,True
11/2/2025 5:00:00 PM,11/2/2025 12:00:00 PM,RFC,WEST,ATSI,OE,6097.490,True
11/2/2025 6:00:00 PM,11/2/2025 1:00:00 PM,RFC,WEST,ATSI,OE,6117.924,True
11/2/2025 7:00:00 PM,11/2/2025 2:00:00 PM,RFC,WEST,ATSI,OE,6018.889,True
11/2/2025 8:00:00 PM,11/2/2025 3:00:00 PM,RFC,WEST,ATSI,OE,6097.463,True
11/2/2025 9:00:00 PM,11/2/2025 4:00:00 PM,RFC,WEST,ATSI,OE,6278.154,True
11/2/2025 10:00:00 PM,11/2/2025 5:00:00 PM,RFC,WEST,ATSI,OE,6345.674,True
11/2/2025 11:00:00 PM,11/2/2025 6:00:00 PM,RFC,WEST,ATSI,OE,6610.247,True
11/3/2025 12:00:00 AM,11/2/2025 7:00:00 PM,RFC,WEST,ATSI,OE,6426.502,True
11/3/2025 1:00:00 AM,11/2/2025 8:00:00 PM,RFC,WEST,ATSI,OE,6309.599,True
11/3/2025 2:00:00 AM,11/2/2025 9:00:00 PM,RFC,WEST,ATSI,OE,6100.361,True
11/3/2025 3:00:00 AM,11/2/2025 10:00:00 PM,RFC,WEST,ATSI,OE,5862.624,True
11/3/2025 4:00:00 AM,11/2/2025 11:00:00 PM,RFC,WEST,ATSI,OE,5637.201,True
11/3/2025 5:00:00 AM,11/3/2025 12:00:00 AM,RFC,WEST,ATSI,OE,5507.392,True
11/3/2025 6:00:00 AM,11/3/2025 1:00:00 AM,RFC,WEST,ATSI,OE,5438.516,True
11/3/2025 7:00:00 AM,11/3/2025 2:00:00 AM,RFC,WEST,ATSI,OE,5401.888,True
11/3/2025 8:00:00 AM,11/3/2025 3:00:00 AM,RFC,WEST,ATSI,OE,5488.556,True
11/3/2025 9:00:00 AM,11/3/2025 4:00:00 AM,RFC,WEST,ATSI,OE,5624.294,True
11/3/2025 10:00:00 AM,11/3/2025 5:00:00 AM,RFC,WEST,ATSI,OE,5982.696,True
11/3/2025 11:00:00 AM,11/3/2025 6:00:00 AM,RFC,WEST,ATSI,OE,6519.705,True
11/3/2025 12:00:00 PM,11/3/2025 7:00:00 AM,RFC,WEST,ATSI,OE,6849.112,True
11/3/2025 1:00:00 PM,11/3/2025 8:00:00 AM,RFC,WEST,ATSI,OE,6992.645,True
11/3/2025 2:00:00 PM,11/3/2025 9:00:00 AM,RFC,WEST,ATSI,OE,7018.959,True
11/3/2025 3:00:00 PM,11/3/2025 10:00:00 AM,RFC,WEST,ATSI,OE,7059.825,True
11/3/2025 4:00:00 PM,11/3/2025 11:00:00 AM,RFC,WEST,ATSI,OE,7009.030,True
11/3/2025 5:00:00 PM,11/3/2025 12:00:00 PM,RFC,WEST,ATSI,OE,7010.363,True
11/3/2025 6:00:00 PM,11/3/2025 1:00:00 PM,RFC,WEST,ATSI,OE,6911.823,True
11/3/2025 7:00:00 PM,11/3/2025 2:00:00 PM,RFC,WEST,ATSI,OE,6726.360,True
11/3/2025 8:00:00 PM,11/3/2025 3:00:00 PM,RFC,WEST,ATSI,OE,6620.472,True
11/3/2025 9:00:00 PM,11/3/2025 4:00:00 PM,RFC,WEST,ATSI,OE,6642.185,True
11/3/2025 10:00:00 PM,11/3/2025 5:00:00 PM,RFC,WEST,ATSI,OE,6860.936,True
11/3/2025 11:00:00 PM,11/3/2025 6:00:00 PM,RFC,WEST,ATSI,OE,6976.331,True
11/4/2025 12:00:00 AM,11/3/2025 7:00:00 PM,RFC,WEST,ATSI,OE,6867.195,True
11/4/2025 1:00:00 AM,11/3/2025 8:00:00 PM,RFC,WEST,ATSI,OE,6737.575,True
11/4/2025 2:00:00 AM,11/3/2025 9:00:00 PM,RFC,WEST,ATSI,OE,6550.303,True
11/4/2025 3:00:00 AM,11/3/2025 10:00:00 PM,RFC,WEST,ATSI,OE,6194.173,True
11/4/2025 4:00:00 AM,11/3/2025 11:00:00 PM,RFC,WEST,ATSI,OE,5875.338,True
11/4/2025 5:00:00 AM,11/4/2025 12:00:00 AM,RFC,WEST,ATSI,OE,5724.818,True
11/4/2025 6:00:00 AM,11/4/2025 1:00:00 AM,RFC,WEST,ATSI,OE,5630.221,True
11/4/2025 7:00:00 AM,11/4/2025 2:00:00 AM,RFC,WEST,ATSI,OE,5575.486,True
11/4/2025 8:00:00 AM,11/4/2025 3:00:00 AM,RFC,WEST,ATSI,OE,5615.995,True
11/4/2025 9:00:00 AM,11/4/2025 4:00:00 AM,RFC,WEST,ATSI,OE,5742.526,True
11/4/2025 10:00:00 AM,11/4/2025 5:00:00 AM,RFC,WEST,ATSI,OE,6074.918,True
11/4/2025 11:00:00 AM,11/4/2025 6:00:00 AM,RFC,WEST,ATSI,OE,6604.676,True
11/4/2025 12:00:00 PM,11/4/2025 7:00:00 AM,RFC,WEST,ATSI,OE,6914.409,True
11/4/2025 1:00:00 PM,11/4/2025 8:00:00 AM,RFC,WEST,ATSI,OE,6941.988,True
11/4/2025 2:00:00 PM,11/4/2025 9:00:00 AM,RFC,WEST,ATSI,OE,6852.947,True
11/4/2025 3:00:00 PM,11/4/2025 10:00:00 AM,RFC,WEST,ATSI,OE,6747.125,True
11/4/2025 4:00:00 PM,11/4/2025 11:00:00 AM,RFC,WEST,ATSI,OE,6624.938,True
11/4/2025 5:00:00 PM,11/4/2025 12:00:00 PM,RFC,WEST,ATSI,OE,6623.656,True
11/4/2025 6:00:00 PM,11/4/2025 1:00:00 PM,RFC,WEST,ATSI,OE,6623.304,True
11/4/2025 7:00:00 PM,11/4/2025 2:00:00 PM,RFC,WEST,ATSI,OE,6624.868,True
11/4/2025 8:00:00 PM,11/4/2025 3:00:00 PM,RFC,WEST,ATSI,OE,6554.631,True
11/4/2025 9:00:00 PM,11/4/2025 4:00:00 PM,RFC,WEST,ATSI,OE,6540.782,True
11/4/2025 10:00:00 PM,11/4/2025 5:00:00 PM,RFC,WEST,ATSI,OE,6712.164,True
11/4/2025 11:00:00 PM,11/4/2025 6:00:00 PM,RFC,WEST,ATSI,OE,6818.963,True
11/5/2025 12:00:00 AM,11/4/2025 7:00:00 PM,RFC,WEST,ATSI,OE,6799.292,True
11/5/2025 1:00:00 AM,11/4/2025 8:00:00 PM,RFC,WEST,ATSI,OE,6651.046,True
11/5/2025 2:00:00 AM,11/4/2025 9:00:00 PM,RFC,WEST,ATSI,OE,6399.990,True
11/5/2025 3:00:00 AM,11/4/2025 10:00:00 PM,RFC,WEST,ATSI,OE,6090.767,True
11/5/2025 4:00:00 AM,11/4/2025 11:00:00 PM,RFC,WEST,ATSI,OE,5783.684,True
11/5/2025 5:00:00 AM,11/5/2025 12:00:00 AM,RFC,WEST,ATSI,OE,5659.163,True
11/5/2025 6:00:00 AM,11/5/2025 1:00:00 AM,RFC,WEST,ATSI,OE,5572.929,True
11/5/2025 7:00:00 AM,11/5/2025 2:00:00 AM,RFC,WEST,ATSI,OE,5519.838,True
11/5/2025 8:00:00 AM,11/5/2025 3:00:00 AM,RFC,WEST,ATSI,OE,5539.741,True
11/5/2025 9:00:00 AM,11/5/2025 4:00:00 AM,RFC,WEST,ATSI,OE,5671.459,True
11/5/2025 10:00:00 AM,11/5/2025 5:00:00 AM,RFC,WEST,ATSI,OE,5987.973,True
11/5/2025 11:00:00 AM,11/5/2025 6:00:00 AM,RFC,WEST,ATSI,OE,6485.572,True
11/5/2025 12:00:00 PM,11/5/2025 7:00:00 AM,RFC,WEST,ATSI,OE,6710.249,True
11/5/2025 1:00:00 PM,11/5/2025 8:00:00 AM,RFC,WEST,ATSI,OE,6787.673,True
11/5/2025 2:00:00 PM,11/5/2025 9:00:00 AM,RFC,WEST,ATSI,OE,6764.283,True
11/5/2025 3:00:00 PM,11/5/2025 10:00:00 AM,RFC,WEST,ATSI,OE,6697.978,True
11/5/2025 4:00:00 PM,11/5/2025 11:00:00 AM,RFC,WEST,ATSI,OE,6697.677,True
11/5/2025 5:00:00 PM,11/5/2025 12:00:00 PM,RFC,WEST,ATSI,OE,6714.153,True
11/5/2025 6:00:00 PM,11/5/2025 1:00:00 PM,RFC,WEST,ATSI,OE,6772.056,True
11/5/2025 7:00:00 PM,11/5/2025 2:00:00 PM,RFC,WEST,ATSI,OE,6737.343,True
11/5/2025 8:00:00 PM,11/5/2025 3:00:00 PM,RFC,WEST,ATSI,OE,6664.897,True
11/5/2025 9:00:00 PM,11/5/2025 4:00:00 PM,RFC,WEST,ATSI,OE,6672.957,True
11/5/2025 10:00:00 PM,11/5/2025 5:00:00 PM,RFC,WEST,ATSI,OE,6761.049,True
11/5/2025 11:00:00 PM,11/5/2025 6:00:00 PM,RFC,WEST,ATSI,OE,6798.498,True
11/6/2025 12:00:00 AM,11/5/2025 7:00:00 PM,RFC,WEST,ATSI,OE,6711.064,True
11/6/2025 1:00:00 AM,11/5/2025 8:00:00 PM,RFC,WEST,ATSI,OE,6589.424,True
11/6/2025 2:00:00 AM,11/5/2025 9:00:00 PM,RFC,WEST,ATSI,OE,6393.249,True
11/6/2025 3:00:00 AM,11/5/2025 10:00:00 PM,RFC,WEST,ATSI,OE,6115.317,True
11/6/2025 4:00:00 AM,11/5/2025 11:00:00 PM,RFC,WEST,ATSI,OE,5847.514,True
11/6/2025 5:00:00 AM,11/6/2025 12:00:00 AM,RFC,WEST,ATSI,OE,5665.738,True
11/6/2025 6:00:00 AM,11/6/2025 1:00:00 AM,RFC,WEST,ATSI,OE,5544.647,True
11/6/2025 7:00:00 AM,11/6/2025 2:00:00 AM,RFC,WEST,ATSI,OE,5502.200,True
11/6/2025 8:00:00 AM,11/6/2025 3:00:00 AM,RFC,WEST,ATSI,OE,5533.349,True
11/6/2025 9:00:00 AM,11/6/2025 4:00:00 AM,RFC,WEST,ATSI,OE,5711.118,True
11/6/2025 10:00:00 AM,11/6/2025 5:00:00 AM,RFC,WEST,ATSI,OE,6010.151,True
11/6/2025 11:00:00 AM,11/6/2025 6:00:00 AM,RFC,WEST,ATSI,OE,6597.828,True
11/6/2025 12:00:00 PM,11/6/2025 7:00:00 AM,RFC,WEST,ATSI,OE,6874.557,True
11/6/2025 1:00:00 PM,11/6/2025 8:00:00 AM,RFC,WEST,ATSI,OE,6886.929,True
11/6/2025 2:00:00 PM,11/6/2025 9:00:00 AM,RFC,WEST,ATSI,OE,6781.198,True
11/6/2025 3:00:00 PM,11/6/2025 10:00:00 AM,RFC,WEST,ATSI,OE,6656.830,True
11/6/2025 4:00:00 PM,11/6/2025 11:00:00 AM,RFC,WEST,ATSI,OE,6587.473,True
11/6/2025 5:00:00 PM,11/6/2025 12:00:00 PM,RFC,WEST,ATSI,OE,6535.675,True
11/6/2025 6:00:00 PM,11/6/2025 1:00:00 PM,RFC,WEST,ATSI,OE,6506.276,True
11/6/2025 7:00:00 PM,11/6/2025 2:00:00 PM,RFC,WEST,ATSI,OE,6385.821,True
11/6/2025 8:00:00 PM,11/6/2025 3:00:00 PM,RFC,WEST,ATSI,OE,6384.948,True
11/6/2025 9:00:00 PM,11/6/2025 4:00:00 PM,RFC,WEST,ATSI,OE,6464.858,True
11/6/2025 10:00:00 PM,11/6/2025 5:00:00 PM,RFC,WEST,ATSI,OE,6719.919,True
11/6/2025 11:00:00 PM,11/6/2025 6:00:00 PM,RFC,WEST,ATSI,OE,6795.054,True
11/7/2025 12:00:00 AM,11/6/2025 7:00:00 PM,RFC,WEST,ATSI,OE,6769.748,True
11/7/2025 1:00:00 AM,11/6/2025 8:00:00 PM,RFC,WEST,ATSI,OE,6728.284,True
11/7/2025 2:00:00 AM,11/6/2025 9:00:00 PM,RFC,WEST,ATSI,OE,6572.597,True
11/7/2025 3:00:00 AM,11/6/2025 10:00:00 PM,RFC,WEST,ATSI,OE,6291.967,True
11/7/2025 4:00:00 AM,11/6/2025 11:00:00 PM,RFC,WEST,ATSI,OE,6008.364,True
11/7/2025 5:00:00 AM,11/7/2025 12:00:00 AM,RFC,WEST,ATSI,OE,5832.526,True
11/7/2025 6:00:00 AM,11/7/2025 1:00:00 AM,RFC,WEST,ATSI,OE,5717.321,True
11/7/2025 7:00:00 AM,11/7/2025 2:00:00 AM,RFC,WEST,ATSI,OE,5632.496,True
11/7/2025 8:00:00 AM,11/7/2025 3:00:00 AM,RFC,WEST,ATSI,OE,5642.259,True
11/7/2025 9:00:00 AM,11/7/2025 4:00:00 AM,RFC,WEST,ATSI,OE,5735.980,True
11/7/2025 10:00:00 AM,11/7/2025 5:00:00 AM,RFC,WEST,ATSI,OE,6069.231,True
11/7/2025 11:00:00 AM,11/7/2025 6:00:00 AM,RFC,WEST,ATSI,OE,6551.921,True
11/7/2025 12:00:00 PM,11/7/2025 7:00:00 AM,RFC,WEST,ATSI,OE,6833.025,True
11/7/2025 1:00:00 PM,11/7/2025 8:00:00 AM,RFC,WEST,ATSI,OE,6894.050,True
11/7/2025 2:00:00 PM,11/7/2025 9:00:00 AM,RFC,WEST,ATSI,OE,6946.427,True
11/7/2025 3:00:00 PM,11/7/2025 10:00:00 AM,RFC,WEST,ATSI,OE,7143.885,True
11/7/2025 4:00:00 PM,11/7/2025 11:00:00 AM,RFC,WEST,ATSI,OE,7016.493,True
11/7/2025 5:00:00 PM,11/7/2025 12:00:00 PM,RFC,WEST,ATSI,OE,7059.306,True
11/7/2025 6:00:00 PM,11/7/2025 1:00:00 PM,RFC,WEST,ATSI,OE,7003.372,True
11/7/2025 7:00:00 PM,11/7/2025 2:00:00 PM,RFC,WEST,ATSI,OE,6899.106,True
11/7/2025 8:00:00 PM,11/7/2025 3:00:00 PM,RFC,WEST,ATSI,OE,6815.514,True
11/7/2025 9:00:00 PM,11/7/2025 4:00:00 PM,RFC,WEST,ATSI,OE,6729.359,True
11/7/2025 10:00:00 PM,11/7/2025 5:00:00 PM,RFC,WEST,ATSI,OE,6890.930,True
11/7/2025 11:00:00 PM,11/7/2025 6:00:00 PM,RFC,WEST,ATSI,OE,6831.043,True
11/8/2025 12:00:00 AM,11/7/2025 7:00:00 PM,RFC,WEST,ATSI,OE,6699.724,True
11/8/2025 1:00:00 AM,11/7/2025 8:00:00 PM,RFC,WEST,ATSI,OE,6541.990,True
11/8/2025 2:00:00 AM,11/7/2025 9:00:00 PM,RFC,WEST,ATSI,OE,6331.255,True
11/8/2025 3:00:00 AM,11/7/2025 10:00:00 PM,RFC,WEST,ATSI,OE,6131.984,True
11/8/2025 4:00:00 AM,11/7/2025 11:00:00 PM,RFC,WEST,ATSI,OE,5831.601,True
11/8/2025 5:00:00 AM,11/8/2025 12:00:00 AM,RFC,WEST,ATSI,OE,5651.077,True
11/8/2025 6:00:00 AM,11/8/2025 1:00:00 AM,RFC,WEST,ATSI,OE,5523.335,True
11/8/2025 7:00:00 AM,11/8/2025 2:00:00 AM,RFC,WEST,ATSI,OE,5416.379,True
11/8/2025 8:00:00 AM,11/8/2025 3:00:00 AM,RFC,WEST,ATSI,OE,5446.443,True
11/8/2025 9:00:00 AM,11/8/2025 4:00:00 AM,RFC,WEST,ATSI,OE,5506.528,True
11/8/2025 10:00:00 AM,11/8/2025 5:00:00 AM,RFC,WEST,ATSI,OE,5584.786,True
11/8/2025 11:00:00 AM,11/8/2025 6:00:00 AM,RFC,WEST,ATSI,OE,5792.337,True
11/8/2025 12:00:00 PM,11/8/2025 7:00:00 AM,RFC,WEST,ATSI,OE,5982.972,True
11/8/2025 1:00:00 PM,11/8/2025 8:00:00 AM,RFC,WEST,ATSI,OE,6159.655,True
11/8/2025 2:00:00 PM,11/8/2025 9:00:00 AM,RFC,WEST,ATSI,OE,6275.478,True
11/8/2025 3:00:00 PM,11/8/2025 10:00:00 AM,RFC,WEST,ATSI,OE,6338.656,True
11/8/2025 4:00:00 PM,11/8/2025 11:00:00 AM,RFC,WEST,ATSI,OE,6393.777,True
11/8/2025 5:00:00 PM,11/8/2025 12:00:00 PM,RFC,WEST,ATSI,OE,6354.720,True
11/8/2025 6:00:00 PM,11/8/2025 1:00:00 PM,RFC,WEST,ATSI,OE,6348.766,True
11/8/2025 7:00:00 PM,11/8/2025 2:00:00 PM,RFC,WEST,ATSI,OE,6325.873,True
11/8/2025 8:00:00 PM,11/8/2025 3:00:00 PM,RFC,WEST,ATSI,OE,6290.407,True
11/8/2025 9:00:00 PM,11/8/2025 4:00:00 PM,RFC,WEST,ATSI,OE,6405.267,True
11/8/2025 10:00:00 PM,11/8/2025 5:00:00 PM,RFC,WEST,ATSI,OE,6543.326,True
11/8/2025 11:00:00 PM,11/8/2025 6:00:00 PM,RFC,WEST,ATSI,OE,6532.275,True
11/9/2025 12:00:00 AM,11/8/2025 7:00:00 PM,RFC,WEST,ATSI,OE,6442.453,True
11/9/2025 1:00:00 AM,11/8/2025 8:00:00 PM,RFC,WEST,ATSI,OE,6366.521,True
11/9/2025 2:00:00 AM,11/8/2025 9:00:00 PM,RFC,WEST,ATSI,OE,6211.782,True
11/9/2025 3:00:00 AM,11/8/2025 10:00:00 PM,RFC,WEST,ATSI,OE,5942.322,True
11/9/2025 4:00:00 AM,11/8/2025 11:00:00 PM,RFC,WEST,ATSI,OE,5760.133,True
11/9/2025 5:00:00 AM,11/9/2025 12:00:00 AM,RFC,WEST,ATSI,OE,5466.041,True
11/9/2025 6:00:00 AM,11/9/2025 1:00:00 AM,RFC,WEST,ATSI,OE,5336.267,True
11/9/2025 7:00:00 AM,11/9/2025 2:00:00 AM,RFC,WEST,ATSI,OE,5321.904,True
11/9/2025 8:00:00 AM,11/9/2025 3:00:00 AM,RFC,WEST,ATSI,OE,5390.411,True
11/9/2025 9:00:00 AM,11/9/2025 4:00:00 AM,RFC,WEST,ATSI,OE,5392.111,True
11/9/2025 10:00:00 AM,11/9/2025 5:00:00 AM,RFC,WEST,ATSI,OE,5532.477,True
11/9/2025 11:00:00 AM,11/9/2025 6:00:00 AM,RFC,WEST,ATSI,OE,5653.035,True
11/9/2025 12:00:00 PM,11/9/2025 7:00:00 AM,RFC,WEST,ATSI,OE,5815.114,True
11/9/2025 1:00:00 PM,11/9/2025 8:00:00 AM,RFC,WEST,ATSI,OE,6034.703,True
11/9/2025 2:00:00 PM,11/9/2025 9:00:00 AM,RFC,WEST,ATSI,OE,6296.161,True
11/9/2025 3:00:00 PM,11/9/2025 10:00:00 AM,RFC,WEST,ATSI,OE,6408.564,True
11/9/2025 4:00:00 PM,11/9/2025 11:00:00 AM,RFC,WEST,ATSI,OE,6424.748,True
11/9/2025 5:00:00 PM,11/9/2025 12:00:00 PM,RFC,WEST,ATSI,OE,6478.273,True
11/9/2025 6:00:00 PM,11/9/2025 1:00:00 PM,RFC,WEST,ATSI,OE,6497.678,True
11/9/2025 7:00:00 PM,11/9/2025 2:00:00 PM,RFC,WEST,ATSI,OE,6552.107,True
11/9/2025 8:00:00 PM,11/9/2025 3:00:00 PM,RFC,WEST,ATSI,OE,6596.597,True
11/9/2025 9:00:00 PM,11/9/2025 4:00:00 PM,RFC,WEST,ATSI,OE,6766.383,True
11/9/2025 10:00:00 PM,11/9/2025 5:00:00 PM,RFC,WEST,ATSI,OE,7007.135,True
11/9/2025 11:00:00 PM,11/9/2025 6:00:00 PM,RFC,WEST,ATSI,OE,7011.615,True
11/10/2025 12:00:00 AM,11/9/2025 7:00:00 PM,RFC,WEST,ATSI,OE,6992.816,True
11/10/2025 1:00:00 AM,11/9/2025 8:00:00 PM,RFC,WEST,ATSI,OE,6856.207,True
11/10/2025 2:00:00 AM,11/9/2025 9:00:00 PM,RFC,WEST,ATSI,OE,6676.242,True
11/10/2025 3:00:00 AM,11/9/2025 10:00:00 PM,RFC,WEST,ATSI,OE,6447.278,True
11/10/2025 4:00:00 AM,11/9/2025 11:00:00 PM,RFC,WEST,ATSI,OE,6266.022,True
11/10/2025 5:00:00 AM,11/10/2025 12:00:00 AM,RFC,WEST,ATSI,OE,6086.781,True
11/10/2025 6:00:00 AM,11/10/2025 1:00:00 AM,RFC,WEST,ATSI,OE,6060.411,True
11/10/2025 7:00:00 AM,11/10/2025 2:00:00 AM,RFC,WEST,ATSI,OE,6051.875,True
11/10/2025 8:00:00 AM,11/10/2025 3:00:00 AM,RFC,WEST,ATSI,OE,6064.703,True
11/10/2025 9:00:00 AM,11/10/2025 4:00:00 AM,RFC,WEST,ATSI,OE,6162.009,True
11/10/2025 10:00:00 AM,11/10/2025 5:00:00 AM,RFC,WEST,ATSI,OE,6483.316,True
11/10/2025 11:00:00 AM,11/10/2025 6:00:00 AM,RFC,WEST,ATSI,OE,6996.241,True
11/10/2025 12:00:00 PM,11/10/2025 7:00:00 AM,RFC,WEST,ATSI,OE,7358.208,True
11/10/2025 1:00:00 PM,11/10/2025 8:00:00 AM,RFC,WEST,ATSI,OE,7537.854,True
11/10/2025 2:00:00 PM,11/10/2025 9:00:00 AM,RFC,WEST,ATSI,OE,7620.114,True
11/10/2025 3:00:00 PM,11/10/2025 10:00:00 AM,RFC,WEST,ATSI,OE,7721.490,True
11/10/2025 4:00:00 PM,11/10/2025 11:00:00 AM,RFC,WEST,ATSI,OE,7716.700,True
11/10/2025 5:00:00 PM,11/10/2025 12:00:00 PM,RFC,WEST,ATSI,OE,7711.570,True
11/10/2025 6:00:00 PM,11/10/2025 1:00:00 PM,RFC,WEST,ATSI,OE,7586.654,True
11/10/2025 7:00:00 PM,11/10/2025 2:00:00 PM,RFC,WEST,ATSI,OE,7640.912,True
11/10/2025 8:00:00 PM,11/10/2025 3:00:00 PM,RFC,WEST,ATSI,OE,7624.581,True
11/10/2025 9:00:00 PM,11/10/2025 4:00:00 PM,RFC,WEST,ATSI,OE,7682.367,True
11/10/2025 10:00:00 PM,11/10/2025 5:00:00 PM,RFC,WEST,ATSI,OE,7830.573,True
11/10/2025 11:00:00 PM,11/10/2025 6:00:00 PM,RFC,WEST,ATSI,OE,7850.312,True
11/11/2025 12:00:00 AM,11/10/2025 7:00:00 PM,RFC,WEST,ATSI,OE,7829.026,True
11/11/2025 1:00:00 AM,11/10/2025 8:00:00 PM,RFC,WEST,ATSI,OE,7787.210,True
11/11/2025 2:00:00 AM,11/10/2025 9:00:00 PM,RFC,WEST,ATSI,OE,7563.424,True
11/11/2025 3:00:00 AM,11/10/2025 10:00:00 PM,RFC,WEST,ATSI,OE,7224.251,True
11/11/2025 4:00:00 AM,11/10/2025 11:00:00 PM,RFC,WEST,ATSI,OE,6902.828,True
11/11/2025 5:00:00 AM,11/11/2025 12:00:00 AM,RFC,WEST,ATSI,OE,6731.650,True
11/11/2025 6:00:00 AM,11/11/2025 1:00:00 AM,RFC,WEST,ATSI,OE,6538.827,True
11/11/2025 7:00:00 AM,11/11/2025 2:00:00 AM,RFC,WEST,ATSI,OE,6512.186,True
11/11/2025 8:00:00 AM,11/11/2025 3:00:00 AM,RFC,WEST,ATSI,OE,6493.110,True
11/11/2025 9:00:00 AM,11/11/2025 4:00:00 AM,RFC,WEST,ATSI,OE,6581.592,True
11/11/2025 10:00:00 AM,11/11/2025 5:00:00 AM,RFC,WEST,ATSI,OE,6912.660,True
11/11/2025 11:00:00 AM,11/11/2025 6:00:00 AM,RFC,WEST,ATSI,OE,7346.011,True
11/11/2025 12:00:00 PM,11/11/2025 7:00:00 AM,RFC,WEST,ATSI,OE,7614.253,True
11/11/2025 1:00:00 PM,11/11/2025 8:00:00 AM,RFC,WEST,ATSI,OE,7668.679,True
11/11/2025 2:00:00 PM,11/11/2025 9:00:00 AM,RFC,WEST,ATSI,OE,7727.932,True
11/11/2025 3:00:00 PM,11/11/2025 10:00:00 AM,RFC,WEST,ATSI,OE,7669.334,True
11/11/2025 4:00:00 PM,11/11/2025 11:00:00 AM,RFC,WEST,ATSI,OE,7701.603,True
11/11/2025 5:00:00 PM,11/11/2025 12:00:00 PM,RFC,WEST,ATSI,OE,7599.744,True
11/11/2025 6:00:00 PM,11/11/2025 1:00:00 PM,RFC,WEST,ATSI,OE,7656.314,True
11/11/2025 7:00:00 PM,11/11/2025 2:00:00 PM,RFC,WEST,ATSI,OE,7589.855,True
11/11/2025 8:00:00 PM,11/11/2025 3:00:00 PM,RFC,WEST,ATSI,OE,7593.890,True
11/11/2025 9:00:00 PM,11/11/2025 4:00:00 PM,RFC,WEST,ATSI,OE,7583.898,True
11/11/2025 10:00:00 PM,11/11/2025 5:00:00 PM,RFC,WEST,ATSI,OE,7793.909,True
11/11/2025 11:00:00 PM,11/11/2025 6:00:00 PM,RFC,WEST,ATSI,OE,7840.545,True
11/12/2025 12:00:00 AM,11/11/2025 7:00:00 PM,RFC,WEST,ATSI,OE,7802.470,True
11/12/2025 1:00:00 AM,11/11/2025 8:00:00 PM,RFC,WEST,ATSI,OE,7596.112,True
11/12/2025 2:00:00 AM,11/11/2025 9:00:00 PM,RFC,WEST,ATSI,OE,7389.936,True
11/12/2025 3:00:00 AM,11/11/2025 10:00:00 PM,RFC,WEST,ATSI,OE,7032.923,True
11/12/2025 4:00:00 AM,11/11/2025 11:00:00 PM,RFC,WEST,ATSI,OE,6732.142,True
11/12/2025 5:00:00 AM,11/12/2025 12:00:00 AM,RFC,WEST,ATSI,OE,6447.097,True
11/12/2025 6:00:00 AM,11/12/2025 1:00:00 AM,RFC,WEST,ATSI,OE,6348.501,True
11/12/2025 7:00:00 AM,11/12/2025 2:00:00 AM,RFC,WEST,ATSI,OE,6322.131,True
11/12/2025 8:00:00 AM,11/12/2025 3:00:00 AM,RFC,WEST,ATSI,OE,6310.659,True
11/12/2025 9:00:00 AM,11/12/2025 4:00:00 AM,RFC,WEST,ATSI,OE,6394.157,True
11/12/2025 10:00:00 AM,11/12/2025 5:00:00 AM,RFC,WEST,ATSI,OE,6724.235,True
11/12/2025 11:00:00 AM,11/12/2025 6:00:00 AM,RFC,WEST,ATSI,OE,7137.089,True
11/12/2025 12:00:00 PM,11/12/2025 7:00:00 AM,RFC,WEST,ATSI,OE,7481.368,True
11/12/2025 1:00:00 PM,11/12/2025 8:00:00 AM,RFC,WEST,ATSI,OE,7656.041,True
11/12/2025 2:00:00 PM,11/12/2025 9:00:00 AM,RFC,WEST,ATSI,OE,7663.285,True
11/12/2025 3:00:00 PM,11/12/2025 10:00:00 AM,RFC,WEST,ATSI,OE,7639.763,True
11/12/2025 4:00:00 PM,11/12/2025 11:00:00 AM,RFC,WEST,ATSI,OE,7547.430,True
11/12/2025 5:00:00 PM,11/12/2025 12:00:00 PM,RFC,WEST,ATSI,OE,7440.975,True
11/12/2025 6:00:00 PM,11/12/2025 1:00:00 PM,RFC,WEST,ATSI,OE,7432.341,True
11/12/2025 7:00:00 PM,11/12/2025 2:00:00 PM,RFC,WEST,ATSI,OE,7297.327,True
11/12/2025 8:00:00 PM,11/12/2025 3:00:00 PM,RFC,WEST,ATSI,OE,7169.081,True
11/12/2025 9:00:00 PM,11/12/2025 4:00:00 PM,RFC,WEST,ATSI,OE,7271.263,True
11/12/2025 10:00:00 PM,11/12/2025 5:00:00 PM,RFC,WEST,ATSI,OE,7456.082,True
11/12/2025 11:00:00 PM,11/12/2025 6:00:00 PM,RFC,WEST,ATSI,OE,7518.991,True
11/13/2025 12:00:00 AM,11/12/2025 7:00:00 PM,RFC,WEST,ATSI,OE,7427.030,True
11/13/2025 1:00:00 AM,11/12/2025 8:00:00 PM,RFC,WEST,ATSI,OE,7298.532,True
11/13/2025 2:00:00 AM,11/12/2025 9:00:00 PM,RFC,WEST,ATSI,OE,7109.181,True
11/13/2025 3:00:00 AM,11/12/2025 10:00:00 PM,RFC,WEST,ATSI,OE,6768.217,True
11/13/2025 4:00:00 AM,11/12/2025 11:00:00 PM,RFC,WEST,ATSI,OE,6504.798,True
11/13/2025 5:00:00 AM,11/13/2025 12:00:00 AM,RFC,WEST,ATSI,OE,6309.741,True
11/13/2025 6:00:00 AM,11/13/2025 1:00:00 AM,RFC,WEST,ATSI,OE,6282.569,True
11/13/2025 7:00:00 AM,11/13/2025 2:00:00 AM,RFC,WEST,ATSI,OE,6249.391,True
11/13/2025 8:00:00 AM,11/13/2025 3:00:00 AM,RFC,WEST,ATSI,OE,6200.103,True
11/13/2025 9:00:00 AM,11/13/2025 4:00:00 AM,RFC,WEST,ATSI,OE,6382.222,True
11/13/2025 10:00:00 AM,11/13/2025 5:00:00 AM,RFC,WEST,ATSI,OE,6631.121,True
11/13/2025 11:00:00 AM,11/13/2025 6:00:00 AM,RFC,WEST,ATSI,OE,7086.362,True
11/13/2025 12:00:00 PM,11/13/2025 7:00:00 AM,RFC,WEST,ATSI,OE,7379.220,True
11/13/2025 1:00:00 PM,11/13/2025 8:00:00 AM,RFC,WEST,ATSI,OE,7390.801,True
11/13/2025 2:00:00 PM,11/13/2025 9:00:00 AM,RFC,WEST,ATSI,OE,7264.587,True
11/13/2025 3:00:00 PM,11/13/2025 10:00:00 AM,RFC,WEST,ATSI,OE,7173.056,True
11/13/2025 4:00:00 PM,11/13/2025 11:00:00 AM,RFC,WEST,ATSI,OE,7076.113,True
11/13/2025 5:00:00 PM,11/13/2025 12:00:00 PM,RFC,WEST,ATSI,OE,6998.496,True
11/13/2025 6:00:00 PM,11/13/2025 1:00:00 PM,RFC,WEST,ATSI,OE,6989.685,True
11/13/2025 7:00:00 PM,11/13/2025 2:00:00 PM,RFC,WEST,ATSI,OE,6915.955,True
11/13/2025 8:00:00 PM,11/13/2025 3:00:00 PM,RFC,WEST,ATSI,OE,6889.392,True
11/13/2025 9:00:00 PM,11/13/2025 4:00:00 PM,RFC,WEST,ATSI,OE,7002.503,True
11/13/2025 10:00:00 PM,11/13/2025 5:00:00 PM,RFC,WEST,ATSI,OE,7232.471,True
11/13/2025 11:00:00 PM,11/13/2025 6:00:00 PM,RFC,WEST,ATSI,OE,7338.008,True
11/14/2025 12:00:00 AM,11/13/2025 7:00:00 PM,RFC,WEST,ATSI,OE,7294.733,True
11/14/2025 1:00:00 AM,11/13/2025 8:00:00 PM,RFC,WEST,ATSI,OE,7056.898,True
11/14/2025 2:00:00 AM,11/13/2025 9:00:00 PM,RFC,WEST,ATSI,OE,7005.513,True
11/14/2025 3:00:00 AM,11/13/2025 10:00:00 PM,RFC,WEST,ATSI,OE,6717.523,True
11/14/2025 4:00:00 AM,11/13/2025 11:00:00 PM,RFC,WEST,ATSI,OE,6459.506,True
11/14/2025 5:00:00 AM,11/14/2025 12:00:00 AM,RFC,WEST,ATSI,OE,6300.754,True
11/14/2025 6:00:00 AM,11/14/2025 1:00:00 AM,RFC,WEST,ATSI,OE,6190.901,True
11/14/2025 7:00:00 AM,11/14/2025 2:00:00 AM,RFC,WEST,ATSI,OE,6146.104,True
11/14/2025 8:00:00 AM,11/14/2025 3:00:00 AM,RFC,WEST,ATSI,OE,6115.844,True
11/14/2025 9:00:00 AM,11/14/2025 4:00:00 AM,RFC,WEST,ATSI,OE,6220.640,True
11/14/2025 10:00:00 AM,11/14/2025 5:00:00 AM,RFC,WEST,ATSI,OE,6504.541,True
11/14/2025 11:00:00 AM,11/14/2025 6:00:00 AM,RFC,WEST,ATSI,OE,6961.053,True
11/14/2025 12:00:00 PM,11/14/2025 7:00:00 AM,RFC,WEST,ATSI,OE,7250.182,True
11/14/2025 1:00:00 PM,11/14/2025 8:00:00 AM,RFC,WEST,ATSI,OE,7335.919,True
11/14/2025 2:00:00 PM,11/14/2025 9:00:00 AM,RFC,WEST,ATSI,OE,7260.158,True
11/14/2025 3:00:00 PM,11/14/2025 10:00:00 AM,RFC,WEST,ATSI,OE,7203.614,True
11/14/2025 4:00:00 PM,11/14/2025 11:00:00 AM,RFC,WEST,ATSI,OE,7058.209,True
11/14/2025 5:00:00 PM,11/14/2025 12:00:00 PM,RFC,WEST,ATSI,OE,6917.251,True
11/14/2025 6:00:00 PM,11/14/2025 1:00:00 PM,RFC,WEST,ATSI,OE,6859.942,True
11/14/2025 7:00:00 PM,11/14/2025 2:00:00 PM,RFC,WEST,ATSI,OE,6679.195,True
11/14/2025 8:00:00 PM,11/14/2025 3:00:00 PM,RFC,WEST,ATSI,OE,6700.469,True
11/14/2025 9:00:00 PM,11/14/2025 4:00:00 PM,RFC,WEST,ATSI,OE,6700.362,True
11/14/2025 10:00:00 PM,11/14/2025 5:00:00 PM,RFC,WEST,ATSI,OE,6932.612,True
11/14/2025 11:00:00 PM,11/14/2025 6:00:00 PM,RFC,WEST,ATSI,OE,6935.245,True
11/15/2025 12:00:00 AM,11/14/2025 7:00:00 PM,RFC,WEST,ATSI,OE,6778.540,True
11/15/2025 1:00:00 AM,11/14/2025 8:00:00 PM,RFC,WEST,ATSI,OE,6693.492,True
11/15/2025 2:00:00 AM,11/14/2025 9:00:00 PM,RFC,WEST,ATSI,OE,6601.079,True
11/15/2025 3:00:00 AM,11/14/2025 10:00:00 PM,RFC,WEST,ATSI,OE,6282.233,True
11/15/2025 4:00:00 AM,11/14/2025 11:00:00 PM,RFC,WEST,ATSI,OE,6003.649,True
11/15/2025 5:00:00 AM,11/15/2025 12:00:00 AM,RFC,WEST,ATSI,OE,5812.876,True
11/15/2025 6:00:00 AM,11/15/2025 1:00:00 AM,RFC,WEST,ATSI,OE,5616.639,True
11/15/2025 7:00:00 AM,11/15/2025 2:00:00 AM,RFC,WEST,ATSI,OE,5622.589,True
11/15/2025 8:00:00 AM,11/15/2025 3:00:00 AM,RFC,WEST,ATSI,OE,5579.625,True
11/15/2025 9:00:00 AM,11/15/2025 4:00:00 AM,RFC,WEST,ATSI,OE,5590.988,True
11/15/2025 10:00:00 AM,11/15/2025 5:00:00 AM,RFC,WEST,ATSI,OE,5678.471,True
11/15/2025 11:00:00 AM,11/15/2025 6:00:00 AM,RFC,WEST,ATSI,OE,5885.389,True
11/15/2025 12:00:00 PM,11/15/2025 7:00:00 AM,RFC,WEST,ATSI,OE,5985.039,True
11/15/2025 1:00:00 PM,11/15/2025 8:00:00 AM,RFC,WEST,ATSI,OE,6254.208,True
11/15/2025 2:00:00 PM,11/15/2025 9:00:00 AM,RFC,WEST,ATSI,OE,6369.702,True
11/15/2025 3:00:00 PM,11/15/2025 10:00:00 AM,RFC,WEST,ATSI,OE,6402.213,True
11/15/2025 4:00:00 PM,11/15/2025 11:00:00 AM,RFC,WEST,ATSI,OE,6394.967,True
11/15/2025 5:00:00 PM,11/15/2025 12:00:00 PM,RFC,WEST,ATSI,OE,6342.374,True
11/15/2025 6:00:00 PM,11/15/2025 1:00:00 PM,RFC,WEST,ATSI,OE,6264.574,True
11/15/2025 7:00:00 PM,11/15/2025 2:00:00 PM,RFC,WEST,ATSI,OE,6238.929,True
11/15/2025 8:00:00 PM,11/15/2025 3:00:00 PM,RFC,WEST,ATSI,OE,6340.086,True
11/15/2025 9:00:00 PM,11/15/2025 4:00:00 PM,RFC,WEST,ATSI,OE,6407.575,True
11/15/2025 10:00:00 PM,11/15/2025 5:00:00 PM,RFC,WEST,ATSI,OE,6507.644,True
11/15/2025 11:00:00 PM,11/15/2025 6:00:00 PM,RFC,WEST,ATSI,OE,6465.040,True
11/16/2025 12:00:00 AM,11/15/2025 7:00:00 PM,RFC,WEST,ATSI,OE,6385.992,True
11/16/2025 1:00:00 AM,11/15/2025 8:00:00 PM,RFC,WEST,ATSI,OE,6244.568,True
11/16/2025 2:00:00 AM,11/15/2025 9:00:00 PM,RFC,WEST,ATSI,OE,6025.707,True
11/16/2025 3:00:00 AM,11/15/2025 10:00:00 PM,RFC,WEST,ATSI,OE,5813.884,True
11/16/2025 4:00:00 AM,11/15/2025 11:00:00 PM,RFC,WEST,ATSI,OE,5621.140,True
11/16/2025 5:00:00 AM,11/16/2025 12:00:00 AM,RFC,WEST,ATSI,OE,5463.239,True
11/16/2025 6:00:00 AM,11/16/2025 1:00:00 AM,RFC,WEST,ATSI,OE,5319.724,True
11/16/2025 7:00:00 AM,11/16/2025 2:00:00 AM,RFC,WEST,ATSI,OE,5206.441,True
11/16/2025 8:00:00 AM,11/16/2025 3:00:00 AM,RFC,WEST,ATSI,OE,5235.558,True
11/16/2025 9:00:00 AM,11/16/2025 4:00:00 AM,RFC,WEST,ATSI,OE,5351.719,True
11/16/2025 10:00:00 AM,11/16/2025 5:00:00 AM,RFC,WEST,ATSI,OE,5455.180,True
11/16/2025 11:00:00 AM,11/16/2025 6:00:00 AM,RFC,WEST,ATSI,OE,5615.110,True
11/16/2025 12:00:00 PM,11/16/2025 7:00:00 AM,RFC,WEST,ATSI,OE,5837.023,True
11/16/2025 1:00:00 PM,11/16/2025 8:00:00 AM,RFC,WEST,ATSI,OE,6035.531,True
11/16/2025 2:00:00 PM,11/16/2025 9:00:00 AM,RFC,WEST,ATSI,OE,6124.748,True
11/16/2025 3:00:00 PM,11/16/2025 10:00:00 AM,RFC,WEST,ATSI,OE,6159.413,True
11/16/2025 4:00:00 PM,11/16/2025 11:00:00 AM,RFC,WEST,ATSI,OE,6259.721,True
11/16/2025 5:00:00 PM,11/16/2025 12:00:00 PM,RFC,WEST,ATSI,OE,6356.428,True
11/16/2025 6:00:00 PM,11/16/2025 1:00:00 PM,RFC,WEST,ATSI,OE,6405.195,True
11/16/2025 7:00:00 PM,11/16/2025 2:00:00 PM,RFC,WEST,ATSI,OE,6376.433,True
11/16/2025 8:00:00 PM,11/16/2025 3:00:00 PM,RFC,WEST,ATSI,OE,6491.733,True
11/16/2025 9:00:00 PM,11/16/2025 4:00:00 PM,RFC,WEST,ATSI,OE,6713.441,True
11/16/2025 10:00:00 PM,11/16/2025 5:00:00 PM,RFC,WEST,ATSI,OE,6967.626,True
11/16/2025 11:00:00 PM,11/16/2025 6:00:00 PM,RFC,WEST,ATSI,OE,6998.514,True
11/17/2025 12:00:00 AM,11/16/2025 7:00:00 PM,RFC,WEST,ATSI,OE,6980.124,True
11/17/2025 1:00:00 AM,11/16/2025 8:00:00 PM,RFC,WEST,ATSI,OE,6906.330,True
11/17/2025 2:00:00 AM,11/16/2025 9:00:00 PM,RFC,WEST,ATSI,OE,6726.684,True
11/17/2025 3:00:00 AM,11/16/2025 10:00:00 PM,RFC,WEST,ATSI,OE,6491.391,True
11/17/2025 4:00:00 AM,11/16/2025 11:00:00 PM,RFC,WEST,ATSI,OE,6271.841,True
11/17/2025 5:00:00 AM,11/17/2025 12:00:00 AM,RFC,WEST,ATSI,OE,6142.396,True
11/17/2025 6:00:00 AM,11/17/2025 1:00:00 AM,RFC,WEST,ATSI,OE,6041.192,True
11/17/2025 7:00:00 AM,11/17/2025 2:00:00 AM,RFC,WEST,ATSI,OE,6007.180,True
11/17/2025 8:00:00 AM,11/17/2025 3:00:00 AM,RFC,WEST,ATSI,OE,6042.485,True
11/17/2025 9:00:00 AM,11/17/2025 4:00:00 AM,RFC,WEST,ATSI,OE,6233.117,True
11/17/2025 10:00:00 AM,11/17/2025 5:00:00 AM,RFC,WEST,ATSI,OE,6603.684,True
11/17/2025 11:00:00 AM,11/17/2025 6:00:00 AM,RFC,WEST,ATSI,OE,7125.454,True
11/17/2025 12:00:00 PM,11/17/2025 7:00:00 AM,RFC,WEST,ATSI,OE,7495.415,True
11/17/2025 1:00:00 PM,11/17/2025 8:00:00 AM,RFC,WEST,ATSI,OE,7566.550,True
11/17/2025 2:00:00 PM,11/17/2025 9:00:00 AM,RFC,WEST,ATSI,OE,7441.499,True
11/17/2025 3:00:00 PM,11/17/2025 10:00:00 AM,RFC,WEST,ATSI,OE,7420.344,True
11/17/2025 4:00:00 PM,11/17/2025 11:00:00 AM,RFC,WEST,ATSI,OE,7431.726,True
11/17/2025 5:00:00 PM,11/17/2025 12:00:00 PM,RFC,WEST,ATSI,OE,7387.059,True
11/17/2025 6:00:00 PM,11/17/2025 1:00:00 PM,RFC,WEST,ATSI,OE,7315.245,True
11/17/2025 7:00:00 PM,11/17/2025 2:00:00 PM,RFC,WEST,ATSI,OE,7133.426,True
11/17/2025 8:00:00 PM,11/17/2025 3:00:00 PM,RFC,WEST,ATSI,OE,7102.090,True
11/17/2025 9:00:00 PM,11/17/2025 4:00:00 PM,RFC,WEST,ATSI,OE,7236.536,True
11/17/2025 10:00:00 PM,11/17/2025 5:00:00 PM,RFC,WEST,ATSI,OE,7489.334,True
11/17/2025 11:00:00 PM,11/17/2025 6:00:00 PM,RFC,WEST,ATSI,OE,7638.793,True
11/18/2025 12:00:00 AM,11/17/2025 7:00:00 PM,RFC,WEST,ATSI,OE,7590.931,True
11/18/2025 1:00:00 AM,11/17/2025 8:00:00 PM,RFC,WEST,ATSI,OE,7504.576,True
11/18/2025 2:00:00 AM,11/17/2025 9:00:00 PM,RFC,WEST,ATSI,OE,7309.949,True
11/18/2025 3:00:00 AM,11/17/2025 10:00:00 PM,RFC,WEST,ATSI,OE,7023.902,True
11/18/2025 4:00:00 AM,11/17/2025 11:00:00 PM,RFC,WEST,ATSI,OE,6725.630,True
11/18/2025 5:00:00 AM,11/18/2025 12:00:00 AM,RFC,WEST,ATSI,OE,6579.862,True
11/18/2025 6:00:00 AM,11/18/2025 1:00:00 AM,RFC,WEST,ATSI,OE,6435.492,True
11/18/2025 7:00:00 AM,11/18/2025 2:00:00 AM,RFC,WEST,ATSI,OE,6391.760,True
11/18/2025 8:00:00 AM,11/18/2025 3:00:00 AM,RFC,WEST,ATSI,OE,6317.375,True
11/18/2025 9:00:00 AM,11/18/2025 4:00:00 AM,RFC,WEST,ATSI,OE,6387.619,True
11/18/2025 10:00:00 AM,11/18/2025 5:00:00 AM,RFC,WEST,ATSI,OE,6746.031,True
11/18/2025 11:00:00 AM,11/18/2025 6:00:00 AM,RFC,WEST,ATSI,OE,7241.957,True
11/18/2025 12:00:00 PM,11/18/2025 7:00:00 AM,RFC,WEST,ATSI,OE,7561.637,True
11/18/2025 1:00:00 PM,11/18/2025 8:00:00 AM,RFC,WEST,ATSI,OE,7670.081,True
11/18/2025 2:00:00 PM,11/18/2025 9:00:00 AM,RFC,WEST,ATSI,OE,7724.728,True
11/18/2025 3:00:00 PM,11/18/2025 10:00:00 AM,RFC,WEST,ATSI,OE,7736.464,True
11/18/2025 4:00:00 PM,11/18/2025 11:00:00 AM,RFC,WEST,ATSI,OE,7716.680,True
11/18/2025 5:00:00 PM,11/18/2025 12:00:00 PM,RFC,WEST,ATSI,OE,7690.572,True
11/18/2025 6:00:00 PM,11/18/2025 1:00:00 PM,RFC,WEST,ATSI,OE,7684.163,True
11/18/2025 7:00:00 PM,11/18/2025 2:00:00 PM,RFC,WEST,ATSI,OE,7582.724,True
11/18/2025 8:00:00 PM,11/18/2025 3:00:00 PM,RFC,WEST,ATSI,OE,7515.784,True
11/18/2025 9:00:00 PM,11/18/2025 4:00:00 PM,RFC,WEST,ATSI,OE,7496.571,True
11/18/2025 10:00:00 PM,11/18/2025 5:00:00 PM,RFC,WEST,ATSI,OE,7654.356,True
11/18/2025 11:00:00 PM,11/18/2025 6:00:00 PM,RFC,WEST,ATSI,OE,7551.349,True
11/19/2025 12:00:00 AM,11/18/2025 7:00:00 PM,RFC,WEST,ATSI,OE,7560.090,True
11/19/2025 1:00:00 AM,11/18/2025 8:00:00 PM,RFC,WEST,ATSI,OE,7403.718,True
11/19/2025 2:00:00 AM,11/18/2025 9:00:00 PM,RFC,WEST,ATSI,OE,7138.466,True
11/19/2025 3:00:00 AM,11/18/2025 10:00:00 PM,RFC,WEST,ATSI,OE,6826.071,True
11/19/2025 4:00:00 AM,11/18/2025 11:00:00 PM,RFC,WEST,ATSI,OE,6541.880,True
11/19/2025 5:00:00 AM,11/19/2025 12:00:00 AM,RFC,WEST,ATSI,OE,6319.239,True
11/19/2025 6:00:00 AM,11/19/2025 1:00:00 AM,RFC,WEST,ATSI,OE,6153.122,True
11/19/2025 7:00:00 AM,11/19/2025 2:00:00 AM,RFC,WEST,ATSI,OE,6103.971,True
11/19/2025 8:00:00 AM,11/19/2025 3:00:00 AM,RFC,WEST,ATSI,OE,6070.576,True
11/19/2025 9:00:00 AM,11/19/2025 4:00:00 AM,RFC,WEST,ATSI,OE,6165.910,True
11/19/2025 10:00:00 AM,11/19/2025 5:00:00 AM,RFC,WEST,ATSI,OE,6445.353,True
11/19/2025 11:00:00 AM,11/19/2025 6:00:00 AM,RFC,WEST,ATSI,OE,6988.327,True
11/19/2025 12:00:00 PM,11/19/2025 7:00:00 AM,RFC,WEST,ATSI,OE,7337.961,True
11/19/2025 1:00:00 PM,11/19/2025 8:00:00 AM,RFC,WEST,ATSI,OE,7370.603,True
11/19/2025 2:00:00 PM,11/19/2025 9:00:00 AM,RFC,WEST,ATSI,OE,7379.248,True
11/19/2025 3:00:00 PM,11/19/2025 10:00:00 AM,RFC,WEST,ATSI,OE,7427.380,True
11/19/2025 4:00:00 PM,11/19/2025 11:00:00 AM,RFC,WEST,ATSI,OE,7364.884,True
11/19/2025 5:00:00 PM,11/19/2025 12:00:00 PM,RFC,WEST,ATSI,OE,7306.950,True
11/19/2025 6:00:00 PM,11/19/2025 1:00:00 PM,RFC,WEST,ATSI,OE,7273.450,True
11/19/2025 7:00:00 PM,11/19/2025 2:00:00 PM,RFC,WEST,ATSI,OE,7201.579,True
11/19/2025 8:00:00 PM,11/19/2025 3:00:00 PM,RFC,WEST,ATSI,OE,7084.766,True
11/19/2025 9:00:00 PM,11/19/2025 4:00:00 PM,RFC,WEST,ATSI,OE,7137.033,True
11/19/2025 10:00:00 PM,11/19/2025 5:00:00 PM,RFC,WEST,ATSI,OE,7371.925,True
11/19/2025 11:00:00 PM,11/19/2025 6:00:00 PM,RFC,WEST,ATSI,OE,7480.684,True
11/20/2025 12:00:00 AM,11/19/2025 7:00:00 PM,RFC,WEST,ATSI,OE,7416.361,True
11/20/2025 1:00:00 AM,11/19/2025 8:00:00 PM,RFC,WEST,ATSI,OE,7331.022,True
11/20/2025 2:00:00 AM,11/19/2025 9:00:00 PM,RFC,WEST,ATSI,OE,7133.052,True
11/20/2025 3:00:00 AM,11/19/2025 10:00:00 PM,RFC,WEST,ATSI,OE,6848.154,True
11/20/2025 4:00:00 AM,11/19/2025 11:00:00 PM,RFC,WEST,ATSI,OE,6618.856,True
11/20/2025 5:00:00 AM,11/20/2025 12:00:00 AM,RFC,WEST,ATSI,OE,6401.000,True
11/20/2025 6:00:00 AM,11/20/2025 1:00:00 AM,RFC,WEST,ATSI,OE,6266.963,True
11/20/2025 7:00:00 AM,11/20/2025 2:00:00 AM,RFC,WEST,ATSI,OE,6224.078,True
11/20/2025 8:00:00 AM,11/20/2025 3:00:00 AM,RFC,WEST,ATSI,OE,6194.227,True
11/20/2025 9:00:00 AM,11/20/2025 4:00:00 AM,RFC,WEST,ATSI,OE,6310.128,True
11/20/2025 10:00:00 AM,11/20/2025 5:00:00 AM,RFC,WEST,ATSI,OE,6575.369,True
11/20/2025 11:00:00 AM,11/20/2025 6:00:00 AM,RFC,WEST,ATSI,OE,7032.135,True
11/20/2025 12:00:00 PM,11/20/2025 7:00:00 AM,RFC,WEST,ATSI,OE,7410.470,True
11/20/2025 1:00:00 PM,11/20/2025 8:00:00 AM,RFC,WEST,ATSI,OE,7488.962,True
11/20/2025 2:00:00 PM,11/20/2025 9:00:00 AM,RFC,WEST,ATSI,OE,7519.932,True
11/20/2025 3:00:00 PM,11/20/2025 10:00:00 AM,RFC,WEST,ATSI,OE,7556.567,True
11/20/2025 4:00:00 PM,11/20/2025 11:00:00 AM,RFC,WEST,ATSI,OE,7498.038,True
11/20/2025 5:00:00 PM,11/20/2025 12:00:00 PM,RFC,WEST,ATSI,OE,7408.706,True
11/20/2025 6:00:00 PM,11/20/2025 1:00:00 PM,RFC,WEST,ATSI,OE,7364.048,True
11/20/2025 7:00:00 PM,11/20/2025 2:00:00 PM,RFC,WEST,ATSI,OE,7344.961,True
11/20/2025 8:00:00 PM,11/20/2025 3:00:00 PM,RFC,WEST,ATSI,OE,7292.543,True
11/20/2025 9:00:00 PM,11/20/2025 4:00:00 PM,RFC,WEST,ATSI,OE,7333.256,True
11/20/2025 10:00:00 PM,11/20/2025 5:00:00 PM,RFC,WEST,ATSI,OE,7515.020,True
11/20/2025 11:00:00 PM,11/20/2025 6:00:00 PM,RFC,WEST,ATSI,OE,7397.181,True
11/21/2025 12:00:00 AM,11/20/2025 7:00:00 PM,RFC,WEST,ATSI,OE,7339.426,True
11/21/2025 1:00:00 AM,11/20/2025 8:00:00 PM,RFC,WEST,ATSI,OE,7238.061,True
11/21/2025 2:00:00 AM,11/20/2025 9:00:00 PM,RFC,WEST,ATSI,OE,6952.386,True
11/21/2025 3:00:00 AM,11/20/2025 10:00:00 PM,RFC,WEST,ATSI,OE,6696.477,True
11/21/2025 4:00:00 AM,11/20/2025 11:00:00 PM,RFC,WEST,ATSI,OE,6413.258,True
11/21/2025 5:00:00 AM,11/21/2025 12:00:00 AM,RFC,WEST,ATSI,OE,6148.930,True
11/21/2025 6:00:00 AM,11/21/2025 1:00:00 AM,RFC,WEST,ATSI,OE,5951.797,True
11/21/2025 7:00:00 AM,11/21/2025 2:00:00 AM,RFC,WEST,ATSI,OE,5913.028,True
11/21/2025 8:00:00 AM,11/21/2025 3:00:00 AM,RFC,WEST,ATSI,OE,5945.872,True
11/21/2025 9:00:00 AM,11/21/2025 4:00:00 AM,RFC,WEST,ATSI,OE,6043.054,True
11/21/2025 10:00:00 AM,11/21/2025 5:00:00 AM,RFC,WEST,ATSI,OE,6329.499,True
11/21/2025 11:00:00 AM,11/21/2025 6:00:00 AM,RFC,WEST,ATSI,OE,6776.215,True
11/21/2025 12:00:00 PM,11/21/2025 7:00:00 AM,RFC,WEST,ATSI,OE,7147.557,True
11/21/2025 1:00:00 PM,11/21/2025 8:00:00 AM,RFC,WEST,ATSI,OE,7190.127,True
11/21/2025 2:00:00 PM,11/21/2025 9:00:00 AM,RFC,WEST,ATSI,OE,7303.976,True
11/21/2025 3:00:00 PM,11/21/2025 10:00:00 AM,RFC,WEST,ATSI,OE,7331.611,True
11/21/2025 4:00:00 PM,11/21/2025 11:00:00 AM,RFC,WEST,ATSI,OE,7387.324,True
11/21/2025 5:00:00 PM,11/21/2025 12:00:00 PM,RFC,WEST,ATSI,OE,7267.034,True
11/21/2025 6:00:00 PM,11/21/2025 1:00:00 PM,RFC,WEST,ATSI,OE,7204.986,True
11/21/2025 7:00:00 PM,11/21/2025 2:00:00 PM,RFC,WEST,ATSI,OE,7158.818,True
11/21/2025 8:00:00 PM,11/21/2025 3:00:00 PM,RFC,WEST,ATSI,OE,7018.378,True
11/21/2025 9:00:00 PM,11/21/2025 4:00:00 PM,RFC,WEST,ATSI,OE,7038.588,True
11/21/2025 10:00:00 PM,11/21/2025 5:00:00 PM,RFC,WEST,ATSI,OE,7197.931,True
11/21/2025 11:00:00 PM,11/21/2025 6:00:00 PM,RFC,WEST,ATSI,OE,7104.224,True
11/22/2025 12:00:00 AM,11/21/2025 7:00:00 PM,RFC,WEST,ATSI,OE,6925.502,True
11/22/2025 1:00:00 AM,11/21/2025 8:00:00 PM,RFC,WEST,ATSI,OE,6789.279,True
11/22/2025 2:00:00 AM,11/21/2025 9:00:00 PM,RFC,WEST,ATSI,OE,6666.873,True
11/22/2025 3:00:00 AM,11/21/2025 10:00:00 PM,RFC,WEST,ATSI,OE,6303.842,True
11/22/2025 4:00:00 AM,11/21/2025 11:00:00 PM,RFC,WEST,ATSI,OE,5905.303,True
11/22/2025 5:00:00 AM,11/22/2025 12:00:00 AM,RFC,WEST,ATSI,OE,5733.699,True
11/22/2025 6:00:00 AM,11/22/2025 1:00:00 AM,RFC,WEST,ATSI,OE,5624.854,True
11/22/2025 7:00:00 AM,11/22/2025 2:00:00 AM,RFC,WEST,ATSI,OE,5553.068,True
11/22/2025 8:00:00 AM,11/22/2025 3:00:00 AM,RFC,WEST,ATSI,OE,5596.486,True
11/22/2025 9:00:00 AM,11/22/2025 4:00:00 AM,RFC,WEST,ATSI,OE,5712.401,True
11/22/2025 10:00:00 AM,11/22/2025 5:00:00 AM,RFC,WEST,ATSI,OE,5846.850,True
11/22/2025 11:00:00 AM,11/22/2025 6:00:00 AM,RFC,WEST,ATSI,OE,6055.351,True
11/22/2025 12:00:00 PM,11/22/2025 7:00:00 AM,RFC,WEST,ATSI,OE,6342.040,True
11/22/2025 1:00:00 PM,11/22/2025 8:00:00 AM,RFC,WEST,ATSI,OE,6475.135,True
11/22/2025 2:00:00 PM,11/22/2025 9:00:00 AM,RFC,WEST,ATSI,OE,6527.272,True
11/22/2025 3:00:00 PM,11/22/2025 10:00:00 AM,RFC,WEST,ATSI,OE,6613.920,True
11/22/2025 4:00:00 PM,11/22/2025 11:00:00 AM,RFC,WEST,ATSI,OE,6518.156,True
11/22/2025 5:00:00 PM,11/22/2025 12:00:00 PM,RFC,WEST,ATSI,OE,6467.050,True
11/22/2025 6:00:00 PM,11/22/2025 1:00:00 PM,RFC,WEST,ATSI,OE,6377.423,True
11/22/2025 7:00:00 PM,11/22/2025 2:00:00 PM,RFC,WEST,ATSI,OE,6328.543,True
11/22/2025 8:00:00 PM,11/22/2025 3:00:00 PM,RFC,WEST,ATSI,OE,6367.883,True
11/22/2025 9:00:00 PM,11/22/2025 4:00:00 PM,RFC,WEST,ATSI,OE,6552.281,True
11/22/2025 10:00:00 PM,11/22/2025 5:00:00 PM,RFC,WEST,ATSI,OE,6788.590,True
11/22/2025 11:00:00 PM,11/22/2025 6:00:00 PM,RFC,WEST,ATSI,OE,6888.411,True
11/23/2025 12:00:00 AM,11/22/2025 7:00:00 PM,RFC,WEST,ATSI,OE,6846.777,True
11/23/2025 1:00:00 AM,11/22/2025 8:00:00 PM,RFC,WEST,ATSI,OE,6812.929,True
11/23/2025 2:00:00 AM,11/22/2025 9:00:00 PM,RFC,WEST,ATSI,OE,6611.895,True
11/23/2025 3:00:00 AM,11/22/2025 10:00:00 PM,RFC,WEST,ATSI,OE,6349.051,True
11/23/2025 4:00:00 AM,11/22/2025 11:00:00 PM,RFC,WEST,ATSI,OE,6145.520,True
11/23/2025 5:00:00 AM,11/23/2025 12:00:00 AM,RFC,WEST,ATSI,OE,5968.812,True
11/23/2025 6:00:00 AM,11/23/2025 1:00:00 AM,RFC,WEST,ATSI,OE,5886.913,True
11/23/2025 7:00:00 AM,11/23/2025 2:00:00 AM,RFC,WEST,ATSI,OE,5821.595,True
11/23/2025 8:00:00 AM,11/23/2025 3:00:00 AM,RFC,WEST,ATSI,OE,5781.268,True
11/23/2025 9:00:00 AM,11/23/2025 4:00:00 AM,RFC,WEST,ATSI,OE,5793.531,True
11/23/2025 10:00:00 AM,11/23/2025 5:00:00 AM,RFC,WEST,ATSI,OE,5871.541,True
11/23/2025 11:00:00 AM,11/23/2025 6:00:00 AM,RFC,WEST,ATSI,OE,6035.612,True
11/23/2025 12:00:00 PM,11/23/2025 7:00:00 AM,RFC,WEST,ATSI,OE,6118.600,True
11/23/2025 1:00:00 PM,11/23/2025 8:00:00 AM,RFC,WEST,ATSI,OE,6208.801,True
11/23/2025 2:00:00 PM,11/23/2025 9:00:00 AM,RFC,WEST,ATSI,OE,6214.500,True
11/23/2025 3:00:00 PM,11/23/2025 10:00:00 AM,RFC,WEST,ATSI,OE,6158.079,True
11/23/2025 4:00:00 PM,11/23/2025 11:00:00 AM,RFC,WEST,ATSI,OE,6242.478,True
11/23/2025 5:00:00 PM,11/23/2025 12:00:00 PM,RFC,WEST,ATSI,OE,6238.267,True
11/23/2025 6:00:00 PM,11/23/2025 1:00:00 PM,RFC,WEST,ATSI,OE,6239.369,True
11/23/2025 7:00:00 PM,11/23/2025 2:00:00 PM,RFC,WEST,ATSI,OE,6210.958,True
11/23/2025 8:00:00 PM,11/23/2025 3:00:00 PM,RFC,WEST,ATSI,OE,6261.627,True
11/23/2025 9:00:00 PM,11/23/2025 4:00:00 PM,RFC,WEST,ATSI,OE,6392.380,True
11/23/2025 10:00:00 PM,11/23/2025 5:00:00 PM,RFC,WEST,ATSI,OE,6805.524,True
11/23/2025 11:00:00 PM,11/23/2025 6:00:00 PM,RFC,WEST,ATSI,OE,6853.839,True
11/24/2025 12:00:00 AM,11/23/2025 7:00:00 PM,RFC,WEST,ATSI,OE,6822.862,True
11/24/2025 1:00:00 AM,11/23/2025 8:00:00 PM,RFC,WEST,ATSI,OE,6787.679,True
11/24/2025 2:00:00 AM,11/23/2025 9:00:00 PM,RFC,WEST,ATSI,OE,6602.958,True
11/24/2025 3:00:00 AM,11/23/2025 10:00:00 PM,RFC,WEST,ATSI,OE,6265.652,True
11/24/2025 4:00:00 AM,11/23/2025 11:00:00 PM,RFC,WEST,ATSI,OE,6208.764,True
11/24/2025 5:00:00 AM,11/24/2025 12:00:00 AM,RFC,WEST,ATSI,OE,6090.262,True
11/24/2025 6:00:00 AM,11/24/2025 1:00:00 AM,RFC,WEST,ATSI,OE,6062.715,True
11/24/2025 7:00:00 AM,11/24/2025 2:00:00 AM,RFC,WEST,ATSI,OE,6034.398,True
11/24/2025 8:00:00 AM,11/24/2025 3:00:00 AM,RFC,WEST,ATSI,OE,6050.511,True
11/24/2025 9:00:00 AM,11/24/2025 4:00:00 AM,RFC,WEST,ATSI,OE,6221.615,True
11/24/2025 10:00:00 AM,11/24/2025 5:00:00 AM,RFC,WEST,ATSI,OE,6638.459,True
11/24/2025 11:00:00 AM,11/24/2025 6:00:00 AM,RFC,WEST,ATSI,OE,7160.571,True
11/24/2025 12:00:00 PM,11/24/2025 7:00:00 AM,RFC,WEST,ATSI,OE,7531.035,True
11/24/2025 1:00:00 PM,11/24/2025 8:00:00 AM,RFC,WEST,ATSI,OE,7596.035,True
11/24/2025 2:00:00 PM,11/24/2025 9:00:00 AM,RFC,WEST,ATSI,OE,7587.845,True
11/24/2025 3:00:00 PM,11/24/2025 10:00:00 AM,RFC,WEST,ATSI,OE,7516.364,True
11/24/2025 4:00:00 PM,11/24/2025 11:00:00 AM,RFC,WEST,ATSI,OE,7419.670,True
11/24/2025 5:00:00 PM,11/24/2025 12:00:00 PM,RFC,WEST,ATSI,OE,7356.169,True
11/24/2025 6:00:00 PM,11/24/2025 1:00:00 PM,RFC,WEST,ATSI,OE,7275.441,True
11/24/2025 7:00:00 PM,11/24/2025 2:00:00 PM,RFC,WEST,ATSI,OE,7151.658,True
11/24/2025 8:00:00 PM,11/24/2025 3:00:00 PM,RFC,WEST,ATSI,OE,7127.352,True
11/24/2025 9:00:00 PM,11/24/2025 4:00:00 PM,RFC,WEST,ATSI,OE,7179.225,True
11/24/2025 10:00:00 PM,11/24/2025 5:00:00 PM,RFC,WEST,ATSI,OE,7441.394,True
11/24/2025 11:00:00 PM,11/24/2025 6:00:00 PM,RFC,WEST,ATSI,OE,7471.332,True
11/25/2025 12:00:00 AM,11/24/2025 7:00:00 PM,RFC,WEST,ATSI,OE,7371.799,True
11/25/2025 1:00:00 AM,11/24/2025 8:00:00 PM,RFC,WEST,ATSI,OE,7264.334,True
11/25/2025 2:00:00 AM,11/24/2025 9:00:00 PM,RFC,WEST,ATSI,OE,6996.420,True
11/25/2025 3:00:00 AM,11/24/2025 10:00:00 PM,RFC,WEST,ATSI,OE,6706.067,True
11/25/2025 4:00:00 AM,11/24/2025 11:00:00 PM,RFC,WEST,ATSI,OE,6410.186,True
11/25/2025 5:00:00 AM,11/25/2025 12:00:00 AM,RFC,WEST,ATSI,OE,6213.104,True
11/25/2025 6:00:00 AM,11/25/2025 1:00:00 AM,RFC,WEST,ATSI,OE,5975.959,True
11/25/2025 7:00:00 AM,11/25/2025 2:00:00 AM,RFC,WEST,ATSI,OE,5782.556,True
11/25/2025 8:00:00 AM,11/25/2025 3:00:00 AM,RFC,WEST,ATSI,OE,5771.625,True
11/25/2025 9:00:00 AM,11/25/2025 4:00:00 AM,RFC,WEST,ATSI,OE,5877.630,True
11/25/2025 10:00:00 AM,11/25/2025 5:00:00 AM,RFC,WEST,ATSI,OE,6093.959,True
11/25/2025 11:00:00 AM,11/25/2025 6:00:00 AM,RFC,WEST,ATSI,OE,6592.431,True
11/25/2025 12:00:00 PM,11/25/2025 7:00:00 AM,RFC,WEST,ATSI,OE,6933.744,True
11/25/2025 1:00:00 PM,11/25/2025 8:00:00 AM,RFC,WEST,ATSI,OE,7008.853,True
11/25/2025 2:00:00 PM,11/25/2025 9:00:00 AM,RFC,WEST,ATSI,OE,7119.456,True
11/25/2025 3:00:00 PM,11/25/2025 10:00:00 AM,RFC,WEST,ATSI,OE,7216.795,True
11/25/2025 4:00:00 PM,11/25/2025 11:00:00 AM,RFC,WEST,ATSI,OE,7241.852,True
11/25/2025 5:00:00 PM,11/25/2025 12:00:00 PM,RFC,WEST,ATSI,OE,7255.244,True
11/25/2025 6:00:00 PM,11/25/2025 1:00:00 PM,RFC,WEST,ATSI,OE,7222.173,True
11/25/2025 7:00:00 PM,11/25/2025 2:00:00 PM,RFC,WEST,ATSI,OE,7108.509,True
11/25/2025 8:00:00 PM,11/25/2025 3:00:00 PM,RFC,WEST,ATSI,OE,7095.148,True
11/25/2025 9:00:00 PM,11/25/2025 4:00:00 PM,RFC,WEST,ATSI,OE,7017.219,True
11/25/2025 10:00:00 PM,11/25/2025 5:00:00 PM,RFC,WEST,ATSI,OE,7184.641,True
11/25/2025 11:00:00 PM,11/25/2025 6:00:00 PM,RFC,WEST,ATSI,OE,7133.563,True
11/26/2025 12:00:00 AM,11/25/2025 7:00:00 PM,RFC,WEST,ATSI,OE,7064.205,True
11/26/2025 1:00:00 AM,11/25/2025 8:00:00 PM,RFC,WEST,ATSI,OE,6949.345,True
11/26/2025 2:00:00 AM,11/25/2025 9:00:00 PM,RFC,WEST,ATSI,OE,6751.173,True
11/26/2025 3:00:00 AM,11/25/2025 10:00:00 PM,RFC,WEST,ATSI,OE,6441.875,True
11/26/2025 4:00:00 AM,11/25/2025 11:00:00 PM,RFC,WEST,ATSI,OE,6129.075,True
11/26/2025 5:00:00 AM,11/26/2025 12:00:00 AM,RFC,WEST,ATSI,OE,5923.706,True
11/26/2025 6:00:00 AM,11/26/2025 1:00:00 AM,RFC,WEST,ATSI,OE,5862.235,True
11/26/2025 7:00:00 AM,11/26/2025 2:00:00 AM,RFC,WEST,ATSI,OE,5722.739,True
11/26/2025 8:00:00 AM,11/26/2025 3:00:00 AM,RFC,WEST,ATSI,OE,5728.991,True
11/26/2025 9:00:00 AM,11/26/2025 4:00:00 AM,RFC,WEST,ATSI,OE,5810.661,True
11/26/2025 10:00:00 AM,11/26/2025 5:00:00 AM,RFC,WEST,ATSI,OE,6067.375,True
11/26/2025 11:00:00 AM,11/26/2025 6:00:00 AM,RFC,WEST,ATSI,OE,6453.675,True
11/26/2025 12:00:00 PM,11/26/2025 7:00:00 AM,RFC,WEST,ATSI,OE,6677.954,True
11/26/2025 1:00:00 PM,11/26/2025 8:00:00 AM,RFC,WEST,ATSI,OE,6899.342,True
11/26/2025 2:00:00 PM,11/26/2025 9:00:00 AM,RFC,WEST,ATSI,OE,7081.338,True
11/26/2025 3:00:00 PM,11/26/2025 10:00:00 AM,RFC,WEST,ATSI,OE,7387.098,True
11/26/2025 4:00:00 PM,11/26/2025 11:00:00 AM,RFC,WEST,ATSI,OE,7446.087,True
11/26/2025 5:00:00 PM,11/26/2025 12:00:00 PM,RFC,WEST,ATSI,OE,7510.235,True
11/26/2025 6:00:00 PM,11/26/2025 1:00:00 PM,RFC,WEST,ATSI,OE,7446.753,True
11/26/2025 7:00:00 PM,11/26/2025 2:00:00 PM,RFC,WEST,ATSI,OE,7598.468,True
11/26/2025 8:00:00 PM,11/26/2025 3:00:00 PM,RFC,WEST,ATSI,OE,7578.190,True
11/26/2025 9:00:00 PM,11/26/2025 4:00:00 PM,RFC,WEST,ATSI,OE,7556.478,True
11/26/2025 10:00:00 PM,11/26/2025 5:00:00 PM,RFC,WEST,ATSI,OE,7692.049,True
11/26/2025 11:00:00 PM,11/26/2025 6:00:00 PM,RFC,WEST,ATSI,OE,7674.272,True
11/27/2025 12:00:00 AM,11/26/2025 7:00:00 PM,RFC,WEST,ATSI,OE,7548.103,True
11/27/2025 1:00:00 AM,11/26/2025 8:00:00 PM,RFC,WEST,ATSI,OE,7399.400,True
11/27/2025 2:00:00 AM,11/26/2025 9:00:00 PM,RFC,WEST,ATSI,OE,7237.772,True
11/27/2025 3:00:00 AM,11/26/2025 10:00:00 PM,RFC,WEST,ATSI,OE,6919.925,True
11/27/2025 4:00:00 AM,11/26/2025 11:00:00 PM,RFC,WEST,ATSI,OE,6577.210,True
11/27/2025 5:00:00 AM,11/27/2025 12:00:00 AM,RFC,WEST,ATSI,OE,6343.028,True
11/27/2025 6:00:00 AM,11/27/2025 1:00:00 AM,RFC,WEST,ATSI,OE,6182.563,True
11/27/2025 7:00:00 AM,11/27/2025 2:00:00 AM,RFC,WEST,ATSI,OE,6053.246,True
11/27/2025 8:00:00 AM,11/27/2025 3:00:00 AM,RFC,WEST,ATSI,OE,6024.806,True
11/27/2025 9:00:00 AM,11/27/2025 4:00:00 AM,RFC,WEST,ATSI,OE,6041.301,True
11/27/2025 10:00:00 AM,11/27/2025 5:00:00 AM,RFC,WEST,ATSI,OE,6160.247,True
11/27/2025 11:00:00 AM,11/27/2025 6:00:00 AM,RFC,WEST,ATSI,OE,6333.472,True
11/27/2025 12:00:00 PM,11/27/2025 7:00:00 AM,RFC,WEST,ATSI,OE,6570.646,True
11/27/2025 1:00:00 PM,11/27/2025 8:00:00 AM,RFC,WEST,ATSI,OE,6748.075,True
11/27/2025 2:00:00 PM,11/27/2025 9:00:00 AM,RFC,WEST,ATSI,OE,7020.396,True
11/27/2025 3:00:00 PM,11/27/2025 10:00:00 AM,RFC,WEST,ATSI,OE,7239.103,True
11/27/2025 4:00:00 PM,11/27/2025 11:00:00 AM,RFC,WEST,ATSI,OE,7338.821,True
11/27/2025 5:00:00 PM,11/27/2025 12:00:00 PM,RFC,WEST,ATSI,OE,7284.198,True
11/27/2025 6:00:00 PM,11/27/2025 1:00:00 PM,RFC,WEST,ATSI,OE,7113.709,True
11/27/2025 7:00:00 PM,11/27/2025 2:00:00 PM,RFC,WEST,ATSI,OE,6931.555,True
11/27/2025 8:00:00 PM,11/27/2025 3:00:00 PM,RFC,WEST,ATSI,OE,6777.624,True
11/27/2025 9:00:00 PM,11/27/2025 4:00:00 PM,RFC,WEST,ATSI,OE,6659.161,True
11/27/2025 10:00:00 PM,11/27/2025 5:00:00 PM,RFC,WEST,ATSI,OE,6811.838,True
11/27/2025 11:00:00 PM,11/27/2025 6:00:00 PM,RFC,WEST,ATSI,OE,6805.242,True
11/28/2025 12:00:00 AM,11/27/2025 7:00:00 PM,RFC,WEST,ATSI,OE,6823.450,True
11/28/2025 1:00:00 AM,11/27/2025 8:00:00 PM,RFC,WEST,ATSI,OE,6748.414,True
11/28/2025 2:00:00 AM,11/27/2025 9:00:00 PM,RFC,WEST,ATSI,OE,6640.334,True
11/28/2025 3:00:00 AM,11/27/2025 10:00:00 PM,RFC,WEST,ATSI,OE,6555.693,True
11/28/2025 4:00:00 AM,11/27/2025 11:00:00 PM,RFC,WEST,ATSI,OE,6371.518,True
11/28/2025 5:00:00 AM,11/28/2025 12:00:00 AM,RFC,WEST,ATSI,OE,6241.048,True
11/28/2025 6:00:00 AM,11/28/2025 1:00:00 AM,RFC,WEST,ATSI,OE,6117.836,True
11/28/2025 7:00:00 AM,11/28/2025 2:00:00 AM,RFC,WEST,ATSI,OE,6057.995,True
11/28/2025 8:00:00 AM,11/28/2025 3:00:00 AM,RFC,WEST,ATSI,OE,6078.018,True
11/28/2025 9:00:00 AM,11/28/2025 4:00:00 AM,RFC,WEST,ATSI,OE,6068.430,True
11/28/2025 10:00:00 AM,11/28/2025 5:00:00 AM,RFC,WEST,ATSI,OE,6277.853,True
11/28/2025 11:00:00 AM,11/28/2025 6:00:00 AM,RFC,WEST,ATSI,OE,6527.000,True
11/28/2025 12:00:00 PM,11/28/2025 7:00:00 AM,RFC,WEST,ATSI,OE,6684.373,True
11/28/2025 1:00:00 PM,11/28/2025 8:00:00 AM,RFC,WEST,ATSI,OE,6782.450,True
11/28/2025 2:00:00 PM,11/28/2025 9:00:00 AM,RFC,WEST,ATSI,OE,6962.953,True
11/28/2025 3:00:00 PM,11/28/2025 10:00:00 AM,RFC,WEST,ATSI,OE,7059.285,True
11/28/2025 4:00:00 PM,11/28/2025 11:00:00 AM,RFC,WEST,ATSI,OE,7087.171,True
11/28/2025 5:00:00 PM,11/28/2025 12:00:00 PM,RFC,WEST,ATSI,OE,7109.103,True
11/28/2025 6:00:00 PM,11/28/2025 1:00:00 PM,RFC,WEST,ATSI,OE,7071.113,True
11/28/2025 7:00:00 PM,11/28/2025 2:00:00 PM,RFC,WEST,ATSI,OE,7082.520,True
11/28/2025 8:00:00 PM,11/28/2025 3:00:00 PM,RFC,WEST,ATSI,OE,7116.675,True
11/28/2025 9:00:00 PM,11/28/2025 4:00:00 PM,RFC,WEST,ATSI,OE,7189.188,True
11/28/2025 10:00:00 PM,11/28/2025 5:00:00 PM,RFC,WEST,ATSI,OE,7394.294,True
11/28/2025 11:00:00 PM,11/28/2025 6:00:00 PM,RFC,WEST,ATSI,OE,7382.320,True
11/29/2025 12:00:00 AM,11/28/2025 7:00:00 PM,RFC,WEST,ATSI,OE,7313.162,True
11/29/2025 1:00:00 AM,11/28/2025 8:00:00 PM,RFC,WEST,ATSI,OE,7165.293,True
11/29/2025 2:00:00 AM,11/28/2025 9:00:00 PM,RFC,WEST,ATSI,OE,7035.337,True
11/29/2025 3:00:00 AM,11/28/2025 10:00:00 PM,RFC,WEST,ATSI,OE,6789.123,True
11/29/2025 4:00:00 AM,11/28/2025 11:00:00 PM,RFC,WEST,ATSI,OE,6561.015,True
11/29/2025 5:00:00 AM,11/29/2025 12:00:00 AM,RFC,WEST,ATSI,OE,6354.028,True
11/29/2025 6:00:00 AM,11/29/2025 1:00:00 AM,RFC,WEST,ATSI,OE,6206.905,True
11/29/2025 7:00:00 AM,11/29/2025 2:00:00 AM,RFC,WEST,ATSI,OE,6154.590,True
11/29/2025 8:00:00 AM,11/29/2025 3:00:00 AM,RFC,WEST,ATSI,OE,6096.163,True
11/29/2025 9:00:00 AM,11/29/2025 4:00:00 AM,RFC,WEST,ATSI,OE,6103.226,True
11/29/2025 10:00:00 AM,11/29/2025 5:00:00 AM,RFC,WEST,ATSI,OE,6198.580,True
11/29/2025 11:00:00 AM,11/29/2025 6:00:00 AM,RFC,WEST,ATSI,OE,6415.113,True
11/29/2025 12:00:00 PM,11/29/2025 7:00:00 AM,RFC,WEST,ATSI,OE,6644.370,True
11/29/2025 1:00:00 PM,11/29/2025 8:00:00 AM,RFC,WEST,ATSI,OE,6806.931,True
11/29/2025 2:00:00 PM,11/29/2025 9:00:00 AM,RFC,WEST,ATSI,OE,7021.398,True
11/29/2025 3:00:00 PM,11/29/2025 10:00:00 AM,RFC,WEST,ATSI,OE,7101.309,True
11/29/2025 4:00:00 PM,11/29/2025 11:00:00 AM,RFC,WEST,ATSI,OE,7073.231,True
11/29/2025 5:00:00 PM,11/29/2025 12:00:00 PM,RFC,WEST,ATSI,OE,7076.896,True
11/29/2025 6:00:00 PM,11/29/2025 1:00:00 PM,RFC,WEST,ATSI,OE,6986.343,True
11/29/2025 7:00:00 PM,11/29/2025 2:00:00 PM,RFC,WEST,ATSI,OE,7009.036,True
11/29/2025 8:00:00 PM,11/29/2025 3:00:00 PM,RFC,WEST,ATSI,OE,6968.793,True
11/29/2025 9:00:00 PM,11/29/2025 4:00:00 PM,RFC,WEST,ATSI,OE,7069.104,True
11/29/2025 10:00:00 PM,11/29/2025 5:00:00 PM,RFC,WEST,ATSI,OE,7332.109,True
11/29/2025 11:00:00 PM,11/29/2025 6:00:00 PM,RFC,WEST,ATSI,OE,7341.676,True
11/30/2025 12:00:00 AM,11/29/2025 7:00:00 PM,RFC,WEST,ATSI,OE,7289.578,True
11/30/2025 1:00:00 AM,11/29/2025 8:00:00 PM,RFC,WEST,ATSI,OE,7232.325,True
11/30/2025 2:00:00 AM,11/29/2025 9:00:00 PM,RFC,WEST,ATSI,OE,7070.413,True
11/30/2025 3:00:00 AM,11/29/2025 10:00:00 PM,RFC,WEST,ATSI,OE,6836.602,True
11/30/2025 4:00:00 AM,11/29/2025 11:00:00 PM,RFC,WEST,ATSI,OE,6522.562,True
11/30/2025 5:00:00 AM,11/30/2025 12:00:00 AM,RFC,WEST,ATSI,OE,6325.897,True
11/30/2025 6:00:00 AM,11/30/2025 1:00:00 AM,RFC,WEST,ATSI,OE,6184.687,True
11/30/2025 7:00:00 AM,11/30/2025 2:00:00 AM,RFC,WEST,ATSI,OE,6007.931,True
11/30/2025 8:00:00 AM,11/30/2025 3:00:00 AM,RFC,WEST,ATSI,OE,6009.192,True
11/30/2025 9:00:00 AM,11/30/2025 4:00:00 AM,RFC,WEST,ATSI,OE,5918.531,True
11/30/2025 10:00:00 AM,11/30/2025 5:00:00 AM,RFC,WEST,ATSI,OE,6016.929,True
11/30/2025 11:00:00 AM,11/30/2025 6:00:00 AM,RFC,WEST,ATSI,OE,6237.616,True
11/30/2025 12:00:00 PM,11/30/2025 7:00:00 AM,RFC,WEST,ATSI,OE,6317.913,True
11/30/2025 1:00:00 PM,11/30/2025 8:00:00 AM,RFC,WEST,ATSI,OE,6589.994,True
11/30/2025 2:00:00 PM,11/30/2025 9:00:00 AM,RFC,WEST,ATSI,OE,6818.049,True
11/30/2025 3:00:00 PM,11/30/2025 10:00:00 AM,RFC,WEST,ATSI,OE,6976.000,True
11/30/2025 4:00:00 PM,11/30/2025 11:00:00 AM,RFC,WEST,ATSI,OE,7178.849,True
11/30/2025 5:00:00 PM,11/30/2025 12:00:00 PM,RFC,WEST,ATSI,OE,7309.012,True
11/30/2025 6:00:00 PM,11/30/2025 1:00:00 PM,RFC,WEST,ATSI,OE,7354.489,True
11/30/2025 7:00:00 PM,11/30/2025 2:00:00 PM,RFC,WEST,ATSI,OE,7366.832,True
11/30/2025 8:00:00 PM,11/30/2025 3:00:00 PM,RFC,WEST,ATSI,OE,7401.075,True
11/30/2025 9:00:00 PM,11/30/2025 4:00:00 PM,RFC,WEST,ATSI,OE,7579.646,True
11/30/2025 10:00:00 PM,11/30/2025 5:00:00 PM,RFC,WEST,ATSI,OE,7763.753,True
11/30/2025 11:00:00 PM,11/30/2025 6:00:00 PM,RFC,WEST,ATSI,OE,7761.441,True
12/1/2025 12:00:00 AM,11/30/2025 7:00:00 PM,RFC,WEST,ATSI,OE,7716.550,True
12/1/2025 1:00:00 AM,11/30/2025 8:00:00 PM,RFC,WEST,ATSI,OE,7573.979,True
12/1/2025 2:00:00 AM,11/30/2025 9:00:00 PM,RFC,WEST,ATSI,OE,7352.012,True
12/1/2025 3:00:00 AM,11/30/2025 10:00:00 PM,RFC,WEST,ATSI,OE,7078.188,True
12/1/2025 4:00:00 AM,11/30/2025 11:00:00 PM,RFC,WEST,ATSI,OE,6829.445,True
12/1/2025 5:00:00 AM,12/1/2025 12:00:00 AM,RFC,WEST,ATSI,OE,6661.823,True
12/1/2025 6:00:00 AM,12/1/2025 1:00:00 AM,RFC,WEST,ATSI,OE,6554.638,True
12/1/2025 7:00:00 AM,12/1/2025 2:00:00 AM,RFC,WEST,ATSI,OE,6521.899,True
12/1/2025 8:00:00 AM,12/1/2025 3:00:00 AM,RFC,WEST,ATSI,OE,6567.399,True
12/1/2025 9:00:00 AM,12/1/2025 4:00:00 AM,RFC,WEST,ATSI,OE,6736.582,True
12/1/2025 10:00:00 AM,12/1/2025 5:00:00 AM,RFC,WEST,ATSI,OE,7058.003,True
12/1/2025 11:00:00 AM,12/1/2025 6:00:00 AM,RFC,WEST,ATSI,OE,7572.513,True
12/1/2025 12:00:00 PM,12/1/2025 7:00:00 AM,RFC,WEST,ATSI,OE,7897.572,True
12/1/2025 1:00:00 PM,12/1/2025 8:00:00 AM,RFC,WEST,ATSI,OE,7966.660,True
12/1/2025 2:00:00 PM,12/1/2025 9:00:00 AM,RFC,WEST,ATSI,OE,8044.853,True
12/1/2025 3:00:00 PM,12/1/2025 10:00:00 AM,RFC,WEST,ATSI,OE,8030.293,True
12/1/2025 4:00:00 PM,12/1/2025 11:00:00 AM,RFC,WEST,ATSI,OE,7937.818,True
12/1/2025 5:00:00 PM,12/1/2025 12:00:00 PM,RFC,WEST,ATSI,OE,7909.605,True
12/1/2025 6:00:00 PM,12/1/2025 1:00:00 PM,RFC,WEST,ATSI,OE,7973.339,True
12/1/2025 7:00:00 PM,12/1/2025 2:00:00 PM,RFC,WEST,ATSI,OE,7868.629,True
12/1/2025 8:00:00 PM,12/1/2025 3:00:00 PM,RFC,WEST,ATSI,OE,7814.847,True
12/1/2025 9:00:00 PM,12/1/2025 4:00:00 PM,RFC,WEST,ATSI,OE,7905.350,True
12/1/2025 10:00:00 PM,12/1/2025 5:00:00 PM,RFC,WEST,ATSI,OE,8179.251,True
12/1/2025 11:00:00 PM,12/1/2025 6:00:00 PM,RFC,WEST,ATSI,OE,8220.060,True
12/2/2025 12:00:00 AM,12/1/2025 7:00:00 PM,RFC,WEST,ATSI,OE,8102.322,True
12/2/2025 1:00:00 AM,12/1/2025 8:00:00 PM,RFC,WEST,ATSI,OE,7958.778,True
12/2/2025 2:00:00 AM,12/1/2025 9:00:00 PM,RFC,WEST,ATSI,OE,7741.278,True
12/2/2025 3:00:00 AM,12/1/2025 10:00:00 PM,RFC,WEST,ATSI,OE,7395.971,True
12/2/2025 4:00:00 AM,12/1/2025 11:00:00 PM,RFC,WEST,ATSI,OE,7055.641,True
12/2/2025 5:00:00 AM,12/2/2025 12:00:00 AM,RFC,WEST,ATSI,OE,6892.399,True
12/2/2025 6:00:00 AM,12/2/2025 1:00:00 AM,RFC,WEST,ATSI,OE,6789.757,True
12/2/2025 7:00:00 AM,12/2/2025 2:00:00 AM,RFC,WEST,ATSI,OE,6728.966,True
12/2/2025 8:00:00 AM,12/2/2025 3:00:00 AM,RFC,WEST,ATSI,OE,6782.804,True
12/2/2025 9:00:00 AM,12/2/2025 4:00:00 AM,RFC,WEST,ATSI,OE,6851.958,True
12/2/2025 10:00:00 AM,12/2/2025 5:00:00 AM,RFC,WEST,ATSI,OE,7034.293,True
12/2/2025 11:00:00 AM,12/2/2025 6:00:00 AM,RFC,WEST,ATSI,OE,7480.818,True
12/2/2025 12:00:00 PM,12/2/2025 7:00:00 AM,RFC,WEST,ATSI,OE,7779.705,True
12/2/2025 1:00:00 PM,12/2/2025 8:00:00 AM,RFC,WEST,ATSI,OE,7907.304,True
12/2/2025 2:00:00 PM,12/2/2025 9:00:00 AM,RFC,WEST,ATSI,OE,8001.734,True
12/2/2025 3:00:00 PM,12/2/2025 10:00:00 AM,RFC,WEST,ATSI,OE,7986.173,True
12/2/2025 4:00:00 PM,12/2/2025 11:00:00 AM,RFC,WEST,ATSI,OE,7891.097,True
12/2/2025 5:00:00 PM,12/2/2025 12:00:00 PM,RFC,WEST,ATSI,OE,7936.070,True
12/2/2025 6:00:00 PM,12/2/2025 1:00:00 PM,RFC,WEST,ATSI,OE,7993.559,True
12/2/2025 7:00:00 PM,12/2/2025 2:00:00 PM,RFC,WEST,ATSI,OE,7918.145,True
12/2/2025 8:00:00 PM,12/2/2025 3:00:00 PM,RFC,WEST,ATSI,OE,7999.198,True
12/2/2025 9:00:00 PM,12/2/2025 4:00:00 PM,RFC,WEST,ATSI,OE,8030.673,True
12/2/2025 10:00:00 PM,12/2/2025 5:00:00 PM,RFC,WEST,ATSI,OE,8193.481,True
12/2/2025 11:00:00 PM,12/2/2025 6:00:00 PM,RFC,WEST,ATSI,OE,8253.453,True
12/3/2025 12:00:00 AM,12/2/2025 7:00:00 PM,RFC,WEST,ATSI,OE,8079.471,True
12/3/2025 1:00:00 AM,12/2/2025 8:00:00 PM,RFC,WEST,ATSI,OE,8005.353,True
12/3/2025 2:00:00 AM,12/2/2025 9:00:00 PM,RFC,WEST,ATSI,OE,7812.180,True
12/3/2025 3:00:00 AM,12/2/2025 10:00:00 PM,RFC,WEST,ATSI,OE,7501.781,True
12/3/2025 4:00:00 AM,12/2/2025 11:00:00 PM,RFC,WEST,ATSI,OE,7146.795,True
12/3/2025 5:00:00 AM,12/3/2025 12:00:00 AM,RFC,WEST,ATSI,OE,6951.870,True
12/3/2025 6:00:00 AM,12/3/2025 1:00:00 AM,RFC,WEST,ATSI,OE,6873.700,True
12/3/2025 7:00:00 AM,12/3/2025 2:00:00 AM,RFC,WEST,ATSI,OE,6806.688,True
12/3/2025 8:00:00 AM,12/3/2025 3:00:00 AM,RFC,WEST,ATSI,OE,6823.587,True
12/3/2025 9:00:00 AM,12/3/2025 4:00:00 AM,RFC,WEST,ATSI,OE,6948.411,True
12/3/2025 10:00:00 AM,12/3/2025 5:00:00 AM,RFC,WEST,ATSI,OE,7250.274,True
12/3/2025 11:00:00 AM,12/3/2025 6:00:00 AM,RFC,WEST,ATSI,OE,7729.842,True
12/3/2025 12:00:00 PM,12/3/2025 7:00:00 AM,RFC,WEST,ATSI,OE,8154.322,True
12/3/2025 1:00:00 PM,12/3/2025 8:00:00 AM,RFC,WEST,ATSI,OE,8239.863,True
12/3/2025 2:00:00 PM,12/3/2025 9:00:00 AM,RFC,WEST,ATSI,OE,8279.663,True
12/3/2025 3:00:00 PM,12/3/2025 10:00:00 AM,RFC,WEST,ATSI,OE,8292.695,True
12/3/2025 4:00:00 PM,12/3/2025 11:00:00 AM,RFC,WEST,ATSI,OE,8139.014,True
12/3/2025 5:00:00 PM,12/3/2025 12:00:00 PM,RFC,WEST,ATSI,OE,8211.105,True
12/3/2025 6:00:00 PM,12/3/2025 1:00:00 PM,RFC,WEST,ATSI,OE,8233.226,True
12/3/2025 7:00:00 PM,12/3/2025 2:00:00 PM,RFC,WEST,ATSI,OE,8078.377,True
12/3/2025 8:00:00 PM,12/3/2025 3:00:00 PM,RFC,WEST,ATSI,OE,8080.974,True
12/3/2025 9:00:00 PM,12/3/2025 4:00:00 PM,RFC,WEST,ATSI,OE,8188.264,True
12/3/2025 10:00:00 PM,12/3/2025 5:00:00 PM,RFC,WEST,ATSI,OE,8353.936,True
12/3/2025 11:00:00 PM,12/3/2025 6:00:00 PM,RFC,WEST,ATSI,OE,8337.957,True
12/4/2025 12:00:00 AM,12/3/2025 7:00:00 PM,RFC,WEST,ATSI,OE,8297.925,True
12/4/2025 1:00:00 AM,12/3/2025 8:00:00 PM,RFC,WEST,ATSI,OE,8182.462,True
12/4/2025 2:00:00 AM,12/3/2025 9:00:00 PM,RFC,WEST,ATSI,OE,7946.846,True
12/4/2025 3:00:00 AM,12/3/2025 10:00:00 PM,RFC,WEST,ATSI,OE,7631.138,True
12/4/2025 4:00:00 AM,12/3/2025 11:00:00 PM,RFC,WEST,ATSI,OE,7316.317,True
12/4/2025 5:00:00 AM,12/4/2025 12:00:00 AM,RFC,WEST,ATSI,OE,7058.356,True
12/4/2025 6:00:00 AM,12/4/2025 1:00:00 AM,RFC,WEST,ATSI,OE,6927.250,True
12/4/2025 7:00:00 AM,12/4/2025 2:00:00 AM,RFC,WEST,ATSI,OE,6862.725,True
12/4/2025 8:00:00 AM,12/4/2025 3:00:00 AM,RFC,WEST,ATSI,OE,6859.955,True
12/4/2025 9:00:00 AM,12/4/2025 4:00:00 AM,RFC,WEST,ATSI,OE,6927.387,True
12/4/2025 10:00:00 AM,12/4/2025 5:00:00 AM,RFC,WEST,ATSI,OE,7193.016,True
12/4/2025 11:00:00 AM,12/4/2025 6:00:00 AM,RFC,WEST,ATSI,OE,7757.935,True
12/4/2025 12:00:00 PM,12/4/2025 7:00:00 AM,RFC,WEST,ATSI,OE,8076.974,True
12/4/2025 1:00:00 PM,12/4/2025 8:00:00 AM,RFC,WEST,ATSI,OE,8252.874,True
12/4/2025 2:00:00 PM,12/4/2025 9:00:00 AM,RFC,WEST,ATSI,OE,8307.505,True
12/4/2025 3:00:00 PM,12/4/2025 10:00:00 AM,RFC,WEST,ATSI,OE,8210.135,True
12/4/2025 4:00:00 PM,12/4/2025 11:00:00 AM,RFC,WEST,ATSI,OE,8009.975,True
12/4/2025 5:00:00 PM,12/4/2025 12:00:00 PM,RFC,WEST,ATSI,OE,7958.662,True
12/4/2025 6:00:00 PM,12/4/2025 1:00:00 PM,RFC,WEST,ATSI,OE,7954.519,True
12/4/2025 7:00:00 PM,12/4/2025 2:00:00 PM,RFC,WEST,ATSI,OE,7932.561,True
12/4/2025 8:00:00 PM,12/4/2025 3:00:00 PM,RFC,WEST,ATSI,OE,7963.216,True
12/4/2025 9:00:00 PM,12/4/2025 4:00:00 PM,RFC,WEST,ATSI,OE,8122.220,True
12/4/2025 10:00:00 PM,12/4/2025 5:00:00 PM,RFC,WEST,ATSI,OE,8475.366,True
12/4/2025 11:00:00 PM,12/4/2025 6:00:00 PM,RFC,WEST,ATSI,OE,8543.546,True
12/5/2025 12:00:00 AM,12/4/2025 7:00:00 PM,RFC,WEST,ATSI,OE,8574.007,True
12/5/2025 1:00:00 AM,12/4/2025 8:00:00 PM,RFC,WEST,ATSI,OE,8439.237,True
12/5/2025 2:00:00 AM,12/4/2025 9:00:00 PM,RFC,WEST,ATSI,OE,8307.790,True
12/5/2025 3:00:00 AM,12/4/2025 10:00:00 PM,RFC,WEST,ATSI,OE,8075.718,True
12/5/2025 4:00:00 AM,12/4/2025 11:00:00 PM,RFC,WEST,ATSI,OE,7711.233,True
12/5/2025 5:00:00 AM,12/5/2025 12:00:00 AM,RFC,WEST,ATSI,OE,7508.619,True
12/5/2025 6:00:00 AM,12/5/2025 1:00:00 AM,RFC,WEST,ATSI,OE,7371.939,True
12/5/2025 7:00:00 AM,12/5/2025 2:00:00 AM,RFC,WEST,ATSI,OE,7350.960,True
12/5/2025 8:00:00 AM,12/5/2025 3:00:00 AM,RFC,WEST,ATSI,OE,7371.858,True
12/5/2025 9:00:00 AM,12/5/2025 4:00:00 AM,RFC,WEST,ATSI,OE,7506.496,True
12/5/2025 10:00:00 AM,12/5/2025 5:00:00 AM,RFC,WEST,ATSI,OE,7695.983,True
12/5/2025 11:00:00 AM,12/5/2025 6:00:00 AM,RFC,WEST,ATSI,OE,8171.337,True
12/5/2025 12:00:00 PM,12/5/2025 7:00:00 AM,RFC,WEST,ATSI,OE,8567.810,True
12/5/2025 1:00:00 PM,12/5/2025 8:00:00 AM,RFC,WEST,ATSI,OE,8660.297,True
12/5/2025 2:00:00 PM,12/5/2025 9:00:00 AM,RFC,WEST,ATSI,OE,8547.412,True
12/5/2025 3:00:00 PM,12/5/2025 10:00:00 AM,RFC,WEST,ATSI,OE,8284.279,True
12/5/2025 4:00:00 PM,12/5/2025 11:00:00 AM,RFC,WEST,ATSI,OE,8167.620,True
12/5/2025 5:00:00 PM,12/5/2025 12:00:00 PM,RFC,WEST,ATSI,OE,8174.196,True
12/5/2025 6:00:00 PM,12/5/2025 1:00:00 PM,RFC,WEST,ATSI,OE,8101.985,True
12/5/2025 7:00:00 PM,12/5/2025 2:00:00 PM,RFC,WEST,ATSI,OE,8009.222,True
12/5/2025 8:00:00 PM,12/5/2025 3:00:00 PM,RFC,WEST,ATSI,OE,7878.478,True
12/5/2025 9:00:00 PM,12/5/2025 4:00:00 PM,RFC,WEST,ATSI,OE,8017.392,True
12/5/2025 10:00:00 PM,12/5/2025 5:00:00 PM,RFC,WEST,ATSI,OE,8272.001,True
12/5/2025 11:00:00 PM,12/5/2025 6:00:00 PM,RFC,WEST,ATSI,OE,8320.878,True
12/6/2025 12:00:00 AM,12/5/2025 7:00:00 PM,RFC,WEST,ATSI,OE,8205.344,True
12/6/2025 1:00:00 AM,12/5/2025 8:00:00 PM,RFC,WEST,ATSI,OE,8077.437,True
12/6/2025 2:00:00 AM,12/5/2025 9:00:00 PM,RFC,WEST,ATSI,OE,7977.768,True
12/6/2025 3:00:00 AM,12/5/2025 10:00:00 PM,RFC,WEST,ATSI,OE,7641.853,True
12/6/2025 4:00:00 AM,12/5/2025 11:00:00 PM,RFC,WEST,ATSI,OE,7323.810,True
12/6/2025 5:00:00 AM,12/6/2025 12:00:00 AM,RFC,WEST,ATSI,OE,7058.104,True
12/6/2025 6:00:00 AM,12/6/2025 1:00:00 AM,RFC,WEST,ATSI,OE,6930.521,True
12/6/2025 7:00:00 AM,12/6/2025 2:00:00 AM,RFC,WEST,ATSI,OE,6866.630,True
12/6/2025 8:00:00 AM,12/6/2025 3:00:00 AM,RFC,WEST,ATSI,OE,6761.768,True
12/6/2025 9:00:00 AM,12/6/2025 4:00:00 AM,RFC,WEST,ATSI,OE,6696.833,True
12/6/2025 10:00:00 AM,12/6/2025 5:00:00 AM,RFC,WEST,ATSI,OE,6961.763,True
12/6/2025 11:00:00 AM,12/6/2025 6:00:00 AM,RFC,WEST,ATSI,OE,7123.718,True
12/6/2025 12:00:00 PM,12/6/2025 7:00:00 AM,RFC,WEST,ATSI,OE,7382.206,True
12/6/2025 1:00:00 PM,12/6/2025 8:00:00 AM,RFC,WEST,ATSI,OE,7555.585,True
12/6/2025 2:00:00 PM,12/6/2025 9:00:00 AM,RFC,WEST,ATSI,OE,7653.618,True
12/6/2025 3:00:00 PM,12/6/2025 10:00:00 AM,RFC,WEST,ATSI,OE,7671.869,True
12/6/2025 4:00:00 PM,12/6/2025 11:00:00 AM,RFC,WEST,ATSI,OE,7601.473,True
12/6/2025 5:00:00 PM,12/6/2025 12:00:00 PM,RFC,WEST,ATSI,OE,7631.969,True
12/6/2025 6:00:00 PM,12/6/2025 1:00:00 PM,RFC,WEST,ATSI,OE,7597.946,True
12/6/2025 7:00:00 PM,12/6/2025 2:00:00 PM,RFC,WEST,ATSI,OE,7549.985,True
12/6/2025 8:00:00 PM,12/6/2025 3:00:00 PM,RFC,WEST,ATSI,OE,7550.001,True
12/6/2025 9:00:00 PM,12/6/2025 4:00:00 PM,RFC,WEST,ATSI,OE,7567.170,True
12/6/2025 10:00:00 PM,12/6/2025 5:00:00 PM,RFC,WEST,ATSI,OE,7789.002,True
12/6/2025 11:00:00 PM,12/6/2025 6:00:00 PM,RFC,WEST,ATSI,OE,7742.075,True
12/7/2025 12:00:00 AM,12/6/2025 7:00:00 PM,RFC,WEST,ATSI,OE,7620.550,True
12/7/2025 1:00:00 AM,12/6/2025 8:00:00 PM,RFC,WEST,ATSI,OE,7431.743,True
12/7/2025 2:00:00 AM,12/6/2025 9:00:00 PM,RFC,WEST,ATSI,OE,7299.853,True
12/7/2025 3:00:00 AM,12/6/2025 10:00:00 PM,RFC,WEST,ATSI,OE,7086.221,True
12/7/2025 4:00:00 AM,12/6/2025 11:00:00 PM,RFC,WEST,ATSI,OE,6830.129,True
12/7/2025 5:00:00 AM,12/7/2025 12:00:00 AM,RFC,WEST,ATSI,OE,6699.377,True
12/7/2025 6:00:00 AM,12/7/2025 1:00:00 AM,RFC,WEST,ATSI,OE,6468.020,True
12/7/2025 7:00:00 AM,12/7/2025 2:00:00 AM,RFC,WEST,ATSI,OE,6329.038,True
12/7/2025 8:00:00 AM,12/7/2025 3:00:00 AM,RFC,WEST,ATSI,OE,6266.024,True
12/7/2025 9:00:00 AM,12/7/2025 4:00:00 AM,RFC,WEST,ATSI,OE,6302.617,True
12/7/2025 10:00:00 AM,12/7/2025 5:00:00 AM,RFC,WEST,ATSI,OE,6382.210,True
12/7/2025 11:00:00 AM,12/7/2025 6:00:00 AM,RFC,WEST,ATSI,OE,6518.117,True
12/7/2025 12:00:00 PM,12/7/2025 7:00:00 AM,RFC,WEST,ATSI,OE,6666.148,True
12/7/2025 1:00:00 PM,12/7/2025 8:00:00 AM,RFC,WEST,ATSI,OE,6956.881,True
12/7/2025 2:00:00 PM,12/7/2025 9:00:00 AM,RFC,WEST,ATSI,OE,7112.850,True
12/7/2025 3:00:00 PM,12/7/2025 10:00:00 AM,RFC,WEST,ATSI,OE,7124.361,True
12/7/2025 4:00:00 PM,12/7/2025 11:00:00 AM,RFC,WEST,ATSI,OE,7186.007,True
12/7/2025 5:00:00 PM,12/7/2025 12:00:00 PM,RFC,WEST,ATSI,OE,7309.594,True
12/7/2025 6:00:00 PM,12/7/2025 1:00:00 PM,RFC,WEST,ATSI,OE,7355.031,True
12/7/2025 7:00:00 PM,12/7/2025 2:00:00 PM,RFC,WEST,ATSI,OE,7390.917,True
12/7/2025 8:00:00 PM,12/7/2025 3:00:00 PM,RFC,WEST,ATSI,OE,7433.673,True
12/7/2025 9:00:00 PM,12/7/2025 4:00:00 PM,RFC,WEST,ATSI,OE,7633.532,True
12/7/2025 10:00:00 PM,12/7/2025 5:00:00 PM,RFC,WEST,ATSI,OE,7905.113,True
12/7/2025 11:00:00 PM,12/7/2025 6:00:00 PM,RFC,WEST,ATSI,OE,7950.872,True
12/8/2025 12:00:00 AM,12/7/2025 7:00:00 PM,RFC,WEST,ATSI,OE,7937.128,True
12/8/2025 1:00:00 AM,12/7/2025 8:00:00 PM,RFC,WEST,ATSI,OE,7799.391,True
12/8/2025 2:00:00 AM,12/7/2025 9:00:00 PM,RFC,WEST,ATSI,OE,7720.951,True
12/8/2025 3:00:00 AM,12/7/2025 10:00:00 PM,RFC,WEST,ATSI,OE,7423.317,True
12/8/2025 4:00:00 AM,12/7/2025 11:00:00 PM,RFC,WEST,ATSI,OE,7149.887,True
12/8/2025 5:00:00 AM,12/8/2025 12:00:00 AM,RFC,WEST,ATSI,OE,6990.283,True
12/8/2025 6:00:00 AM,12/8/2025 1:00:00 AM,RFC,WEST,ATSI,OE,6899.279,True
12/8/2025 7:00:00 AM,12/8/2025 2:00:00 AM,RFC,WEST,ATSI,OE,6894.019,True
12/8/2025 8:00:00 AM,12/8/2025 3:00:00 AM,RFC,WEST,ATSI,OE,6915.392,True
12/8/2025 9:00:00 AM,12/8/2025 4:00:00 AM,RFC,WEST,ATSI,OE,7068.236,True
12/8/2025 10:00:00 AM,12/8/2025 5:00:00 AM,RFC,WEST,ATSI,OE,7417.092,True
12/8/2025 11:00:00 AM,12/8/2025 6:00:00 AM,RFC,WEST,ATSI,OE,7930.510,True
12/8/2025 12:00:00 PM,12/8/2025 7:00:00 AM,RFC,WEST,ATSI,OE,8444.867,True
12/8/2025 1:00:00 PM,12/8/2025 8:00:00 AM,RFC,WEST,ATSI,OE,8476.422,True
12/8/2025 2:00:00 PM,12/8/2025 9:00:00 AM,RFC,WEST,ATSI,OE,8463.583,True
12/8/2025 3:00:00 PM,12/8/2025 10:00:00 AM,RFC,WEST,ATSI,OE,8410.832,True
12/8/2025 4:00:00 PM,12/8/2025 11:00:00 AM,RFC,WEST,ATSI,OE,8343.804,True
12/8/2025 5:00:00 PM,12/8/2025 12:00:00 PM,RFC,WEST,ATSI,OE,8257.552,True
12/8/2025 6:00:00 PM,12/8/2025 1:00:00 PM,RFC,WEST,ATSI,OE,8203.766,True
12/8/2025 7:00:00 PM,12/8/2025 2:00:00 PM,RFC,WEST,ATSI,OE,8160.256,True
12/8/2025 8:00:00 PM,12/8/2025 3:00:00 PM,RFC,WEST,ATSI,OE,8154.878,True
12/8/2025 9:00:00 PM,12/8/2025 4:00:00 PM,RFC,WEST,ATSI,OE,8303.741,True
12/8/2025 10:00:00 PM,12/8/2025 5:00:00 PM,RFC,WEST,ATSI,OE,8606.053,True
12/8/2025 11:00:00 PM,12/8/2025 6:00:00 PM,RFC,WEST,ATSI,OE,8695.518,True
12/9/2025 12:00:00 AM,12/8/2025 7:00:00 PM,RFC,WEST,ATSI,OE,8625.902,True
12/9/2025 1:00:00 AM,12/8/2025 8:00:00 PM,RFC,WEST,ATSI,OE,8584.743,True
12/9/2025 2:00:00 AM,12/8/2025 9:00:00 PM,RFC,WEST,ATSI,OE,8400.199,True
12/9/2025 3:00:00 AM,12/8/2025 10:00:00 PM,RFC,WEST,ATSI,OE,8073.749,True
12/9/2025 4:00:00 AM,12/8/2025 11:00:00 PM,RFC,WEST,ATSI,OE,7839.646,True
12/9/2025 5:00:00 AM,12/9/2025 12:00:00 AM,RFC,WEST,ATSI,OE,7540.924,True
12/9/2025 6:00:00 AM,12/9/2025 1:00:00 AM,RFC,WEST,ATSI,OE,7409.237,True
12/9/2025 7:00:00 AM,12/9/2025 2:00:00 AM,RFC,WEST,ATSI,OE,7376.620,True
12/9/2025 8:00:00 AM,12/9/2025 3:00:00 AM,RFC,WEST,ATSI,OE,7428.703,True
12/9/2025 9:00:00 AM,12/9/2025 4:00:00 AM,RFC,WEST,ATSI,OE,7412.003,True
12/9/2025 10:00:00 AM,12/9/2025 5:00:00 AM,RFC,WEST,ATSI,OE,7736.263,True
12/9/2025 11:00:00 AM,12/9/2025 6:00:00 AM,RFC,WEST,ATSI,OE,8301.427,True
12/9/2025 12:00:00 PM,12/9/2025 7:00:00 AM,RFC,WEST,ATSI,OE,8690.063,True
12/9/2025 1:00:00 PM,12/9/2025 8:00:00 AM,RFC,WEST,ATSI,OE,8745.470,True
12/9/2025 2:00:00 PM,12/9/2025 9:00:00 AM,RFC,WEST,ATSI,OE,8751.369,True
12/9/2025 3:00:00 PM,12/9/2025 10:00:00 AM,RFC,WEST,ATSI,OE,8794.349,True
12/9/2025 4:00:00 PM,12/9/2025 11:00:00 AM,RFC,WEST,ATSI,OE,8742.657,True
12/9/2025 5:00:00 PM,12/9/2025 12:00:00 PM,RFC,WEST,ATSI,OE,8575.974,True
12/9/2025 6:00:00 PM,12/9/2025 1:00:00 PM,RFC,WEST,ATSI,OE,8541.564,True
12/9/2025 7:00:00 PM,12/9/2025 2:00:00 PM,RFC,WEST,ATSI,OE,8451.266,True
12/9/2025 8:00:00 PM,12/9/2025 3:00:00 PM,RFC,WEST,ATSI,OE,8292.069,True
12/9/2025 9:00:00 PM,12/9/2025 4:00:00 PM,RFC,WEST,ATSI,OE,8339.595,True
12/9/2025 10:00:00 PM,12/9/2025 5:00:00 PM,RFC,WEST,ATSI,OE,8555.159,True
12/9/2025 11:00:00 PM,12/9/2025 6:00:00 PM,RFC,WEST,ATSI,OE,8500.008,True
12/10/2025 12:00:00 AM,12/9/2025 7:00:00 PM,RFC,WEST,ATSI,OE,8385.363,True
12/10/2025 1:00:00 AM,12/9/2025 8:00:00 PM,RFC,WEST,ATSI,OE,8178.501,True
12/10/2025 2:00:00 AM,12/9/2025 9:00:00 PM,RFC,WEST,ATSI,OE,7986.296,True
12/10/2025 3:00:00 AM,12/9/2025 10:00:00 PM,RFC,WEST,ATSI,OE,7594.271,True
12/10/2025 4:00:00 AM,12/9/2025 11:00:00 PM,RFC,WEST,ATSI,OE,7236.838,True
12/10/2025 5:00:00 AM,12/10/2025 12:00:00 AM,RFC,WEST,ATSI,OE,7032.053,True
12/10/2025 6:00:00 AM,12/10/2025 1:00:00 AM,RFC,WEST,ATSI,OE,6941.026,True
12/10/2025 7:00:00 AM,12/10/2025 2:00:00 AM,RFC,WEST,ATSI,OE,6833.557,True
12/10/2025 8:00:00 AM,12/10/2025 3:00:00 AM,RFC,WEST,ATSI,OE,6779.168,True
12/10/2025 9:00:00 AM,12/10/2025 4:00:00 AM,RFC,WEST,ATSI,OE,6956.253,True
12/10/2025 10:00:00 AM,12/10/2025 5:00:00 AM,RFC,WEST,ATSI,OE,7226.379,True
12/10/2025 11:00:00 AM,12/10/2025 6:00:00 AM,RFC,WEST,ATSI,OE,7679.066,True
12/10/2025 12:00:00 PM,12/10/2025 7:00:00 AM,RFC,WEST,ATSI,OE,8089.343,True
12/10/2025 1:00:00 PM,12/10/2025 8:00:00 AM,RFC,WEST,ATSI,OE,8191.560,True
12/10/2025 2:00:00 PM,12/10/2025 9:00:00 AM,RFC,WEST,ATSI,OE,8260.380,True
12/10/2025 3:00:00 PM,12/10/2025 10:00:00 AM,RFC,WEST,ATSI,OE,8353.668,True
12/10/2025 4:00:00 PM,12/10/2025 11:00:00 AM,RFC,WEST,ATSI,OE,8405.565,True
12/10/2025 5:00:00 PM,12/10/2025 12:00:00 PM,RFC,WEST,ATSI,OE,8335.424,True
12/10/2025 6:00:00 PM,12/10/2025 1:00:00 PM,RFC,WEST,ATSI,OE,8344.391,True
12/10/2025 7:00:00 PM,12/10/2025 2:00:00 PM,RFC,WEST,ATSI,OE,8257.151,True
12/10/2025 8:00:00 PM,12/10/2025 3:00:00 PM,RFC,WEST,ATSI,OE,8226.496,True
12/10/2025 9:00:00 PM,12/10/2025 4:00:00 PM,RFC,WEST,ATSI,OE,8307.293,True
12/10/2025 10:00:00 PM,12/10/2025 5:00:00 PM,RFC,WEST,ATSI,OE,8540.341,True
12/10/2025 11:00:00 PM,12/10/2025 6:00:00 PM,RFC,WEST,ATSI,OE,8569.118,True
12/11/2025 12:00:00 AM,12/10/2025 7:00:00 PM,RFC,WEST,ATSI,OE,8526.929,True
12/11/2025 1:00:00 AM,12/10/2025 8:00:00 PM,RFC,WEST,ATSI,OE,8253.294,True
12/11/2025 2:00:00 AM,12/10/2025 9:00:00 PM,RFC,WEST,ATSI,OE,8135.661,True
12/11/2025 3:00:00 AM,12/10/2025 10:00:00 PM,RFC,WEST,ATSI,OE,7823.794,True
12/11/2025 4:00:00 AM,12/10/2025 11:00:00 PM,RFC,WEST,ATSI,OE,7483.504,True
12/11/2025 5:00:00 AM,12/11/2025 12:00:00 AM,RFC,WEST,ATSI,OE,7251.095,True
12/11/2025 6:00:00 AM,12/11/2025 1:00:00 AM,RFC,WEST,ATSI,OE,7132.309,True
12/11/2025 7:00:00 AM,12/11/2025 2:00:00 AM,RFC,WEST,ATSI,OE,7068.806,True
12/11/2025 8:00:00 AM,12/11/2025 3:00:00 AM,RFC,WEST,ATSI,OE,7139.325,True
12/11/2025 9:00:00 AM,12/11/2025 4:00:00 AM,RFC,WEST,ATSI,OE,7162.909,True
12/11/2025 10:00:00 AM,12/11/2025 5:00:00 AM,RFC,WEST,ATSI,OE,7472.804,True
12/11/2025 11:00:00 AM,12/11/2025 6:00:00 AM,RFC,WEST,ATSI,OE,7915.514,True
12/11/2025 12:00:00 PM,12/11/2025 7:00:00 AM,RFC,WEST,ATSI,OE,8280.002,True
12/11/2025 1:00:00 PM,12/11/2025 8:00:00 AM,RFC,WEST,ATSI,OE,8355.840,True
12/11/2025 2:00:00 PM,12/11/2025 9:00:00 AM,RFC,WEST,ATSI,OE,8430.176,True
12/11/2025 3:00:00 PM,12/11/2025 10:00:00 AM,RFC,WEST,ATSI,OE,8419.335,True
12/11/2025 4:00:00 PM,12/11/2025 11:00:00 AM,RFC,WEST,ATSI,OE,8379.480,True
12/11/2025 5:00:00 PM,12/11/2025 12:00:00 PM,RFC,WEST,ATSI,OE,8398.255,True
12/11/2025 6:00:00 PM,12/11/2025 1:00:00 PM,RFC,WEST,ATSI,OE,8415.791,True
12/11/2025 7:00:00 PM,12/11/2025 2:00:00 PM,RFC,WEST,ATSI,OE,8335.739,True
12/11/2025 8:00:00 PM,12/11/2025 3:00:00 PM,RFC,WEST,ATSI,OE,8226.483,True
12/11/2025 9:00:00 PM,12/11/2025 4:00:00 PM,RFC,WEST,ATSI,OE,8357.537,True
12/11/2025 10:00:00 PM,12/11/2025 5:00:00 PM,RFC,WEST,ATSI,OE,8565.468,True
12/11/2025 11:00:00 PM,12/11/2025 6:00:00 PM,RFC,WEST,ATSI,OE,8530.444,True
12/12/2025 12:00:00 AM,12/11/2025 7:00:00 PM,RFC,WEST,ATSI,OE,8457.952,True
12/12/2025 1:00:00 AM,12/11/2025 8:00:00 PM,RFC,WEST,ATSI,OE,8357.139,True
12/12/2025 2:00:00 AM,12/11/2025 9:00:00 PM,RFC,WEST,ATSI,OE,8159.444,True
12/12/2025 3:00:00 AM,12/11/2025 10:00:00 PM,RFC,WEST,ATSI,OE,7810.940,True
12/12/2025 4:00:00 AM,12/11/2025 11:00:00 PM,RFC,WEST,ATSI,OE,7523.838,True
12/12/2025 5:00:00 AM,12/12/2025 12:00:00 AM,RFC,WEST,ATSI,OE,7249.737,True
12/12/2025 6:00:00 AM,12/12/2025 1:00:00 AM,RFC,WEST,ATSI,OE,7043.613,True
12/12/2025 7:00:00 AM,12/12/2025 2:00:00 AM,RFC,WEST,ATSI,OE,7003.670,True
12/12/2025 8:00:00 AM,12/12/2025 3:00:00 AM,RFC,WEST,ATSI,OE,6938.188,True
12/12/2025 9:00:00 AM,12/12/2025 4:00:00 AM,RFC,WEST,ATSI,OE,7118.975,True
12/12/2025 10:00:00 AM,12/12/2025 5:00:00 AM,RFC,WEST,ATSI,OE,7373.531,True
12/12/2025 11:00:00 AM,12/12/2025 6:00:00 AM,RFC,WEST,ATSI,OE,7817.731,True
12/12/2025 12:00:00 PM,12/12/2025 7:00:00 AM,RFC,WEST,ATSI,OE,8219.439,True
12/12/2025 1:00:00 PM,12/12/2025 8:00:00 AM,RFC,WEST,ATSI,OE,8314.188,True
12/12/2025 2:00:00 PM,12/12/2025 9:00:00 AM,RFC,WEST,ATSI,OE,8301.874,True
12/12/2025 3:00:00 PM,12/12/2025 10:00:00 AM,RFC,WEST,ATSI,OE,8257.684,True
12/12/2025 4:00:00 PM,12/12/2025 11:00:00 AM,RFC,WEST,ATSI,OE,8175.004,True
12/12/2025 5:00:00 PM,12/12/2025 12:00:00 PM,RFC,WEST,ATSI,OE,8061.033,True
12/12/2025 6:00:00 PM,12/12/2025 1:00:00 PM,RFC,WEST,ATSI,OE,8034.770,True
12/12/2025 7:00:00 PM,12/12/2025 2:00:00 PM,RFC,WEST,ATSI,OE,7963.185,True
12/12/2025 8:00:00 PM,12/12/2025 3:00:00 PM,RFC,WEST,ATSI,OE,7834.052,True
12/12/2025 9:00:00 PM,12/12/2025 4:00:00 PM,RFC,WEST,ATSI,OE,7985.780,True
12/12/2025 10:00:00 PM,12/12/2025 5:00:00 PM,RFC,WEST,ATSI,OE,8207.619,True
12/12/2025 11:00:00 PM,12/12/2025 6:00:00 PM,RFC,WEST,ATSI,OE,8225.564,True
12/13/2025 12:00:00 AM,12/12/2025 7:00:00 PM,RFC,WEST,ATSI,OE,8125.727,True
12/13/2025 1:00:00 AM,12/12/2025 8:00:00 PM,RFC,WEST,ATSI,OE,8099.376,True
12/13/2025 2:00:00 AM,12/12/2025 9:00:00 PM,RFC,WEST,ATSI,OE,7899.186,True
12/13/2025 3:00:00 AM,12/12/2025 10:00:00 PM,RFC,WEST,ATSI,OE,7577.774,True
12/13/2025 4:00:00 AM,12/12/2025 11:00:00 PM,RFC,WEST,ATSI,OE,7260.827,True
12/13/2025 5:00:00 AM,12/13/2025 12:00:00 AM,RFC,WEST,ATSI,OE,7021.229,True
12/13/2025 6:00:00 AM,12/13/2025 1:00:00 AM,RFC,WEST,ATSI,OE,6871.306,True
12/13/2025 7:00:00 AM,12/13/2025 2:00:00 AM,RFC,WEST,ATSI,OE,6775.704,True
12/13/2025 8:00:00 AM,12/13/2025 3:00:00 AM,RFC,WEST,ATSI,OE,6731.286,True
12/13/2025 9:00:00 AM,12/13/2025 4:00:00 AM,RFC,WEST,ATSI,OE,6743.029,True
12/13/2025 10:00:00 AM,12/13/2025 5:00:00 AM,RFC,WEST,ATSI,OE,6902.736,True
12/13/2025 11:00:00 AM,12/13/2025 6:00:00 AM,RFC,WEST,ATSI,OE,7100.992,True
12/13/2025 12:00:00 PM,12/13/2025 7:00:00 AM,RFC,WEST,ATSI,OE,7278.886,True
12/13/2025 1:00:00 PM,12/13/2025 8:00:00 AM,RFC,WEST,ATSI,OE,7518.148,True
12/13/2025 2:00:00 PM,12/13/2025 9:00:00 AM,RFC,WEST,ATSI,OE,7722.438,True
12/13/2025 3:00:00 PM,12/13/2025 10:00:00 AM,RFC,WEST,ATSI,OE,7811.148,True
12/13/2025 4:00:00 PM,12/13/2025 11:00:00 AM,RFC,WEST,ATSI,OE,7838.885,True
12/13/2025 5:00:00 PM,12/13/2025 12:00:00 PM,RFC,WEST,ATSI,OE,7820.651,True
12/13/2025 6:00:00 PM,12/13/2025 1:00:00 PM,RFC,WEST,ATSI,OE,7871.161,True
12/13/2025 7:00:00 PM,12/13/2025 2:00:00 PM,RFC,WEST,ATSI,OE,7866.395,True
12/13/2025 8:00:00 PM,12/13/2025 3:00:00 PM,RFC,WEST,ATSI,OE,7882.487,True
12/13/2025 9:00:00 PM,12/13/2025 4:00:00 PM,RFC,WEST,ATSI,OE,7972.197,True
12/13/2025 10:00:00 PM,12/13/2025 5:00:00 PM,RFC,WEST,ATSI,OE,8175.190,True
12/13/2025 11:00:00 PM,12/13/2025 6:00:00 PM,RFC,WEST,ATSI,OE,8229.992,True
12/14/2025 12:00:00 AM,12/13/2025 7:00:00 PM,RFC,WEST,ATSI,OE,8166.433,True
12/14/2025 1:00:00 AM,12/13/2025 8:00:00 PM,RFC,WEST,ATSI,OE,8069.444,True
12/14/2025 2:00:00 AM,12/13/2025 9:00:00 PM,RFC,WEST,ATSI,OE,7888.634,True
12/14/2025 3:00:00 AM,12/13/2025 10:00:00 PM,RFC,WEST,ATSI,OE,7686.047,True
12/14/2025 4:00:00 AM,12/13/2025 11:00:00 PM,RFC,WEST,ATSI,OE,7391.834,True
12/14/2025 5:00:00 AM,12/14/2025 12:00:00 AM,RFC,WEST,ATSI,OE,7168.544,True
12/14/2025 6:00:00 AM,12/14/2025 1:00:00 AM,RFC,WEST,ATSI,OE,7051.316,True
12/14/2025 7:00:00 AM,12/14/2025 2:00:00 AM,RFC,WEST,ATSI,OE,7045.961,True
12/14/2025 8:00:00 AM,12/14/2025 3:00:00 AM,RFC,WEST,ATSI,OE,7076.819,True
12/14/2025 9:00:00 AM,12/14/2025 4:00:00 AM,RFC,WEST,ATSI,OE,7086.078,True
12/14/2025 10:00:00 AM,12/14/2025 5:00:00 AM,RFC,WEST,ATSI,OE,7215.603,True
12/14/2025 11:00:00 AM,12/14/2025 6:00:00 AM,RFC,WEST,ATSI,OE,7354.012,True
12/14/2025 12:00:00 PM,12/14/2025 7:00:00 AM,RFC,WEST,ATSI,OE,7678.556,True
12/14/2025 1:00:00 PM,12/14/2025 8:00:00 AM,RFC,WEST,ATSI,OE,7906.853,True
12/14/2025 2:00:00 PM,12/14/2025 9:00:00 AM,RFC,WEST,ATSI,OE,8048.844,True
12/14/2025 3:00:00 PM,12/14/2025 10:00:00 AM,RFC,WEST,ATSI,OE,8132.788,True
12/14/2025 4:00:00 PM,12/14/2025 11:00:00 AM,RFC,WEST,ATSI,OE,8194.185,True
12/14/2025 5:00:00 PM,12/14/2025 12:00:00 PM,RFC,WEST,ATSI,OE,8228.988,True
12/14/2025 6:00:00 PM,12/14/2025 1:00:00 PM,RFC,WEST,ATSI,OE,8198.059,True
12/14/2025 7:00:00 PM,12/14/2025 2:00:00 PM,RFC,WEST,ATSI,OE,8178.910,True
12/14/2025 8:00:00 PM,12/14/2025 3:00:00 PM,RFC,WEST,ATSI,OE,8307.010,True
12/14/2025 9:00:00 PM,12/14/2025 4:00:00 PM,RFC,WEST,ATSI,OE,8543.271,True
12/14/2025 10:00:00 PM,12/14/2025 5:00:00 PM,RFC,WEST,ATSI,OE,8772.839,True
12/14/2025 11:00:00 PM,12/14/2025 6:00:00 PM,RFC,WEST,ATSI,OE,8848.711,True
12/15/2025 12:00:00 AM,12/14/2025 7:00:00 PM,RFC,WEST,ATSI,OE,8722.632,True
12/15/2025 1:00:00 AM,12/14/2025 8:00:00 PM,RFC,WEST,ATSI,OE,8580.228,True
12/15/2025 2:00:00 AM,12/14/2025 9:00:00 PM,RFC,WEST,ATSI,OE,8256.989,True
12/15/2025 3:00:00 AM,12/14/2025 10:00:00 PM,RFC,WEST,ATSI,OE,8054.271,True
12/15/2025 4:00:00 AM,12/14/2025 11:00:00 PM,RFC,WEST,ATSI,OE,7835.216,True
12/15/2025 5:00:00 AM,12/15/2025 12:00:00 AM,RFC,WEST,ATSI,OE,7653.569,True
12/15/2025 6:00:00 AM,12/15/2025 1:00:00 AM,RFC,WEST,ATSI,OE,7644.898,True
12/15/2025 7:00:00 AM,12/15/2025 2:00:00 AM,RFC,WEST,ATSI,OE,7580.466,True
12/15/2025 8:00:00 AM,12/15/2025 3:00:00 AM,RFC,WEST,ATSI,OE,7576.299,True
12/15/2025 9:00:00 AM,12/15/2025 4:00:00 AM,RFC,WEST,ATSI,OE,7716.478,True
12/15/2025 10:00:00 AM,12/15/2025 5:00:00 AM,RFC,WEST,ATSI,OE,7995.234,True
12/15/2025 11:00:00 AM,12/15/2025 6:00:00 AM,RFC,WEST,ATSI,OE,8499.391,True
12/15/2025 12:00:00 PM,12/15/2025 7:00:00 AM,RFC,WEST,ATSI,OE,8947.988,True
12/15/2025 1:00:00 PM,12/15/2025 8:00:00 AM,RFC,WEST,ATSI,OE,9148.196,True
12/15/2025 2:00:00 PM,12/15/2025 9:00:00 AM,RFC,WEST,ATSI,OE,9219.102,True
12/15/2025 3:00:00 PM,12/15/2025 10:00:00 AM,RFC,WEST,ATSI,OE,9235.516,True
12/15/2025 4:00:00 PM,12/15/2025 11:00:00 AM,RFC,WEST,ATSI,OE,9214.608,True
12/15/2025 5:00:00 PM,12/15/2025 12:00:00 PM,RFC,WEST,ATSI,OE,9228.654,True
12/15/2025 6:00:00 PM,12/15/2025 1:00:00 PM,RFC,WEST,ATSI,OE,9115.432,True
12/15/2025 7:00:00 PM,12/15/2025 2:00:00 PM,RFC,WEST,ATSI,OE,8997.776,True
12/15/2025 8:00:00 PM,12/15/2025 3:00:00 PM,RFC,WEST,ATSI,OE,9004.018,True
12/15/2025 9:00:00 PM,12/15/2025 4:00:00 PM,RFC,WEST,ATSI,OE,9052.279,True
12/15/2025 10:00:00 PM,12/15/2025 5:00:00 PM,RFC,WEST,ATSI,OE,9305.071,True
12/15/2025 11:00:00 PM,12/15/2025 6:00:00 PM,RFC,WEST,ATSI,OE,9282.461,True
12/16/2025 12:00:00 AM,12/15/2025 7:00:00 PM,RFC,WEST,ATSI,OE,9141.363,True
12/16/2025 1:00:00 AM,12/15/2025 8:00:00 PM,RFC,WEST,ATSI,OE,8955.827,True
12/16/2025 2:00:00 AM,12/15/2025 9:00:00 PM,RFC,WEST,ATSI,OE,8739.496,True
12/16/2025 3:00:00 AM,12/15/2025 10:00:00 PM,RFC,WEST,ATSI,OE,8363.765,True
12/16/2025 4:00:00 AM,12/15/2025 11:00:00 PM,RFC,WEST,ATSI,OE,8040.061,True
12/16/2025 5:00:00 AM,12/16/2025 12:00:00 AM,RFC,WEST,ATSI,OE,7731.713,True
12/16/2025 6:00:00 AM,12/16/2025 1:00:00 AM,RFC,WEST,ATSI,OE,7681.402,True
12/16/2025 7:00:00 AM,12/16/2025 2:00:00 AM,RFC,WEST,ATSI,OE,7488.247,True
12/16/2025 8:00:00 AM,12/16/2025 3:00:00 AM,RFC,WEST,ATSI,OE,7613.394,True
12/16/2025 9:00:00 AM,12/16/2025 4:00:00 AM,RFC,WEST,ATSI,OE,7761.875,True
12/16/2025 10:00:00 AM,12/16/2025 5:00:00 AM,RFC,WEST,ATSI,OE,7975.804,True
12/16/2025 11:00:00 AM,12/16/2025 6:00:00 AM,RFC,WEST,ATSI,OE,8521.641,True
12/16/2025 12:00:00 PM,12/16/2025 7:00:00 AM,RFC,WEST,ATSI,OE,8956.673,True
12/16/2025 1:00:00 PM,12/16/2025 8:00:00 AM,RFC,WEST,ATSI,OE,8982.597,True
12/16/2025 2:00:00 PM,12/16/2025 9:00:00 AM,RFC,WEST,ATSI,OE,8872.729,True
12/16/2025 3:00:00 PM,12/16/2025 10:00:00 AM,RFC,WEST,ATSI,OE,8772.815,True
12/16/2025 4:00:00 PM,12/16/2025 11:00:00 AM,RFC,WEST,ATSI,OE,8573.689,True
12/16/2025 5:00:00 PM,12/16/2025 12:00:00 PM,RFC,WEST,ATSI,OE,8418.185,True
12/16/2025 6:00:00 PM,12/16/2025 1:00:00 PM,RFC,WEST,ATSI,OE,8321.067,True
12/16/2025 7:00:00 PM,12/16/2025 2:00:00 PM,RFC,WEST,ATSI,OE,8196.880,True
12/16/2025 8:00:00 PM,12/16/2025 3:00:00 PM,RFC,WEST,ATSI,OE,8161.087,True
12/16/2025 9:00:00 PM,12/16/2025 4:00:00 PM,RFC,WEST,ATSI,OE,8292.725,True
12/16/2025 10:00:00 PM,12/16/2025 5:00:00 PM,RFC,WEST,ATSI,OE,8555.094,True
12/16/2025 11:00:00 PM,12/16/2025 6:00:00 PM,RFC,WEST,ATSI,OE,8551.909,True
12/17/2025 12:00:00 AM,12/16/2025 7:00:00 PM,RFC,WEST,ATSI,OE,8469.800,True
12/17/2025 1:00:00 AM,12/16/2025 8:00:00 PM,RFC,WEST,ATSI,OE,8304.806,True
12/17/2025 2:00:00 AM,12/16/2025 9:00:00 PM,RFC,WEST,ATSI,OE,8136.529,True
12/17/2025 3:00:00 AM,12/16/2025 10:00:00 PM,RFC,WEST,ATSI,OE,7749.419,True
12/17/2025 4:00:00 AM,12/16/2025 11:00:00 PM,RFC,WEST,ATSI,OE,7388.182,True
12/17/2025 5:00:00 AM,12/17/2025 12:00:00 AM,RFC,WEST,ATSI,OE,7118.349,True
12/17/2025 6:00:00 AM,12/17/2025 1:00:00 AM,RFC,WEST,ATSI,OE,6940.641,True
12/17/2025 7:00:00 AM,12/17/2025 2:00:00 AM,RFC,WEST,ATSI,OE,6775.570,True
12/17/2025 8:00:00 AM,12/17/2025 3:00:00 AM,RFC,WEST,ATSI,OE,6660.237,True
12/17/2025 9:00:00 AM,12/17/2025 4:00:00 AM,RFC,WEST,ATSI,OE,6758.058,True
12/17/2025 10:00:00 AM,12/17/2025 5:00:00 AM,RFC,WEST,ATSI,OE,6975.652,True
12/17/2025 11:00:00 AM,12/17/2025 6:00:00 AM,RFC,WEST,ATSI,OE,7494.704,True
12/17/2025 12:00:00 PM,12/17/2025 7:00:00 AM,RFC,WEST,ATSI,OE,7804.570,True
12/17/2025 1:00:00 PM,12/17/2025 8:00:00 AM,RFC,WEST,ATSI,OE,7831.451,True
12/17/2025 2:00:00 PM,12/17/2025 9:00:00 AM,RFC,WEST,ATSI,OE,7826.452,True
12/17/2025 3:00:00 PM,12/17/2025 10:00:00 AM,RFC,WEST,ATSI,OE,7742.292,True
12/17/2025 4:00:00 PM,12/17/2025 11:00:00 AM,RFC,WEST,ATSI,OE,7626.369,True
12/17/2025 5:00:00 PM,12/17/2025 12:00:00 PM,RFC,WEST,ATSI,OE,7575.422,True
12/17/2025 6:00:00 PM,12/17/2025 1:00:00 PM,RFC,WEST,ATSI,OE,7498.948,True
12/17/2025 7:00:00 PM,12/17/2025 2:00:00 PM,RFC,WEST,ATSI,OE,7433.411,True
12/17/2025 8:00:00 PM,12/17/2025 3:00:00 PM,RFC,WEST,ATSI,OE,7346.725,True
12/17/2025 9:00:00 PM,12/17/2025 4:00:00 PM,RFC,WEST,ATSI,OE,7430.484,True
12/17/2025 10:00:00 PM,12/17/2025 5:00:00 PM,RFC,WEST,ATSI,OE,7856.518,True
12/17/2025 11:00:00 PM,12/17/2025 6:00:00 PM,RFC,WEST,ATSI,OE,7912.362,True
12/18/2025 12:00:00 AM,12/17/2025 7:00:00 PM,RFC,WEST,ATSI,OE,7993.812,True
12/18/2025 1:00:00 AM,12/17/2025 8:00:00 PM,RFC,WEST,ATSI,OE,7963.907,True
12/18/2025 2:00:00 AM,12/17/2025 9:00:00 PM,RFC,WEST,ATSI,OE,7807.448,True
12/18/2025 3:00:00 AM,12/17/2025 10:00:00 PM,RFC,WEST,ATSI,OE,7520.143,True
12/18/2025 4:00:00 AM,12/17/2025 11:00:00 PM,RFC,WEST,ATSI,OE,7187.413,True
12/18/2025 5:00:00 AM,12/18/2025 12:00:00 AM,RFC,WEST,ATSI,OE,6968.093,True
12/18/2025 6:00:00 AM,12/18/2025 1:00:00 AM,RFC,WEST,ATSI,OE,6810.278,True
12/18/2025 7:00:00 AM,12/18/2025 2:00:00 AM,RFC,WEST,ATSI,OE,6785.439,True
12/18/2025 8:00:00 AM,12/18/2025 3:00:00 AM,RFC,WEST,ATSI,OE,6759.307,True
12/18/2025 9:00:00 AM,12/18/2025 4:00:00 AM,RFC,WEST,ATSI,OE,6904.900,True
12/18/2025 10:00:00 AM,12/18/2025 5:00:00 AM,RFC,WEST,ATSI,OE,7160.848,True
12/18/2025 11:00:00 AM,12/18/2025 6:00:00 AM,RFC,WEST,ATSI,OE,7584.292,True
12/18/2025 12:00:00 PM,12/18/2025 7:00:00 AM,RFC,WEST,ATSI,OE,7871.975,True
12/18/2025 1:00:00 PM,12/18/2025 8:00:00 AM,RFC,WEST,ATSI,OE,7907.420,True
12/18/2025 2:00:00 PM,12/18/2025 9:00:00 AM,RFC,WEST,ATSI,OE,7833.328,True
12/18/2025 3:00:00 PM,12/18/2025 10:00:00 AM,RFC,WEST,ATSI,OE,7680.519,True
12/18/2025 4:00:00 PM,12/18/2025 11:00:00 AM,RFC,WEST,ATSI,OE,7496.709,True
12/18/2025 5:00:00 PM,12/18/2025 12:00:00 PM,RFC,WEST,ATSI,OE,7488.054,True
12/18/2025 6:00:00 PM,12/18/2025 1:00:00 PM,RFC,WEST,ATSI,OE,7536.346,True
12/18/2025 7:00:00 PM,12/18/2025 2:00:00 PM,RFC,WEST,ATSI,OE,7411.912,True
12/18/2025 8:00:00 PM,12/18/2025 3:00:00 PM,RFC,WEST,ATSI,OE,7376.443,True
12/18/2025 9:00:00 PM,12/18/2025 4:00:00 PM,RFC,WEST,ATSI,OE,7427.120,True
12/18/2025 10:00:00 PM,12/18/2025 5:00:00 PM,RFC,WEST,ATSI,OE,7695.977,True
12/18/2025 11:00:00 PM,12/18/2025 6:00:00 PM,RFC,WEST,ATSI,OE,7635.979,True
12/19/2025 12:00:00 AM,12/18/2025 7:00:00 PM,RFC,WEST,ATSI,OE,7592.132,True
12/19/2025 1:00:00 AM,12/18/2025 8:00:00 PM,RFC,WEST,ATSI,OE,7464.188,True
12/19/2025 2:00:00 AM,12/18/2025 9:00:00 PM,RFC,WEST,ATSI,OE,7193.787,True
12/19/2025 3:00:00 AM,12/18/2025 10:00:00 PM,RFC,WEST,ATSI,OE,6896.111,True
12/19/2025 4:00:00 AM,12/18/2025 11:00:00 PM,RFC,WEST,ATSI,OE,6566.006,True
12/19/2025 5:00:00 AM,12/19/2025 12:00:00 AM,RFC,WEST,ATSI,OE,6363.721,True
12/19/2025 6:00:00 AM,12/19/2025 1:00:00 AM,RFC,WEST,ATSI,OE,6233.164,True
12/19/2025 7:00:00 AM,12/19/2025 2:00:00 AM,RFC,WEST,ATSI,OE,6189.467,True
12/19/2025 8:00:00 AM,12/19/2025 3:00:00 AM,RFC,WEST,ATSI,OE,6134.619,True
12/19/2025 9:00:00 AM,12/19/2025 4:00:00 AM,RFC,WEST,ATSI,OE,6358.515,True
12/19/2025 10:00:00 AM,12/19/2025 5:00:00 AM,RFC,WEST,ATSI,OE,6765.751,True
12/19/2025 11:00:00 AM,12/19/2025 6:00:00 AM,RFC,WEST,ATSI,OE,7240.353,True
12/19/2025 12:00:00 PM,12/19/2025 7:00:00 AM,RFC,WEST,ATSI,OE,7801.962,True
12/19/2025 1:00:00 PM,12/19/2025 8:00:00 AM,RFC,WEST,ATSI,OE,8122.881,True
12/19/2025 2:00:00 PM,12/19/2025 9:00:00 AM,RFC,WEST,ATSI,OE,8416.951,True
12/19/2025 3:00:00 PM,12/19/2025 10:00:00 AM,RFC,WEST,ATSI,OE,8584.323,True
12/19/2025 4:00:00 PM,12/19/2025 11:00:00 AM,RFC,WEST,ATSI,OE,8552.044,True
12/19/2025 5:00:00 PM,12/19/2025 12:00:00 PM,RFC,WEST,ATSI,OE,8639.290,True
12/19/2025 6:00:00 PM,12/19/2025 1:00:00 PM,RFC,WEST,ATSI,OE,8670.180,True
12/19/2025 7:00:00 PM,12/19/2025 2:00:00 PM,RFC,WEST,ATSI,OE,8642.871,True
12/19/2025 8:00:00 PM,12/19/2025 3:00:00 PM,RFC,WEST,ATSI,OE,8619.887,True
12/19/2025 9:00:00 PM,12/19/2025 4:00:00 PM,RFC,WEST,ATSI,OE,8656.700,True
12/19/2025 10:00:00 PM,12/19/2025 5:00:00 PM,RFC,WEST,ATSI,OE,8828.520,True
12/19/2025 11:00:00 PM,12/19/2025 6:00:00 PM,RFC,WEST,ATSI,OE,8745.715,True
12/20/2025 12:00:00 AM,12/19/2025 7:00:00 PM,RFC,WEST,ATSI,OE,8625.428,True
12/20/2025 1:00:00 AM,12/19/2025 8:00:00 PM,RFC,WEST,ATSI,OE,8511.132,True
12/20/2025 2:00:00 AM,12/19/2025 9:00:00 PM,RFC,WEST,ATSI,OE,8316.625,True
12/20/2025 3:00:00 AM,12/19/2025 10:00:00 PM,RFC,WEST,ATSI,OE,7955.957,True
12/20/2025 4:00:00 AM,12/19/2025 11:00:00 PM,RFC,WEST,ATSI,OE,7664.705,True
12/20/2025 5:00:00 AM,12/20/2025 12:00:00 AM,RFC,WEST,ATSI,OE,7412.974,True
12/20/2025 6:00:00 AM,12/20/2025 1:00:00 AM,RFC,WEST,ATSI,OE,7219.315,True
12/20/2025 7:00:00 AM,12/20/2025 2:00:00 AM,RFC,WEST,ATSI,OE,7146.830,True
12/20/2025 8:00:00 AM,12/20/2025 3:00:00 AM,RFC,WEST,ATSI,OE,7123.840,True
12/20/2025 9:00:00 AM,12/20/2025 4:00:00 AM,RFC,WEST,ATSI,OE,7193.898,True
12/20/2025 10:00:00 AM,12/20/2025 5:00:00 AM,RFC,WEST,ATSI,OE,7317.353,True
12/20/2025 11:00:00 AM,12/20/2025 6:00:00 AM,RFC,WEST,ATSI,OE,7491.499,True
12/20/2025 12:00:00 PM,12/20/2025 7:00:00 AM,RFC,WEST,ATSI,OE,7784.411,True
12/20/2025 1:00:00 PM,12/20/2025 8:00:00 AM,RFC,WEST,ATSI,OE,7909.750,True
12/20/2025 2:00:00 PM,12/20/2025 9:00:00 AM,RFC,WEST,ATSI,OE,7993.452,True
12/20/2025 3:00:00 PM,12/20/2025 10:00:00 AM,RFC,WEST,ATSI,OE,7972.836,True
12/20/2025 4:00:00 PM,12/20/2025 11:00:00 AM,RFC,WEST,ATSI,OE,7896.413,True
12/20/2025 5:00:00 PM,12/20/2025 12:00:00 PM,RFC,WEST,ATSI,OE,7832.798,True
12/20/2025 6:00:00 PM,12/20/2025 1:00:00 PM,RFC,WEST,ATSI,OE,7696.742,True
12/20/2025 7:00:00 PM,12/20/2025 2:00:00 PM,RFC,WEST,ATSI,OE,7617.026,True
12/20/2025 8:00:00 PM,12/20/2025 3:00:00 PM,RFC,WEST,ATSI,OE,7434.775,True
12/20/2025 9:00:00 PM,12/20/2025 4:00:00 PM,RFC,WEST,ATSI,OE,7607.550,True
12/20/2025 10:00:00 PM,12/20/2025 5:00:00 PM,RFC,WEST,ATSI,OE,7734.933,True
12/20/2025 11:00:00 PM,12/20/2025 6:00:00 PM,RFC,WEST,ATSI,OE,7527.319,True
12/21/2025 12:00:00 AM,12/20/2025 7:00:00 PM,RFC,WEST,ATSI,OE,7416.553,True
12/21/2025 1:00:00 AM,12/20/2025 8:00:00 PM,RFC,WEST,ATSI,OE,7389.820,True
12/21/2025 2:00:00 AM,12/20/2025 9:00:00 PM,RFC,WEST,ATSI,OE,7202.359,True
12/21/2025 3:00:00 AM,12/20/2025 10:00:00 PM,RFC,WEST,ATSI,OE,7018.246,True
12/21/2025 4:00:00 AM,12/20/2025 11:00:00 PM,RFC,WEST,ATSI,OE,6718.252,True
12/21/2025 5:00:00 AM,12/21/2025 12:00:00 AM,RFC,WEST,ATSI,OE,6575.297,True
12/21/2025 6:00:00 AM,12/21/2025 1:00:00 AM,RFC,WEST,ATSI,OE,6450.892,True
12/21/2025 7:00:00 AM,12/21/2025 2:00:00 AM,RFC,WEST,ATSI,OE,6360.555,True
12/21/2025 8:00:00 AM,12/21/2025 3:00:00 AM,RFC,WEST,ATSI,OE,6261.855,True
12/21/2025 9:00:00 AM,12/21/2025 4:00:00 AM,RFC,WEST,ATSI,OE,6365.400,True
12/21/2025 10:00:00 AM,12/21/2025 5:00:00 AM,RFC,WEST,ATSI,OE,6554.338,True
12/21/2025 11:00:00 AM,12/21/2025 6:00:00 AM,RFC,WEST,ATSI,OE,6739.309,True
12/21/2025 12:00:00 PM,12/21/2025 7:00:00 AM,RFC,WEST,ATSI,OE,7001.738,True
12/21/2025 1:00:00 PM,12/21/2025 8:00:00 AM,RFC,WEST,ATSI,OE,7156.626,True
12/21/2025 2:00:00 PM,12/21/2025 9:00:00 AM,RFC,WEST,ATSI,OE,7232.702,True
12/21/2025 3:00:00 PM,12/21/2025 10:00:00 AM,RFC,WEST,ATSI,OE,7231.805,True
12/21/2025 4:00:00 PM,12/21/2025 11:00:00 AM,RFC,WEST,ATSI,OE,7114.681,True
12/21/2025 5:00:00 PM,12/21/2025 12:00:00 PM,RFC,WEST,ATSI,OE,7126.170,True
12/21/2025 6:00:00 PM,12/21/2025 1:00:00 PM,RFC,WEST,ATSI,OE,7110.104,True
12/21/2025 7:00:00 PM,12/21/2025 2:00:00 PM,RFC,WEST,ATSI,OE,7054.765,True
12/21/2025 8:00:00 PM,12/21/2025 3:00:00 PM,RFC,WEST,ATSI,OE,7089.403,True
12/21/2025 9:00:00 PM,12/21/2025 4:00:00 PM,RFC,WEST,ATSI,OE,7334.825,True
12/21/2025 10:00:00 PM,12/21/2025 5:00:00 PM,RFC,WEST,ATSI,OE,7717.083,True
12/21/2025 11:00:00 PM,12/21/2025 6:00:00 PM,RFC,WEST,ATSI,OE,7843.074,True
12/22/2025 12:00:00 AM,12/21/2025 7:00:00 PM,RFC,WEST,ATSI,OE,7845.740,True
12/22/2025 1:00:00 AM,12/21/2025 8:00:00 PM,RFC,WEST,ATSI,OE,7866.927,True
12/22/2025 2:00:00 AM,12/21/2025 9:00:00 PM,RFC,WEST,ATSI,OE,7705.475,True
12/22/2025 3:00:00 AM,12/21/2025 10:00:00 PM,RFC,WEST,ATSI,OE,7519.634,True
12/22/2025 4:00:00 AM,12/21/2025 11:00:00 PM,RFC,WEST,ATSI,OE,7194.752,True
12/22/2025 5:00:00 AM,12/22/2025 12:00:00 AM,RFC,WEST,ATSI,OE,6984.311,True
12/22/2025 6:00:00 AM,12/22/2025 1:00:00 AM,RFC,WEST,ATSI,OE,6948.818,True
12/22/2025 7:00:00 AM,12/22/2025 2:00:00 AM,RFC,WEST,ATSI,OE,6979.614,True
12/22/2025 8:00:00 AM,12/22/2025 3:00:00 AM,RFC,WEST,ATSI,OE,7013.225,True
12/22/2025 9:00:00 AM,12/22/2025 4:00:00 AM,RFC,WEST,ATSI,OE,7083.856,True
12/22/2025 10:00:00 AM,12/22/2025 5:00:00 AM,RFC,WEST,ATSI,OE,7302.295,True
12/22/2025 11:00:00 AM,12/22/2025 6:00:00 AM,RFC,WEST,ATSI,OE,7757.187,True
12/22/2025 12:00:00 PM,12/22/2025 7:00:00 AM,RFC,WEST,ATSI,OE,8166.001,True
12/22/2025 1:00:00 PM,12/22/2025 8:00:00 AM,RFC,WEST,ATSI,OE,8298.837,True
12/22/2025 2:00:00 PM,12/22/2025 9:00:00 AM,RFC,WEST,ATSI,OE,8296.517,True
12/22/2025 3:00:00 PM,12/22/2025 10:00:00 AM,RFC,WEST,ATSI,OE,8247.550,True
12/22/2025 4:00:00 PM,12/22/2025 11:00:00 AM,RFC,WEST,ATSI,OE,8204.526,True
12/22/2025 5:00:00 PM,12/22/2025 12:00:00 PM,RFC,WEST,ATSI,OE,7996.249,True
12/22/2025 6:00:00 PM,12/22/2025 1:00:00 PM,RFC,WEST,ATSI,OE,8040.405,True
12/22/2025 7:00:00 PM,12/22/2025 2:00:00 PM,RFC,WEST,ATSI,OE,7974.598,True
12/22/2025 8:00:00 PM,12/22/2025 3:00:00 PM,RFC,WEST,ATSI,OE,7930.682,True
12/22/2025 9:00:00 PM,12/22/2025 4:00:00 PM,RFC,WEST,ATSI,OE,7953.513,True
12/22/2025 10:00:00 PM,12/22/2025 5:00:00 PM,RFC,WEST,ATSI,OE,8149.781,True
12/22/2025 11:00:00 PM,12/22/2025 6:00:00 PM,RFC,WEST,ATSI,OE,8169.050,True
12/23/2025 12:00:00 AM,12/22/2025 7:00:00 PM,RFC,WEST,ATSI,OE,8004.229,True
12/23/2025 1:00:00 AM,12/22/2025 8:00:00 PM,RFC,WEST,ATSI,OE,7797.627,True
12/23/2025 2:00:00 AM,12/22/2025 9:00:00 PM,RFC,WEST,ATSI,OE,7610.883,True
12/23/2025 3:00:00 AM,12/22/2025 10:00:00 PM,RFC,WEST,ATSI,OE,7405.383,True
12/23/2025 4:00:00 AM,12/22/2025 11:00:00 PM,RFC,WEST,ATSI,OE,7046.400,True
12/23/2025 5:00:00 AM,12/23/2025 12:00:00 AM,RFC,WEST,ATSI,OE,6640.695,True
12/23/2025 6:00:00 AM,12/23/2025 1:00:00 AM,RFC,WEST,ATSI,OE,6594.429,True
12/23/2025 7:00:00 AM,12/23/2025 2:00:00 AM,RFC,WEST,ATSI,OE,6496.925,True
12/23/2025 8:00:00 AM,12/23/2025 3:00:00 AM,RFC,WEST,ATSI,OE,6379.291,True
12/23/2025 9:00:00 AM,12/23/2025 4:00:00 AM,RFC,WEST,ATSI,OE,6425.465,True
12/23/2025 10:00:00 AM,12/23/2025 5:00:00 AM,RFC,WEST,ATSI,OE,6603.795,True
12/23/2025 11:00:00 AM,12/23/2025 6:00:00 AM,RFC,WEST,ATSI,OE,6943.011,True
12/23/2025 12:00:00 PM,12/23/2025 7:00:00 AM,RFC,WEST,ATSI,OE,7277.449,True
12/23/2025 1:00:00 PM,12/23/2025 8:00:00 AM,RFC,WEST,ATSI,OE,7450.847,True
12/23/2025 2:00:00 PM,12/23/2025 9:00:00 AM,RFC,WEST,ATSI,OE,7509.537,True
12/23/2025 3:00:00 PM,12/23/2025 10:00:00 AM,RFC,WEST,ATSI,OE,7564.085,True
12/23/2025 4:00:00 PM,12/23/2025 11:00:00 AM,RFC,WEST,ATSI,OE,7540.049,True
12/23/2025 5:00:00 PM,12/23/2025 12:00:00 PM,RFC,WEST,ATSI,OE,7497.747,True
12/23/2025 6:00:00 PM,12/23/2025 1:00:00 PM,RFC,WEST,ATSI,OE,7504.190,True
12/23/2025 7:00:00 PM,12/23/2025 2:00:00 PM,RFC,WEST,ATSI,OE,7382.053,True
12/23/2025 8:00:00 PM,12/23/2025 3:00:00 PM,RFC,WEST,ATSI,OE,7242.814,True
12/23/2025 9:00:00 PM,12/23/2025 4:00:00 PM,RFC,WEST,ATSI,OE,7227.169,True
12/23/2025 10:00:00 PM,12/23/2025 5:00:00 PM,RFC,WEST,ATSI,OE,7416.480,True
12/23/2025 11:00:00 PM,12/23/2025 6:00:00 PM,RFC,WEST,ATSI,OE,7404.744,True
12/24/2025 12:00:00 AM,12/23/2025 7:00:00 PM,RFC,WEST,ATSI,OE,7269.413,True
12/24/2025 1:00:00 AM,12/23/2025 8:00:00 PM,RFC,WEST,ATSI,OE,7177.012,True
12/24/2025 2:00:00 AM,12/23/2025 9:00:00 PM,RFC,WEST,ATSI,OE,6960.321,True
12/24/2025 3:00:00 AM,12/23/2025 10:00:00 PM,RFC,WEST,ATSI,OE,6668.758,True
12/24/2025 4:00:00 AM,12/23/2025 11:00:00 PM,RFC,WEST,ATSI,OE,6355.562,True
12/24/2025 5:00:00 AM,12/24/2025 12:00:00 AM,RFC,WEST,ATSI,OE,6179.866,True
12/24/2025 6:00:00 AM,12/24/2025 1:00:00 AM,RFC,WEST,ATSI,OE,6058.104,True
12/24/2025 7:00:00 AM,12/24/2025 2:00:00 AM,RFC,WEST,ATSI,OE,5988.425,True
12/24/2025 8:00:00 AM,12/24/2025 3:00:00 AM,RFC,WEST,ATSI,OE,6007.246,True
12/24/2025 9:00:00 AM,12/24/2025 4:00:00 AM,RFC,WEST,ATSI,OE,6068.091,True
12/24/2025 10:00:00 AM,12/24/2025 5:00:00 AM,RFC,WEST,ATSI,OE,6224.242,True
12/24/2025 11:00:00 AM,12/24/2025 6:00:00 AM,RFC,WEST,ATSI,OE,6434.530,True
12/24/2025 12:00:00 PM,12/24/2025 7:00:00 AM,RFC,WEST,ATSI,OE,6730.441,True
12/24/2025 1:00:00 PM,12/24/2025 8:00:00 AM,RFC,WEST,ATSI,OE,6843.715,True
12/24/2025 2:00:00 PM,12/24/2025 9:00:00 AM,RFC,WEST,ATSI,OE,6918.231,True
12/24/2025 3:00:00 PM,12/24/2025 10:00:00 AM,RFC,WEST,ATSI,OE,6925.140,True
12/24/2025 4:00:00 PM,12/24/2025 11:00:00 AM,RFC,WEST,ATSI,OE,6945.277,True
12/24/2025 5:00:00 PM,12/24/2025 12:00:00 PM,RFC,WEST,ATSI,OE,6786.371,True
12/24/2025 6:00:00 PM,12/24/2025 1:00:00 PM,RFC,WEST,ATSI,OE,6658.061,True
12/24/2025 7:00:00 PM,12/24/2025 2:00:00 PM,RFC,WEST,ATSI,OE,6664.607,True
12/24/2025 8:00:00 PM,12/24/2025 3:00:00 PM,RFC,WEST,ATSI,OE,6602.714,True
12/24/2025 9:00:00 PM,12/24/2025 4:00:00 PM,RFC,WEST,ATSI,OE,6666.818,True
12/24/2025 10:00:00 PM,12/24/2025 5:00:00 PM,RFC,WEST,ATSI,OE,6826.027,True
12/24/2025 11:00:00 PM,12/24/2025 6:00:00 PM,RFC,WEST,ATSI,OE,6769.040,True
12/25/2025 12:00:00 AM,12/24/2025 7:00:00 PM,RFC,WEST,ATSI,OE,6685.975,True
12/25/2025 1:00:00 AM,12/24/2025 8:00:00 PM,RFC,WEST,ATSI,OE,6653.393,True
12/25/2025 2:00:00 AM,12/24/2025 9:00:00 PM,RFC,WEST,ATSI,OE,6533.777,True
12/25/2025 3:00:00 AM,12/24/2025 10:00:00 PM,RFC,WEST,ATSI,OE,6412.298,True
12/25/2025 4:00:00 AM,12/24/2025 11:00:00 PM,RFC,WEST,ATSI,OE,6168.628,True
12/25/2025 5:00:00 AM,12/25/2025 12:00:00 AM,RFC,WEST,ATSI,OE,5903.731,True
12/25/2025 6:00:00 AM,12/25/2025 1:00:00 AM,RFC,WEST,ATSI,OE,5736.903,True
12/25/2025 7:00:00 AM,12/25/2025 2:00:00 AM,RFC,WEST,ATSI,OE,5664.350,True
12/25/2025 8:00:00 AM,12/25/2025 3:00:00 AM,RFC,WEST,ATSI,OE,5538.240,True
12/25/2025 9:00:00 AM,12/25/2025 4:00:00 AM,RFC,WEST,ATSI,OE,5530.317,True
12/25/2025 10:00:00 AM,12/25/2025 5:00:00 AM,RFC,WEST,ATSI,OE,5654.164,True
12/25/2025 11:00:00 AM,12/25/2025 6:00:00 AM,RFC,WEST,ATSI,OE,5793.556,True
12/25/2025 12:00:00 PM,12/25/2025 7:00:00 AM,RFC,WEST,ATSI,OE,5980.803,True
12/25/2025 1:00:00 PM,12/25/2025 8:00:00 AM,RFC,WEST,ATSI,OE,6183.186,True
12/25/2025 2:00:00 PM,12/25/2025 9:00:00 AM,RFC,WEST,ATSI,OE,6287.495,True
12/25/2025 3:00:00 PM,12/25/2025 10:00:00 AM,RFC,WEST,ATSI,OE,6285.663,True
12/25/2025 4:00:00 PM,12/25/2025 11:00:00 AM,RFC,WEST,ATSI,OE,6271.333,True
12/25/2025 5:00:00 PM,12/25/2025 12:00:00 PM,RFC,WEST,ATSI,OE,6248.623,True
12/25/2025 6:00:00 PM,12/25/2025 1:00:00 PM,RFC,WEST,ATSI,OE,6163.872,True
12/25/2025 7:00:00 PM,12/25/2025 2:00:00 PM,RFC,WEST,ATSI,OE,6054.699,True
12/25/2025 8:00:00 PM,12/25/2025 3:00:00 PM,RFC,WEST,ATSI,OE,6210.443,True
12/25/2025 9:00:00 PM,12/25/2025 4:00:00 PM,RFC,WEST,ATSI,OE,6310.840,True
12/25/2025 10:00:00 PM,12/25/2025 5:00:00 PM,RFC,WEST,ATSI,OE,6510.737,True
12/25/2025 11:00:00 PM,12/25/2025 6:00:00 PM,RFC,WEST,ATSI,OE,6515.689,True
12/26/2025 12:00:00 AM,12/25/2025 7:00:00 PM,RFC,WEST,ATSI,OE,6589.021,True
12/26/2025 1:00:00 AM,12/25/2025 8:00:00 PM,RFC,WEST,ATSI,OE,6571.397,True
12/26/2025 2:00:00 AM,12/25/2025 9:00:00 PM,RFC,WEST,ATSI,OE,6422.457,True
12/26/2025 3:00:00 AM,12/25/2025 10:00:00 PM,RFC,WEST,ATSI,OE,6176.631,True
12/26/2025 4:00:00 AM,12/25/2025 11:00:00 PM,RFC,WEST,ATSI,OE,6065.469,True
12/26/2025 5:00:00 AM,12/26/2025 12:00:00 AM,RFC,WEST,ATSI,OE,5907.810,True
12/26/2025 6:00:00 AM,12/26/2025 1:00:00 AM,RFC,WEST,ATSI,OE,5844.023,True
12/26/2025 7:00:00 AM,12/26/2025 2:00:00 AM,RFC,WEST,ATSI,OE,5871.572,True
12/26/2025 8:00:00 AM,12/26/2025 3:00:00 AM,RFC,WEST,ATSI,OE,5926.330,True
12/26/2025 9:00:00 AM,12/26/2025 4:00:00 AM,RFC,WEST,ATSI,OE,5977.409,True
12/26/2025 10:00:00 AM,12/26/2025 5:00:00 AM,RFC,WEST,ATSI,OE,6124.704,True
12/26/2025 11:00:00 AM,12/26/2025 6:00:00 AM,RFC,WEST,ATSI,OE,6367.280,True
12/26/2025 12:00:00 PM,12/26/2025 7:00:00 AM,RFC,WEST,ATSI,OE,6627.890,True
12/26/2025 1:00:00 PM,12/26/2025 8:00:00 AM,RFC,WEST,ATSI,OE,6864.580,True
12/26/2025 2:00:00 PM,12/26/2025 9:00:00 AM,RFC,WEST,ATSI,OE,7107.070,True
12/26/2025 3:00:00 PM,12/26/2025 10:00:00 AM,RFC,WEST,ATSI,OE,7345.498,True
12/26/2025 4:00:00 PM,12/26/2025 11:00:00 AM,RFC,WEST,ATSI,OE,7397.588,True
12/26/2025 5:00:00 PM,12/26/2025 12:00:00 PM,RFC,WEST,ATSI,OE,7443.477,True
12/26/2025 6:00:00 PM,12/26/2025 1:00:00 PM,RFC,WEST,ATSI,OE,7404.604,True
12/26/2025 7:00:00 PM,12/26/2025 2:00:00 PM,RFC,WEST,ATSI,OE,7332.480,True
12/26/2025 8:00:00 PM,12/26/2025 3:00:00 PM,RFC,WEST,ATSI,OE,7227.139,True
12/26/2025 9:00:00 PM,12/26/2025 4:00:00 PM,RFC,WEST,ATSI,OE,7252.507,True
12/26/2025 10:00:00 PM,12/26/2025 5:00:00 PM,RFC,WEST,ATSI,OE,7277.214,True
12/26/2025 11:00:00 PM,12/26/2025 6:00:00 PM,RFC,WEST,ATSI,OE,7243.440,True
12/27/2025 12:00:00 AM,12/26/2025 7:00:00 PM,RFC,WEST,ATSI,OE,7074.451,True
12/27/2025 1:00:00 AM,12/26/2025 8:00:00 PM,RFC,WEST,ATSI,OE,6947.477,True
12/27/2025 2:00:00 AM,12/26/2025 9:00:00 PM,RFC,WEST,ATSI,OE,6878.968,True
12/27/2025 3:00:00 AM,12/26/2025 10:00:00 PM,RFC,WEST,ATSI,OE,6721.264,True
12/27/2025 4:00:00 AM,12/26/2025 11:00:00 PM,RFC,WEST,ATSI,OE,6357.056,True
12/27/2025 5:00:00 AM,12/27/2025 12:00:00 AM,RFC,WEST,ATSI,OE,6137.754,True
12/27/2025 6:00:00 AM,12/27/2025 1:00:00 AM,RFC,WEST,ATSI,OE,6115.845,True
12/27/2025 7:00:00 AM,12/27/2025 2:00:00 AM,RFC,WEST,ATSI,OE,6022.898,True
12/27/2025 8:00:00 AM,12/27/2025 3:00:00 AM,RFC,WEST,ATSI,OE,5986.256,True
12/27/2025 9:00:00 AM,12/27/2025 4:00:00 AM,RFC,WEST,ATSI,OE,6065.636,True
12/27/2025 10:00:00 AM,12/27/2025 5:00:00 AM,RFC,WEST,ATSI,OE,6107.440,True
12/27/2025 11:00:00 AM,12/27/2025 6:00:00 AM,RFC,WEST,ATSI,OE,6329.921,True
12/27/2025 12:00:00 PM,12/27/2025 7:00:00 AM,RFC,WEST,ATSI,OE,6506.841,True
12/27/2025 1:00:00 PM,12/27/2025 8:00:00 AM,RFC,WEST,ATSI,OE,6693.536,True
12/27/2025 2:00:00 PM,12/27/2025 9:00:00 AM,RFC,WEST,ATSI,OE,6854.877,True
12/27/2025 3:00:00 PM,12/27/2025 10:00:00 AM,RFC,WEST,ATSI,OE,7065.480,True
12/27/2025 4:00:00 PM,12/27/2025 11:00:00 AM,RFC,WEST,ATSI,OE,7213.082,True
12/27/2025 5:00:00 PM,12/27/2025 12:00:00 PM,RFC,WEST,ATSI,OE,7189.472,True
12/27/2025 6:00:00 PM,12/27/2025 1:00:00 PM,RFC,WEST,ATSI,OE,7169.411,True
12/27/2025 7:00:00 PM,12/27/2025 2:00:00 PM,RFC,WEST,ATSI,OE,7135.707,True
12/27/2025 8:00:00 PM,12/27/2025 3:00:00 PM,RFC,WEST,ATSI,OE,7139.694,True
12/27/2025 9:00:00 PM,12/27/2025 4:00:00 PM,RFC,WEST,ATSI,OE,7189.337,True
12/27/2025 10:00:00 PM,12/27/2025 5:00:00 PM,RFC,WEST,ATSI,OE,7447.657,True
12/27/2025 11:00:00 PM,12/27/2025 6:00:00 PM,RFC,WEST,ATSI,OE,7410.581,True
12/28/2025 12:00:00 AM,12/27/2025 7:00:00 PM,RFC,WEST,ATSI,OE,7314.176,True
12/28/2025 1:00:00 AM,12/27/2025 8:00:00 PM,RFC,WEST,ATSI,OE,7217.235,True
12/28/2025 2:00:00 AM,12/27/2025 9:00:00 PM,RFC,WEST,ATSI,OE,7090.682,True
12/28/2025 3:00:00 AM,12/27/2025 10:00:00 PM,RFC,WEST,ATSI,OE,6859.607,True
12/28/2025 4:00:00 AM,12/27/2025 11:00:00 PM,RFC,WEST,ATSI,OE,6563.187,True
12/28/2025 5:00:00 AM,12/28/2025 12:00:00 AM,RFC,WEST,ATSI,OE,6362.575,True
12/28/2025 6:00:00 AM,12/28/2025 1:00:00 AM,RFC,WEST,ATSI,OE,6219.856,True
12/28/2025 7:00:00 AM,12/28/2025 2:00:00 AM,RFC,WEST,ATSI,OE,6037.018,True
12/28/2025 8:00:00 AM,12/28/2025 3:00:00 AM,RFC,WEST,ATSI,OE,6047.441,True
12/28/2025 9:00:00 AM,12/28/2025 4:00:00 AM,RFC,WEST,ATSI,OE,6095.519,True
12/28/2025 10:00:00 AM,12/28/2025 5:00:00 AM,RFC,WEST,ATSI,OE,6083.519,True
12/28/2025 11:00:00 AM,12/28/2025 6:00:00 AM,RFC,WEST,ATSI,OE,6179.626,True
12/28/2025 12:00:00 PM,12/28/2025 7:00:00 AM,RFC,WEST,ATSI,OE,6382.329,True
12/28/2025 1:00:00 PM,12/28/2025 8:00:00 AM,RFC,WEST,ATSI,OE,6523.810,True
12/28/2025 2:00:00 PM,12/28/2025 9:00:00 AM,RFC,WEST,ATSI,OE,6537.854,True
12/28/2025 3:00:00 PM,12/28/2025 10:00:00 AM,RFC,WEST,ATSI,OE,6696.481,True
12/28/2025 4:00:00 PM,12/28/2025 11:00:00 AM,RFC,WEST,ATSI,OE,6844.521,True
12/28/2025 5:00:00 PM,12/28/2025 12:00:00 PM,RFC,WEST,ATSI,OE,6842.767,True
12/28/2025 6:00:00 PM,12/28/2025 1:00:00 PM,RFC,WEST,ATSI,OE,6820.079,True
12/28/2025 7:00:00 PM,12/28/2025 2:00:00 PM,RFC,WEST,ATSI,OE,6742.553,True
12/28/2025 8:00:00 PM,12/28/2025 3:00:00 PM,RFC,WEST,ATSI,OE,6659.941,True
12/28/2025 9:00:00 PM,12/28/2025 4:00:00 PM,RFC,WEST,ATSI,OE,6724.654,True
12/28/2025 10:00:00 PM,12/28/2025 5:00:00 PM,RFC,WEST,ATSI,OE,6893.503,True
12/28/2025 11:00:00 PM,12/28/2025 6:00:00 PM,RFC,WEST,ATSI,OE,6887.639,True
12/29/2025 12:00:00 AM,12/28/2025 7:00:00 PM,RFC,WEST,ATSI,OE,6807.942,True
12/29/2025 1:00:00 AM,12/28/2025 8:00:00 PM,RFC,WEST,ATSI,OE,6695.443,True
12/29/2025 2:00:00 AM,12/28/2025 9:00:00 PM,RFC,WEST,ATSI,OE,6418.009,True
12/29/2025 3:00:00 AM,12/28/2025 10:00:00 PM,RFC,WEST,ATSI,OE,6190.729,True
12/29/2025 4:00:00 AM,12/28/2025 11:00:00 PM,RFC,WEST,ATSI,OE,5961.459,True
12/29/2025 5:00:00 AM,12/29/2025 12:00:00 AM,RFC,WEST,ATSI,OE,5750.701,True
12/29/2025 6:00:00 AM,12/29/2025 1:00:00 AM,RFC,WEST,ATSI,OE,5616.527,True
12/29/2025 7:00:00 AM,12/29/2025 2:00:00 AM,RFC,WEST,ATSI,OE,5600.491,True
12/29/2025 8:00:00 AM,12/29/2025 3:00:00 AM,RFC,WEST,ATSI,OE,5702.861,True
12/29/2025 9:00:00 AM,12/29/2025 4:00:00 AM,RFC,WEST,ATSI,OE,5864.776,True
12/29/2025 10:00:00 AM,12/29/2025 5:00:00 AM,RFC,WEST,ATSI,OE,6175.023,True
12/29/2025 11:00:00 AM,12/29/2025 6:00:00 AM,RFC,WEST,ATSI,OE,6644.926,True
12/29/2025 12:00:00 PM,12/29/2025 7:00:00 AM,RFC,WEST,ATSI,OE,7219.809,True
12/29/2025 1:00:00 PM,12/29/2025 8:00:00 AM,RFC,WEST,ATSI,OE,7535.797,True
12/29/2025 2:00:00 PM,12/29/2025 9:00:00 AM,RFC,WEST,ATSI,OE,7840.923,True
12/29/2025 3:00:00 PM,12/29/2025 10:00:00 AM,RFC,WEST,ATSI,OE,8116.811,True
12/29/2025 4:00:00 PM,12/29/2025 11:00:00 AM,RFC,WEST,ATSI,OE,8235.550,True
12/29/2025 5:00:00 PM,12/29/2025 12:00:00 PM,RFC,WEST,ATSI,OE,8406.938,True
12/29/2025 6:00:00 PM,12/29/2025 1:00:00 PM,RFC,WEST,ATSI,OE,8407.343,True
12/29/2025 7:00:00 PM,12/29/2025 2:00:00 PM,RFC,WEST,ATSI,OE,8388.687,True
12/29/2025 8:00:00 PM,12/29/2025 3:00:00 PM,RFC,WEST,ATSI,OE,8342.986,True
12/29/2025 9:00:00 PM,12/29/2025 4:00:00 PM,RFC,WEST,ATSI,OE,8353.615,True
12/29/2025 10:00:00 PM,12/29/2025 5:00:00 PM,RFC,WEST,ATSI,OE,8567.049,True
12/29/2025 11:00:00 PM,12/29/2025 6:00:00 PM,RFC,WEST,ATSI,OE,8542.439,True
12/30/2025 12:00:00 AM,12/29/2025 7:00:00 PM,RFC,WEST,ATSI,OE,8416.386,True
12/30/2025 1:00:00 AM,12/29/2025 8:00:00 PM,RFC,WEST,ATSI,OE,8213.707,True
12/30/2025 2:00:00 AM,12/29/2025 9:00:00 PM,RFC,WEST,ATSI,OE,8052.942,True
12/30/2025 3:00:00 AM,12/29/2025 10:00:00 PM,RFC,WEST,ATSI,OE,7722.517,True
12/30/2025 4:00:00 AM,12/29/2025 11:00:00 PM,RFC,WEST,ATSI,OE,7400.712,True
12/30/2025 5:00:00 AM,12/30/2025 12:00:00 AM,RFC,WEST,ATSI,OE,7148.743,True
12/30/2025 6:00:00 AM,12/30/2025 1:00:00 AM,RFC,WEST,ATSI,OE,7073.599,True
12/30/2025 7:00:00 AM,12/30/2025 2:00:00 AM,RFC,WEST,ATSI,OE,7007.376,True
12/30/2025 8:00:00 AM,12/30/2025 3:00:00 AM,RFC,WEST,ATSI,OE,6931.276,True
12/30/2025 9:00:00 AM,12/30/2025 4:00:00 AM,RFC,WEST,ATSI,OE,7064.632,True
12/30/2025 10:00:00 AM,12/30/2025 5:00:00 AM,RFC,WEST,ATSI,OE,7292.208,True
12/30/2025 11:00:00 AM,12/30/2025 6:00:00 AM,RFC,WEST,ATSI,OE,7676.607,True
12/30/2025 12:00:00 PM,12/30/2025 7:00:00 AM,RFC,WEST,ATSI,OE,8047.782,True
12/30/2025 1:00:00 PM,12/30/2025 8:00:00 AM,RFC,WEST,ATSI,OE,8179.793,True
12/30/2025 2:00:00 PM,12/30/2025 9:00:00 AM,RFC,WEST,ATSI,OE,8291.438,True
12/30/2025 3:00:00 PM,12/30/2025 10:00:00 AM,RFC,WEST,ATSI,OE,8328.632,True
12/30/2025 4:00:00 PM,12/30/2025 11:00:00 AM,RFC,WEST,ATSI,OE,8354.201,True
12/30/2025 5:00:00 PM,12/30/2025 12:00:00 PM,RFC,WEST,ATSI,OE,8303.001,True
12/30/2025 6:00:00 PM,12/30/2025 1:00:00 PM,RFC,WEST,ATSI,OE,8313.326,True
12/30/2025 7:00:00 PM,12/30/2025 2:00:00 PM,RFC,WEST,ATSI,OE,8254.073,True
12/30/2025 8:00:00 PM,12/30/2025 3:00:00 PM,RFC,WEST,ATSI,OE,8257.009,True
12/30/2025 9:00:00 PM,12/30/2025 4:00:00 PM,RFC,WEST,ATSI,OE,8259.763,True
12/30/2025 10:00:00 PM,12/30/2025 5:00:00 PM,RFC,WEST,ATSI,OE,8462.985,True
12/30/2025 11:00:00 PM,12/30/2025 6:00:00 PM,RFC,WEST,ATSI,OE,8449.622,True
12/31/2025 12:00:00 AM,12/30/2025 7:00:00 PM,RFC,WEST,ATSI,OE,8406.205,True
12/31/2025 1:00:00 AM,12/30/2025 8:00:00 PM,RFC,WEST,ATSI,OE,8291.938,True
12/31/2025 2:00:00 AM,12/30/2025 9:00:00 PM,RFC,WEST,ATSI,OE,8041.887,True
12/31/2025 3:00:00 AM,12/30/2025 10:00:00 PM,RFC,WEST,ATSI,OE,7738.796,True
12/31/2025 4:00:00 AM,12/30/2025 11:00:00 PM,RFC,WEST,ATSI,OE,7467.974,True
12/31/2025 5:00:00 AM,12/31/2025 12:00:00 AM,RFC,WEST,ATSI,OE,7238.254,True
12/31/2025 6:00:00 AM,12/31/2025 1:00:00 AM,RFC,WEST,ATSI,OE,7057.946,True
12/31/2025 7:00:00 AM,12/31/2025 2:00:00 AM,RFC,WEST,ATSI,OE,7016.078,True
12/31/2025 8:00:00 AM,12/31/2025 3:00:00 AM,RFC,WEST,ATSI,OE,6960.063,True
12/31/2025 9:00:00 AM,12/31/2025 4:00:00 AM,RFC,WEST,ATSI,OE,7014.531,True
12/31/2025 10:00:00 AM,12/31/2025 5:00:00 AM,RFC,WEST,ATSI,OE,7139.813,True
12/31/2025 11:00:00 AM,12/31/2025 6:00:00 AM,RFC,WEST,ATSI,OE,7377.171,True
12/31/2025 12:00:00 PM,12/31/2025 7:00:00 AM,RFC,WEST,ATSI,OE,7660.417,True
12/31/2025 1:00:00 PM,12/31/2025 8:00:00 AM,RFC,WEST,ATSI,OE,7693.161,True
12/31/2025 2:00:00 PM,12/31/2025 9:00:00 AM,RFC,WEST,ATSI,OE,7800.663,True
12/31/2025 3:00:00 PM,12/31/2025 10:00:00 AM,RFC,WEST,ATSI,OE,7911.734,True
12/31/2025 4:00:00 PM,12/31/2025 11:00:00 AM,RFC,WEST,ATSI,OE,7929.426,True
12/31/2025 5:00:00 PM,12/31/2025 12:00:00 PM,RFC,WEST,ATSI,OE,7940.574,True
12/31/2025 6:00:00 PM,12/31/2025 1:00:00 PM,RFC,WEST,ATSI,OE,7995.298,True
12/31/2025 7:00:00 PM,12/31/2025 2:00:00 PM,RFC,WEST,ATSI,OE,7882.193,True
12/31/2025 8:00:00 PM,12/31/2025 3:00:00 PM,RFC,WEST,ATSI,OE,7843.281,True
12/31/2025 9:00:00 PM,12/31/2025 4:00:00 PM,RFC,WEST,ATSI,OE,7807.786,True
12/31/2025 10:00:00 PM,12/31/2025 5:00:00 PM,RFC,WEST,ATSI,OE,7967.191,True
12/31/2025 11:00:00 PM,12/31/2025 6:00:00 PM,RFC,WEST,ATSI,OE,7955.932,True
1/1/2026 12:00:00 AM,12/31/2025 7:00:00 PM,RFC,WEST,ATSI,OE,7753.303,True
1/1/2026 1:00:00 AM,12/31/2025 8:00:00 PM,RFC,WEST,ATSI,OE,7475.444,True
1/1/2026 2:00:00 AM,12/31/2025 9:00:00 PM,RFC,WEST,ATSI,OE,7303.842,True
1/1/2026 3:00:00 AM,12/31/2025 10:00:00 PM,RFC,WEST,ATSI,OE,7149.546,True
1/1/2026 4:00:00 AM,12/31/2025 11:00:00 PM,RFC,WEST,ATSI,OE,7058.518,True
1/1/2026 5:00:00 AM,1/1/2026 12:00:00 AM,RFC,WEST,ATSI,OE,6919.071,True
1/1/2026 6:00:00 AM,1/1/2026 1:00:00 AM,RFC,WEST,ATSI,OE,6783.364,True
1/1/2026 7:00:00 AM,1/1/2026 2:00:00 AM,RFC,WEST,ATSI,OE,6763.996,True
1/1/2026 8:00:00 AM,1/1/2026 3:00:00 AM,RFC,WEST,ATSI,OE,6711.975,True
1/1/2026 9:00:00 AM,1/1/2026 4:00:00 AM,RFC,WEST,ATSI,OE,6728.290,True
1/1/2026 10:00:00 AM,1/1/2026 5:00:00 AM,RFC,WEST,ATSI,OE,6854.794,True
1/1/2026 11:00:00 AM,1/1/2026 6:00:00 AM,RFC,WEST,ATSI,OE,6989.334,True
1/1/2026 12:00:00 PM,1/1/2026 7:00:00 AM,RFC,WEST,ATSI,OE,7108.552,True
1/1/2026 1:00:00 PM,1/1/2026 8:00:00 AM,RFC,WEST,ATSI,OE,7011.225,True
1/1/2026 2:00:00 PM,1/1/2026 9:00:00 AM,RFC,WEST,ATSI,OE,7132.728,True
1/1/2026 3:00:00 PM,1/1/2026 10:00:00 AM,RFC,WEST,ATSI,OE,7295.225,True
1/1/2026 4:00:00 PM,1/1/2026 11:00:00 AM,RFC,WEST,ATSI,OE,7453.912,True
1/1/2026 5:00:00 PM,1/1/2026 12:00:00 PM,RFC,WEST,ATSI,OE,7440.762,True
1/1/2026 6:00:00 PM,1/1/2026 1:00:00 PM,RFC,WEST,ATSI,OE,7369.514,True
1/1/2026 7:00:00 PM,1/1/2026 2:00:00 PM,RFC,WEST,ATSI,OE,7338.463,True
1/1/2026 8:00:00 PM,1/1/2026 3:00:00 PM,RFC,WEST,ATSI,OE,7409.260,True
1/1/2026 9:00:00 PM,1/1/2026 4:00:00 PM,RFC,WEST,ATSI,OE,7490.816,True
1/1/2026 10:00:00 PM,1/1/2026 5:00:00 PM,RFC,WEST,ATSI,OE,7800.662,True
1/1/2026 11:00:00 PM,1/1/2026 6:00:00 PM,RFC,WEST,ATSI,OE,7887.593,True
1/2/2026 12:00:00 AM,1/1/2026 7:00:00 PM,RFC,WEST,ATSI,OE,7839.182,True
1/2/2026 1:00:00 AM,1/1/2026 8:00:00 PM,RFC,WEST,ATSI,OE,7700.722,True
1/2/2026 2:00:00 AM,1/1/2026 9:00:00 PM,RFC,WEST,ATSI,OE,7564.360,True
1/2/2026 3:00:00 AM,1/1/2026 10:00:00 PM,RFC,WEST,ATSI,OE,7279.397,True
1/2/2026 4:00:00 AM,1/1/2026 11:00:00 PM,RFC,WEST,ATSI,OE,6990.877,True
