datetime_beginning_utc,datetime_beginning_ept,nerc_region,mkt_region,zone,load_area,mw,is_verified
1/1/2024 5:00:00 AM,1/1/2024 12:00:00 AM,RFC,WEST,ATSI,OE,6057.487,True
1/1/2024 6:00:00 AM,1/1/2024 1:00:00 AM,RFC,WEST,ATSI,OE,5915.264,True
1/1/2024 7:00:00 AM,1/1/2024 2:00:00 AM,RFC,WEST,ATSI,OE,5804.167,True
1/1/2024 8:00:00 AM,1/1/2024 3:00:00 AM,RFC,WEST,ATSI,OE,5670.543,True
1/1/2024 9:00:00 AM,1/1/2024 4:00:00 AM,RFC,WEST,ATSI,OE,5773.709,True
1/1/2024 10:00:00 AM,1/1/2024 5:00:00 AM,RFC,WEST,ATSI,OE,5903.613,True
1/1/2024 11:00:00 AM,1/1/2024 6:00:00 AM,RFC,WEST,ATSI,OE,5891.159,True
1/1/2024 12:00:00 PM,1/1/2024 7:00:00 AM,RFC,WEST,ATSI,OE,6043.394,True
1/1/2024 1:00:00 PM,1/1/2024 8:00:00 AM,RFC,WEST,ATSI,OE,6134.678,True
1/1/2024 2:00:00 PM,1/1/2024 9:00:00 AM,RFC,WEST,ATSI,OE,6305.866,True
1/1/2024 3:00:00 PM,1/1/2024 10:00:00 AM,RFC,WEST,ATSI,OE,6544.728,True
1/1/2024 4:00:00 PM,1/1/2024 11:00:00 AM,RFC,WEST,ATSI,OE,6680.766,True
1/1/2024 5:00:00 PM,1/1/2024 12:00:00 PM,RFC,WEST,ATSI,OE,6770.232,True
1/1/2024 6:00:00 PM,1/1/2024 1:00:00 PM,RFC,WEST,ATSI,OE,6872.335,True
1/1/2024 7:00:00 PM,1/1/2024 2:00:00 PM,RFC,WEST,ATSI,OE,6847.477,True
1/1/2024 8:00:00 PM,1/1/2024 3:00:00 PM,RFC,WEST,ATSI,OE,6875.262,True
1/1/2024 9:00:00 PM,1/1/2024 4:00:00 PM,RFC,WEST,ATSI,OE,6952.214,True
1/1/2024 10:00:00 PM,1/1/2024 5:00:00 PM,RFC,WEST,ATSI,OE,7228.498,True
1/1/2024 11:00:00 PM,1/1/2024 6:00:00 PM,RFC,WEST,ATSI,OE,7265.404,True
1/2/2024 12:00:00 AM,1/1/2024 7:00:00 PM,RFC,WEST,ATSI,OE,7173.776,True
1/2/2024 1:00:00 AM,1/1/2024 8:00:00 PM,RFC,WEST,ATSI,OE,7007.194,True
1/2/2024 2:00:00 AM,1/1/2024 9:00:00 PM,RFC,WEST,ATSI,OE,6857.468,True
1/2/2024 3:00:00 AM,1/1/2024 10:00:00 PM,RFC,WEST,ATSI,OE,6608.951,True
1/2/2024 4:00:00 AM,1/1/2024 11:00:00 PM,RFC,WEST,ATSI,OE,6338.151,True
1/2/2024 5:00:00 AM,1/2/2024 12:00:00 AM,RFC,WEST,ATSI,OE,6245.738,True
1/2/2024 6:00:00 AM,1/2/2024 1:00:00 AM,RFC,WEST,ATSI,OE,6157.371,True
1/2/2024 7:00:00 AM,1/2/2024 2:00:00 AM,RFC,WEST,ATSI,OE,5993.179,True
1/2/2024 8:00:00 AM,1/2/2024 3:00:00 AM,RFC,WEST,ATSI,OE,6031.934,True
1/2/2024 9:00:00 AM,1/2/2024 4:00:00 AM,RFC,WEST,ATSI,OE,6192.805,True
1/2/2024 10:00:00 AM,1/2/2024 5:00:00 AM,RFC,WEST,ATSI,OE,6500.902,True
1/2/2024 11:00:00 AM,1/2/2024 6:00:00 AM,RFC,WEST,ATSI,OE,6942.420,True
1/2/2024 12:00:00 PM,1/2/2024 7:00:00 AM,RFC,WEST,ATSI,OE,7398.168,True
1/2/2024 1:00:00 PM,1/2/2024 8:00:00 AM,RFC,WEST,ATSI,OE,7583.369,True
1/2/2024 2:00:00 PM,1/2/2024 9:00:00 AM,RFC,WEST,ATSI,OE,7766.112,True
1/2/2024 3:00:00 PM,1/2/2024 10:00:00 AM,RFC,WEST,ATSI,OE,7961.606,True
1/2/2024 4:00:00 PM,1/2/2024 11:00:00 AM,RFC,WEST,ATSI,OE,7951.144,True
1/2/2024 5:00:00 PM,1/2/2024 12:00:00 PM,RFC,WEST,ATSI,OE,8004.666,True
1/2/2024 6:00:00 PM,1/2/2024 1:00:00 PM,RFC,WEST,ATSI,OE,8030.520,True
1/2/2024 7:00:00 PM,1/2/2024 2:00:00 PM,RFC,WEST,ATSI,OE,8005.878,True
1/2/2024 8:00:00 PM,1/2/2024 3:00:00 PM,RFC,WEST,ATSI,OE,7911.949,True
1/2/2024 9:00:00 PM,1/2/2024 4:00:00 PM,RFC,WEST,ATSI,OE,7896.768,True
1/2/2024 10:00:00 PM,1/2/2024 5:00:00 PM,RFC,WEST,ATSI,OE,8059.739,True
1/2/2024 11:00:00 PM,1/2/2024 6:00:00 PM,RFC,WEST,ATSI,OE,8173.657,True
1/3/2024 12:00:00 AM,1/2/2024 7:00:00 PM,RFC,WEST,ATSI,OE,8079.430,True
1/3/2024 1:00:00 AM,1/2/2024 8:00:00 PM,RFC,WEST,ATSI,OE,7898.131,True
1/3/2024 2:00:00 AM,1/2/2024 9:00:00 PM,RFC,WEST,ATSI,OE,7701.372,True
1/3/2024 3:00:00 AM,1/2/2024 10:00:00 PM,RFC,WEST,ATSI,OE,7362.504,True
1/3/2024 4:00:00 AM,1/2/2024 11:00:00 PM,RFC,WEST,ATSI,OE,7011.955,True
1/3/2024 5:00:00 AM,1/3/2024 12:00:00 AM,RFC,WEST,ATSI,OE,6829.649,True
1/3/2024 6:00:00 AM,1/3/2024 1:00:00 AM,RFC,WEST,ATSI,OE,6691.698,True
1/3/2024 7:00:00 AM,1/3/2024 2:00:00 AM,RFC,WEST,ATSI,OE,6537.357,True
1/3/2024 8:00:00 AM,1/3/2024 3:00:00 AM,RFC,WEST,ATSI,OE,6442.358,True
1/3/2024 9:00:00 AM,1/3/2024 4:00:00 AM,RFC,WEST,ATSI,OE,6573.601,True
1/3/2024 10:00:00 AM,1/3/2024 5:00:00 AM,RFC,WEST,ATSI,OE,6812.391,True
1/3/2024 11:00:00 AM,1/3/2024 6:00:00 AM,RFC,WEST,ATSI,OE,7272.036,True
1/3/2024 12:00:00 PM,1/3/2024 7:00:00 AM,RFC,WEST,ATSI,OE,7675.559,True
1/3/2024 1:00:00 PM,1/3/2024 8:00:00 AM,RFC,WEST,ATSI,OE,7818.675,True
1/3/2024 2:00:00 PM,1/3/2024 9:00:00 AM,RFC,WEST,ATSI,OE,7881.188,True
1/3/2024 3:00:00 PM,1/3/2024 10:00:00 AM,RFC,WEST,ATSI,OE,7947.432,True
1/3/2024 4:00:00 PM,1/3/2024 11:00:00 AM,RFC,WEST,ATSI,OE,7935.433,True
1/3/2024 5:00:00 PM,1/3/2024 12:00:00 PM,RFC,WEST,ATSI,OE,7940.624,True
1/3/2024 6:00:00 PM,1/3/2024 1:00:00 PM,RFC,WEST,ATSI,OE,7927.526,True
1/3/2024 7:00:00 PM,1/3/2024 2:00:00 PM,RFC,WEST,ATSI,OE,7823.711,True
1/3/2024 8:00:00 PM,1/3/2024 3:00:00 PM,RFC,WEST,ATSI,OE,7865.409,True
1/3/2024 9:00:00 PM,1/3/2024 4:00:00 PM,RFC,WEST,ATSI,OE,7897.809,True
1/3/2024 10:00:00 PM,1/3/2024 5:00:00 PM,RFC,WEST,ATSI,OE,8074.406,True
1/3/2024 11:00:00 PM,1/3/2024 6:00:00 PM,RFC,WEST,ATSI,OE,8040.424,True
1/4/2024 12:00:00 AM,1/3/2024 7:00:00 PM,RFC,WEST,ATSI,OE,7961.193,True
1/4/2024 1:00:00 AM,1/3/2024 8:00:00 PM,RFC,WEST,ATSI,OE,7872.648,True
1/4/2024 2:00:00 AM,1/3/2024 9:00:00 PM,RFC,WEST,ATSI,OE,7673.112,True
1/4/2024 3:00:00 AM,1/3/2024 10:00:00 PM,RFC,WEST,ATSI,OE,7346.594,True
1/4/2024 4:00:00 AM,1/3/2024 11:00:00 PM,RFC,WEST,ATSI,OE,7006.039,True
1/4/2024 5:00:00 AM,1/4/2024 12:00:00 AM,RFC,WEST,ATSI,OE,6731.551,True
1/4/2024 6:00:00 AM,1/4/2024 1:00:00 AM,RFC,WEST,ATSI,OE,6694.184,True
1/4/2024 7:00:00 AM,1/4/2024 2:00:00 AM,RFC,WEST,ATSI,OE,6654.236,True
1/4/2024 8:00:00 AM,1/4/2024 3:00:00 AM,RFC,WEST,ATSI,OE,6664.401,True
1/4/2024 9:00:00 AM,1/4/2024 4:00:00 AM,RFC,WEST,ATSI,OE,6841.750,True
1/4/2024 10:00:00 AM,1/4/2024 5:00:00 AM,RFC,WEST,ATSI,OE,7102.311,True
1/4/2024 11:00:00 AM,1/4/2024 6:00:00 AM,RFC,WEST,ATSI,OE,7593.371,True
1/4/2024 12:00:00 PM,1/4/2024 7:00:00 AM,RFC,WEST,ATSI,OE,7985.033,True
1/4/2024 1:00:00 PM,1/4/2024 8:00:00 AM,RFC,WEST,ATSI,OE,8070.866,True
1/4/2024 2:00:00 PM,1/4/2024 9:00:00 AM,RFC,WEST,ATSI,OE,8175.983,True
1/4/2024 3:00:00 PM,1/4/2024 10:00:00 AM,RFC,WEST,ATSI,OE,8243.465,True
1/4/2024 4:00:00 PM,1/4/2024 11:00:00 AM,RFC,WEST,ATSI,OE,8260.479,True
1/4/2024 5:00:00 PM,1/4/2024 12:00:00 PM,RFC,WEST,ATSI,OE,8232.050,True
1/4/2024 6:00:00 PM,1/4/2024 1:00:00 PM,RFC,WEST,ATSI,OE,8212.694,True
1/4/2024 7:00:00 PM,1/4/2024 2:00:00 PM,RFC,WEST,ATSI,OE,8152.866,True
1/4/2024 8:00:00 PM,1/4/2024 3:00:00 PM,RFC,WEST,ATSI,OE,8064.759,True
1/4/2024 9:00:00 PM,1/4/2024 4:00:00 PM,RFC,WEST,ATSI,OE,8043.654,True
1/4/2024 10:00:00 PM,1/4/2024 5:00:00 PM,RFC,WEST,ATSI,OE,8245.243,True
1/4/2024 11:00:00 PM,1/4/2024 6:00:00 PM,RFC,WEST,ATSI,OE,8321.228,True
1/5/2024 12:00:00 AM,1/4/2024 7:00:00 PM,RFC,WEST,ATSI,OE,8330.458,True
1/5/2024 1:00:00 AM,1/4/2024 8:00:00 PM,RFC,WEST,ATSI,OE,8129.094,True
1/5/2024 2:00:00 AM,1/4/2024 9:00:00 PM,RFC,WEST,ATSI,OE,7927.191,True
1/5/2024 3:00:00 AM,1/4/2024 10:00:00 PM,RFC,WEST,ATSI,OE,7642.922,True
1/5/2024 4:00:00 AM,1/4/2024 11:00:00 PM,RFC,WEST,ATSI,OE,7335.737,True
1/5/2024 5:00:00 AM,1/5/2024 12:00:00 AM,RFC,WEST,ATSI,OE,7149.477,True
1/5/2024 6:00:00 AM,1/5/2024 1:00:00 AM,RFC,WEST,ATSI,OE,6995.331,True
1/5/2024 7:00:00 AM,1/5/2024 2:00:00 AM,RFC,WEST,ATSI,OE,6976.131,True
1/5/2024 8:00:00 AM,1/5/2024 3:00:00 AM,RFC,WEST,ATSI,OE,6976.380,True
1/5/2024 9:00:00 AM,1/5/2024 4:00:00 AM,RFC,WEST,ATSI,OE,7093.491,True
1/5/2024 10:00:00 AM,1/5/2024 5:00:00 AM,RFC,WEST,ATSI,OE,7370.040,True
1/5/2024 11:00:00 AM,1/5/2024 6:00:00 AM,RFC,WEST,ATSI,OE,7850.976,True
1/5/2024 12:00:00 PM,1/5/2024 7:00:00 AM,RFC,WEST,ATSI,OE,8254.365,True
1/5/2024 1:00:00 PM,1/5/2024 8:00:00 AM,RFC,WEST,ATSI,OE,8340.880,True
1/5/2024 2:00:00 PM,1/5/2024 9:00:00 AM,RFC,WEST,ATSI,OE,8352.943,True
1/5/2024 3:00:00 PM,1/5/2024 10:00:00 AM,RFC,WEST,ATSI,OE,8279.567,True
1/5/2024 4:00:00 PM,1/5/2024 11:00:00 AM,RFC,WEST,ATSI,OE,8108.093,True
1/5/2024 5:00:00 PM,1/5/2024 12:00:00 PM,RFC,WEST,ATSI,OE,7947.133,True
1/5/2024 6:00:00 PM,1/5/2024 1:00:00 PM,RFC,WEST,ATSI,OE,7905.970,True
1/5/2024 7:00:00 PM,1/5/2024 2:00:00 PM,RFC,WEST,ATSI,OE,7791.503,True
1/5/2024 8:00:00 PM,1/5/2024 3:00:00 PM,RFC,WEST,ATSI,OE,7637.601,True
1/5/2024 9:00:00 PM,1/5/2024 4:00:00 PM,RFC,WEST,ATSI,OE,7645.640,True
1/5/2024 10:00:00 PM,1/5/2024 5:00:00 PM,RFC,WEST,ATSI,OE,7942.100,True
1/5/2024 11:00:00 PM,1/5/2024 6:00:00 PM,RFC,WEST,ATSI,OE,8004.663,True
1/6/2024 12:00:00 AM,1/5/2024 7:00:00 PM,RFC,WEST,ATSI,OE,8030.859,True
1/6/2024 1:00:00 AM,1/5/2024 8:00:00 PM,RFC,WEST,ATSI,OE,7917.523,True
1/6/2024 2:00:00 AM,1/5/2024 9:00:00 PM,RFC,WEST,ATSI,OE,7753.049,True
1/6/2024 3:00:00 AM,1/5/2024 10:00:00 PM,RFC,WEST,ATSI,OE,7485.675,True
1/6/2024 4:00:00 AM,1/5/2024 11:00:00 PM,RFC,WEST,ATSI,OE,7138.663,True
1/6/2024 5:00:00 AM,1/6/2024 12:00:00 AM,RFC,WEST,ATSI,OE,6928.227,True
1/6/2024 6:00:00 AM,1/6/2024 1:00:00 AM,RFC,WEST,ATSI,OE,6807.591,True
1/6/2024 7:00:00 AM,1/6/2024 2:00:00 AM,RFC,WEST,ATSI,OE,6661.066,True
1/6/2024 8:00:00 AM,1/6/2024 3:00:00 AM,RFC,WEST,ATSI,OE,6579.129,True
1/6/2024 9:00:00 AM,1/6/2024 4:00:00 AM,RFC,WEST,ATSI,OE,6551.336,True
1/6/2024 10:00:00 AM,1/6/2024 5:00:00 AM,RFC,WEST,ATSI,OE,6697.473,True
1/6/2024 11:00:00 AM,1/6/2024 6:00:00 AM,RFC,WEST,ATSI,OE,6832.304,True
1/6/2024 12:00:00 PM,1/6/2024 7:00:00 AM,RFC,WEST,ATSI,OE,7031.407,True
1/6/2024 1:00:00 PM,1/6/2024 8:00:00 AM,RFC,WEST,ATSI,OE,7148.782,True
1/6/2024 2:00:00 PM,1/6/2024 9:00:00 AM,RFC,WEST,ATSI,OE,7271.336,True
1/6/2024 3:00:00 PM,1/6/2024 10:00:00 AM,RFC,WEST,ATSI,OE,7295.377,True
1/6/2024 4:00:00 PM,1/6/2024 11:00:00 AM,RFC,WEST,ATSI,OE,7323.772,True
1/6/2024 5:00:00 PM,1/6/2024 12:00:00 PM,RFC,WEST,ATSI,OE,7280.451,True
1/6/2024 6:00:00 PM,1/6/2024 1:00:00 PM,RFC,WEST,ATSI,OE,7280.563,True
1/6/2024 7:00:00 PM,1/6/2024 2:00:00 PM,RFC,WEST,ATSI,OE,7196.274,True
1/6/2024 8:00:00 PM,1/6/2024 3:00:00 PM,RFC,WEST,ATSI,OE,7256.803,True
1/6/2024 9:00:00 PM,1/6/2024 4:00:00 PM,RFC,WEST,ATSI,OE,7327.383,True
1/6/2024 10:00:00 PM,1/6/2024 5:00:00 PM,RFC,WEST,ATSI,OE,7548.131,True
1/6/2024 11:00:00 PM,1/6/2024 6:00:00 PM,RFC,WEST,ATSI,OE,7531.696,True
1/7/2024 12:00:00 AM,1/6/2024 7:00:00 PM,RFC,WEST,ATSI,OE,7425.341,True
1/7/2024 1:00:00 AM,1/6/2024 8:00:00 PM,RFC,WEST,ATSI,OE,7324.540,True
1/7/2024 2:00:00 AM,1/6/2024 9:00:00 PM,RFC,WEST,ATSI,OE,7131.896,True
1/7/2024 3:00:00 AM,1/6/2024 10:00:00 PM,RFC,WEST,ATSI,OE,6929.029,True
1/7/2024 4:00:00 AM,1/6/2024 11:00:00 PM,RFC,WEST,ATSI,OE,6670.203,True
1/7/2024 5:00:00 AM,1/7/2024 12:00:00 AM,RFC,WEST,ATSI,OE,6486.228,True
1/7/2024 6:00:00 AM,1/7/2024 1:00:00 AM,RFC,WEST,ATSI,OE,6346.040,True
1/7/2024 7:00:00 AM,1/7/2024 2:00:00 AM,RFC,WEST,ATSI,OE,6216.924,True
1/7/2024 8:00:00 AM,1/7/2024 3:00:00 AM,RFC,WEST,ATSI,OE,6161.485,True
1/7/2024 9:00:00 AM,1/7/2024 4:00:00 AM,RFC,WEST,ATSI,OE,6163.500,True
1/7/2024 10:00:00 AM,1/7/2024 5:00:00 AM,RFC,WEST,ATSI,OE,6252.079,True
1/7/2024 11:00:00 AM,1/7/2024 6:00:00 AM,RFC,WEST,ATSI,OE,6367.093,True
1/7/2024 12:00:00 PM,1/7/2024 7:00:00 AM,RFC,WEST,ATSI,OE,6548.515,True
1/7/2024 1:00:00 PM,1/7/2024 8:00:00 AM,RFC,WEST,ATSI,OE,6630.008,True
1/7/2024 2:00:00 PM,1/7/2024 9:00:00 AM,RFC,WEST,ATSI,OE,6874.920,True
1/7/2024 3:00:00 PM,1/7/2024 10:00:00 AM,RFC,WEST,ATSI,OE,7010.014,True
1/7/2024 4:00:00 PM,1/7/2024 11:00:00 AM,RFC,WEST,ATSI,OE,7161.703,True
1/7/2024 5:00:00 PM,1/7/2024 12:00:00 PM,RFC,WEST,ATSI,OE,7236.291,True
1/7/2024 6:00:00 PM,1/7/2024 1:00:00 PM,RFC,WEST,ATSI,OE,7232.847,True
1/7/2024 7:00:00 PM,1/7/2024 2:00:00 PM,RFC,WEST,ATSI,OE,7269.658,True
1/7/2024 8:00:00 PM,1/7/2024 3:00:00 PM,RFC,WEST,ATSI,OE,7276.130,True
1/7/2024 9:00:00 PM,1/7/2024 4:00:00 PM,RFC,WEST,ATSI,OE,7499.008,True
1/7/2024 10:00:00 PM,1/7/2024 5:00:00 PM,RFC,WEST,ATSI,OE,7671.278,True
1/7/2024 11:00:00 PM,1/7/2024 6:00:00 PM,RFC,WEST,ATSI,OE,7678.900,True
1/8/2024 12:00:00 AM,1/7/2024 7:00:00 PM,RFC,WEST,ATSI,OE,7584.016,True
1/8/2024 1:00:00 AM,1/7/2024 8:00:00 PM,RFC,WEST,ATSI,OE,7553.985,True
1/8/2024 2:00:00 AM,1/7/2024 9:00:00 PM,RFC,WEST,ATSI,OE,7261.418,True
1/8/2024 3:00:00 AM,1/7/2024 10:00:00 PM,RFC,WEST,ATSI,OE,6990.225,True
1/8/2024 4:00:00 AM,1/7/2024 11:00:00 PM,RFC,WEST,ATSI,OE,6710.019,True
1/8/2024 5:00:00 AM,1/8/2024 12:00:00 AM,RFC,WEST,ATSI,OE,6471.911,True
1/8/2024 6:00:00 AM,1/8/2024 1:00:00 AM,RFC,WEST,ATSI,OE,6359.440,True
1/8/2024 7:00:00 AM,1/8/2024 2:00:00 AM,RFC,WEST,ATSI,OE,6410.626,True
1/8/2024 8:00:00 AM,1/8/2024 3:00:00 AM,RFC,WEST,ATSI,OE,6405.314,True
1/8/2024 9:00:00 AM,1/8/2024 4:00:00 AM,RFC,WEST,ATSI,OE,6536.560,True
1/8/2024 10:00:00 AM,1/8/2024 5:00:00 AM,RFC,WEST,ATSI,OE,6878.596,True
1/8/2024 11:00:00 AM,1/8/2024 6:00:00 AM,RFC,WEST,ATSI,OE,7442.214,True
1/8/2024 12:00:00 PM,1/8/2024 7:00:00 AM,RFC,WEST,ATSI,OE,7848.889,True
1/8/2024 1:00:00 PM,1/8/2024 8:00:00 AM,RFC,WEST,ATSI,OE,7916.253,True
1/8/2024 2:00:00 PM,1/8/2024 9:00:00 AM,RFC,WEST,ATSI,OE,7971.649,True
1/8/2024 3:00:00 PM,1/8/2024 10:00:00 AM,RFC,WEST,ATSI,OE,7978.475,True
1/8/2024 4:00:00 PM,1/8/2024 11:00:00 AM,RFC,WEST,ATSI,OE,7873.844,True
1/8/2024 5:00:00 PM,1/8/2024 12:00:00 PM,RFC,WEST,ATSI,OE,7913.324,True
1/8/2024 6:00:00 PM,1/8/2024 1:00:00 PM,RFC,WEST,ATSI,OE,7910.291,True
1/8/2024 7:00:00 PM,1/8/2024 2:00:00 PM,RFC,WEST,ATSI,OE,7783.611,True
1/8/2024 8:00:00 PM,1/8/2024 3:00:00 PM,RFC,WEST,ATSI,OE,7743.204,True
1/8/2024 9:00:00 PM,1/8/2024 4:00:00 PM,RFC,WEST,ATSI,OE,7801.847,True
1/8/2024 10:00:00 PM,1/8/2024 5:00:00 PM,RFC,WEST,ATSI,OE,8000.952,True
1/8/2024 11:00:00 PM,1/8/2024 6:00:00 PM,RFC,WEST,ATSI,OE,8075.140,True
1/9/2024 12:00:00 AM,1/8/2024 7:00:00 PM,RFC,WEST,ATSI,OE,7909.148,True
1/9/2024 1:00:00 AM,1/8/2024 8:00:00 PM,RFC,WEST,ATSI,OE,7882.621,True
1/9/2024 2:00:00 AM,1/8/2024 9:00:00 PM,RFC,WEST,ATSI,OE,7589.422,True
1/9/2024 3:00:00 AM,1/8/2024 10:00:00 PM,RFC,WEST,ATSI,OE,7192.659,True
1/9/2024 4:00:00 AM,1/8/2024 11:00:00 PM,RFC,WEST,ATSI,OE,6856.569,True
1/9/2024 5:00:00 AM,1/9/2024 12:00:00 AM,RFC,WEST,ATSI,OE,6580.478,True
1/9/2024 6:00:00 AM,1/9/2024 1:00:00 AM,RFC,WEST,ATSI,OE,6471.726,True
1/9/2024 7:00:00 AM,1/9/2024 2:00:00 AM,RFC,WEST,ATSI,OE,6495.827,True
1/9/2024 8:00:00 AM,1/9/2024 3:00:00 AM,RFC,WEST,ATSI,OE,6473.205,True
1/9/2024 9:00:00 AM,1/9/2024 4:00:00 AM,RFC,WEST,ATSI,OE,6647.300,True
1/9/2024 10:00:00 AM,1/9/2024 5:00:00 AM,RFC,WEST,ATSI,OE,6950.289,True
1/9/2024 11:00:00 AM,1/9/2024 6:00:00 AM,RFC,WEST,ATSI,OE,7475.184,True
1/9/2024 12:00:00 PM,1/9/2024 7:00:00 AM,RFC,WEST,ATSI,OE,7909.652,True
1/9/2024 1:00:00 PM,1/9/2024 8:00:00 AM,RFC,WEST,ATSI,OE,8046.558,True
1/9/2024 2:00:00 PM,1/9/2024 9:00:00 AM,RFC,WEST,ATSI,OE,8164.424,True
1/9/2024 3:00:00 PM,1/9/2024 10:00:00 AM,RFC,WEST,ATSI,OE,8177.944,True
1/9/2024 4:00:00 PM,1/9/2024 11:00:00 AM,RFC,WEST,ATSI,OE,8157.806,True
1/9/2024 5:00:00 PM,1/9/2024 12:00:00 PM,RFC,WEST,ATSI,OE,8176.382,True
1/9/2024 6:00:00 PM,1/9/2024 1:00:00 PM,RFC,WEST,ATSI,OE,8108.556,True
1/9/2024 7:00:00 PM,1/9/2024 2:00:00 PM,RFC,WEST,ATSI,OE,7993.831,True
1/9/2024 8:00:00 PM,1/9/2024 3:00:00 PM,RFC,WEST,ATSI,OE,7853.357,True
1/9/2024 9:00:00 PM,1/9/2024 4:00:00 PM,RFC,WEST,ATSI,OE,7791.327,True
1/9/2024 10:00:00 PM,1/9/2024 5:00:00 PM,RFC,WEST,ATSI,OE,7857.657,True
1/9/2024 11:00:00 PM,1/9/2024 6:00:00 PM,RFC,WEST,ATSI,OE,7875.461,True
1/10/2024 12:00:00 AM,1/9/2024 7:00:00 PM,RFC,WEST,ATSI,OE,7765.396,True
1/10/2024 1:00:00 AM,1/9/2024 8:00:00 PM,RFC,WEST,ATSI,OE,7528.006,True
1/10/2024 2:00:00 AM,1/9/2024 9:00:00 PM,RFC,WEST,ATSI,OE,7360.851,True
1/10/2024 3:00:00 AM,1/9/2024 10:00:00 PM,RFC,WEST,ATSI,OE,7036.939,True
1/10/2024 4:00:00 AM,1/9/2024 11:00:00 PM,RFC,WEST,ATSI,OE,6701.082,True
1/10/2024 5:00:00 AM,1/10/2024 12:00:00 AM,RFC,WEST,ATSI,OE,6588.089,True
1/10/2024 6:00:00 AM,1/10/2024 1:00:00 AM,RFC,WEST,ATSI,OE,6427.257,True
1/10/2024 7:00:00 AM,1/10/2024 2:00:00 AM,RFC,WEST,ATSI,OE,6362.911,True
1/10/2024 8:00:00 AM,1/10/2024 3:00:00 AM,RFC,WEST,ATSI,OE,6447.783,True
1/10/2024 9:00:00 AM,1/10/2024 4:00:00 AM,RFC,WEST,ATSI,OE,6593.274,True
1/10/2024 10:00:00 AM,1/10/2024 5:00:00 AM,RFC,WEST,ATSI,OE,6892.215,True
1/10/2024 11:00:00 AM,1/10/2024 6:00:00 AM,RFC,WEST,ATSI,OE,7459.359,True
1/10/2024 12:00:00 PM,1/10/2024 7:00:00 AM,RFC,WEST,ATSI,OE,7897.986,True
1/10/2024 1:00:00 PM,1/10/2024 8:00:00 AM,RFC,WEST,ATSI,OE,7984.833,True
1/10/2024 2:00:00 PM,1/10/2024 9:00:00 AM,RFC,WEST,ATSI,OE,8127.164,True
1/10/2024 3:00:00 PM,1/10/2024 10:00:00 AM,RFC,WEST,ATSI,OE,8210.321,True
1/10/2024 4:00:00 PM,1/10/2024 11:00:00 AM,RFC,WEST,ATSI,OE,8234.835,True
1/10/2024 5:00:00 PM,1/10/2024 12:00:00 PM,RFC,WEST,ATSI,OE,8327.177,True
1/10/2024 6:00:00 PM,1/10/2024 1:00:00 PM,RFC,WEST,ATSI,OE,8294.005,True
1/10/2024 7:00:00 PM,1/10/2024 2:00:00 PM,RFC,WEST,ATSI,OE,8173.683,True
1/10/2024 8:00:00 PM,1/10/2024 3:00:00 PM,RFC,WEST,ATSI,OE,8101.822,True
1/10/2024 9:00:00 PM,1/10/2024 4:00:00 PM,RFC,WEST,ATSI,OE,8121.436,True
1/10/2024 10:00:00 PM,1/10/2024 5:00:00 PM,RFC,WEST,ATSI,OE,8239.390,True
1/10/2024 11:00:00 PM,1/10/2024 6:00:00 PM,RFC,WEST,ATSI,OE,8274.685,True
1/11/2024 12:00:00 AM,1/10/2024 7:00:00 PM,RFC,WEST,ATSI,OE,8135.166,True
1/11/2024 1:00:00 AM,1/10/2024 8:00:00 PM,RFC,WEST,ATSI,OE,7916.752,True
1/11/2024 2:00:00 AM,1/10/2024 9:00:00 PM,RFC,WEST,ATSI,OE,7755.517,True
1/11/2024 3:00:00 AM,1/10/2024 10:00:00 PM,RFC,WEST,ATSI,OE,7392.795,True
1/11/2024 4:00:00 AM,1/10/2024 11:00:00 PM,RFC,WEST,ATSI,OE,6984.307,True
1/11/2024 5:00:00 AM,1/11/2024 12:00:00 AM,RFC,WEST,ATSI,OE,6818.740,True
1/11/2024 6:00:00 AM,1/11/2024 1:00:00 AM,RFC,WEST,ATSI,OE,6764.218,True
1/11/2024 7:00:00 AM,1/11/2024 2:00:00 AM,RFC,WEST,ATSI,OE,6676.563,True
1/11/2024 8:00:00 AM,1/11/2024 3:00:00 AM,RFC,WEST,ATSI,OE,6668.672,True
1/11/2024 9:00:00 AM,1/11/2024 4:00:00 AM,RFC,WEST,ATSI,OE,6717.564,True
1/11/2024 10:00:00 AM,1/11/2024 5:00:00 AM,RFC,WEST,ATSI,OE,6911.859,True
1/11/2024 11:00:00 AM,1/11/2024 6:00:00 AM,RFC,WEST,ATSI,OE,7445.658,True
1/11/2024 12:00:00 PM,1/11/2024 7:00:00 AM,RFC,WEST,ATSI,OE,7820.118,True
1/11/2024 1:00:00 PM,1/11/2024 8:00:00 AM,RFC,WEST,ATSI,OE,7933.534,True
1/11/2024 2:00:00 PM,1/11/2024 9:00:00 AM,RFC,WEST,ATSI,OE,7932.488,True
1/11/2024 3:00:00 PM,1/11/2024 10:00:00 AM,RFC,WEST,ATSI,OE,8052.605,True
1/11/2024 4:00:00 PM,1/11/2024 11:00:00 AM,RFC,WEST,ATSI,OE,8076.318,True
1/11/2024 5:00:00 PM,1/11/2024 12:00:00 PM,RFC,WEST,ATSI,OE,8085.968,True
1/11/2024 6:00:00 PM,1/11/2024 1:00:00 PM,RFC,WEST,ATSI,OE,8099.658,True
1/11/2024 7:00:00 PM,1/11/2024 2:00:00 PM,RFC,WEST,ATSI,OE,8060.980,True
1/11/2024 8:00:00 PM,1/11/2024 3:00:00 PM,RFC,WEST,ATSI,OE,7941.239,True
1/11/2024 9:00:00 PM,1/11/2024 4:00:00 PM,RFC,WEST,ATSI,OE,7958.254,True
1/11/2024 10:00:00 PM,1/11/2024 5:00:00 PM,RFC,WEST,ATSI,OE,8111.248,True
1/11/2024 11:00:00 PM,1/11/2024 6:00:00 PM,RFC,WEST,ATSI,OE,8017.105,True
1/12/2024 12:00:00 AM,1/11/2024 7:00:00 PM,RFC,WEST,ATSI,OE,7924.514,True
1/12/2024 1:00:00 AM,1/11/2024 8:00:00 PM,RFC,WEST,ATSI,OE,7743.289,True
1/12/2024 2:00:00 AM,1/11/2024 9:00:00 PM,RFC,WEST,ATSI,OE,7539.431,True
1/12/2024 3:00:00 AM,1/11/2024 10:00:00 PM,RFC,WEST,ATSI,OE,7291.935,True
1/12/2024 4:00:00 AM,1/11/2024 11:00:00 PM,RFC,WEST,ATSI,OE,6965.441,True
1/12/2024 5:00:00 AM,1/12/2024 12:00:00 AM,RFC,WEST,ATSI,OE,6804.140,True
1/12/2024 6:00:00 AM,1/12/2024 1:00:00 AM,RFC,WEST,ATSI,OE,6685.234,True
1/12/2024 7:00:00 AM,1/12/2024 2:00:00 AM,RFC,WEST,ATSI,OE,6650.031,True
1/12/2024 8:00:00 AM,1/12/2024 3:00:00 AM,RFC,WEST,ATSI,OE,6746.777,True
1/12/2024 9:00:00 AM,1/12/2024 4:00:00 AM,RFC,WEST,ATSI,OE,6870.161,True
1/12/2024 10:00:00 AM,1/12/2024 5:00:00 AM,RFC,WEST,ATSI,OE,7124.293,True
1/12/2024 11:00:00 AM,1/12/2024 6:00:00 AM,RFC,WEST,ATSI,OE,7518.166,True
1/12/2024 12:00:00 PM,1/12/2024 7:00:00 AM,RFC,WEST,ATSI,OE,7976.707,True
1/12/2024 1:00:00 PM,1/12/2024 8:00:00 AM,RFC,WEST,ATSI,OE,8133.034,True
1/12/2024 2:00:00 PM,1/12/2024 9:00:00 AM,RFC,WEST,ATSI,OE,8192.765,True
1/12/2024 3:00:00 PM,1/12/2024 10:00:00 AM,RFC,WEST,ATSI,OE,8206.595,True
1/12/2024 4:00:00 PM,1/12/2024 11:00:00 AM,RFC,WEST,ATSI,OE,8152.234,True
1/12/2024 5:00:00 PM,1/12/2024 12:00:00 PM,RFC,WEST,ATSI,OE,8105.450,True
1/12/2024 6:00:00 PM,1/12/2024 1:00:00 PM,RFC,WEST,ATSI,OE,8137.722,True
1/12/2024 7:00:00 PM,1/12/2024 2:00:00 PM,RFC,WEST,ATSI,OE,8052.199,True
1/12/2024 8:00:00 PM,1/12/2024 3:00:00 PM,RFC,WEST,ATSI,OE,7998.130,True
1/12/2024 9:00:00 PM,1/12/2024 4:00:00 PM,RFC,WEST,ATSI,OE,8019.688,True
1/12/2024 10:00:00 PM,1/12/2024 5:00:00 PM,RFC,WEST,ATSI,OE,8066.788,True
1/12/2024 11:00:00 PM,1/12/2024 6:00:00 PM,RFC,WEST,ATSI,OE,8037.704,True
1/13/2024 12:00:00 AM,1/12/2024 7:00:00 PM,RFC,WEST,ATSI,OE,7862.778,True
1/13/2024 1:00:00 AM,1/12/2024 8:00:00 PM,RFC,WEST,ATSI,OE,7574.606,True
1/13/2024 2:00:00 AM,1/12/2024 9:00:00 PM,RFC,WEST,ATSI,OE,7154.063,True
1/13/2024 3:00:00 AM,1/12/2024 10:00:00 PM,RFC,WEST,ATSI,OE,6943.941,True
1/13/2024 4:00:00 AM,1/12/2024 11:00:00 PM,RFC,WEST,ATSI,OE,6662.815,True
1/13/2024 5:00:00 AM,1/13/2024 12:00:00 AM,RFC,WEST,ATSI,OE,6456.113,True
1/13/2024 6:00:00 AM,1/13/2024 1:00:00 AM,RFC,WEST,ATSI,OE,6320.825,True
1/13/2024 7:00:00 AM,1/13/2024 2:00:00 AM,RFC,WEST,ATSI,OE,6210.822,True
1/13/2024 8:00:00 AM,1/13/2024 3:00:00 AM,RFC,WEST,ATSI,OE,6233.919,True
1/13/2024 9:00:00 AM,1/13/2024 4:00:00 AM,RFC,WEST,ATSI,OE,6348.575,True
1/13/2024 10:00:00 AM,1/13/2024 5:00:00 AM,RFC,WEST,ATSI,OE,6559.428,True
1/13/2024 11:00:00 AM,1/13/2024 6:00:00 AM,RFC,WEST,ATSI,OE,6835.852,True
1/13/2024 12:00:00 PM,1/13/2024 7:00:00 AM,RFC,WEST,ATSI,OE,7097.373,True
1/13/2024 1:00:00 PM,1/13/2024 8:00:00 AM,RFC,WEST,ATSI,OE,7385.079,True
1/13/2024 2:00:00 PM,1/13/2024 9:00:00 AM,RFC,WEST,ATSI,OE,7580.961,True
1/13/2024 3:00:00 PM,1/13/2024 10:00:00 AM,RFC,WEST,ATSI,OE,7830.825,True
1/13/2024 4:00:00 PM,1/13/2024 11:00:00 AM,RFC,WEST,ATSI,OE,7938.313,True
1/13/2024 5:00:00 PM,1/13/2024 12:00:00 PM,RFC,WEST,ATSI,OE,7923.511,True
1/13/2024 6:00:00 PM,1/13/2024 1:00:00 PM,RFC,WEST,ATSI,OE,7856.716,True
1/13/2024 7:00:00 PM,1/13/2024 2:00:00 PM,RFC,WEST,ATSI,OE,7916.181,True
1/13/2024 8:00:00 PM,1/13/2024 3:00:00 PM,RFC,WEST,ATSI,OE,7864.830,True
1/13/2024 9:00:00 PM,1/13/2024 4:00:00 PM,RFC,WEST,ATSI,OE,7913.792,True
1/13/2024 10:00:00 PM,1/13/2024 5:00:00 PM,RFC,WEST,ATSI,OE,7972.720,True
1/13/2024 11:00:00 PM,1/13/2024 6:00:00 PM,RFC,WEST,ATSI,OE,8123.065,True
1/14/2024 12:00:00 AM,1/13/2024 7:00:00 PM,RFC,WEST,ATSI,OE,8006.112,True
1/14/2024 1:00:00 AM,1/13/2024 8:00:00 PM,RFC,WEST,ATSI,OE,7889.235,True
1/14/2024 2:00:00 AM,1/13/2024 9:00:00 PM,RFC,WEST,ATSI,OE,7738.116,True
1/14/2024 3:00:00 AM,1/13/2024 10:00:00 PM,RFC,WEST,ATSI,OE,7564.299,True
1/14/2024 4:00:00 AM,1/13/2024 11:00:00 PM,RFC,WEST,ATSI,OE,7229.077,True
1/14/2024 5:00:00 AM,1/14/2024 12:00:00 AM,RFC,WEST,ATSI,OE,7097.108,True
1/14/2024 6:00:00 AM,1/14/2024 1:00:00 AM,RFC,WEST,ATSI,OE,6992.737,True
1/14/2024 7:00:00 AM,1/14/2024 2:00:00 AM,RFC,WEST,ATSI,OE,6962.495,True
1/14/2024 8:00:00 AM,1/14/2024 3:00:00 AM,RFC,WEST,ATSI,OE,6962.931,True
1/14/2024 9:00:00 AM,1/14/2024 4:00:00 AM,RFC,WEST,ATSI,OE,6966.221,True
1/14/2024 10:00:00 AM,1/14/2024 5:00:00 AM,RFC,WEST,ATSI,OE,7116.653,True
1/14/2024 11:00:00 AM,1/14/2024 6:00:00 AM,RFC,WEST,ATSI,OE,7332.009,True
1/14/2024 12:00:00 PM,1/14/2024 7:00:00 AM,RFC,WEST,ATSI,OE,7664.234,True
1/14/2024 1:00:00 PM,1/14/2024 8:00:00 AM,RFC,WEST,ATSI,OE,7859.527,True
1/14/2024 2:00:00 PM,1/14/2024 9:00:00 AM,RFC,WEST,ATSI,OE,8013.094,True
1/14/2024 3:00:00 PM,1/14/2024 10:00:00 AM,RFC,WEST,ATSI,OE,8025.397,True
1/14/2024 4:00:00 PM,1/14/2024 11:00:00 AM,RFC,WEST,ATSI,OE,8118.305,True
1/14/2024 5:00:00 PM,1/14/2024 12:00:00 PM,RFC,WEST,ATSI,OE,8155.944,True
1/14/2024 6:00:00 PM,1/14/2024 1:00:00 PM,RFC,WEST,ATSI,OE,8158.490,True
1/14/2024 7:00:00 PM,1/14/2024 2:00:00 PM,RFC,WEST,ATSI,OE,8118.941,True
1/14/2024 8:00:00 PM,1/14/2024 3:00:00 PM,RFC,WEST,ATSI,OE,8032.243,True
1/14/2024 9:00:00 PM,1/14/2024 4:00:00 PM,RFC,WEST,ATSI,OE,8171.057,True
1/14/2024 10:00:00 PM,1/14/2024 5:00:00 PM,RFC,WEST,ATSI,OE,8508.067,True
1/14/2024 11:00:00 PM,1/14/2024 6:00:00 PM,RFC,WEST,ATSI,OE,8677.158,True
1/15/2024 12:00:00 AM,1/14/2024 7:00:00 PM,RFC,WEST,ATSI,OE,8584.357,True
1/15/2024 1:00:00 AM,1/14/2024 8:00:00 PM,RFC,WEST,ATSI,OE,8562.939,True
1/15/2024 2:00:00 AM,1/14/2024 9:00:00 PM,RFC,WEST,ATSI,OE,8361.244,True
1/15/2024 3:00:00 AM,1/14/2024 10:00:00 PM,RFC,WEST,ATSI,OE,8153.216,True
1/15/2024 4:00:00 AM,1/14/2024 11:00:00 PM,RFC,WEST,ATSI,OE,7902.254,True
1/15/2024 5:00:00 AM,1/15/2024 12:00:00 AM,RFC,WEST,ATSI,OE,7572.843,True
1/15/2024 6:00:00 AM,1/15/2024 1:00:00 AM,RFC,WEST,ATSI,OE,7530.131,True
1/15/2024 7:00:00 AM,1/15/2024 2:00:00 AM,RFC,WEST,ATSI,OE,7526.603,True
1/15/2024 8:00:00 AM,1/15/2024 3:00:00 AM,RFC,WEST,ATSI,OE,7586.614,True
1/15/2024 9:00:00 AM,1/15/2024 4:00:00 AM,RFC,WEST,ATSI,OE,7631.653,True
1/15/2024 10:00:00 AM,1/15/2024 5:00:00 AM,RFC,WEST,ATSI,OE,7906.764,True
1/15/2024 11:00:00 AM,1/15/2024 6:00:00 AM,RFC,WEST,ATSI,OE,8300.296,True
1/15/2024 12:00:00 PM,1/15/2024 7:00:00 AM,RFC,WEST,ATSI,OE,8674.740,True
1/15/2024 1:00:00 PM,1/15/2024 8:00:00 AM,RFC,WEST,ATSI,OE,8805.040,True
1/15/2024 2:00:00 PM,1/15/2024 9:00:00 AM,RFC,WEST,ATSI,OE,8877.531,True
1/15/2024 3:00:00 PM,1/15/2024 10:00:00 AM,RFC,WEST,ATSI,OE,8786.997,True
1/15/2024 4:00:00 PM,1/15/2024 11:00:00 AM,RFC,WEST,ATSI,OE,8749.481,True
1/15/2024 5:00:00 PM,1/15/2024 12:00:00 PM,RFC,WEST,ATSI,OE,8655.049,True
1/15/2024 6:00:00 PM,1/15/2024 1:00:00 PM,RFC,WEST,ATSI,OE,8620.762,True
1/15/2024 7:00:00 PM,1/15/2024 2:00:00 PM,RFC,WEST,ATSI,OE,8514.887,True
1/15/2024 8:00:00 PM,1/15/2024 3:00:00 PM,RFC,WEST,ATSI,OE,8486.700,True
1/15/2024 9:00:00 PM,1/15/2024 4:00:00 PM,RFC,WEST,ATSI,OE,8594.696,True
1/15/2024 10:00:00 PM,1/15/2024 5:00:00 PM,RFC,WEST,ATSI,OE,8813.313,True
1/15/2024 11:00:00 PM,1/15/2024 6:00:00 PM,RFC,WEST,ATSI,OE,8920.375,True
1/16/2024 12:00:00 AM,1/15/2024 7:00:00 PM,RFC,WEST,ATSI,OE,8869.265,True
1/16/2024 1:00:00 AM,1/15/2024 8:00:00 PM,RFC,WEST,ATSI,OE,8792.836,True
1/16/2024 2:00:00 AM,1/15/2024 9:00:00 PM,RFC,WEST,ATSI,OE,8504.000,True
1/16/2024 3:00:00 AM,1/15/2024 10:00:00 PM,RFC,WEST,ATSI,OE,8176.244,True
1/16/2024 4:00:00 AM,1/15/2024 11:00:00 PM,RFC,WEST,ATSI,OE,7851.960,True
1/16/2024 5:00:00 AM,1/16/2024 12:00:00 AM,RFC,WEST,ATSI,OE,7731.489,True
1/16/2024 6:00:00 AM,1/16/2024 1:00:00 AM,RFC,WEST,ATSI,OE,7693.915,True
1/16/2024 7:00:00 AM,1/16/2024 2:00:00 AM,RFC,WEST,ATSI,OE,7615.607,True
1/16/2024 8:00:00 AM,1/16/2024 3:00:00 AM,RFC,WEST,ATSI,OE,7607.668,True
1/16/2024 9:00:00 AM,1/16/2024 4:00:00 AM,RFC,WEST,ATSI,OE,7710.845,True
1/16/2024 10:00:00 AM,1/16/2024 5:00:00 AM,RFC,WEST,ATSI,OE,7934.518,True
1/16/2024 11:00:00 AM,1/16/2024 6:00:00 AM,RFC,WEST,ATSI,OE,8385.167,True
1/16/2024 12:00:00 PM,1/16/2024 7:00:00 AM,RFC,WEST,ATSI,OE,8686.556,True
1/16/2024 1:00:00 PM,1/16/2024 8:00:00 AM,RFC,WEST,ATSI,OE,8858.365,True
1/16/2024 2:00:00 PM,1/16/2024 9:00:00 AM,RFC,WEST,ATSI,OE,8946.035,True
1/16/2024 3:00:00 PM,1/16/2024 10:00:00 AM,RFC,WEST,ATSI,OE,9019.808,True
1/16/2024 4:00:00 PM,1/16/2024 11:00:00 AM,RFC,WEST,ATSI,OE,8900.569,True
1/16/2024 5:00:00 PM,1/16/2024 12:00:00 PM,RFC,WEST,ATSI,OE,8740.293,True
1/16/2024 6:00:00 PM,1/16/2024 1:00:00 PM,RFC,WEST,ATSI,OE,8685.404,True
1/16/2024 7:00:00 PM,1/16/2024 2:00:00 PM,RFC,WEST,ATSI,OE,8634.489,True
1/16/2024 8:00:00 PM,1/16/2024 3:00:00 PM,RFC,WEST,ATSI,OE,8581.766,True
1/16/2024 9:00:00 PM,1/16/2024 4:00:00 PM,RFC,WEST,ATSI,OE,8646.960,True
1/16/2024 10:00:00 PM,1/16/2024 5:00:00 PM,RFC,WEST,ATSI,OE,8935.474,True
1/16/2024 11:00:00 PM,1/16/2024 6:00:00 PM,RFC,WEST,ATSI,OE,9141.274,True
1/17/2024 12:00:00 AM,1/16/2024 7:00:00 PM,RFC,WEST,ATSI,OE,9204.892,True
1/17/2024 1:00:00 AM,1/16/2024 8:00:00 PM,RFC,WEST,ATSI,OE,9134.492,True
1/17/2024 2:00:00 AM,1/16/2024 9:00:00 PM,RFC,WEST,ATSI,OE,8918.059,True
1/17/2024 3:00:00 AM,1/16/2024 10:00:00 PM,RFC,WEST,ATSI,OE,8561.327,True
1/17/2024 4:00:00 AM,1/16/2024 11:00:00 PM,RFC,WEST,ATSI,OE,8258.192,True
1/17/2024 5:00:00 AM,1/17/2024 12:00:00 AM,RFC,WEST,ATSI,OE,7956.350,True
1/17/2024 6:00:00 AM,1/17/2024 1:00:00 AM,RFC,WEST,ATSI,OE,7868.784,True
1/17/2024 7:00:00 AM,1/17/2024 2:00:00 AM,RFC,WEST,ATSI,OE,7914.298,True
1/17/2024 8:00:00 AM,1/17/2024 3:00:00 AM,RFC,WEST,ATSI,OE,7947.720,True
1/17/2024 9:00:00 AM,1/17/2024 4:00:00 AM,RFC,WEST,ATSI,OE,8042.497,True
1/17/2024 10:00:00 AM,1/17/2024 5:00:00 AM,RFC,WEST,ATSI,OE,8339.941,True
1/17/2024 11:00:00 AM,1/17/2024 6:00:00 AM,RFC,WEST,ATSI,OE,8797.013,True
1/17/2024 12:00:00 PM,1/17/2024 7:00:00 AM,RFC,WEST,ATSI,OE,9156.872,True
1/17/2024 1:00:00 PM,1/17/2024 8:00:00 AM,RFC,WEST,ATSI,OE,9297.373,True
1/17/2024 2:00:00 PM,1/17/2024 9:00:00 AM,RFC,WEST,ATSI,OE,9354.503,True
1/17/2024 3:00:00 PM,1/17/2024 10:00:00 AM,RFC,WEST,ATSI,OE,9317.538,True
1/17/2024 4:00:00 PM,1/17/2024 11:00:00 AM,RFC,WEST,ATSI,OE,9284.186,True
1/17/2024 5:00:00 PM,1/17/2024 12:00:00 PM,RFC,WEST,ATSI,OE,9289.134,True
1/17/2024 6:00:00 PM,1/17/2024 1:00:00 PM,RFC,WEST,ATSI,OE,9255.417,True
1/17/2024 7:00:00 PM,1/17/2024 2:00:00 PM,RFC,WEST,ATSI,OE,9217.579,True
1/17/2024 8:00:00 PM,1/17/2024 3:00:00 PM,RFC,WEST,ATSI,OE,9140.240,True
1/17/2024 9:00:00 PM,1/17/2024 4:00:00 PM,RFC,WEST,ATSI,OE,9031.568,True
1/17/2024 10:00:00 PM,1/17/2024 5:00:00 PM,RFC,WEST,ATSI,OE,9107.744,True
1/17/2024 11:00:00 PM,1/17/2024 6:00:00 PM,RFC,WEST,ATSI,OE,9178.503,True
1/18/2024 12:00:00 AM,1/17/2024 7:00:00 PM,RFC,WEST,ATSI,OE,8981.864,True
1/18/2024 1:00:00 AM,1/17/2024 8:00:00 PM,RFC,WEST,ATSI,OE,8830.402,True
1/18/2024 2:00:00 AM,1/17/2024 9:00:00 PM,RFC,WEST,ATSI,OE,8610.238,True
1/18/2024 3:00:00 AM,1/17/2024 10:00:00 PM,RFC,WEST,ATSI,OE,8275.746,True
1/18/2024 4:00:00 AM,1/17/2024 11:00:00 PM,RFC,WEST,ATSI,OE,8054.849,True
1/18/2024 5:00:00 AM,1/18/2024 12:00:00 AM,RFC,WEST,ATSI,OE,7792.829,True
1/18/2024 6:00:00 AM,1/18/2024 1:00:00 AM,RFC,WEST,ATSI,OE,7652.409,True
1/18/2024 7:00:00 AM,1/18/2024 2:00:00 AM,RFC,WEST,ATSI,OE,7593.095,True
1/18/2024 8:00:00 AM,1/18/2024 3:00:00 AM,RFC,WEST,ATSI,OE,7615.886,True
1/18/2024 9:00:00 AM,1/18/2024 4:00:00 AM,RFC,WEST,ATSI,OE,7557.861,True
1/18/2024 10:00:00 AM,1/18/2024 5:00:00 AM,RFC,WEST,ATSI,OE,7865.489,True
1/18/2024 11:00:00 AM,1/18/2024 6:00:00 AM,RFC,WEST,ATSI,OE,8320.686,True
1/18/2024 12:00:00 PM,1/18/2024 7:00:00 AM,RFC,WEST,ATSI,OE,8652.242,True
1/18/2024 1:00:00 PM,1/18/2024 8:00:00 AM,RFC,WEST,ATSI,OE,8753.322,True
1/18/2024 2:00:00 PM,1/18/2024 9:00:00 AM,RFC,WEST,ATSI,OE,8848.131,True
1/18/2024 3:00:00 PM,1/18/2024 10:00:00 AM,RFC,WEST,ATSI,OE,8870.630,True
1/18/2024 4:00:00 PM,1/18/2024 11:00:00 AM,RFC,WEST,ATSI,OE,8819.932,True
1/18/2024 5:00:00 PM,1/18/2024 12:00:00 PM,RFC,WEST,ATSI,OE,8775.315,True
1/18/2024 6:00:00 PM,1/18/2024 1:00:00 PM,RFC,WEST,ATSI,OE,8781.072,True
1/18/2024 7:00:00 PM,1/18/2024 2:00:00 PM,RFC,WEST,ATSI,OE,8675.854,True
1/18/2024 8:00:00 PM,1/18/2024 3:00:00 PM,RFC,WEST,ATSI,OE,8606.767,True
1/18/2024 9:00:00 PM,1/18/2024 4:00:00 PM,RFC,WEST,ATSI,OE,8589.259,True
1/18/2024 10:00:00 PM,1/18/2024 5:00:00 PM,RFC,WEST,ATSI,OE,8687.025,True
1/18/2024 11:00:00 PM,1/18/2024 6:00:00 PM,RFC,WEST,ATSI,OE,8757.207,True
1/19/2024 12:00:00 AM,1/18/2024 7:00:00 PM,RFC,WEST,ATSI,OE,8674.140,True
1/19/2024 1:00:00 AM,1/18/2024 8:00:00 PM,RFC,WEST,ATSI,OE,8531.461,True
1/19/2024 2:00:00 AM,1/18/2024 9:00:00 PM,RFC,WEST,ATSI,OE,8283.598,True
1/19/2024 3:00:00 AM,1/18/2024 10:00:00 PM,RFC,WEST,ATSI,OE,7970.934,True
1/19/2024 4:00:00 AM,1/18/2024 11:00:00 PM,RFC,WEST,ATSI,OE,7642.416,True
1/19/2024 5:00:00 AM,1/19/2024 12:00:00 AM,RFC,WEST,ATSI,OE,7444.630,True
1/19/2024 6:00:00 AM,1/19/2024 1:00:00 AM,RFC,WEST,ATSI,OE,7324.499,True
1/19/2024 7:00:00 AM,1/19/2024 2:00:00 AM,RFC,WEST,ATSI,OE,7272.445,True
1/19/2024 8:00:00 AM,1/19/2024 3:00:00 AM,RFC,WEST,ATSI,OE,7310.491,True
1/19/2024 9:00:00 AM,1/19/2024 4:00:00 AM,RFC,WEST,ATSI,OE,7354.343,True
1/19/2024 10:00:00 AM,1/19/2024 5:00:00 AM,RFC,WEST,ATSI,OE,7644.364,True
1/19/2024 11:00:00 AM,1/19/2024 6:00:00 AM,RFC,WEST,ATSI,OE,7918.758,True
1/19/2024 12:00:00 PM,1/19/2024 7:00:00 AM,RFC,WEST,ATSI,OE,8308.605,True
1/19/2024 1:00:00 PM,1/19/2024 8:00:00 AM,RFC,WEST,ATSI,OE,8466.941,True
1/19/2024 2:00:00 PM,1/19/2024 9:00:00 AM,RFC,WEST,ATSI,OE,8595.328,True
1/19/2024 3:00:00 PM,1/19/2024 10:00:00 AM,RFC,WEST,ATSI,OE,8756.368,True
1/19/2024 4:00:00 PM,1/19/2024 11:00:00 AM,RFC,WEST,ATSI,OE,8727.513,True
1/19/2024 5:00:00 PM,1/19/2024 12:00:00 PM,RFC,WEST,ATSI,OE,8716.525,True
1/19/2024 6:00:00 PM,1/19/2024 1:00:00 PM,RFC,WEST,ATSI,OE,8628.314,True
1/19/2024 7:00:00 PM,1/19/2024 2:00:00 PM,RFC,WEST,ATSI,OE,8632.168,True
1/19/2024 8:00:00 PM,1/19/2024 3:00:00 PM,RFC,WEST,ATSI,OE,8481.810,True
1/19/2024 9:00:00 PM,1/19/2024 4:00:00 PM,RFC,WEST,ATSI,OE,8495.918,True
1/19/2024 10:00:00 PM,1/19/2024 5:00:00 PM,RFC,WEST,ATSI,OE,8639.788,True
1/19/2024 11:00:00 PM,1/19/2024 6:00:00 PM,RFC,WEST,ATSI,OE,8814.534,True
1/20/2024 12:00:00 AM,1/19/2024 7:00:00 PM,RFC,WEST,ATSI,OE,8654.924,True
1/20/2024 1:00:00 AM,1/19/2024 8:00:00 PM,RFC,WEST,ATSI,OE,8518.662,True
1/20/2024 2:00:00 AM,1/19/2024 9:00:00 PM,RFC,WEST,ATSI,OE,8326.428,True
1/20/2024 3:00:00 AM,1/19/2024 10:00:00 PM,RFC,WEST,ATSI,OE,8030.162,True
1/20/2024 4:00:00 AM,1/19/2024 11:00:00 PM,RFC,WEST,ATSI,OE,7724.226,True
1/20/2024 5:00:00 AM,1/20/2024 12:00:00 AM,RFC,WEST,ATSI,OE,7568.932,True
1/20/2024 6:00:00 AM,1/20/2024 1:00:00 AM,RFC,WEST,ATSI,OE,7444.512,True
1/20/2024 7:00:00 AM,1/20/2024 2:00:00 AM,RFC,WEST,ATSI,OE,7387.072,True
1/20/2024 8:00:00 AM,1/20/2024 3:00:00 AM,RFC,WEST,ATSI,OE,7403.235,True
1/20/2024 9:00:00 AM,1/20/2024 4:00:00 AM,RFC,WEST,ATSI,OE,7396.958,True
1/20/2024 10:00:00 AM,1/20/2024 5:00:00 AM,RFC,WEST,ATSI,OE,7468.604,True
1/20/2024 11:00:00 AM,1/20/2024 6:00:00 AM,RFC,WEST,ATSI,OE,7618.684,True
1/20/2024 12:00:00 PM,1/20/2024 7:00:00 AM,RFC,WEST,ATSI,OE,7875.983,True
1/20/2024 1:00:00 PM,1/20/2024 8:00:00 AM,RFC,WEST,ATSI,OE,8092.976,True
1/20/2024 2:00:00 PM,1/20/2024 9:00:00 AM,RFC,WEST,ATSI,OE,8253.135,True
1/20/2024 3:00:00 PM,1/20/2024 10:00:00 AM,RFC,WEST,ATSI,OE,8298.088,True
1/20/2024 4:00:00 PM,1/20/2024 11:00:00 AM,RFC,WEST,ATSI,OE,8216.714,True
1/20/2024 5:00:00 PM,1/20/2024 12:00:00 PM,RFC,WEST,ATSI,OE,8296.863,True
1/20/2024 6:00:00 PM,1/20/2024 1:00:00 PM,RFC,WEST,ATSI,OE,8144.605,True
1/20/2024 7:00:00 PM,1/20/2024 2:00:00 PM,RFC,WEST,ATSI,OE,8129.046,True
1/20/2024 8:00:00 PM,1/20/2024 3:00:00 PM,RFC,WEST,ATSI,OE,8271.743,True
1/20/2024 9:00:00 PM,1/20/2024 4:00:00 PM,RFC,WEST,ATSI,OE,8367.185,True
1/20/2024 10:00:00 PM,1/20/2024 5:00:00 PM,RFC,WEST,ATSI,OE,8537.469,True
1/20/2024 11:00:00 PM,1/20/2024 6:00:00 PM,RFC,WEST,ATSI,OE,8643.671,True
1/21/2024 12:00:00 AM,1/20/2024 7:00:00 PM,RFC,WEST,ATSI,OE,8533.884,True
1/21/2024 1:00:00 AM,1/20/2024 8:00:00 PM,RFC,WEST,ATSI,OE,8359.710,True
1/21/2024 2:00:00 AM,1/20/2024 9:00:00 PM,RFC,WEST,ATSI,OE,8218.458,True
1/21/2024 3:00:00 AM,1/20/2024 10:00:00 PM,RFC,WEST,ATSI,OE,7957.324,True
1/21/2024 4:00:00 AM,1/20/2024 11:00:00 PM,RFC,WEST,ATSI,OE,7698.488,True
1/21/2024 5:00:00 AM,1/21/2024 12:00:00 AM,RFC,WEST,ATSI,OE,7503.923,True
1/21/2024 6:00:00 AM,1/21/2024 1:00:00 AM,RFC,WEST,ATSI,OE,7295.999,True
1/21/2024 7:00:00 AM,1/21/2024 2:00:00 AM,RFC,WEST,ATSI,OE,7232.037,True
1/21/2024 8:00:00 AM,1/21/2024 3:00:00 AM,RFC,WEST,ATSI,OE,7176.335,True
1/21/2024 9:00:00 AM,1/21/2024 4:00:00 AM,RFC,WEST,ATSI,OE,7204.076,True
1/21/2024 10:00:00 AM,1/21/2024 5:00:00 AM,RFC,WEST,ATSI,OE,7262.837,True
1/21/2024 11:00:00 AM,1/21/2024 6:00:00 AM,RFC,WEST,ATSI,OE,7381.246,True
1/21/2024 12:00:00 PM,1/21/2024 7:00:00 AM,RFC,WEST,ATSI,OE,7586.736,True
1/21/2024 1:00:00 PM,1/21/2024 8:00:00 AM,RFC,WEST,ATSI,OE,7731.956,True
1/21/2024 2:00:00 PM,1/21/2024 9:00:00 AM,RFC,WEST,ATSI,OE,7835.054,True
1/21/2024 3:00:00 PM,1/21/2024 10:00:00 AM,RFC,WEST,ATSI,OE,7864.070,True
1/21/2024 4:00:00 PM,1/21/2024 11:00:00 AM,RFC,WEST,ATSI,OE,7832.133,True
1/21/2024 5:00:00 PM,1/21/2024 12:00:00 PM,RFC,WEST,ATSI,OE,7774.903,True
1/21/2024 6:00:00 PM,1/21/2024 1:00:00 PM,RFC,WEST,ATSI,OE,7758.054,True
1/21/2024 7:00:00 PM,1/21/2024 2:00:00 PM,RFC,WEST,ATSI,OE,7649.916,True
1/21/2024 8:00:00 PM,1/21/2024 3:00:00 PM,RFC,WEST,ATSI,OE,7747.010,True
1/21/2024 9:00:00 PM,1/21/2024 4:00:00 PM,RFC,WEST,ATSI,OE,7846.781,True
1/21/2024 10:00:00 PM,1/21/2024 5:00:00 PM,RFC,WEST,ATSI,OE,8181.344,True
1/21/2024 11:00:00 PM,1/21/2024 6:00:00 PM,RFC,WEST,ATSI,OE,8445.753,True
1/22/2024 12:00:00 AM,1/21/2024 7:00:00 PM,RFC,WEST,ATSI,OE,8435.855,True
1/22/2024 1:00:00 AM,1/21/2024 8:00:00 PM,RFC,WEST,ATSI,OE,8335.732,True
1/22/2024 2:00:00 AM,1/21/2024 9:00:00 PM,RFC,WEST,ATSI,OE,8115.128,True
1/22/2024 3:00:00 AM,1/21/2024 10:00:00 PM,RFC,WEST,ATSI,OE,7910.815,True
1/22/2024 4:00:00 AM,1/21/2024 11:00:00 PM,RFC,WEST,ATSI,OE,7747.852,True
1/22/2024 5:00:00 AM,1/22/2024 12:00:00 AM,RFC,WEST,ATSI,OE,7529.552,True
1/22/2024 6:00:00 AM,1/22/2024 1:00:00 AM,RFC,WEST,ATSI,OE,7508.921,True
1/22/2024 7:00:00 AM,1/22/2024 2:00:00 AM,RFC,WEST,ATSI,OE,7545.066,True
1/22/2024 8:00:00 AM,1/22/2024 3:00:00 AM,RFC,WEST,ATSI,OE,7552.981,True
1/22/2024 9:00:00 AM,1/22/2024 4:00:00 AM,RFC,WEST,ATSI,OE,7675.667,True
1/22/2024 10:00:00 AM,1/22/2024 5:00:00 AM,RFC,WEST,ATSI,OE,7927.419,True
1/22/2024 11:00:00 AM,1/22/2024 6:00:00 AM,RFC,WEST,ATSI,OE,8507.440,True
1/22/2024 12:00:00 PM,1/22/2024 7:00:00 AM,RFC,WEST,ATSI,OE,8842.740,True
1/22/2024 1:00:00 PM,1/22/2024 8:00:00 AM,RFC,WEST,ATSI,OE,8941.459,True
1/22/2024 2:00:00 PM,1/22/2024 9:00:00 AM,RFC,WEST,ATSI,OE,8871.835,True
1/22/2024 3:00:00 PM,1/22/2024 10:00:00 AM,RFC,WEST,ATSI,OE,8873.115,True
1/22/2024 4:00:00 PM,1/22/2024 11:00:00 AM,RFC,WEST,ATSI,OE,8747.293,True
1/22/2024 5:00:00 PM,1/22/2024 12:00:00 PM,RFC,WEST,ATSI,OE,8660.982,True
1/22/2024 6:00:00 PM,1/22/2024 1:00:00 PM,RFC,WEST,ATSI,OE,8528.088,True
1/22/2024 7:00:00 PM,1/22/2024 2:00:00 PM,RFC,WEST,ATSI,OE,8482.246,True
1/22/2024 8:00:00 PM,1/22/2024 3:00:00 PM,RFC,WEST,ATSI,OE,8436.095,True
1/22/2024 9:00:00 PM,1/22/2024 4:00:00 PM,RFC,WEST,ATSI,OE,8539.237,True
1/22/2024 10:00:00 PM,1/22/2024 5:00:00 PM,RFC,WEST,ATSI,OE,8466.151,True
1/22/2024 11:00:00 PM,1/22/2024 6:00:00 PM,RFC,WEST,ATSI,OE,8499.383,True
1/23/2024 12:00:00 AM,1/22/2024 7:00:00 PM,RFC,WEST,ATSI,OE,8369.846,True
1/23/2024 1:00:00 AM,1/22/2024 8:00:00 PM,RFC,WEST,ATSI,OE,8193.496,True
1/23/2024 2:00:00 AM,1/22/2024 9:00:00 PM,RFC,WEST,ATSI,OE,7830.458,True
1/23/2024 3:00:00 AM,1/22/2024 10:00:00 PM,RFC,WEST,ATSI,OE,7599.410,True
1/23/2024 4:00:00 AM,1/22/2024 11:00:00 PM,RFC,WEST,ATSI,OE,7236.908,True
1/23/2024 5:00:00 AM,1/23/2024 12:00:00 AM,RFC,WEST,ATSI,OE,7035.690,True
1/23/2024 6:00:00 AM,1/23/2024 1:00:00 AM,RFC,WEST,ATSI,OE,6902.253,True
1/23/2024 7:00:00 AM,1/23/2024 2:00:00 AM,RFC,WEST,ATSI,OE,6804.147,True
1/23/2024 8:00:00 AM,1/23/2024 3:00:00 AM,RFC,WEST,ATSI,OE,6859.354,True
1/23/2024 9:00:00 AM,1/23/2024 4:00:00 AM,RFC,WEST,ATSI,OE,6949.190,True
1/23/2024 10:00:00 AM,1/23/2024 5:00:00 AM,RFC,WEST,ATSI,OE,7188.016,True
1/23/2024 11:00:00 AM,1/23/2024 6:00:00 AM,RFC,WEST,ATSI,OE,7555.936,True
1/23/2024 12:00:00 PM,1/23/2024 7:00:00 AM,RFC,WEST,ATSI,OE,8026.221,True
1/23/2024 1:00:00 PM,1/23/2024 8:00:00 AM,RFC,WEST,ATSI,OE,8183.798,True
1/23/2024 2:00:00 PM,1/23/2024 9:00:00 AM,RFC,WEST,ATSI,OE,8236.226,True
1/23/2024 3:00:00 PM,1/23/2024 10:00:00 AM,RFC,WEST,ATSI,OE,8353.246,True
1/23/2024 4:00:00 PM,1/23/2024 11:00:00 AM,RFC,WEST,ATSI,OE,8263.888,True
1/23/2024 5:00:00 PM,1/23/2024 12:00:00 PM,RFC,WEST,ATSI,OE,8262.677,True
1/23/2024 6:00:00 PM,1/23/2024 1:00:00 PM,RFC,WEST,ATSI,OE,8265.640,True
1/23/2024 7:00:00 PM,1/23/2024 2:00:00 PM,RFC,WEST,ATSI,OE,8177.688,True
1/23/2024 8:00:00 PM,1/23/2024 3:00:00 PM,RFC,WEST,ATSI,OE,8079.714,True
1/23/2024 9:00:00 PM,1/23/2024 4:00:00 PM,RFC,WEST,ATSI,OE,8030.471,True
1/23/2024 10:00:00 PM,1/23/2024 5:00:00 PM,RFC,WEST,ATSI,OE,8198.491,True
1/23/2024 11:00:00 PM,1/23/2024 6:00:00 PM,RFC,WEST,ATSI,OE,8219.117,True
1/24/2024 12:00:00 AM,1/23/2024 7:00:00 PM,RFC,WEST,ATSI,OE,8107.928,True
1/24/2024 1:00:00 AM,1/23/2024 8:00:00 PM,RFC,WEST,ATSI,OE,7941.913,True
1/24/2024 2:00:00 AM,1/23/2024 9:00:00 PM,RFC,WEST,ATSI,OE,7657.389,True
1/24/2024 3:00:00 AM,1/23/2024 10:00:00 PM,RFC,WEST,ATSI,OE,7318.832,True
1/24/2024 4:00:00 AM,1/23/2024 11:00:00 PM,RFC,WEST,ATSI,OE,6965.309,True
1/24/2024 5:00:00 AM,1/24/2024 12:00:00 AM,RFC,WEST,ATSI,OE,6788.296,True
1/24/2024 6:00:00 AM,1/24/2024 1:00:00 AM,RFC,WEST,ATSI,OE,6618.632,True
1/24/2024 7:00:00 AM,1/24/2024 2:00:00 AM,RFC,WEST,ATSI,OE,6520.701,True
1/24/2024 8:00:00 AM,1/24/2024 3:00:00 AM,RFC,WEST,ATSI,OE,6501.950,True
1/24/2024 9:00:00 AM,1/24/2024 4:00:00 AM,RFC,WEST,ATSI,OE,6416.839,True
1/24/2024 10:00:00 AM,1/24/2024 5:00:00 AM,RFC,WEST,ATSI,OE,6670.671,True
1/24/2024 11:00:00 AM,1/24/2024 6:00:00 AM,RFC,WEST,ATSI,OE,7142.467,True
1/24/2024 12:00:00 PM,1/24/2024 7:00:00 AM,RFC,WEST,ATSI,OE,7514.767,True
1/24/2024 1:00:00 PM,1/24/2024 8:00:00 AM,RFC,WEST,ATSI,OE,7623.121,True
1/24/2024 2:00:00 PM,1/24/2024 9:00:00 AM,RFC,WEST,ATSI,OE,7707.293,True
1/24/2024 3:00:00 PM,1/24/2024 10:00:00 AM,RFC,WEST,ATSI,OE,7777.495,True
1/24/2024 4:00:00 PM,1/24/2024 11:00:00 AM,RFC,WEST,ATSI,OE,7721.359,True
1/24/2024 5:00:00 PM,1/24/2024 12:00:00 PM,RFC,WEST,ATSI,OE,7665.140,True
1/24/2024 6:00:00 PM,1/24/2024 1:00:00 PM,RFC,WEST,ATSI,OE,7631.252,True
1/24/2024 7:00:00 PM,1/24/2024 2:00:00 PM,RFC,WEST,ATSI,OE,7500.353,True
1/24/2024 8:00:00 PM,1/24/2024 3:00:00 PM,RFC,WEST,ATSI,OE,7477.070,True
1/24/2024 9:00:00 PM,1/24/2024 4:00:00 PM,RFC,WEST,ATSI,OE,7496.306,True
1/24/2024 10:00:00 PM,1/24/2024 5:00:00 PM,RFC,WEST,ATSI,OE,7636.531,True
1/24/2024 11:00:00 PM,1/24/2024 6:00:00 PM,RFC,WEST,ATSI,OE,7643.881,True
1/25/2024 12:00:00 AM,1/24/2024 7:00:00 PM,RFC,WEST,ATSI,OE,7509.396,True
1/25/2024 1:00:00 AM,1/24/2024 8:00:00 PM,RFC,WEST,ATSI,OE,7369.743,True
1/25/2024 2:00:00 AM,1/24/2024 9:00:00 PM,RFC,WEST,ATSI,OE,7123.508,True
1/25/2024 3:00:00 AM,1/24/2024 10:00:00 PM,RFC,WEST,ATSI,OE,6770.688,True
1/25/2024 4:00:00 AM,1/24/2024 11:00:00 PM,RFC,WEST,ATSI,OE,6429.909,True
1/25/2024 5:00:00 AM,1/25/2024 12:00:00 AM,RFC,WEST,ATSI,OE,6279.836,True
1/25/2024 6:00:00 AM,1/25/2024 1:00:00 AM,RFC,WEST,ATSI,OE,6146.694,True
1/25/2024 7:00:00 AM,1/25/2024 2:00:00 AM,RFC,WEST,ATSI,OE,6089.019,True
1/25/2024 8:00:00 AM,1/25/2024 3:00:00 AM,RFC,WEST,ATSI,OE,6154.611,True
1/25/2024 9:00:00 AM,1/25/2024 4:00:00 AM,RFC,WEST,ATSI,OE,6234.901,True
1/25/2024 10:00:00 AM,1/25/2024 5:00:00 AM,RFC,WEST,ATSI,OE,6510.573,True
1/25/2024 11:00:00 AM,1/25/2024 6:00:00 AM,RFC,WEST,ATSI,OE,6960.058,True
1/25/2024 12:00:00 PM,1/25/2024 7:00:00 AM,RFC,WEST,ATSI,OE,7436.376,True
1/25/2024 1:00:00 PM,1/25/2024 8:00:00 AM,RFC,WEST,ATSI,OE,7544.408,True
1/25/2024 2:00:00 PM,1/25/2024 9:00:00 AM,RFC,WEST,ATSI,OE,7638.515,True
1/25/2024 3:00:00 PM,1/25/2024 10:00:00 AM,RFC,WEST,ATSI,OE,7636.649,True
1/25/2024 4:00:00 PM,1/25/2024 11:00:00 AM,RFC,WEST,ATSI,OE,7602.688,True
1/25/2024 5:00:00 PM,1/25/2024 12:00:00 PM,RFC,WEST,ATSI,OE,7473.598,True
1/25/2024 6:00:00 PM,1/25/2024 1:00:00 PM,RFC,WEST,ATSI,OE,7537.085,True
1/25/2024 7:00:00 PM,1/25/2024 2:00:00 PM,RFC,WEST,ATSI,OE,7467.348,True
1/25/2024 8:00:00 PM,1/25/2024 3:00:00 PM,RFC,WEST,ATSI,OE,7375.667,True
1/25/2024 9:00:00 PM,1/25/2024 4:00:00 PM,RFC,WEST,ATSI,OE,7400.167,True
1/25/2024 10:00:00 PM,1/25/2024 5:00:00 PM,RFC,WEST,ATSI,OE,7464.369,True
1/25/2024 11:00:00 PM,1/25/2024 6:00:00 PM,RFC,WEST,ATSI,OE,7529.153,True
1/26/2024 12:00:00 AM,1/25/2024 7:00:00 PM,RFC,WEST,ATSI,OE,7442.708,True
1/26/2024 1:00:00 AM,1/25/2024 8:00:00 PM,RFC,WEST,ATSI,OE,7239.526,True
1/26/2024 2:00:00 AM,1/25/2024 9:00:00 PM,RFC,WEST,ATSI,OE,7097.057,True
1/26/2024 3:00:00 AM,1/25/2024 10:00:00 PM,RFC,WEST,ATSI,OE,6824.243,True
1/26/2024 4:00:00 AM,1/25/2024 11:00:00 PM,RFC,WEST,ATSI,OE,6494.303,True
1/26/2024 5:00:00 AM,1/26/2024 12:00:00 AM,RFC,WEST,ATSI,OE,6333.300,True
1/26/2024 6:00:00 AM,1/26/2024 1:00:00 AM,RFC,WEST,ATSI,OE,6224.818,True
1/26/2024 7:00:00 AM,1/26/2024 2:00:00 AM,RFC,WEST,ATSI,OE,6120.812,True
1/26/2024 8:00:00 AM,1/26/2024 3:00:00 AM,RFC,WEST,ATSI,OE,6087.404,True
1/26/2024 9:00:00 AM,1/26/2024 4:00:00 AM,RFC,WEST,ATSI,OE,6185.611,True
1/26/2024 10:00:00 AM,1/26/2024 5:00:00 AM,RFC,WEST,ATSI,OE,6412.514,True
1/26/2024 11:00:00 AM,1/26/2024 6:00:00 AM,RFC,WEST,ATSI,OE,6895.074,True
1/26/2024 12:00:00 PM,1/26/2024 7:00:00 AM,RFC,WEST,ATSI,OE,7374.375,True
1/26/2024 1:00:00 PM,1/26/2024 8:00:00 AM,RFC,WEST,ATSI,OE,7398.807,True
1/26/2024 2:00:00 PM,1/26/2024 9:00:00 AM,RFC,WEST,ATSI,OE,7524.502,True
1/26/2024 3:00:00 PM,1/26/2024 10:00:00 AM,RFC,WEST,ATSI,OE,7614.526,True
1/26/2024 4:00:00 PM,1/26/2024 11:00:00 AM,RFC,WEST,ATSI,OE,7717.139,True
1/26/2024 5:00:00 PM,1/26/2024 12:00:00 PM,RFC,WEST,ATSI,OE,7623.571,True
1/26/2024 6:00:00 PM,1/26/2024 1:00:00 PM,RFC,WEST,ATSI,OE,7663.331,True
1/26/2024 7:00:00 PM,1/26/2024 2:00:00 PM,RFC,WEST,ATSI,OE,7558.644,True
1/26/2024 8:00:00 PM,1/26/2024 3:00:00 PM,RFC,WEST,ATSI,OE,7498.110,True
1/26/2024 9:00:00 PM,1/26/2024 4:00:00 PM,RFC,WEST,ATSI,OE,7400.216,True
1/26/2024 10:00:00 PM,1/26/2024 5:00:00 PM,RFC,WEST,ATSI,OE,7541.347,True
1/26/2024 11:00:00 PM,1/26/2024 6:00:00 PM,RFC,WEST,ATSI,OE,7553.286,True
1/27/2024 12:00:00 AM,1/26/2024 7:00:00 PM,RFC,WEST,ATSI,OE,7355.812,True
1/27/2024 1:00:00 AM,1/26/2024 8:00:00 PM,RFC,WEST,ATSI,OE,7101.410,True
1/27/2024 2:00:00 AM,1/26/2024 9:00:00 PM,RFC,WEST,ATSI,OE,7048.438,True
1/27/2024 3:00:00 AM,1/26/2024 10:00:00 PM,RFC,WEST,ATSI,OE,6743.326,True
1/27/2024 4:00:00 AM,1/26/2024 11:00:00 PM,RFC,WEST,ATSI,OE,6425.030,True
1/27/2024 5:00:00 AM,1/27/2024 12:00:00 AM,RFC,WEST,ATSI,OE,6227.375,True
1/27/2024 6:00:00 AM,1/27/2024 1:00:00 AM,RFC,WEST,ATSI,OE,6097.980,True
1/27/2024 7:00:00 AM,1/27/2024 2:00:00 AM,RFC,WEST,ATSI,OE,6022.337,True
1/27/2024 8:00:00 AM,1/27/2024 3:00:00 AM,RFC,WEST,ATSI,OE,6046.757,True
1/27/2024 9:00:00 AM,1/27/2024 4:00:00 AM,RFC,WEST,ATSI,OE,6115.025,True
1/27/2024 10:00:00 AM,1/27/2024 5:00:00 AM,RFC,WEST,ATSI,OE,6180.851,True
1/27/2024 11:00:00 AM,1/27/2024 6:00:00 AM,RFC,WEST,ATSI,OE,6330.128,True
1/27/2024 12:00:00 PM,1/27/2024 7:00:00 AM,RFC,WEST,ATSI,OE,6540.874,True
1/27/2024 1:00:00 PM,1/27/2024 8:00:00 AM,RFC,WEST,ATSI,OE,6784.279,True
1/27/2024 2:00:00 PM,1/27/2024 9:00:00 AM,RFC,WEST,ATSI,OE,6953.078,True
1/27/2024 3:00:00 PM,1/27/2024 10:00:00 AM,RFC,WEST,ATSI,OE,7066.955,True
1/27/2024 4:00:00 PM,1/27/2024 11:00:00 AM,RFC,WEST,ATSI,OE,7105.754,True
1/27/2024 5:00:00 PM,1/27/2024 12:00:00 PM,RFC,WEST,ATSI,OE,7080.034,True
1/27/2024 6:00:00 PM,1/27/2024 1:00:00 PM,RFC,WEST,ATSI,OE,6989.520,True
1/27/2024 7:00:00 PM,1/27/2024 2:00:00 PM,RFC,WEST,ATSI,OE,7007.326,True
1/27/2024 8:00:00 PM,1/27/2024 3:00:00 PM,RFC,WEST,ATSI,OE,7014.826,True
1/27/2024 9:00:00 PM,1/27/2024 4:00:00 PM,RFC,WEST,ATSI,OE,7044.027,True
1/27/2024 10:00:00 PM,1/27/2024 5:00:00 PM,RFC,WEST,ATSI,OE,7143.266,True
1/27/2024 11:00:00 PM,1/27/2024 6:00:00 PM,RFC,WEST,ATSI,OE,7182.386,True
1/28/2024 12:00:00 AM,1/27/2024 7:00:00 PM,RFC,WEST,ATSI,OE,7074.634,True
1/28/2024 1:00:00 AM,1/27/2024 8:00:00 PM,RFC,WEST,ATSI,OE,6950.123,True
1/28/2024 2:00:00 AM,1/27/2024 9:00:00 PM,RFC,WEST,ATSI,OE,6826.651,True
1/28/2024 3:00:00 AM,1/27/2024 10:00:00 PM,RFC,WEST,ATSI,OE,6625.461,True
1/28/2024 4:00:00 AM,1/27/2024 11:00:00 PM,RFC,WEST,ATSI,OE,6412.359,True
1/28/2024 5:00:00 AM,1/28/2024 12:00:00 AM,RFC,WEST,ATSI,OE,6235.437,True
1/28/2024 6:00:00 AM,1/28/2024 1:00:00 AM,RFC,WEST,ATSI,OE,6103.485,True
1/28/2024 7:00:00 AM,1/28/2024 2:00:00 AM,RFC,WEST,ATSI,OE,6001.049,True
1/28/2024 8:00:00 AM,1/28/2024 3:00:00 AM,RFC,WEST,ATSI,OE,5929.370,True
1/28/2024 9:00:00 AM,1/28/2024 4:00:00 AM,RFC,WEST,ATSI,OE,6017.655,True
1/28/2024 10:00:00 AM,1/28/2024 5:00:00 AM,RFC,WEST,ATSI,OE,5986.696,True
1/28/2024 11:00:00 AM,1/28/2024 6:00:00 AM,RFC,WEST,ATSI,OE,6148.925,True
1/28/2024 12:00:00 PM,1/28/2024 7:00:00 AM,RFC,WEST,ATSI,OE,6443.775,True
1/28/2024 1:00:00 PM,1/28/2024 8:00:00 AM,RFC,WEST,ATSI,OE,6640.973,True
1/28/2024 2:00:00 PM,1/28/2024 9:00:00 AM,RFC,WEST,ATSI,OE,6904.573,True
1/28/2024 3:00:00 PM,1/28/2024 10:00:00 AM,RFC,WEST,ATSI,OE,7094.646,True
1/28/2024 4:00:00 PM,1/28/2024 11:00:00 AM,RFC,WEST,ATSI,OE,7063.812,True
1/28/2024 5:00:00 PM,1/28/2024 12:00:00 PM,RFC,WEST,ATSI,OE,7212.570,True
1/28/2024 6:00:00 PM,1/28/2024 1:00:00 PM,RFC,WEST,ATSI,OE,7276.243,True
1/28/2024 7:00:00 PM,1/28/2024 2:00:00 PM,RFC,WEST,ATSI,OE,7132.410,True
1/28/2024 8:00:00 PM,1/28/2024 3:00:00 PM,RFC,WEST,ATSI,OE,7327.663,True
1/28/2024 9:00:00 PM,1/28/2024 4:00:00 PM,RFC,WEST,ATSI,OE,7416.471,True
1/28/2024 10:00:00 PM,1/28/2024 5:00:00 PM,RFC,WEST,ATSI,OE,7544.552,True
1/28/2024 11:00:00 PM,1/28/2024 6:00:00 PM,RFC,WEST,ATSI,OE,7662.877,True
1/29/2024 12:00:00 AM,1/28/2024 7:00:00 PM,RFC,WEST,ATSI,OE,7621.177,True
1/29/2024 1:00:00 AM,1/28/2024 8:00:00 PM,RFC,WEST,ATSI,OE,7474.976,True
1/29/2024 2:00:00 AM,1/28/2024 9:00:00 PM,RFC,WEST,ATSI,OE,7236.065,True
1/29/2024 3:00:00 AM,1/28/2024 10:00:00 PM,RFC,WEST,ATSI,OE,6961.030,True
1/29/2024 4:00:00 AM,1/28/2024 11:00:00 PM,RFC,WEST,ATSI,OE,6717.273,True
1/29/2024 5:00:00 AM,1/29/2024 12:00:00 AM,RFC,WEST,ATSI,OE,6566.894,True
1/29/2024 6:00:00 AM,1/29/2024 1:00:00 AM,RFC,WEST,ATSI,OE,6424.813,True
1/29/2024 7:00:00 AM,1/29/2024 2:00:00 AM,RFC,WEST,ATSI,OE,6396.162,True
1/29/2024 8:00:00 AM,1/29/2024 3:00:00 AM,RFC,WEST,ATSI,OE,6405.326,True
1/29/2024 9:00:00 AM,1/29/2024 4:00:00 AM,RFC,WEST,ATSI,OE,6649.881,True
1/29/2024 10:00:00 AM,1/29/2024 5:00:00 AM,RFC,WEST,ATSI,OE,6952.344,True
1/29/2024 11:00:00 AM,1/29/2024 6:00:00 AM,RFC,WEST,ATSI,OE,7470.541,True
1/29/2024 12:00:00 PM,1/29/2024 7:00:00 AM,RFC,WEST,ATSI,OE,7988.842,True
1/29/2024 1:00:00 PM,1/29/2024 8:00:00 AM,RFC,WEST,ATSI,OE,8101.582,True
1/29/2024 2:00:00 PM,1/29/2024 9:00:00 AM,RFC,WEST,ATSI,OE,8172.290,True
1/29/2024 3:00:00 PM,1/29/2024 10:00:00 AM,RFC,WEST,ATSI,OE,8237.550,True
1/29/2024 4:00:00 PM,1/29/2024 11:00:00 AM,RFC,WEST,ATSI,OE,8267.976,True
1/29/2024 5:00:00 PM,1/29/2024 12:00:00 PM,RFC,WEST,ATSI,OE,8201.130,True
1/29/2024 6:00:00 PM,1/29/2024 1:00:00 PM,RFC,WEST,ATSI,OE,8215.796,True
1/29/2024 7:00:00 PM,1/29/2024 2:00:00 PM,RFC,WEST,ATSI,OE,8066.664,True
1/29/2024 8:00:00 PM,1/29/2024 3:00:00 PM,RFC,WEST,ATSI,OE,7945.895,True
1/29/2024 9:00:00 PM,1/29/2024 4:00:00 PM,RFC,WEST,ATSI,OE,8018.447,True
1/29/2024 10:00:00 PM,1/29/2024 5:00:00 PM,RFC,WEST,ATSI,OE,8097.362,True
1/29/2024 11:00:00 PM,1/29/2024 6:00:00 PM,RFC,WEST,ATSI,OE,8040.719,True
1/30/2024 12:00:00 AM,1/29/2024 7:00:00 PM,RFC,WEST,ATSI,OE,7971.160,True
1/30/2024 1:00:00 AM,1/29/2024 8:00:00 PM,RFC,WEST,ATSI,OE,7830.187,True
1/30/2024 2:00:00 AM,1/29/2024 9:00:00 PM,RFC,WEST,ATSI,OE,7584.371,True
1/30/2024 3:00:00 AM,1/29/2024 10:00:00 PM,RFC,WEST,ATSI,OE,7220.606,True
1/30/2024 4:00:00 AM,1/29/2024 11:00:00 PM,RFC,WEST,ATSI,OE,6950.660,True
1/30/2024 5:00:00 AM,1/30/2024 12:00:00 AM,RFC,WEST,ATSI,OE,6863.887,True
1/30/2024 6:00:00 AM,1/30/2024 1:00:00 AM,RFC,WEST,ATSI,OE,6690.208,True
1/30/2024 7:00:00 AM,1/30/2024 2:00:00 AM,RFC,WEST,ATSI,OE,6561.413,True
1/30/2024 8:00:00 AM,1/30/2024 3:00:00 AM,RFC,WEST,ATSI,OE,6672.715,True
1/30/2024 9:00:00 AM,1/30/2024 4:00:00 AM,RFC,WEST,ATSI,OE,6769.790,True
1/30/2024 10:00:00 AM,1/30/2024 5:00:00 AM,RFC,WEST,ATSI,OE,7088.385,True
1/30/2024 11:00:00 AM,1/30/2024 6:00:00 AM,RFC,WEST,ATSI,OE,7622.503,True
1/30/2024 12:00:00 PM,1/30/2024 7:00:00 AM,RFC,WEST,ATSI,OE,8027.055,True
1/30/2024 1:00:00 PM,1/30/2024 8:00:00 AM,RFC,WEST,ATSI,OE,8150.158,True
1/30/2024 2:00:00 PM,1/30/2024 9:00:00 AM,RFC,WEST,ATSI,OE,8236.069,True
1/30/2024 3:00:00 PM,1/30/2024 10:00:00 AM,RFC,WEST,ATSI,OE,8269.781,True
1/30/2024 4:00:00 PM,1/30/2024 11:00:00 AM,RFC,WEST,ATSI,OE,8219.522,True
1/30/2024 5:00:00 PM,1/30/2024 12:00:00 PM,RFC,WEST,ATSI,OE,8126.128,True
1/30/2024 6:00:00 PM,1/30/2024 1:00:00 PM,RFC,WEST,ATSI,OE,8073.601,True
1/30/2024 7:00:00 PM,1/30/2024 2:00:00 PM,RFC,WEST,ATSI,OE,7937.561,True
1/30/2024 8:00:00 PM,1/30/2024 3:00:00 PM,RFC,WEST,ATSI,OE,7846.361,True
1/30/2024 9:00:00 PM,1/30/2024 4:00:00 PM,RFC,WEST,ATSI,OE,7801.422,True
1/30/2024 10:00:00 PM,1/30/2024 5:00:00 PM,RFC,WEST,ATSI,OE,7932.140,True
1/30/2024 11:00:00 PM,1/30/2024 6:00:00 PM,RFC,WEST,ATSI,OE,8017.606,True
1/31/2024 12:00:00 AM,1/30/2024 7:00:00 PM,RFC,WEST,ATSI,OE,7908.316,True
1/31/2024 1:00:00 AM,1/30/2024 8:00:00 PM,RFC,WEST,ATSI,OE,7832.598,True
1/31/2024 2:00:00 AM,1/30/2024 9:00:00 PM,RFC,WEST,ATSI,OE,7579.751,True
1/31/2024 3:00:00 AM,1/30/2024 10:00:00 PM,RFC,WEST,ATSI,OE,7249.715,True
1/31/2024 4:00:00 AM,1/30/2024 11:00:00 PM,RFC,WEST,ATSI,OE,6924.011,True
1/31/2024 5:00:00 AM,1/31/2024 12:00:00 AM,RFC,WEST,ATSI,OE,6759.115,True
1/31/2024 6:00:00 AM,1/31/2024 1:00:00 AM,RFC,WEST,ATSI,OE,6621.636,True
1/31/2024 7:00:00 AM,1/31/2024 2:00:00 AM,RFC,WEST,ATSI,OE,6605.366,True
1/31/2024 8:00:00 AM,1/31/2024 3:00:00 AM,RFC,WEST,ATSI,OE,6594.470,True
1/31/2024 9:00:00 AM,1/31/2024 4:00:00 AM,RFC,WEST,ATSI,OE,6694.055,True
1/31/2024 10:00:00 AM,1/31/2024 5:00:00 AM,RFC,WEST,ATSI,OE,6929.008,True
1/31/2024 11:00:00 AM,1/31/2024 6:00:00 AM,RFC,WEST,ATSI,OE,7405.562,True
1/31/2024 12:00:00 PM,1/31/2024 7:00:00 AM,RFC,WEST,ATSI,OE,7850.899,True
1/31/2024 1:00:00 PM,1/31/2024 8:00:00 AM,RFC,WEST,ATSI,OE,7949.679,True
1/31/2024 2:00:00 PM,1/31/2024 9:00:00 AM,RFC,WEST,ATSI,OE,7948.252,True
1/31/2024 3:00:00 PM,1/31/2024 10:00:00 AM,RFC,WEST,ATSI,OE,8032.821,True
1/31/2024 4:00:00 PM,1/31/2024 11:00:00 AM,RFC,WEST,ATSI,OE,8028.353,True
1/31/2024 5:00:00 PM,1/31/2024 12:00:00 PM,RFC,WEST,ATSI,OE,7954.022,True
1/31/2024 6:00:00 PM,1/31/2024 1:00:00 PM,RFC,WEST,ATSI,OE,7997.276,True
1/31/2024 7:00:00 PM,1/31/2024 2:00:00 PM,RFC,WEST,ATSI,OE,7824.190,True
1/31/2024 8:00:00 PM,1/31/2024 3:00:00 PM,RFC,WEST,ATSI,OE,7828.349,True
1/31/2024 9:00:00 PM,1/31/2024 4:00:00 PM,RFC,WEST,ATSI,OE,7796.086,True
1/31/2024 10:00:00 PM,1/31/2024 5:00:00 PM,RFC,WEST,ATSI,OE,7877.783,True
1/31/2024 11:00:00 PM,1/31/2024 6:00:00 PM,RFC,WEST,ATSI,OE,7934.825,True
2/1/2024 12:00:00 AM,1/31/2024 7:00:00 PM,RFC,WEST,ATSI,OE,7903.471,True
2/1/2024 1:00:00 AM,1/31/2024 8:00:00 PM,RFC,WEST,ATSI,OE,7795.495,True
2/1/2024 2:00:00 AM,1/31/2024 9:00:00 PM,RFC,WEST,ATSI,OE,7572.530,True
2/1/2024 3:00:00 AM,1/31/2024 10:00:00 PM,RFC,WEST,ATSI,OE,7246.262,True
2/1/2024 4:00:00 AM,1/31/2024 11:00:00 PM,RFC,WEST,ATSI,OE,6983.631,True
2/1/2024 5:00:00 AM,2/1/2024 12:00:00 AM,RFC,WEST,ATSI,OE,6769.298,True
2/1/2024 6:00:00 AM,2/1/2024 1:00:00 AM,RFC,WEST,ATSI,OE,6668.509,True
2/1/2024 7:00:00 AM,2/1/2024 2:00:00 AM,RFC,WEST,ATSI,OE,6568.761,True
2/1/2024 8:00:00 AM,2/1/2024 3:00:00 AM,RFC,WEST,ATSI,OE,6545.205,True
2/1/2024 9:00:00 AM,2/1/2024 4:00:00 AM,RFC,WEST,ATSI,OE,6656.439,True
2/1/2024 10:00:00 AM,2/1/2024 5:00:00 AM,RFC,WEST,ATSI,OE,6877.036,True
2/1/2024 11:00:00 AM,2/1/2024 6:00:00 AM,RFC,WEST,ATSI,OE,7439.502,True
2/1/2024 12:00:00 PM,2/1/2024 7:00:00 AM,RFC,WEST,ATSI,OE,7784.808,True
2/1/2024 1:00:00 PM,2/1/2024 8:00:00 AM,RFC,WEST,ATSI,OE,7869.569,True
2/1/2024 2:00:00 PM,2/1/2024 9:00:00 AM,RFC,WEST,ATSI,OE,7889.602,True
2/1/2024 3:00:00 PM,2/1/2024 10:00:00 AM,RFC,WEST,ATSI,OE,7768.789,True
2/1/2024 4:00:00 PM,2/1/2024 11:00:00 AM,RFC,WEST,ATSI,OE,7560.288,True
2/1/2024 5:00:00 PM,2/1/2024 12:00:00 PM,RFC,WEST,ATSI,OE,7390.427,True
2/1/2024 6:00:00 PM,2/1/2024 1:00:00 PM,RFC,WEST,ATSI,OE,7341.312,True
2/1/2024 7:00:00 PM,2/1/2024 2:00:00 PM,RFC,WEST,ATSI,OE,7180.154,True
2/1/2024 8:00:00 PM,2/1/2024 3:00:00 PM,RFC,WEST,ATSI,OE,7075.594,True
2/1/2024 9:00:00 PM,2/1/2024 4:00:00 PM,RFC,WEST,ATSI,OE,7202.342,True
2/1/2024 10:00:00 PM,2/1/2024 5:00:00 PM,RFC,WEST,ATSI,OE,7387.661,True
2/1/2024 11:00:00 PM,2/1/2024 6:00:00 PM,RFC,WEST,ATSI,OE,7523.519,True
2/2/2024 12:00:00 AM,2/1/2024 7:00:00 PM,RFC,WEST,ATSI,OE,7436.472,True
2/2/2024 1:00:00 AM,2/1/2024 8:00:00 PM,RFC,WEST,ATSI,OE,7409.939,True
2/2/2024 2:00:00 AM,2/1/2024 9:00:00 PM,RFC,WEST,ATSI,OE,7217.948,True
2/2/2024 3:00:00 AM,2/1/2024 10:00:00 PM,RFC,WEST,ATSI,OE,6847.178,True
2/2/2024 4:00:00 AM,2/1/2024 11:00:00 PM,RFC,WEST,ATSI,OE,6574.820,True
2/2/2024 5:00:00 AM,2/2/2024 12:00:00 AM,RFC,WEST,ATSI,OE,6374.371,True
2/2/2024 6:00:00 AM,2/2/2024 1:00:00 AM,RFC,WEST,ATSI,OE,6210.160,True
2/2/2024 7:00:00 AM,2/2/2024 2:00:00 AM,RFC,WEST,ATSI,OE,6187.057,True
2/2/2024 8:00:00 AM,2/2/2024 3:00:00 AM,RFC,WEST,ATSI,OE,6266.176,True
2/2/2024 9:00:00 AM,2/2/2024 4:00:00 AM,RFC,WEST,ATSI,OE,6346.795,True
2/2/2024 10:00:00 AM,2/2/2024 5:00:00 AM,RFC,WEST,ATSI,OE,6692.370,True
2/2/2024 11:00:00 AM,2/2/2024 6:00:00 AM,RFC,WEST,ATSI,OE,7167.401,True
2/2/2024 12:00:00 PM,2/2/2024 7:00:00 AM,RFC,WEST,ATSI,OE,7615.719,True
2/2/2024 1:00:00 PM,2/2/2024 8:00:00 AM,RFC,WEST,ATSI,OE,7679.931,True
2/2/2024 2:00:00 PM,2/2/2024 9:00:00 AM,RFC,WEST,ATSI,OE,7772.999,True
2/2/2024 3:00:00 PM,2/2/2024 10:00:00 AM,RFC,WEST,ATSI,OE,7831.965,True
2/2/2024 4:00:00 PM,2/2/2024 11:00:00 AM,RFC,WEST,ATSI,OE,7702.939,True
2/2/2024 5:00:00 PM,2/2/2024 12:00:00 PM,RFC,WEST,ATSI,OE,7844.427,True
2/2/2024 6:00:00 PM,2/2/2024 1:00:00 PM,RFC,WEST,ATSI,OE,7849.854,True
2/2/2024 7:00:00 PM,2/2/2024 2:00:00 PM,RFC,WEST,ATSI,OE,7676.193,True
2/2/2024 8:00:00 PM,2/2/2024 3:00:00 PM,RFC,WEST,ATSI,OE,7533.995,True
2/2/2024 9:00:00 PM,2/2/2024 4:00:00 PM,RFC,WEST,ATSI,OE,7577.447,True
2/2/2024 10:00:00 PM,2/2/2024 5:00:00 PM,RFC,WEST,ATSI,OE,7707.533,True
2/2/2024 11:00:00 PM,2/2/2024 6:00:00 PM,RFC,WEST,ATSI,OE,7773.713,True
2/3/2024 12:00:00 AM,2/2/2024 7:00:00 PM,RFC,WEST,ATSI,OE,7748.695,True
2/3/2024 1:00:00 AM,2/2/2024 8:00:00 PM,RFC,WEST,ATSI,OE,7609.184,True
2/3/2024 2:00:00 AM,2/2/2024 9:00:00 PM,RFC,WEST,ATSI,OE,7378.188,True
2/3/2024 3:00:00 AM,2/2/2024 10:00:00 PM,RFC,WEST,ATSI,OE,7084.436,True
2/3/2024 4:00:00 AM,2/2/2024 11:00:00 PM,RFC,WEST,ATSI,OE,6727.027,True
2/3/2024 5:00:00 AM,2/3/2024 12:00:00 AM,RFC,WEST,ATSI,OE,6587.683,True
2/3/2024 6:00:00 AM,2/3/2024 1:00:00 AM,RFC,WEST,ATSI,OE,6400.344,True
2/3/2024 7:00:00 AM,2/3/2024 2:00:00 AM,RFC,WEST,ATSI,OE,6327.487,True
2/3/2024 8:00:00 AM,2/3/2024 3:00:00 AM,RFC,WEST,ATSI,OE,6318.667,True
2/3/2024 9:00:00 AM,2/3/2024 4:00:00 AM,RFC,WEST,ATSI,OE,6317.119,True
2/3/2024 10:00:00 AM,2/3/2024 5:00:00 AM,RFC,WEST,ATSI,OE,6463.364,True
2/3/2024 11:00:00 AM,2/3/2024 6:00:00 AM,RFC,WEST,ATSI,OE,6644.274,True
2/3/2024 12:00:00 PM,2/3/2024 7:00:00 AM,RFC,WEST,ATSI,OE,6912.506,True
2/3/2024 1:00:00 PM,2/3/2024 8:00:00 AM,RFC,WEST,ATSI,OE,7092.181,True
2/3/2024 2:00:00 PM,2/3/2024 9:00:00 AM,RFC,WEST,ATSI,OE,7143.589,True
2/3/2024 3:00:00 PM,2/3/2024 10:00:00 AM,RFC,WEST,ATSI,OE,7265.049,True
2/3/2024 4:00:00 PM,2/3/2024 11:00:00 AM,RFC,WEST,ATSI,OE,7127.983,True
2/3/2024 5:00:00 PM,2/3/2024 12:00:00 PM,RFC,WEST,ATSI,OE,6991.449,True
2/3/2024 6:00:00 PM,2/3/2024 1:00:00 PM,RFC,WEST,ATSI,OE,6855.661,True
2/3/2024 7:00:00 PM,2/3/2024 2:00:00 PM,RFC,WEST,ATSI,OE,6681.937,True
2/3/2024 8:00:00 PM,2/3/2024 3:00:00 PM,RFC,WEST,ATSI,OE,6647.390,True
2/3/2024 9:00:00 PM,2/3/2024 4:00:00 PM,RFC,WEST,ATSI,OE,6796.212,True
2/3/2024 10:00:00 PM,2/3/2024 5:00:00 PM,RFC,WEST,ATSI,OE,6916.465,True
2/3/2024 11:00:00 PM,2/3/2024 6:00:00 PM,RFC,WEST,ATSI,OE,7239.404,True
2/4/2024 12:00:00 AM,2/3/2024 7:00:00 PM,RFC,WEST,ATSI,OE,7159.728,True
2/4/2024 1:00:00 AM,2/3/2024 8:00:00 PM,RFC,WEST,ATSI,OE,7050.570,True
2/4/2024 2:00:00 AM,2/3/2024 9:00:00 PM,RFC,WEST,ATSI,OE,6961.608,True
2/4/2024 3:00:00 AM,2/3/2024 10:00:00 PM,RFC,WEST,ATSI,OE,6816.940,True
2/4/2024 4:00:00 AM,2/3/2024 11:00:00 PM,RFC,WEST,ATSI,OE,6563.022,True
2/4/2024 5:00:00 AM,2/4/2024 12:00:00 AM,RFC,WEST,ATSI,OE,6534.007,True
2/4/2024 6:00:00 AM,2/4/2024 1:00:00 AM,RFC,WEST,ATSI,OE,6437.804,True
2/4/2024 7:00:00 AM,2/4/2024 2:00:00 AM,RFC,WEST,ATSI,OE,6413.106,True
2/4/2024 8:00:00 AM,2/4/2024 3:00:00 AM,RFC,WEST,ATSI,OE,6354.767,True
2/4/2024 9:00:00 AM,2/4/2024 4:00:00 AM,RFC,WEST,ATSI,OE,6431.406,True
2/4/2024 10:00:00 AM,2/4/2024 5:00:00 AM,RFC,WEST,ATSI,OE,6534.936,True
2/4/2024 11:00:00 AM,2/4/2024 6:00:00 AM,RFC,WEST,ATSI,OE,6664.355,True
2/4/2024 12:00:00 PM,2/4/2024 7:00:00 AM,RFC,WEST,ATSI,OE,6822.978,True
2/4/2024 1:00:00 PM,2/4/2024 8:00:00 AM,RFC,WEST,ATSI,OE,6988.410,True
2/4/2024 2:00:00 PM,2/4/2024 9:00:00 AM,RFC,WEST,ATSI,OE,6970.472,True
2/4/2024 3:00:00 PM,2/4/2024 10:00:00 AM,RFC,WEST,ATSI,OE,6863.311,True
2/4/2024 4:00:00 PM,2/4/2024 11:00:00 AM,RFC,WEST,ATSI,OE,6708.838,True
2/4/2024 5:00:00 PM,2/4/2024 12:00:00 PM,RFC,WEST,ATSI,OE,6644.720,True
2/4/2024 6:00:00 PM,2/4/2024 1:00:00 PM,RFC,WEST,ATSI,OE,6498.665,True
2/4/2024 7:00:00 PM,2/4/2024 2:00:00 PM,RFC,WEST,ATSI,OE,6433.314,True
2/4/2024 8:00:00 PM,2/4/2024 3:00:00 PM,RFC,WEST,ATSI,OE,6444.295,True
2/4/2024 9:00:00 PM,2/4/2024 4:00:00 PM,RFC,WEST,ATSI,OE,6617.386,True
2/4/2024 10:00:00 PM,2/4/2024 5:00:00 PM,RFC,WEST,ATSI,OE,6817.463,True
2/4/2024 11:00:00 PM,2/4/2024 6:00:00 PM,RFC,WEST,ATSI,OE,7177.762,True
2/5/2024 12:00:00 AM,2/4/2024 7:00:00 PM,RFC,WEST,ATSI,OE,7286.064,True
2/5/2024 1:00:00 AM,2/4/2024 8:00:00 PM,RFC,WEST,ATSI,OE,7220.845,True
2/5/2024 2:00:00 AM,2/4/2024 9:00:00 PM,RFC,WEST,ATSI,OE,7022.837,True
2/5/2024 3:00:00 AM,2/4/2024 10:00:00 PM,RFC,WEST,ATSI,OE,6887.355,True
2/5/2024 4:00:00 AM,2/4/2024 11:00:00 PM,RFC,WEST,ATSI,OE,6709.938,True
2/5/2024 5:00:00 AM,2/5/2024 12:00:00 AM,RFC,WEST,ATSI,OE,6584.965,True
2/5/2024 6:00:00 AM,2/5/2024 1:00:00 AM,RFC,WEST,ATSI,OE,6518.728,True
2/5/2024 7:00:00 AM,2/5/2024 2:00:00 AM,RFC,WEST,ATSI,OE,6461.802,True
2/5/2024 8:00:00 AM,2/5/2024 3:00:00 AM,RFC,WEST,ATSI,OE,6497.203,True
2/5/2024 9:00:00 AM,2/5/2024 4:00:00 AM,RFC,WEST,ATSI,OE,6686.045,True
2/5/2024 10:00:00 AM,2/5/2024 5:00:00 AM,RFC,WEST,ATSI,OE,6986.639,True
2/5/2024 11:00:00 AM,2/5/2024 6:00:00 AM,RFC,WEST,ATSI,OE,7538.316,True
2/5/2024 12:00:00 PM,2/5/2024 7:00:00 AM,RFC,WEST,ATSI,OE,7959.088,True
2/5/2024 1:00:00 PM,2/5/2024 8:00:00 AM,RFC,WEST,ATSI,OE,8082.413,True
2/5/2024 2:00:00 PM,2/5/2024 9:00:00 AM,RFC,WEST,ATSI,OE,8110.515,True
2/5/2024 3:00:00 PM,2/5/2024 10:00:00 AM,RFC,WEST,ATSI,OE,8114.045,True
2/5/2024 4:00:00 PM,2/5/2024 11:00:00 AM,RFC,WEST,ATSI,OE,8023.325,True
2/5/2024 5:00:00 PM,2/5/2024 12:00:00 PM,RFC,WEST,ATSI,OE,7914.927,True
2/5/2024 6:00:00 PM,2/5/2024 1:00:00 PM,RFC,WEST,ATSI,OE,7852.411,True
2/5/2024 7:00:00 PM,2/5/2024 2:00:00 PM,RFC,WEST,ATSI,OE,7715.716,True
2/5/2024 8:00:00 PM,2/5/2024 3:00:00 PM,RFC,WEST,ATSI,OE,7677.632,True
2/5/2024 9:00:00 PM,2/5/2024 4:00:00 PM,RFC,WEST,ATSI,OE,7743.465,True
2/5/2024 10:00:00 PM,2/5/2024 5:00:00 PM,RFC,WEST,ATSI,OE,7935.912,True
2/5/2024 11:00:00 PM,2/5/2024 6:00:00 PM,RFC,WEST,ATSI,OE,8093.678,True
2/6/2024 12:00:00 AM,2/5/2024 7:00:00 PM,RFC,WEST,ATSI,OE,7963.014,True
2/6/2024 1:00:00 AM,2/5/2024 8:00:00 PM,RFC,WEST,ATSI,OE,7811.688,True
2/6/2024 2:00:00 AM,2/5/2024 9:00:00 PM,RFC,WEST,ATSI,OE,7617.267,True
2/6/2024 3:00:00 AM,2/5/2024 10:00:00 PM,RFC,WEST,ATSI,OE,7285.237,True
2/6/2024 4:00:00 AM,2/5/2024 11:00:00 PM,RFC,WEST,ATSI,OE,7053.507,True
2/6/2024 5:00:00 AM,2/6/2024 12:00:00 AM,RFC,WEST,ATSI,OE,6841.514,True
2/6/2024 6:00:00 AM,2/6/2024 1:00:00 AM,RFC,WEST,ATSI,OE,6652.368,True
2/6/2024 7:00:00 AM,2/6/2024 2:00:00 AM,RFC,WEST,ATSI,OE,6667.548,True
2/6/2024 8:00:00 AM,2/6/2024 3:00:00 AM,RFC,WEST,ATSI,OE,6637.358,True
2/6/2024 9:00:00 AM,2/6/2024 4:00:00 AM,RFC,WEST,ATSI,OE,6776.832,True
2/6/2024 10:00:00 AM,2/6/2024 5:00:00 AM,RFC,WEST,ATSI,OE,7077.239,True
2/6/2024 11:00:00 AM,2/6/2024 6:00:00 AM,RFC,WEST,ATSI,OE,7722.409,True
2/6/2024 12:00:00 PM,2/6/2024 7:00:00 AM,RFC,WEST,ATSI,OE,8008.033,True
2/6/2024 1:00:00 PM,2/6/2024 8:00:00 AM,RFC,WEST,ATSI,OE,8067.829,True
2/6/2024 2:00:00 PM,2/6/2024 9:00:00 AM,RFC,WEST,ATSI,OE,8037.307,True
2/6/2024 3:00:00 PM,2/6/2024 10:00:00 AM,RFC,WEST,ATSI,OE,7882.829,True
2/6/2024 4:00:00 PM,2/6/2024 11:00:00 AM,RFC,WEST,ATSI,OE,7662.837,True
2/6/2024 5:00:00 PM,2/6/2024 12:00:00 PM,RFC,WEST,ATSI,OE,7573.254,True
2/6/2024 6:00:00 PM,2/6/2024 1:00:00 PM,RFC,WEST,ATSI,OE,7485.439,True
2/6/2024 7:00:00 PM,2/6/2024 2:00:00 PM,RFC,WEST,ATSI,OE,7308.173,True
2/6/2024 8:00:00 PM,2/6/2024 3:00:00 PM,RFC,WEST,ATSI,OE,7187.472,True
2/6/2024 9:00:00 PM,2/6/2024 4:00:00 PM,RFC,WEST,ATSI,OE,7256.264,True
2/6/2024 10:00:00 PM,2/6/2024 5:00:00 PM,RFC,WEST,ATSI,OE,7489.324,True
2/6/2024 11:00:00 PM,2/6/2024 6:00:00 PM,RFC,WEST,ATSI,OE,7875.567,True
2/7/2024 12:00:00 AM,2/6/2024 7:00:00 PM,RFC,WEST,ATSI,OE,7852.465,True
2/7/2024 1:00:00 AM,2/6/2024 8:00:00 PM,RFC,WEST,ATSI,OE,7798.713,True
2/7/2024 2:00:00 AM,2/6/2024 9:00:00 PM,RFC,WEST,ATSI,OE,7547.856,True
2/7/2024 3:00:00 AM,2/6/2024 10:00:00 PM,RFC,WEST,ATSI,OE,7257.536,True
2/7/2024 4:00:00 AM,2/6/2024 11:00:00 PM,RFC,WEST,ATSI,OE,6979.395,True
2/7/2024 5:00:00 AM,2/7/2024 12:00:00 AM,RFC,WEST,ATSI,OE,6840.373,True
2/7/2024 6:00:00 AM,2/7/2024 1:00:00 AM,RFC,WEST,ATSI,OE,6740.080,True
2/7/2024 7:00:00 AM,2/7/2024 2:00:00 AM,RFC,WEST,ATSI,OE,6698.942,True
2/7/2024 8:00:00 AM,2/7/2024 3:00:00 AM,RFC,WEST,ATSI,OE,6708.375,True
2/7/2024 9:00:00 AM,2/7/2024 4:00:00 AM,RFC,WEST,ATSI,OE,6809.523,True
2/7/2024 10:00:00 AM,2/7/2024 5:00:00 AM,RFC,WEST,ATSI,OE,7000.219,True
2/7/2024 11:00:00 AM,2/7/2024 6:00:00 AM,RFC,WEST,ATSI,OE,7580.628,True
2/7/2024 12:00:00 PM,2/7/2024 7:00:00 AM,RFC,WEST,ATSI,OE,8020.868,True
2/7/2024 1:00:00 PM,2/7/2024 8:00:00 AM,RFC,WEST,ATSI,OE,8114.317,True
2/7/2024 2:00:00 PM,2/7/2024 9:00:00 AM,RFC,WEST,ATSI,OE,8010.757,True
2/7/2024 3:00:00 PM,2/7/2024 10:00:00 AM,RFC,WEST,ATSI,OE,7833.282,True
2/7/2024 4:00:00 PM,2/7/2024 11:00:00 AM,RFC,WEST,ATSI,OE,7672.740,True
2/7/2024 5:00:00 PM,2/7/2024 12:00:00 PM,RFC,WEST,ATSI,OE,7421.220,True
2/7/2024 6:00:00 PM,2/7/2024 1:00:00 PM,RFC,WEST,ATSI,OE,7395.357,True
2/7/2024 7:00:00 PM,2/7/2024 2:00:00 PM,RFC,WEST,ATSI,OE,7243.244,True
2/7/2024 8:00:00 PM,2/7/2024 3:00:00 PM,RFC,WEST,ATSI,OE,7087.579,True
2/7/2024 9:00:00 PM,2/7/2024 4:00:00 PM,RFC,WEST,ATSI,OE,7164.741,True
2/7/2024 10:00:00 PM,2/7/2024 5:00:00 PM,RFC,WEST,ATSI,OE,7267.812,True
2/7/2024 11:00:00 PM,2/7/2024 6:00:00 PM,RFC,WEST,ATSI,OE,7477.141,True
2/8/2024 12:00:00 AM,2/7/2024 7:00:00 PM,RFC,WEST,ATSI,OE,7503.194,True
2/8/2024 1:00:00 AM,2/7/2024 8:00:00 PM,RFC,WEST,ATSI,OE,7481.368,True
2/8/2024 2:00:00 AM,2/7/2024 9:00:00 PM,RFC,WEST,ATSI,OE,7313.922,True
2/8/2024 3:00:00 AM,2/7/2024 10:00:00 PM,RFC,WEST,ATSI,OE,7013.674,True
2/8/2024 4:00:00 AM,2/7/2024 11:00:00 PM,RFC,WEST,ATSI,OE,6715.801,True
2/8/2024 5:00:00 AM,2/8/2024 12:00:00 AM,RFC,WEST,ATSI,OE,6569.017,True
2/8/2024 6:00:00 AM,2/8/2024 1:00:00 AM,RFC,WEST,ATSI,OE,6482.060,True
2/8/2024 7:00:00 AM,2/8/2024 2:00:00 AM,RFC,WEST,ATSI,OE,6374.308,True
2/8/2024 8:00:00 AM,2/8/2024 3:00:00 AM,RFC,WEST,ATSI,OE,6457.080,True
2/8/2024 9:00:00 AM,2/8/2024 4:00:00 AM,RFC,WEST,ATSI,OE,6538.834,True
2/8/2024 10:00:00 AM,2/8/2024 5:00:00 AM,RFC,WEST,ATSI,OE,6758.734,True
2/8/2024 11:00:00 AM,2/8/2024 6:00:00 AM,RFC,WEST,ATSI,OE,7294.390,True
2/8/2024 12:00:00 PM,2/8/2024 7:00:00 AM,RFC,WEST,ATSI,OE,7623.935,True
2/8/2024 1:00:00 PM,2/8/2024 8:00:00 AM,RFC,WEST,ATSI,OE,7561.333,True
2/8/2024 2:00:00 PM,2/8/2024 9:00:00 AM,RFC,WEST,ATSI,OE,7624.794,True
2/8/2024 3:00:00 PM,2/8/2024 10:00:00 AM,RFC,WEST,ATSI,OE,7494.466,True
2/8/2024 4:00:00 PM,2/8/2024 11:00:00 AM,RFC,WEST,ATSI,OE,7335.829,True
2/8/2024 5:00:00 PM,2/8/2024 12:00:00 PM,RFC,WEST,ATSI,OE,7237.959,True
2/8/2024 6:00:00 PM,2/8/2024 1:00:00 PM,RFC,WEST,ATSI,OE,7152.684,True
2/8/2024 7:00:00 PM,2/8/2024 2:00:00 PM,RFC,WEST,ATSI,OE,7030.550,True
2/8/2024 8:00:00 PM,2/8/2024 3:00:00 PM,RFC,WEST,ATSI,OE,6942.020,True
2/8/2024 9:00:00 PM,2/8/2024 4:00:00 PM,RFC,WEST,ATSI,OE,6924.839,True
2/8/2024 10:00:00 PM,2/8/2024 5:00:00 PM,RFC,WEST,ATSI,OE,6890.217,True
2/8/2024 11:00:00 PM,2/8/2024 6:00:00 PM,RFC,WEST,ATSI,OE,7265.078,True
2/9/2024 12:00:00 AM,2/8/2024 7:00:00 PM,RFC,WEST,ATSI,OE,7252.563,True
2/9/2024 1:00:00 AM,2/8/2024 8:00:00 PM,RFC,WEST,ATSI,OE,7108.005,True
2/9/2024 2:00:00 AM,2/8/2024 9:00:00 PM,RFC,WEST,ATSI,OE,6830.502,True
2/9/2024 3:00:00 AM,2/8/2024 10:00:00 PM,RFC,WEST,ATSI,OE,6569.591,True
2/9/2024 4:00:00 AM,2/8/2024 11:00:00 PM,RFC,WEST,ATSI,OE,6261.876,True
2/9/2024 5:00:00 AM,2/9/2024 12:00:00 AM,RFC,WEST,ATSI,OE,6114.549,True
2/9/2024 6:00:00 AM,2/9/2024 1:00:00 AM,RFC,WEST,ATSI,OE,5971.791,True
2/9/2024 7:00:00 AM,2/9/2024 2:00:00 AM,RFC,WEST,ATSI,OE,5884.682,True
2/9/2024 8:00:00 AM,2/9/2024 3:00:00 AM,RFC,WEST,ATSI,OE,5920.887,True
2/9/2024 9:00:00 AM,2/9/2024 4:00:00 AM,RFC,WEST,ATSI,OE,6004.876,True
2/9/2024 10:00:00 AM,2/9/2024 5:00:00 AM,RFC,WEST,ATSI,OE,6266.015,True
2/9/2024 11:00:00 AM,2/9/2024 6:00:00 AM,RFC,WEST,ATSI,OE,6753.453,True
2/9/2024 12:00:00 PM,2/9/2024 7:00:00 AM,RFC,WEST,ATSI,OE,7073.233,True
2/9/2024 1:00:00 PM,2/9/2024 8:00:00 AM,RFC,WEST,ATSI,OE,7235.307,True
2/9/2024 2:00:00 PM,2/9/2024 9:00:00 AM,RFC,WEST,ATSI,OE,7231.651,True
2/9/2024 3:00:00 PM,2/9/2024 10:00:00 AM,RFC,WEST,ATSI,OE,7209.825,True
2/9/2024 4:00:00 PM,2/9/2024 11:00:00 AM,RFC,WEST,ATSI,OE,7095.706,True
2/9/2024 5:00:00 PM,2/9/2024 12:00:00 PM,RFC,WEST,ATSI,OE,6972.717,True
2/9/2024 6:00:00 PM,2/9/2024 1:00:00 PM,RFC,WEST,ATSI,OE,6878.549,True
2/9/2024 7:00:00 PM,2/9/2024 2:00:00 PM,RFC,WEST,ATSI,OE,6778.716,True
2/9/2024 8:00:00 PM,2/9/2024 3:00:00 PM,RFC,WEST,ATSI,OE,6743.116,True
2/9/2024 9:00:00 PM,2/9/2024 4:00:00 PM,RFC,WEST,ATSI,OE,6596.594,True
2/9/2024 10:00:00 PM,2/9/2024 5:00:00 PM,RFC,WEST,ATSI,OE,6694.677,True
2/9/2024 11:00:00 PM,2/9/2024 6:00:00 PM,RFC,WEST,ATSI,OE,6879.721,True
2/10/2024 12:00:00 AM,2/9/2024 7:00:00 PM,RFC,WEST,ATSI,OE,6771.278,True
2/10/2024 1:00:00 AM,2/9/2024 8:00:00 PM,RFC,WEST,ATSI,OE,6632.289,True
2/10/2024 2:00:00 AM,2/9/2024 9:00:00 PM,RFC,WEST,ATSI,OE,6519.665,True
2/10/2024 3:00:00 AM,2/9/2024 10:00:00 PM,RFC,WEST,ATSI,OE,6301.298,True
2/10/2024 4:00:00 AM,2/9/2024 11:00:00 PM,RFC,WEST,ATSI,OE,5967.217,True
2/10/2024 5:00:00 AM,2/10/2024 12:00:00 AM,RFC,WEST,ATSI,OE,5697.465,True
2/10/2024 6:00:00 AM,2/10/2024 1:00:00 AM,RFC,WEST,ATSI,OE,5658.065,True
2/10/2024 7:00:00 AM,2/10/2024 2:00:00 AM,RFC,WEST,ATSI,OE,5465.476,True
2/10/2024 8:00:00 AM,2/10/2024 3:00:00 AM,RFC,WEST,ATSI,OE,5432.920,True
2/10/2024 9:00:00 AM,2/10/2024 4:00:00 AM,RFC,WEST,ATSI,OE,5551.223,True
2/10/2024 10:00:00 AM,2/10/2024 5:00:00 AM,RFC,WEST,ATSI,OE,5534.824,True
2/10/2024 11:00:00 AM,2/10/2024 6:00:00 AM,RFC,WEST,ATSI,OE,5888.748,True
2/10/2024 12:00:00 PM,2/10/2024 7:00:00 AM,RFC,WEST,ATSI,OE,6079.925,True
2/10/2024 1:00:00 PM,2/10/2024 8:00:00 AM,RFC,WEST,ATSI,OE,6190.739,True
2/10/2024 2:00:00 PM,2/10/2024 9:00:00 AM,RFC,WEST,ATSI,OE,6342.463,True
2/10/2024 3:00:00 PM,2/10/2024 10:00:00 AM,RFC,WEST,ATSI,OE,6490.096,True
2/10/2024 4:00:00 PM,2/10/2024 11:00:00 AM,RFC,WEST,ATSI,OE,6379.896,True
2/10/2024 5:00:00 PM,2/10/2024 12:00:00 PM,RFC,WEST,ATSI,OE,6372.383,True
2/10/2024 6:00:00 PM,2/10/2024 1:00:00 PM,RFC,WEST,ATSI,OE,6265.311,True
2/10/2024 7:00:00 PM,2/10/2024 2:00:00 PM,RFC,WEST,ATSI,OE,6213.619,True
2/10/2024 8:00:00 PM,2/10/2024 3:00:00 PM,RFC,WEST,ATSI,OE,6186.341,True
2/10/2024 9:00:00 PM,2/10/2024 4:00:00 PM,RFC,WEST,ATSI,OE,6292.200,True
2/10/2024 10:00:00 PM,2/10/2024 5:00:00 PM,RFC,WEST,ATSI,OE,6459.357,True
2/10/2024 11:00:00 PM,2/10/2024 6:00:00 PM,RFC,WEST,ATSI,OE,6734.767,True
2/11/2024 12:00:00 AM,2/10/2024 7:00:00 PM,RFC,WEST,ATSI,OE,6678.994,True
2/11/2024 1:00:00 AM,2/10/2024 8:00:00 PM,RFC,WEST,ATSI,OE,6627.266,True
2/11/2024 2:00:00 AM,2/10/2024 9:00:00 PM,RFC,WEST,ATSI,OE,6422.148,True
2/11/2024 3:00:00 AM,2/10/2024 10:00:00 PM,RFC,WEST,ATSI,OE,6234.064,True
2/11/2024 4:00:00 AM,2/10/2024 11:00:00 PM,RFC,WEST,ATSI,OE,6043.466,True
2/11/2024 5:00:00 AM,2/11/2024 12:00:00 AM,RFC,WEST,ATSI,OE,5921.486,True
2/11/2024 6:00:00 AM,2/11/2024 1:00:00 AM,RFC,WEST,ATSI,OE,5877.006,True
2/11/2024 7:00:00 AM,2/11/2024 2:00:00 AM,RFC,WEST,ATSI,OE,5819.361,True
2/11/2024 8:00:00 AM,2/11/2024 3:00:00 AM,RFC,WEST,ATSI,OE,5856.381,True
2/11/2024 9:00:00 AM,2/11/2024 4:00:00 AM,RFC,WEST,ATSI,OE,5844.915,True
2/11/2024 10:00:00 AM,2/11/2024 5:00:00 AM,RFC,WEST,ATSI,OE,5917.636,True
2/11/2024 11:00:00 AM,2/11/2024 6:00:00 AM,RFC,WEST,ATSI,OE,6099.108,True
2/11/2024 12:00:00 PM,2/11/2024 7:00:00 AM,RFC,WEST,ATSI,OE,6325.470,True
2/11/2024 1:00:00 PM,2/11/2024 8:00:00 AM,RFC,WEST,ATSI,OE,6453.633,True
2/11/2024 2:00:00 PM,2/11/2024 9:00:00 AM,RFC,WEST,ATSI,OE,6650.974,True
2/11/2024 3:00:00 PM,2/11/2024 10:00:00 AM,RFC,WEST,ATSI,OE,6749.708,True
2/11/2024 4:00:00 PM,2/11/2024 11:00:00 AM,RFC,WEST,ATSI,OE,6792.591,True
2/11/2024 5:00:00 PM,2/11/2024 12:00:00 PM,RFC,WEST,ATSI,OE,6764.857,True
2/11/2024 6:00:00 PM,2/11/2024 1:00:00 PM,RFC,WEST,ATSI,OE,6761.217,True
2/11/2024 7:00:00 PM,2/11/2024 2:00:00 PM,RFC,WEST,ATSI,OE,6706.729,True
2/11/2024 8:00:00 PM,2/11/2024 3:00:00 PM,RFC,WEST,ATSI,OE,6666.180,True
2/11/2024 9:00:00 PM,2/11/2024 4:00:00 PM,RFC,WEST,ATSI,OE,6801.427,True
2/11/2024 10:00:00 PM,2/11/2024 5:00:00 PM,RFC,WEST,ATSI,OE,6936.691,True
2/11/2024 11:00:00 PM,2/11/2024 6:00:00 PM,RFC,WEST,ATSI,OE,7144.353,True
2/12/2024 12:00:00 AM,2/11/2024 7:00:00 PM,RFC,WEST,ATSI,OE,7069.061,True
2/12/2024 1:00:00 AM,2/11/2024 8:00:00 PM,RFC,WEST,ATSI,OE,7024.260,True
2/12/2024 2:00:00 AM,2/11/2024 9:00:00 PM,RFC,WEST,ATSI,OE,6921.240,True
2/12/2024 3:00:00 AM,2/11/2024 10:00:00 PM,RFC,WEST,ATSI,OE,6682.809,True
2/12/2024 4:00:00 AM,2/11/2024 11:00:00 PM,RFC,WEST,ATSI,OE,6611.743,True
2/12/2024 5:00:00 AM,2/12/2024 12:00:00 AM,RFC,WEST,ATSI,OE,6536.462,True
2/12/2024 6:00:00 AM,2/12/2024 1:00:00 AM,RFC,WEST,ATSI,OE,6462.667,True
2/12/2024 7:00:00 AM,2/12/2024 2:00:00 AM,RFC,WEST,ATSI,OE,6354.294,True
2/12/2024 8:00:00 AM,2/12/2024 3:00:00 AM,RFC,WEST,ATSI,OE,6342.704,True
2/12/2024 9:00:00 AM,2/12/2024 4:00:00 AM,RFC,WEST,ATSI,OE,6562.866,True
2/12/2024 10:00:00 AM,2/12/2024 5:00:00 AM,RFC,WEST,ATSI,OE,6829.852,True
2/12/2024 11:00:00 AM,2/12/2024 6:00:00 AM,RFC,WEST,ATSI,OE,7404.037,True
2/12/2024 12:00:00 PM,2/12/2024 7:00:00 AM,RFC,WEST,ATSI,OE,7804.786,True
2/12/2024 1:00:00 PM,2/12/2024 8:00:00 AM,RFC,WEST,ATSI,OE,7911.989,True
2/12/2024 2:00:00 PM,2/12/2024 9:00:00 AM,RFC,WEST,ATSI,OE,7817.613,True
2/12/2024 3:00:00 PM,2/12/2024 10:00:00 AM,RFC,WEST,ATSI,OE,7733.030,True
2/12/2024 4:00:00 PM,2/12/2024 11:00:00 AM,RFC,WEST,ATSI,OE,7604.706,True
2/12/2024 5:00:00 PM,2/12/2024 12:00:00 PM,RFC,WEST,ATSI,OE,7482.679,True
2/12/2024 6:00:00 PM,2/12/2024 1:00:00 PM,RFC,WEST,ATSI,OE,7408.649,True
2/12/2024 7:00:00 PM,2/12/2024 2:00:00 PM,RFC,WEST,ATSI,OE,7223.885,True
2/12/2024 8:00:00 PM,2/12/2024 3:00:00 PM,RFC,WEST,ATSI,OE,7095.129,True
2/12/2024 9:00:00 PM,2/12/2024 4:00:00 PM,RFC,WEST,ATSI,OE,7184.753,True
2/12/2024 10:00:00 PM,2/12/2024 5:00:00 PM,RFC,WEST,ATSI,OE,7328.103,True
2/12/2024 11:00:00 PM,2/12/2024 6:00:00 PM,RFC,WEST,ATSI,OE,7603.067,True
2/13/2024 12:00:00 AM,2/12/2024 7:00:00 PM,RFC,WEST,ATSI,OE,7693.569,True
2/13/2024 1:00:00 AM,2/12/2024 8:00:00 PM,RFC,WEST,ATSI,OE,7597.686,True
2/13/2024 2:00:00 AM,2/12/2024 9:00:00 PM,RFC,WEST,ATSI,OE,7373.586,True
2/13/2024 3:00:00 AM,2/12/2024 10:00:00 PM,RFC,WEST,ATSI,OE,7099.180,True
2/13/2024 4:00:00 AM,2/12/2024 11:00:00 PM,RFC,WEST,ATSI,OE,6837.212,True
2/13/2024 5:00:00 AM,2/13/2024 12:00:00 AM,RFC,WEST,ATSI,OE,6667.405,True
2/13/2024 6:00:00 AM,2/13/2024 1:00:00 AM,RFC,WEST,ATSI,OE,6563.250,True
2/13/2024 7:00:00 AM,2/13/2024 2:00:00 AM,RFC,WEST,ATSI,OE,6520.075,True
2/13/2024 8:00:00 AM,2/13/2024 3:00:00 AM,RFC,WEST,ATSI,OE,6531.171,True
2/13/2024 9:00:00 AM,2/13/2024 4:00:00 AM,RFC,WEST,ATSI,OE,6636.703,True
2/13/2024 10:00:00 AM,2/13/2024 5:00:00 AM,RFC,WEST,ATSI,OE,6933.410,True
2/13/2024 11:00:00 AM,2/13/2024 6:00:00 AM,RFC,WEST,ATSI,OE,7543.452,True
2/13/2024 12:00:00 PM,2/13/2024 7:00:00 AM,RFC,WEST,ATSI,OE,7847.678,True
2/13/2024 1:00:00 PM,2/13/2024 8:00:00 AM,RFC,WEST,ATSI,OE,7907.483,True
2/13/2024 2:00:00 PM,2/13/2024 9:00:00 AM,RFC,WEST,ATSI,OE,7849.607,True
2/13/2024 3:00:00 PM,2/13/2024 10:00:00 AM,RFC,WEST,ATSI,OE,7764.883,True
2/13/2024 4:00:00 PM,2/13/2024 11:00:00 AM,RFC,WEST,ATSI,OE,7713.702,True
2/13/2024 5:00:00 PM,2/13/2024 12:00:00 PM,RFC,WEST,ATSI,OE,7662.176,True
2/13/2024 6:00:00 PM,2/13/2024 1:00:00 PM,RFC,WEST,ATSI,OE,7736.709,True
2/13/2024 7:00:00 PM,2/13/2024 2:00:00 PM,RFC,WEST,ATSI,OE,7655.875,True
2/13/2024 8:00:00 PM,2/13/2024 3:00:00 PM,RFC,WEST,ATSI,OE,7606.151,True
2/13/2024 9:00:00 PM,2/13/2024 4:00:00 PM,RFC,WEST,ATSI,OE,7676.640,True
2/13/2024 10:00:00 PM,2/13/2024 5:00:00 PM,RFC,WEST,ATSI,OE,7719.042,True
2/13/2024 11:00:00 PM,2/13/2024 6:00:00 PM,RFC,WEST,ATSI,OE,7879.018,True
2/14/2024 12:00:00 AM,2/13/2024 7:00:00 PM,RFC,WEST,ATSI,OE,7898.915,True
2/14/2024 1:00:00 AM,2/13/2024 8:00:00 PM,RFC,WEST,ATSI,OE,7779.795,True
2/14/2024 2:00:00 AM,2/13/2024 9:00:00 PM,RFC,WEST,ATSI,OE,7547.276,True
2/14/2024 3:00:00 AM,2/13/2024 10:00:00 PM,RFC,WEST,ATSI,OE,7235.583,True
2/14/2024 4:00:00 AM,2/13/2024 11:00:00 PM,RFC,WEST,ATSI,OE,6917.636,True
2/14/2024 5:00:00 AM,2/14/2024 12:00:00 AM,RFC,WEST,ATSI,OE,6696.654,True
2/14/2024 6:00:00 AM,2/14/2024 1:00:00 AM,RFC,WEST,ATSI,OE,6610.579,True
2/14/2024 7:00:00 AM,2/14/2024 2:00:00 AM,RFC,WEST,ATSI,OE,6603.249,True
2/14/2024 8:00:00 AM,2/14/2024 3:00:00 AM,RFC,WEST,ATSI,OE,6518.044,True
2/14/2024 9:00:00 AM,2/14/2024 4:00:00 AM,RFC,WEST,ATSI,OE,6571.998,True
2/14/2024 10:00:00 AM,2/14/2024 5:00:00 AM,RFC,WEST,ATSI,OE,6878.310,True
2/14/2024 11:00:00 AM,2/14/2024 6:00:00 AM,RFC,WEST,ATSI,OE,7426.625,True
2/14/2024 12:00:00 PM,2/14/2024 7:00:00 AM,RFC,WEST,ATSI,OE,7785.431,True
2/14/2024 1:00:00 PM,2/14/2024 8:00:00 AM,RFC,WEST,ATSI,OE,7881.859,True
2/14/2024 2:00:00 PM,2/14/2024 9:00:00 AM,RFC,WEST,ATSI,OE,7840.526,True
2/14/2024 3:00:00 PM,2/14/2024 10:00:00 AM,RFC,WEST,ATSI,OE,7746.257,True
2/14/2024 4:00:00 PM,2/14/2024 11:00:00 AM,RFC,WEST,ATSI,OE,7612.088,True
2/14/2024 5:00:00 PM,2/14/2024 12:00:00 PM,RFC,WEST,ATSI,OE,7537.070,True
2/14/2024 6:00:00 PM,2/14/2024 1:00:00 PM,RFC,WEST,ATSI,OE,7505.719,True
2/14/2024 7:00:00 PM,2/14/2024 2:00:00 PM,RFC,WEST,ATSI,OE,7341.900,True
2/14/2024 8:00:00 PM,2/14/2024 3:00:00 PM,RFC,WEST,ATSI,OE,7249.351,True
2/14/2024 9:00:00 PM,2/14/2024 4:00:00 PM,RFC,WEST,ATSI,OE,7233.792,True
2/14/2024 10:00:00 PM,2/14/2024 5:00:00 PM,RFC,WEST,ATSI,OE,7402.688,True
2/14/2024 11:00:00 PM,2/14/2024 6:00:00 PM,RFC,WEST,ATSI,OE,7715.903,True
2/15/2024 12:00:00 AM,2/14/2024 7:00:00 PM,RFC,WEST,ATSI,OE,7727.101,True
2/15/2024 1:00:00 AM,2/14/2024 8:00:00 PM,RFC,WEST,ATSI,OE,7768.483,True
2/15/2024 2:00:00 AM,2/14/2024 9:00:00 PM,RFC,WEST,ATSI,OE,7602.023,True
2/15/2024 3:00:00 AM,2/14/2024 10:00:00 PM,RFC,WEST,ATSI,OE,7350.184,True
2/15/2024 4:00:00 AM,2/14/2024 11:00:00 PM,RFC,WEST,ATSI,OE,7112.335,True
2/15/2024 5:00:00 AM,2/15/2024 12:00:00 AM,RFC,WEST,ATSI,OE,6955.128,True
2/15/2024 6:00:00 AM,2/15/2024 1:00:00 AM,RFC,WEST,ATSI,OE,6888.819,True
2/15/2024 7:00:00 AM,2/15/2024 2:00:00 AM,RFC,WEST,ATSI,OE,6814.389,True
2/15/2024 8:00:00 AM,2/15/2024 3:00:00 AM,RFC,WEST,ATSI,OE,6768.787,True
2/15/2024 9:00:00 AM,2/15/2024 4:00:00 AM,RFC,WEST,ATSI,OE,6887.295,True
2/15/2024 10:00:00 AM,2/15/2024 5:00:00 AM,RFC,WEST,ATSI,OE,7166.310,True
2/15/2024 11:00:00 AM,2/15/2024 6:00:00 AM,RFC,WEST,ATSI,OE,7692.562,True
2/15/2024 12:00:00 PM,2/15/2024 7:00:00 AM,RFC,WEST,ATSI,OE,8045.549,True
2/15/2024 1:00:00 PM,2/15/2024 8:00:00 AM,RFC,WEST,ATSI,OE,8184.090,True
2/15/2024 2:00:00 PM,2/15/2024 9:00:00 AM,RFC,WEST,ATSI,OE,8170.641,True
2/15/2024 3:00:00 PM,2/15/2024 10:00:00 AM,RFC,WEST,ATSI,OE,8077.362,True
2/15/2024 4:00:00 PM,2/15/2024 11:00:00 AM,RFC,WEST,ATSI,OE,7988.596,True
2/15/2024 5:00:00 PM,2/15/2024 12:00:00 PM,RFC,WEST,ATSI,OE,7957.770,True
2/15/2024 6:00:00 PM,2/15/2024 1:00:00 PM,RFC,WEST,ATSI,OE,7996.234,True
2/15/2024 7:00:00 PM,2/15/2024 2:00:00 PM,RFC,WEST,ATSI,OE,7921.160,True
2/15/2024 8:00:00 PM,2/15/2024 3:00:00 PM,RFC,WEST,ATSI,OE,7811.535,True
2/15/2024 9:00:00 PM,2/15/2024 4:00:00 PM,RFC,WEST,ATSI,OE,7788.078,True
2/15/2024 10:00:00 PM,2/15/2024 5:00:00 PM,RFC,WEST,ATSI,OE,7808.642,True
2/15/2024 11:00:00 PM,2/15/2024 6:00:00 PM,RFC,WEST,ATSI,OE,7961.547,True
2/16/2024 12:00:00 AM,2/15/2024 7:00:00 PM,RFC,WEST,ATSI,OE,7950.213,True
2/16/2024 1:00:00 AM,2/15/2024 8:00:00 PM,RFC,WEST,ATSI,OE,7816.484,True
2/16/2024 2:00:00 AM,2/15/2024 9:00:00 PM,RFC,WEST,ATSI,OE,7579.322,True
2/16/2024 3:00:00 AM,2/15/2024 10:00:00 PM,RFC,WEST,ATSI,OE,7267.048,True
2/16/2024 4:00:00 AM,2/15/2024 11:00:00 PM,RFC,WEST,ATSI,OE,7074.413,True
2/16/2024 5:00:00 AM,2/16/2024 12:00:00 AM,RFC,WEST,ATSI,OE,6892.834,True
2/16/2024 6:00:00 AM,2/16/2024 1:00:00 AM,RFC,WEST,ATSI,OE,6798.770,True
2/16/2024 7:00:00 AM,2/16/2024 2:00:00 AM,RFC,WEST,ATSI,OE,6723.440,True
2/16/2024 8:00:00 AM,2/16/2024 3:00:00 AM,RFC,WEST,ATSI,OE,6736.843,True
2/16/2024 9:00:00 AM,2/16/2024 4:00:00 AM,RFC,WEST,ATSI,OE,6885.849,True
2/16/2024 10:00:00 AM,2/16/2024 5:00:00 AM,RFC,WEST,ATSI,OE,7118.568,True
2/16/2024 11:00:00 AM,2/16/2024 6:00:00 AM,RFC,WEST,ATSI,OE,7571.477,True
2/16/2024 12:00:00 PM,2/16/2024 7:00:00 AM,RFC,WEST,ATSI,OE,7870.635,True
2/16/2024 1:00:00 PM,2/16/2024 8:00:00 AM,RFC,WEST,ATSI,OE,7951.663,True
2/16/2024 2:00:00 PM,2/16/2024 9:00:00 AM,RFC,WEST,ATSI,OE,7990.965,True
2/16/2024 3:00:00 PM,2/16/2024 10:00:00 AM,RFC,WEST,ATSI,OE,7898.625,True
2/16/2024 4:00:00 PM,2/16/2024 11:00:00 AM,RFC,WEST,ATSI,OE,7957.256,True
2/16/2024 5:00:00 PM,2/16/2024 12:00:00 PM,RFC,WEST,ATSI,OE,7846.729,True
2/16/2024 6:00:00 PM,2/16/2024 1:00:00 PM,RFC,WEST,ATSI,OE,7899.961,True
2/16/2024 7:00:00 PM,2/16/2024 2:00:00 PM,RFC,WEST,ATSI,OE,7813.210,True
2/16/2024 8:00:00 PM,2/16/2024 3:00:00 PM,RFC,WEST,ATSI,OE,7764.758,True
2/16/2024 9:00:00 PM,2/16/2024 4:00:00 PM,RFC,WEST,ATSI,OE,7748.514,True
2/16/2024 10:00:00 PM,2/16/2024 5:00:00 PM,RFC,WEST,ATSI,OE,7840.301,True
2/16/2024 11:00:00 PM,2/16/2024 6:00:00 PM,RFC,WEST,ATSI,OE,7917.671,True
2/17/2024 12:00:00 AM,2/16/2024 7:00:00 PM,RFC,WEST,ATSI,OE,7925.719,True
2/17/2024 1:00:00 AM,2/16/2024 8:00:00 PM,RFC,WEST,ATSI,OE,7813.047,True
2/17/2024 2:00:00 AM,2/16/2024 9:00:00 PM,RFC,WEST,ATSI,OE,7623.533,True
2/17/2024 3:00:00 AM,2/16/2024 10:00:00 PM,RFC,WEST,ATSI,OE,7295.641,True
2/17/2024 4:00:00 AM,2/16/2024 11:00:00 PM,RFC,WEST,ATSI,OE,6967.011,True
2/17/2024 5:00:00 AM,2/17/2024 12:00:00 AM,RFC,WEST,ATSI,OE,6741.507,True
2/17/2024 6:00:00 AM,2/17/2024 1:00:00 AM,RFC,WEST,ATSI,OE,6675.130,True
2/17/2024 7:00:00 AM,2/17/2024 2:00:00 AM,RFC,WEST,ATSI,OE,6559.014,True
2/17/2024 8:00:00 AM,2/17/2024 3:00:00 AM,RFC,WEST,ATSI,OE,6542.605,True
2/17/2024 9:00:00 AM,2/17/2024 4:00:00 AM,RFC,WEST,ATSI,OE,6602.395,True
2/17/2024 10:00:00 AM,2/17/2024 5:00:00 AM,RFC,WEST,ATSI,OE,6694.476,True
2/17/2024 11:00:00 AM,2/17/2024 6:00:00 AM,RFC,WEST,ATSI,OE,6907.578,True
2/17/2024 12:00:00 PM,2/17/2024 7:00:00 AM,RFC,WEST,ATSI,OE,7170.340,True
2/17/2024 1:00:00 PM,2/17/2024 8:00:00 AM,RFC,WEST,ATSI,OE,7348.752,True
2/17/2024 2:00:00 PM,2/17/2024 9:00:00 AM,RFC,WEST,ATSI,OE,7503.736,True
2/17/2024 3:00:00 PM,2/17/2024 10:00:00 AM,RFC,WEST,ATSI,OE,7477.040,True
2/17/2024 4:00:00 PM,2/17/2024 11:00:00 AM,RFC,WEST,ATSI,OE,7431.909,True
2/17/2024 5:00:00 PM,2/17/2024 12:00:00 PM,RFC,WEST,ATSI,OE,7531.689,True
2/17/2024 6:00:00 PM,2/17/2024 1:00:00 PM,RFC,WEST,ATSI,OE,7494.597,True
2/17/2024 7:00:00 PM,2/17/2024 2:00:00 PM,RFC,WEST,ATSI,OE,7405.554,True
2/17/2024 8:00:00 PM,2/17/2024 3:00:00 PM,RFC,WEST,ATSI,OE,7364.693,True
2/17/2024 9:00:00 PM,2/17/2024 4:00:00 PM,RFC,WEST,ATSI,OE,7453.143,True
2/17/2024 10:00:00 PM,2/17/2024 5:00:00 PM,RFC,WEST,ATSI,OE,7566.081,True
2/17/2024 11:00:00 PM,2/17/2024 6:00:00 PM,RFC,WEST,ATSI,OE,7810.252,True
2/18/2024 12:00:00 AM,2/17/2024 7:00:00 PM,RFC,WEST,ATSI,OE,7864.151,True
2/18/2024 1:00:00 AM,2/17/2024 8:00:00 PM,RFC,WEST,ATSI,OE,7803.070,True
2/18/2024 2:00:00 AM,2/17/2024 9:00:00 PM,RFC,WEST,ATSI,OE,7644.492,True
2/18/2024 3:00:00 AM,2/17/2024 10:00:00 PM,RFC,WEST,ATSI,OE,7483.677,True
2/18/2024 4:00:00 AM,2/17/2024 11:00:00 PM,RFC,WEST,ATSI,OE,7264.393,True
2/18/2024 5:00:00 AM,2/18/2024 12:00:00 AM,RFC,WEST,ATSI,OE,7095.395,True
2/18/2024 6:00:00 AM,2/18/2024 1:00:00 AM,RFC,WEST,ATSI,OE,7088.881,True
2/18/2024 7:00:00 AM,2/18/2024 2:00:00 AM,RFC,WEST,ATSI,OE,6893.171,True
2/18/2024 8:00:00 AM,2/18/2024 3:00:00 AM,RFC,WEST,ATSI,OE,6933.385,True
2/18/2024 9:00:00 AM,2/18/2024 4:00:00 AM,RFC,WEST,ATSI,OE,6947.874,True
2/18/2024 10:00:00 AM,2/18/2024 5:00:00 AM,RFC,WEST,ATSI,OE,7040.831,True
2/18/2024 11:00:00 AM,2/18/2024 6:00:00 AM,RFC,WEST,ATSI,OE,7191.932,True
2/18/2024 12:00:00 PM,2/18/2024 7:00:00 AM,RFC,WEST,ATSI,OE,7361.361,True
2/18/2024 1:00:00 PM,2/18/2024 8:00:00 AM,RFC,WEST,ATSI,OE,7435.756,True
2/18/2024 2:00:00 PM,2/18/2024 9:00:00 AM,RFC,WEST,ATSI,OE,7450.464,True
2/18/2024 3:00:00 PM,2/18/2024 10:00:00 AM,RFC,WEST,ATSI,OE,7390.021,True
2/18/2024 4:00:00 PM,2/18/2024 11:00:00 AM,RFC,WEST,ATSI,OE,7354.944,True
2/18/2024 5:00:00 PM,2/18/2024 12:00:00 PM,RFC,WEST,ATSI,OE,7270.727,True
2/18/2024 6:00:00 PM,2/18/2024 1:00:00 PM,RFC,WEST,ATSI,OE,7204.856,True
2/18/2024 7:00:00 PM,2/18/2024 2:00:00 PM,RFC,WEST,ATSI,OE,6963.521,True
2/18/2024 8:00:00 PM,2/18/2024 3:00:00 PM,RFC,WEST,ATSI,OE,6850.128,True
2/18/2024 9:00:00 PM,2/18/2024 4:00:00 PM,RFC,WEST,ATSI,OE,7090.418,True
2/18/2024 10:00:00 PM,2/18/2024 5:00:00 PM,RFC,WEST,ATSI,OE,7350.708,True
2/18/2024 11:00:00 PM,2/18/2024 6:00:00 PM,RFC,WEST,ATSI,OE,7511.555,True
2/19/2024 12:00:00 AM,2/18/2024 7:00:00 PM,RFC,WEST,ATSI,OE,7588.267,True
2/19/2024 1:00:00 AM,2/18/2024 8:00:00 PM,RFC,WEST,ATSI,OE,7479.272,True
2/19/2024 2:00:00 AM,2/18/2024 9:00:00 PM,RFC,WEST,ATSI,OE,7351.352,True
2/19/2024 3:00:00 AM,2/18/2024 10:00:00 PM,RFC,WEST,ATSI,OE,7107.535,True
2/19/2024 4:00:00 AM,2/18/2024 11:00:00 PM,RFC,WEST,ATSI,OE,6925.853,True
2/19/2024 5:00:00 AM,2/19/2024 12:00:00 AM,RFC,WEST,ATSI,OE,6840.084,True
2/19/2024 6:00:00 AM,2/19/2024 1:00:00 AM,RFC,WEST,ATSI,OE,6746.159,True
2/19/2024 7:00:00 AM,2/19/2024 2:00:00 AM,RFC,WEST,ATSI,OE,6709.182,True
2/19/2024 8:00:00 AM,2/19/2024 3:00:00 AM,RFC,WEST,ATSI,OE,6819.223,True
2/19/2024 9:00:00 AM,2/19/2024 4:00:00 AM,RFC,WEST,ATSI,OE,6906.849,True
2/19/2024 10:00:00 AM,2/19/2024 5:00:00 AM,RFC,WEST,ATSI,OE,7269.163,True
2/19/2024 11:00:00 AM,2/19/2024 6:00:00 AM,RFC,WEST,ATSI,OE,7689.575,True
2/19/2024 12:00:00 PM,2/19/2024 7:00:00 AM,RFC,WEST,ATSI,OE,7993.977,True
2/19/2024 1:00:00 PM,2/19/2024 8:00:00 AM,RFC,WEST,ATSI,OE,8084.749,True
2/19/2024 2:00:00 PM,2/19/2024 9:00:00 AM,RFC,WEST,ATSI,OE,7963.103,True
2/19/2024 3:00:00 PM,2/19/2024 10:00:00 AM,RFC,WEST,ATSI,OE,7888.521,True
2/19/2024 4:00:00 PM,2/19/2024 11:00:00 AM,RFC,WEST,ATSI,OE,7813.070,True
2/19/2024 5:00:00 PM,2/19/2024 12:00:00 PM,RFC,WEST,ATSI,OE,7741.154,True
2/19/2024 6:00:00 PM,2/19/2024 1:00:00 PM,RFC,WEST,ATSI,OE,7659.863,True
2/19/2024 7:00:00 PM,2/19/2024 2:00:00 PM,RFC,WEST,ATSI,OE,7476.463,True
2/19/2024 8:00:00 PM,2/19/2024 3:00:00 PM,RFC,WEST,ATSI,OE,7270.614,True
2/19/2024 9:00:00 PM,2/19/2024 4:00:00 PM,RFC,WEST,ATSI,OE,7368.061,True
2/19/2024 10:00:00 PM,2/19/2024 5:00:00 PM,RFC,WEST,ATSI,OE,7522.946,True
2/19/2024 11:00:00 PM,2/19/2024 6:00:00 PM,RFC,WEST,ATSI,OE,7826.827,True
2/20/2024 12:00:00 AM,2/19/2024 7:00:00 PM,RFC,WEST,ATSI,OE,7912.105,True
2/20/2024 1:00:00 AM,2/19/2024 8:00:00 PM,RFC,WEST,ATSI,OE,7808.353,True
2/20/2024 2:00:00 AM,2/19/2024 9:00:00 PM,RFC,WEST,ATSI,OE,7558.950,True
2/20/2024 3:00:00 AM,2/19/2024 10:00:00 PM,RFC,WEST,ATSI,OE,7335.243,True
2/20/2024 4:00:00 AM,2/19/2024 11:00:00 PM,RFC,WEST,ATSI,OE,7100.195,True
2/20/2024 5:00:00 AM,2/20/2024 12:00:00 AM,RFC,WEST,ATSI,OE,7016.168,True
2/20/2024 6:00:00 AM,2/20/2024 1:00:00 AM,RFC,WEST,ATSI,OE,6820.509,True
2/20/2024 7:00:00 AM,2/20/2024 2:00:00 AM,RFC,WEST,ATSI,OE,6847.258,True
2/20/2024 8:00:00 AM,2/20/2024 3:00:00 AM,RFC,WEST,ATSI,OE,6877.162,True
2/20/2024 9:00:00 AM,2/20/2024 4:00:00 AM,RFC,WEST,ATSI,OE,6946.175,True
2/20/2024 10:00:00 AM,2/20/2024 5:00:00 AM,RFC,WEST,ATSI,OE,7209.119,True
2/20/2024 11:00:00 AM,2/20/2024 6:00:00 AM,RFC,WEST,ATSI,OE,7801.715,True
2/20/2024 12:00:00 PM,2/20/2024 7:00:00 AM,RFC,WEST,ATSI,OE,8151.304,True
2/20/2024 1:00:00 PM,2/20/2024 8:00:00 AM,RFC,WEST,ATSI,OE,8042.682,True
2/20/2024 2:00:00 PM,2/20/2024 9:00:00 AM,RFC,WEST,ATSI,OE,7953.032,True
2/20/2024 3:00:00 PM,2/20/2024 10:00:00 AM,RFC,WEST,ATSI,OE,7813.681,True
2/20/2024 4:00:00 PM,2/20/2024 11:00:00 AM,RFC,WEST,ATSI,OE,7654.016,True
2/20/2024 5:00:00 PM,2/20/2024 12:00:00 PM,RFC,WEST,ATSI,OE,7489.577,True
2/20/2024 6:00:00 PM,2/20/2024 1:00:00 PM,RFC,WEST,ATSI,OE,7360.463,True
2/20/2024 7:00:00 PM,2/20/2024 2:00:00 PM,RFC,WEST,ATSI,OE,7182.526,True
2/20/2024 8:00:00 PM,2/20/2024 3:00:00 PM,RFC,WEST,ATSI,OE,7045.023,True
2/20/2024 9:00:00 PM,2/20/2024 4:00:00 PM,RFC,WEST,ATSI,OE,7079.479,True
2/20/2024 10:00:00 PM,2/20/2024 5:00:00 PM,RFC,WEST,ATSI,OE,7179.158,True
2/20/2024 11:00:00 PM,2/20/2024 6:00:00 PM,RFC,WEST,ATSI,OE,7529.135,True
2/21/2024 12:00:00 AM,2/20/2024 7:00:00 PM,RFC,WEST,ATSI,OE,7586.218,True
2/21/2024 1:00:00 AM,2/20/2024 8:00:00 PM,RFC,WEST,ATSI,OE,7516.759,True
2/21/2024 2:00:00 AM,2/20/2024 9:00:00 PM,RFC,WEST,ATSI,OE,7329.325,True
2/21/2024 3:00:00 AM,2/20/2024 10:00:00 PM,RFC,WEST,ATSI,OE,7128.884,True
2/21/2024 4:00:00 AM,2/20/2024 11:00:00 PM,RFC,WEST,ATSI,OE,6804.122,True
2/21/2024 5:00:00 AM,2/21/2024 12:00:00 AM,RFC,WEST,ATSI,OE,6688.199,True
2/21/2024 6:00:00 AM,2/21/2024 1:00:00 AM,RFC,WEST,ATSI,OE,6543.228,True
2/21/2024 7:00:00 AM,2/21/2024 2:00:00 AM,RFC,WEST,ATSI,OE,6579.322,True
2/21/2024 8:00:00 AM,2/21/2024 3:00:00 AM,RFC,WEST,ATSI,OE,6600.786,True
2/21/2024 9:00:00 AM,2/21/2024 4:00:00 AM,RFC,WEST,ATSI,OE,6629.004,True
2/21/2024 10:00:00 AM,2/21/2024 5:00:00 AM,RFC,WEST,ATSI,OE,6935.102,True
2/21/2024 11:00:00 AM,2/21/2024 6:00:00 AM,RFC,WEST,ATSI,OE,7511.696,True
2/21/2024 12:00:00 PM,2/21/2024 7:00:00 AM,RFC,WEST,ATSI,OE,7828.201,True
2/21/2024 1:00:00 PM,2/21/2024 8:00:00 AM,RFC,WEST,ATSI,OE,7832.619,True
2/21/2024 2:00:00 PM,2/21/2024 9:00:00 AM,RFC,WEST,ATSI,OE,7745.406,True
2/21/2024 3:00:00 PM,2/21/2024 10:00:00 AM,RFC,WEST,ATSI,OE,7647.433,True
2/21/2024 4:00:00 PM,2/21/2024 11:00:00 AM,RFC,WEST,ATSI,OE,7416.646,True
2/21/2024 5:00:00 PM,2/21/2024 12:00:00 PM,RFC,WEST,ATSI,OE,7330.751,True
2/21/2024 6:00:00 PM,2/21/2024 1:00:00 PM,RFC,WEST,ATSI,OE,7252.841,True
2/21/2024 7:00:00 PM,2/21/2024 2:00:00 PM,RFC,WEST,ATSI,OE,7050.057,True
2/21/2024 8:00:00 PM,2/21/2024 3:00:00 PM,RFC,WEST,ATSI,OE,6881.148,True
2/21/2024 9:00:00 PM,2/21/2024 4:00:00 PM,RFC,WEST,ATSI,OE,6988.365,True
2/21/2024 10:00:00 PM,2/21/2024 5:00:00 PM,RFC,WEST,ATSI,OE,7013.283,True
2/21/2024 11:00:00 PM,2/21/2024 6:00:00 PM,RFC,WEST,ATSI,OE,7295.012,True
2/22/2024 12:00:00 AM,2/21/2024 7:00:00 PM,RFC,WEST,ATSI,OE,7189.899,True
2/22/2024 1:00:00 AM,2/21/2024 8:00:00 PM,RFC,WEST,ATSI,OE,7113.534,True
2/22/2024 2:00:00 AM,2/21/2024 9:00:00 PM,RFC,WEST,ATSI,OE,6939.480,True
2/22/2024 3:00:00 AM,2/21/2024 10:00:00 PM,RFC,WEST,ATSI,OE,6614.663,True
2/22/2024 4:00:00 AM,2/21/2024 11:00:00 PM,RFC,WEST,ATSI,OE,6308.227,True
2/22/2024 5:00:00 AM,2/22/2024 12:00:00 AM,RFC,WEST,ATSI,OE,6034.006,True
2/22/2024 6:00:00 AM,2/22/2024 1:00:00 AM,RFC,WEST,ATSI,OE,6001.840,True
2/22/2024 7:00:00 AM,2/22/2024 2:00:00 AM,RFC,WEST,ATSI,OE,5958.583,True
2/22/2024 8:00:00 AM,2/22/2024 3:00:00 AM,RFC,WEST,ATSI,OE,5852.037,True
2/22/2024 9:00:00 AM,2/22/2024 4:00:00 AM,RFC,WEST,ATSI,OE,6040.537,True
2/22/2024 10:00:00 AM,2/22/2024 5:00:00 AM,RFC,WEST,ATSI,OE,6267.723,True
2/22/2024 11:00:00 AM,2/22/2024 6:00:00 AM,RFC,WEST,ATSI,OE,6812.886,True
2/22/2024 12:00:00 PM,2/22/2024 7:00:00 AM,RFC,WEST,ATSI,OE,7195.715,True
2/22/2024 1:00:00 PM,2/22/2024 8:00:00 AM,RFC,WEST,ATSI,OE,7340.968,True
2/22/2024 2:00:00 PM,2/22/2024 9:00:00 AM,RFC,WEST,ATSI,OE,7449.900,True
2/22/2024 3:00:00 PM,2/22/2024 10:00:00 AM,RFC,WEST,ATSI,OE,7557.287,True
2/22/2024 4:00:00 PM,2/22/2024 11:00:00 AM,RFC,WEST,ATSI,OE,7582.422,True
2/22/2024 5:00:00 PM,2/22/2024 12:00:00 PM,RFC,WEST,ATSI,OE,7610.413,True
2/22/2024 6:00:00 PM,2/22/2024 1:00:00 PM,RFC,WEST,ATSI,OE,7572.486,True
2/22/2024 7:00:00 PM,2/22/2024 2:00:00 PM,RFC,WEST,ATSI,OE,7432.457,True
2/22/2024 8:00:00 PM,2/22/2024 3:00:00 PM,RFC,WEST,ATSI,OE,7328.525,True
2/22/2024 9:00:00 PM,2/22/2024 4:00:00 PM,RFC,WEST,ATSI,OE,7341.974,True
2/22/2024 10:00:00 PM,2/22/2024 5:00:00 PM,RFC,WEST,ATSI,OE,7282.589,True
2/22/2024 11:00:00 PM,2/22/2024 6:00:00 PM,RFC,WEST,ATSI,OE,7483.428,True
2/23/2024 12:00:00 AM,2/22/2024 7:00:00 PM,RFC,WEST,ATSI,OE,7397.769,True
2/23/2024 1:00:00 AM,2/22/2024 8:00:00 PM,RFC,WEST,ATSI,OE,7220.297,True
2/23/2024 2:00:00 AM,2/22/2024 9:00:00 PM,RFC,WEST,ATSI,OE,7057.537,True
2/23/2024 3:00:00 AM,2/22/2024 10:00:00 PM,RFC,WEST,ATSI,OE,6728.785,True
2/23/2024 4:00:00 AM,2/22/2024 11:00:00 PM,RFC,WEST,ATSI,OE,6394.092,True
2/23/2024 5:00:00 AM,2/23/2024 12:00:00 AM,RFC,WEST,ATSI,OE,6185.059,True
2/23/2024 6:00:00 AM,2/23/2024 1:00:00 AM,RFC,WEST,ATSI,OE,6054.611,True
2/23/2024 7:00:00 AM,2/23/2024 2:00:00 AM,RFC,WEST,ATSI,OE,5989.418,True
2/23/2024 8:00:00 AM,2/23/2024 3:00:00 AM,RFC,WEST,ATSI,OE,6021.086,True
2/23/2024 9:00:00 AM,2/23/2024 4:00:00 AM,RFC,WEST,ATSI,OE,6172.226,True
2/23/2024 10:00:00 AM,2/23/2024 5:00:00 AM,RFC,WEST,ATSI,OE,6426.469,True
2/23/2024 11:00:00 AM,2/23/2024 6:00:00 AM,RFC,WEST,ATSI,OE,6954.001,True
2/23/2024 12:00:00 PM,2/23/2024 7:00:00 AM,RFC,WEST,ATSI,OE,7315.967,True
2/23/2024 1:00:00 PM,2/23/2024 8:00:00 AM,RFC,WEST,ATSI,OE,7437.935,True
2/23/2024 2:00:00 PM,2/23/2024 9:00:00 AM,RFC,WEST,ATSI,OE,7397.039,True
2/23/2024 3:00:00 PM,2/23/2024 10:00:00 AM,RFC,WEST,ATSI,OE,7318.990,True
2/23/2024 4:00:00 PM,2/23/2024 11:00:00 AM,RFC,WEST,ATSI,OE,7164.842,True
2/23/2024 5:00:00 PM,2/23/2024 12:00:00 PM,RFC,WEST,ATSI,OE,7053.052,True
2/23/2024 6:00:00 PM,2/23/2024 1:00:00 PM,RFC,WEST,ATSI,OE,6998.976,True
2/23/2024 7:00:00 PM,2/23/2024 2:00:00 PM,RFC,WEST,ATSI,OE,6861.753,True
2/23/2024 8:00:00 PM,2/23/2024 3:00:00 PM,RFC,WEST,ATSI,OE,6753.643,True
2/23/2024 9:00:00 PM,2/23/2024 4:00:00 PM,RFC,WEST,ATSI,OE,6899.392,True
2/23/2024 10:00:00 PM,2/23/2024 5:00:00 PM,RFC,WEST,ATSI,OE,6932.798,True
2/23/2024 11:00:00 PM,2/23/2024 6:00:00 PM,RFC,WEST,ATSI,OE,7137.642,True
2/24/2024 12:00:00 AM,2/23/2024 7:00:00 PM,RFC,WEST,ATSI,OE,7196.095,True
2/24/2024 1:00:00 AM,2/23/2024 8:00:00 PM,RFC,WEST,ATSI,OE,7143.363,True
2/24/2024 2:00:00 AM,2/23/2024 9:00:00 PM,RFC,WEST,ATSI,OE,6940.856,True
2/24/2024 3:00:00 AM,2/23/2024 10:00:00 PM,RFC,WEST,ATSI,OE,6778.958,True
2/24/2024 4:00:00 AM,2/23/2024 11:00:00 PM,RFC,WEST,ATSI,OE,6505.477,True
2/24/2024 5:00:00 AM,2/24/2024 12:00:00 AM,RFC,WEST,ATSI,OE,6311.323,True
2/24/2024 6:00:00 AM,2/24/2024 1:00:00 AM,RFC,WEST,ATSI,OE,6287.751,True
2/24/2024 7:00:00 AM,2/24/2024 2:00:00 AM,RFC,WEST,ATSI,OE,6219.011,True
2/24/2024 8:00:00 AM,2/24/2024 3:00:00 AM,RFC,WEST,ATSI,OE,6207.890,True
2/24/2024 9:00:00 AM,2/24/2024 4:00:00 AM,RFC,WEST,ATSI,OE,6330.500,True
2/24/2024 10:00:00 AM,2/24/2024 5:00:00 AM,RFC,WEST,ATSI,OE,6538.293,True
2/24/2024 11:00:00 AM,2/24/2024 6:00:00 AM,RFC,WEST,ATSI,OE,6763.951,True
2/24/2024 12:00:00 PM,2/24/2024 7:00:00 AM,RFC,WEST,ATSI,OE,6913.740,True
2/24/2024 1:00:00 PM,2/24/2024 8:00:00 AM,RFC,WEST,ATSI,OE,7279.454,True
2/24/2024 2:00:00 PM,2/24/2024 9:00:00 AM,RFC,WEST,ATSI,OE,7306.814,True
2/24/2024 3:00:00 PM,2/24/2024 10:00:00 AM,RFC,WEST,ATSI,OE,7124.402,True
2/24/2024 4:00:00 PM,2/24/2024 11:00:00 AM,RFC,WEST,ATSI,OE,7117.430,True
2/24/2024 5:00:00 PM,2/24/2024 12:00:00 PM,RFC,WEST,ATSI,OE,7053.825,True
2/24/2024 6:00:00 PM,2/24/2024 1:00:00 PM,RFC,WEST,ATSI,OE,6928.971,True
2/24/2024 7:00:00 PM,2/24/2024 2:00:00 PM,RFC,WEST,ATSI,OE,6884.593,True
2/24/2024 8:00:00 PM,2/24/2024 3:00:00 PM,RFC,WEST,ATSI,OE,6720.989,True
2/24/2024 9:00:00 PM,2/24/2024 4:00:00 PM,RFC,WEST,ATSI,OE,6833.001,True
2/24/2024 10:00:00 PM,2/24/2024 5:00:00 PM,RFC,WEST,ATSI,OE,6973.114,True
2/24/2024 11:00:00 PM,2/24/2024 6:00:00 PM,RFC,WEST,ATSI,OE,7378.468,True
2/25/2024 12:00:00 AM,2/24/2024 7:00:00 PM,RFC,WEST,ATSI,OE,7435.351,True
2/25/2024 1:00:00 AM,2/24/2024 8:00:00 PM,RFC,WEST,ATSI,OE,7370.120,True
2/25/2024 2:00:00 AM,2/24/2024 9:00:00 PM,RFC,WEST,ATSI,OE,7310.846,True
2/25/2024 3:00:00 AM,2/24/2024 10:00:00 PM,RFC,WEST,ATSI,OE,7049.305,True
2/25/2024 4:00:00 AM,2/24/2024 11:00:00 PM,RFC,WEST,ATSI,OE,6831.862,True
2/25/2024 5:00:00 AM,2/25/2024 12:00:00 AM,RFC,WEST,ATSI,OE,6735.904,True
2/25/2024 6:00:00 AM,2/25/2024 1:00:00 AM,RFC,WEST,ATSI,OE,6677.093,True
2/25/2024 7:00:00 AM,2/25/2024 2:00:00 AM,RFC,WEST,ATSI,OE,6633.752,True
2/25/2024 8:00:00 AM,2/25/2024 3:00:00 AM,RFC,WEST,ATSI,OE,6595.494,True
2/25/2024 9:00:00 AM,2/25/2024 4:00:00 AM,RFC,WEST,ATSI,OE,6608.067,True
2/25/2024 10:00:00 AM,2/25/2024 5:00:00 AM,RFC,WEST,ATSI,OE,6661.109,True
2/25/2024 11:00:00 AM,2/25/2024 6:00:00 AM,RFC,WEST,ATSI,OE,6804.246,True
2/25/2024 12:00:00 PM,2/25/2024 7:00:00 AM,RFC,WEST,ATSI,OE,6920.407,True
2/25/2024 1:00:00 PM,2/25/2024 8:00:00 AM,RFC,WEST,ATSI,OE,7034.199,True
2/25/2024 2:00:00 PM,2/25/2024 9:00:00 AM,RFC,WEST,ATSI,OE,6969.446,True
2/25/2024 3:00:00 PM,2/25/2024 10:00:00 AM,RFC,WEST,ATSI,OE,6842.466,True
2/25/2024 4:00:00 PM,2/25/2024 11:00:00 AM,RFC,WEST,ATSI,OE,6841.372,True
2/25/2024 5:00:00 PM,2/25/2024 12:00:00 PM,RFC,WEST,ATSI,OE,6738.872,True
2/25/2024 6:00:00 PM,2/25/2024 1:00:00 PM,RFC,WEST,ATSI,OE,6650.503,True
2/25/2024 7:00:00 PM,2/25/2024 2:00:00 PM,RFC,WEST,ATSI,OE,6519.249,True
2/25/2024 8:00:00 PM,2/25/2024 3:00:00 PM,RFC,WEST,ATSI,OE,6434.928,True
2/25/2024 9:00:00 PM,2/25/2024 4:00:00 PM,RFC,WEST,ATSI,OE,6509.655,True
2/25/2024 10:00:00 PM,2/25/2024 5:00:00 PM,RFC,WEST,ATSI,OE,6713.699,True
2/25/2024 11:00:00 PM,2/25/2024 6:00:00 PM,RFC,WEST,ATSI,OE,6943.811,True
2/26/2024 12:00:00 AM,2/25/2024 7:00:00 PM,RFC,WEST,ATSI,OE,7013.237,True
2/26/2024 1:00:00 AM,2/25/2024 8:00:00 PM,RFC,WEST,ATSI,OE,6964.364,True
2/26/2024 2:00:00 AM,2/25/2024 9:00:00 PM,RFC,WEST,ATSI,OE,6757.054,True
2/26/2024 3:00:00 AM,2/25/2024 10:00:00 PM,RFC,WEST,ATSI,OE,6529.768,True
2/26/2024 4:00:00 AM,2/25/2024 11:00:00 PM,RFC,WEST,ATSI,OE,6239.069,True
2/26/2024 5:00:00 AM,2/26/2024 12:00:00 AM,RFC,WEST,ATSI,OE,6168.867,True
2/26/2024 6:00:00 AM,2/26/2024 1:00:00 AM,RFC,WEST,ATSI,OE,6076.762,True
2/26/2024 7:00:00 AM,2/26/2024 2:00:00 AM,RFC,WEST,ATSI,OE,6013.208,True
2/26/2024 8:00:00 AM,2/26/2024 3:00:00 AM,RFC,WEST,ATSI,OE,6073.551,True
2/26/2024 9:00:00 AM,2/26/2024 4:00:00 AM,RFC,WEST,ATSI,OE,6242.055,True
2/26/2024 10:00:00 AM,2/26/2024 5:00:00 AM,RFC,WEST,ATSI,OE,6520.560,True
2/26/2024 11:00:00 AM,2/26/2024 6:00:00 AM,RFC,WEST,ATSI,OE,7094.279,True
2/26/2024 12:00:00 PM,2/26/2024 7:00:00 AM,RFC,WEST,ATSI,OE,7447.113,True
2/26/2024 1:00:00 PM,2/26/2024 8:00:00 AM,RFC,WEST,ATSI,OE,7458.965,True
2/26/2024 2:00:00 PM,2/26/2024 9:00:00 AM,RFC,WEST,ATSI,OE,7305.167,True
2/26/2024 3:00:00 PM,2/26/2024 10:00:00 AM,RFC,WEST,ATSI,OE,7206.262,True
2/26/2024 4:00:00 PM,2/26/2024 11:00:00 AM,RFC,WEST,ATSI,OE,7090.804,True
2/26/2024 5:00:00 PM,2/26/2024 12:00:00 PM,RFC,WEST,ATSI,OE,7021.703,True
2/26/2024 6:00:00 PM,2/26/2024 1:00:00 PM,RFC,WEST,ATSI,OE,7016.199,True
2/26/2024 7:00:00 PM,2/26/2024 2:00:00 PM,RFC,WEST,ATSI,OE,6855.208,True
2/26/2024 8:00:00 PM,2/26/2024 3:00:00 PM,RFC,WEST,ATSI,OE,6697.650,True
2/26/2024 9:00:00 PM,2/26/2024 4:00:00 PM,RFC,WEST,ATSI,OE,6673.302,True
2/26/2024 10:00:00 PM,2/26/2024 5:00:00 PM,RFC,WEST,ATSI,OE,6763.917,True
2/26/2024 11:00:00 PM,2/26/2024 6:00:00 PM,RFC,WEST,ATSI,OE,6962.539,True
2/27/2024 12:00:00 AM,2/26/2024 7:00:00 PM,RFC,WEST,ATSI,OE,7047.001,True
2/27/2024 1:00:00 AM,2/26/2024 8:00:00 PM,RFC,WEST,ATSI,OE,6889.097,True
2/27/2024 2:00:00 AM,2/26/2024 9:00:00 PM,RFC,WEST,ATSI,OE,6679.152,True
2/27/2024 3:00:00 AM,2/26/2024 10:00:00 PM,RFC,WEST,ATSI,OE,6400.640,True
2/27/2024 4:00:00 AM,2/26/2024 11:00:00 PM,RFC,WEST,ATSI,OE,6091.361,True
2/27/2024 5:00:00 AM,2/27/2024 12:00:00 AM,RFC,WEST,ATSI,OE,5909.609,True
2/27/2024 6:00:00 AM,2/27/2024 1:00:00 AM,RFC,WEST,ATSI,OE,5784.964,True
2/27/2024 7:00:00 AM,2/27/2024 2:00:00 AM,RFC,WEST,ATSI,OE,5716.917,True
2/27/2024 8:00:00 AM,2/27/2024 3:00:00 AM,RFC,WEST,ATSI,OE,5745.864,True
2/27/2024 9:00:00 AM,2/27/2024 4:00:00 AM,RFC,WEST,ATSI,OE,5844.808,True
2/27/2024 10:00:00 AM,2/27/2024 5:00:00 AM,RFC,WEST,ATSI,OE,6133.848,True
2/27/2024 11:00:00 AM,2/27/2024 6:00:00 AM,RFC,WEST,ATSI,OE,6658.686,True
2/27/2024 12:00:00 PM,2/27/2024 7:00:00 AM,RFC,WEST,ATSI,OE,7010.187,True
2/27/2024 1:00:00 PM,2/27/2024 8:00:00 AM,RFC,WEST,ATSI,OE,7039.749,True
2/27/2024 2:00:00 PM,2/27/2024 9:00:00 AM,RFC,WEST,ATSI,OE,7091.371,True
2/27/2024 3:00:00 PM,2/27/2024 10:00:00 AM,RFC,WEST,ATSI,OE,7082.759,True
2/27/2024 4:00:00 PM,2/27/2024 11:00:00 AM,RFC,WEST,ATSI,OE,6965.163,True
2/27/2024 5:00:00 PM,2/27/2024 12:00:00 PM,RFC,WEST,ATSI,OE,6909.538,True
2/27/2024 6:00:00 PM,2/27/2024 1:00:00 PM,RFC,WEST,ATSI,OE,6888.456,True
2/27/2024 7:00:00 PM,2/27/2024 2:00:00 PM,RFC,WEST,ATSI,OE,6814.327,True
2/27/2024 8:00:00 PM,2/27/2024 3:00:00 PM,RFC,WEST,ATSI,OE,6734.974,True
2/27/2024 9:00:00 PM,2/27/2024 4:00:00 PM,RFC,WEST,ATSI,OE,6737.828,True
2/27/2024 10:00:00 PM,2/27/2024 5:00:00 PM,RFC,WEST,ATSI,OE,6722.633,True
2/27/2024 11:00:00 PM,2/27/2024 6:00:00 PM,RFC,WEST,ATSI,OE,6941.366,True
2/28/2024 12:00:00 AM,2/27/2024 7:00:00 PM,RFC,WEST,ATSI,OE,6943.974,True
2/28/2024 1:00:00 AM,2/27/2024 8:00:00 PM,RFC,WEST,ATSI,OE,6848.317,True
2/28/2024 2:00:00 AM,2/27/2024 9:00:00 PM,RFC,WEST,ATSI,OE,6588.149,True
2/28/2024 3:00:00 AM,2/27/2024 10:00:00 PM,RFC,WEST,ATSI,OE,6255.969,True
2/28/2024 4:00:00 AM,2/27/2024 11:00:00 PM,RFC,WEST,ATSI,OE,5942.378,True
2/28/2024 5:00:00 AM,2/28/2024 12:00:00 AM,RFC,WEST,ATSI,OE,5785.066,True
2/28/2024 6:00:00 AM,2/28/2024 1:00:00 AM,RFC,WEST,ATSI,OE,5652.190,True
2/28/2024 7:00:00 AM,2/28/2024 2:00:00 AM,RFC,WEST,ATSI,OE,5612.560,True
2/28/2024 8:00:00 AM,2/28/2024 3:00:00 AM,RFC,WEST,ATSI,OE,5533.197,True
2/28/2024 9:00:00 AM,2/28/2024 4:00:00 AM,RFC,WEST,ATSI,OE,5653.161,True
2/28/2024 10:00:00 AM,2/28/2024 5:00:00 AM,RFC,WEST,ATSI,OE,5895.735,True
2/28/2024 11:00:00 AM,2/28/2024 6:00:00 AM,RFC,WEST,ATSI,OE,6370.203,True
2/28/2024 12:00:00 PM,2/28/2024 7:00:00 AM,RFC,WEST,ATSI,OE,6752.402,True
2/28/2024 1:00:00 PM,2/28/2024 8:00:00 AM,RFC,WEST,ATSI,OE,6899.778,True
2/28/2024 2:00:00 PM,2/28/2024 9:00:00 AM,RFC,WEST,ATSI,OE,7065.516,True
2/28/2024 3:00:00 PM,2/28/2024 10:00:00 AM,RFC,WEST,ATSI,OE,7194.576,True
2/28/2024 4:00:00 PM,2/28/2024 11:00:00 AM,RFC,WEST,ATSI,OE,7276.885,True
2/28/2024 5:00:00 PM,2/28/2024 12:00:00 PM,RFC,WEST,ATSI,OE,7343.500,True
2/28/2024 6:00:00 PM,2/28/2024 1:00:00 PM,RFC,WEST,ATSI,OE,7468.271,True
2/28/2024 7:00:00 PM,2/28/2024 2:00:00 PM,RFC,WEST,ATSI,OE,7514.243,True
2/28/2024 8:00:00 PM,2/28/2024 3:00:00 PM,RFC,WEST,ATSI,OE,7548.658,True
2/28/2024 9:00:00 PM,2/28/2024 4:00:00 PM,RFC,WEST,ATSI,OE,7580.141,True
2/28/2024 10:00:00 PM,2/28/2024 5:00:00 PM,RFC,WEST,ATSI,OE,7780.431,True
2/28/2024 11:00:00 PM,2/28/2024 6:00:00 PM,RFC,WEST,ATSI,OE,7953.900,True
2/29/2024 12:00:00 AM,2/28/2024 7:00:00 PM,RFC,WEST,ATSI,OE,7958.692,True
2/29/2024 1:00:00 AM,2/28/2024 8:00:00 PM,RFC,WEST,ATSI,OE,7911.635,True
2/29/2024 2:00:00 AM,2/28/2024 9:00:00 PM,RFC,WEST,ATSI,OE,7686.433,True
2/29/2024 3:00:00 AM,2/28/2024 10:00:00 PM,RFC,WEST,ATSI,OE,7349.693,True
2/29/2024 4:00:00 AM,2/28/2024 11:00:00 PM,RFC,WEST,ATSI,OE,7054.014,True
2/29/2024 5:00:00 AM,2/29/2024 12:00:00 AM,RFC,WEST,ATSI,OE,6914.635,True
2/29/2024 6:00:00 AM,2/29/2024 1:00:00 AM,RFC,WEST,ATSI,OE,6809.618,True
2/29/2024 7:00:00 AM,2/29/2024 2:00:00 AM,RFC,WEST,ATSI,OE,6819.966,True
2/29/2024 8:00:00 AM,2/29/2024 3:00:00 AM,RFC,WEST,ATSI,OE,6796.886,True
2/29/2024 9:00:00 AM,2/29/2024 4:00:00 AM,RFC,WEST,ATSI,OE,6953.533,True
2/29/2024 10:00:00 AM,2/29/2024 5:00:00 AM,RFC,WEST,ATSI,OE,7296.712,True
2/29/2024 11:00:00 AM,2/29/2024 6:00:00 AM,RFC,WEST,ATSI,OE,7797.846,True
2/29/2024 12:00:00 PM,2/29/2024 7:00:00 AM,RFC,WEST,ATSI,OE,8100.074,True
2/29/2024 1:00:00 PM,2/29/2024 8:00:00 AM,RFC,WEST,ATSI,OE,8118.488,True
2/29/2024 2:00:00 PM,2/29/2024 9:00:00 AM,RFC,WEST,ATSI,OE,8006.950,True
2/29/2024 3:00:00 PM,2/29/2024 10:00:00 AM,RFC,WEST,ATSI,OE,7934.711,True
2/29/2024 4:00:00 PM,2/29/2024 11:00:00 AM,RFC,WEST,ATSI,OE,7739.462,True
2/29/2024 5:00:00 PM,2/29/2024 12:00:00 PM,RFC,WEST,ATSI,OE,7633.915,True
2/29/2024 6:00:00 PM,2/29/2024 1:00:00 PM,RFC,WEST,ATSI,OE,7568.864,True
2/29/2024 7:00:00 PM,2/29/2024 2:00:00 PM,RFC,WEST,ATSI,OE,7389.166,True
2/29/2024 8:00:00 PM,2/29/2024 3:00:00 PM,RFC,WEST,ATSI,OE,7189.340,True
2/29/2024 9:00:00 PM,2/29/2024 4:00:00 PM,RFC,WEST,ATSI,OE,7209.106,True
2/29/2024 10:00:00 PM,2/29/2024 5:00:00 PM,RFC,WEST,ATSI,OE,7294.120,True
2/29/2024 11:00:00 PM,2/29/2024 6:00:00 PM,RFC,WEST,ATSI,OE,7544.664,True
3/1/2024 12:00:00 AM,2/29/2024 7:00:00 PM,RFC,WEST,ATSI,OE,7750.032,True
3/1/2024 1:00:00 AM,2/29/2024 8:00:00 PM,RFC,WEST,ATSI,OE,7673.698,True
3/1/2024 2:00:00 AM,2/29/2024 9:00:00 PM,RFC,WEST,ATSI,OE,7497.301,True
3/1/2024 3:00:00 AM,2/29/2024 10:00:00 PM,RFC,WEST,ATSI,OE,7206.268,True
3/1/2024 4:00:00 AM,2/29/2024 11:00:00 PM,RFC,WEST,ATSI,OE,6975.040,True
3/1/2024 5:00:00 AM,3/1/2024 12:00:00 AM,RFC,WEST,ATSI,OE,6802.589,True
3/1/2024 6:00:00 AM,3/1/2024 1:00:00 AM,RFC,WEST,ATSI,OE,6634.581,True
3/1/2024 7:00:00 AM,3/1/2024 2:00:00 AM,RFC,WEST,ATSI,OE,6586.146,True
3/1/2024 8:00:00 AM,3/1/2024 3:00:00 AM,RFC,WEST,ATSI,OE,6587.282,True
3/1/2024 9:00:00 AM,3/1/2024 4:00:00 AM,RFC,WEST,ATSI,OE,6715.187,True
3/1/2024 10:00:00 AM,3/1/2024 5:00:00 AM,RFC,WEST,ATSI,OE,7023.310,True
3/1/2024 11:00:00 AM,3/1/2024 6:00:00 AM,RFC,WEST,ATSI,OE,7511.311,True
3/1/2024 12:00:00 PM,3/1/2024 7:00:00 AM,RFC,WEST,ATSI,OE,7777.992,True
3/1/2024 1:00:00 PM,3/1/2024 8:00:00 AM,RFC,WEST,ATSI,OE,7757.311,True
3/1/2024 2:00:00 PM,3/1/2024 9:00:00 AM,RFC,WEST,ATSI,OE,7622.824,True
3/1/2024 3:00:00 PM,3/1/2024 10:00:00 AM,RFC,WEST,ATSI,OE,7492.226,True
3/1/2024 4:00:00 PM,3/1/2024 11:00:00 AM,RFC,WEST,ATSI,OE,7392.753,True
3/1/2024 5:00:00 PM,3/1/2024 12:00:00 PM,RFC,WEST,ATSI,OE,7279.470,True
3/1/2024 6:00:00 PM,3/1/2024 1:00:00 PM,RFC,WEST,ATSI,OE,7334.088,True
3/1/2024 7:00:00 PM,3/1/2024 2:00:00 PM,RFC,WEST,ATSI,OE,7093.278,True
3/1/2024 8:00:00 PM,3/1/2024 3:00:00 PM,RFC,WEST,ATSI,OE,7086.473,True
3/1/2024 9:00:00 PM,3/1/2024 4:00:00 PM,RFC,WEST,ATSI,OE,7099.348,True
3/1/2024 10:00:00 PM,3/1/2024 5:00:00 PM,RFC,WEST,ATSI,OE,7096.721,True
3/1/2024 11:00:00 PM,3/1/2024 6:00:00 PM,RFC,WEST,ATSI,OE,7171.082,True
3/2/2024 12:00:00 AM,3/1/2024 7:00:00 PM,RFC,WEST,ATSI,OE,7183.016,True
3/2/2024 1:00:00 AM,3/1/2024 8:00:00 PM,RFC,WEST,ATSI,OE,7079.203,True
3/2/2024 2:00:00 AM,3/1/2024 9:00:00 PM,RFC,WEST,ATSI,OE,6859.727,True
3/2/2024 3:00:00 AM,3/1/2024 10:00:00 PM,RFC,WEST,ATSI,OE,6613.811,True
3/2/2024 4:00:00 AM,3/1/2024 11:00:00 PM,RFC,WEST,ATSI,OE,6344.540,True
3/2/2024 5:00:00 AM,3/2/2024 12:00:00 AM,RFC,WEST,ATSI,OE,6166.967,True
3/2/2024 6:00:00 AM,3/2/2024 1:00:00 AM,RFC,WEST,ATSI,OE,5990.171,True
3/2/2024 7:00:00 AM,3/2/2024 2:00:00 AM,RFC,WEST,ATSI,OE,5853.573,True
3/2/2024 8:00:00 AM,3/2/2024 3:00:00 AM,RFC,WEST,ATSI,OE,5815.423,True
3/2/2024 9:00:00 AM,3/2/2024 4:00:00 AM,RFC,WEST,ATSI,OE,5810.252,True
3/2/2024 10:00:00 AM,3/2/2024 5:00:00 AM,RFC,WEST,ATSI,OE,5899.750,True
3/2/2024 11:00:00 AM,3/2/2024 6:00:00 AM,RFC,WEST,ATSI,OE,5997.360,True
3/2/2024 12:00:00 PM,3/2/2024 7:00:00 AM,RFC,WEST,ATSI,OE,6200.031,True
3/2/2024 1:00:00 PM,3/2/2024 8:00:00 AM,RFC,WEST,ATSI,OE,6420.336,True
3/2/2024 2:00:00 PM,3/2/2024 9:00:00 AM,RFC,WEST,ATSI,OE,6608.201,True
3/2/2024 3:00:00 PM,3/2/2024 10:00:00 AM,RFC,WEST,ATSI,OE,6737.400,True
3/2/2024 4:00:00 PM,3/2/2024 11:00:00 AM,RFC,WEST,ATSI,OE,6698.818,True
3/2/2024 5:00:00 PM,3/2/2024 12:00:00 PM,RFC,WEST,ATSI,OE,6620.576,True
3/2/2024 6:00:00 PM,3/2/2024 1:00:00 PM,RFC,WEST,ATSI,OE,6591.498,True
3/2/2024 7:00:00 PM,3/2/2024 2:00:00 PM,RFC,WEST,ATSI,OE,6525.380,True
3/2/2024 8:00:00 PM,3/2/2024 3:00:00 PM,RFC,WEST,ATSI,OE,6423.519,True
3/2/2024 9:00:00 PM,3/2/2024 4:00:00 PM,RFC,WEST,ATSI,OE,6513.844,True
3/2/2024 10:00:00 PM,3/2/2024 5:00:00 PM,RFC,WEST,ATSI,OE,6519.411,True
3/2/2024 11:00:00 PM,3/2/2024 6:00:00 PM,RFC,WEST,ATSI,OE,6681.504,True
3/3/2024 12:00:00 AM,3/2/2024 7:00:00 PM,RFC,WEST,ATSI,OE,6697.275,True
3/3/2024 1:00:00 AM,3/2/2024 8:00:00 PM,RFC,WEST,ATSI,OE,6558.109,True
3/3/2024 2:00:00 AM,3/2/2024 9:00:00 PM,RFC,WEST,ATSI,OE,6438.686,True
3/3/2024 3:00:00 AM,3/2/2024 10:00:00 PM,RFC,WEST,ATSI,OE,6187.222,True
3/3/2024 4:00:00 AM,3/2/2024 11:00:00 PM,RFC,WEST,ATSI,OE,5934.370,True
3/3/2024 5:00:00 AM,3/3/2024 12:00:00 AM,RFC,WEST,ATSI,OE,5778.864,True
3/3/2024 6:00:00 AM,3/3/2024 1:00:00 AM,RFC,WEST,ATSI,OE,5608.464,True
3/3/2024 7:00:00 AM,3/3/2024 2:00:00 AM,RFC,WEST,ATSI,OE,5512.248,True
3/3/2024 8:00:00 AM,3/3/2024 3:00:00 AM,RFC,WEST,ATSI,OE,5433.491,True
3/3/2024 9:00:00 AM,3/3/2024 4:00:00 AM,RFC,WEST,ATSI,OE,5494.467,True
3/3/2024 10:00:00 AM,3/3/2024 5:00:00 AM,RFC,WEST,ATSI,OE,5597.648,True
3/3/2024 11:00:00 AM,3/3/2024 6:00:00 AM,RFC,WEST,ATSI,OE,5693.085,True
3/3/2024 12:00:00 PM,3/3/2024 7:00:00 AM,RFC,WEST,ATSI,OE,5874.290,True
3/3/2024 1:00:00 PM,3/3/2024 8:00:00 AM,RFC,WEST,ATSI,OE,6015.914,True
3/3/2024 2:00:00 PM,3/3/2024 9:00:00 AM,RFC,WEST,ATSI,OE,6111.834,True
3/3/2024 3:00:00 PM,3/3/2024 10:00:00 AM,RFC,WEST,ATSI,OE,6172.373,True
3/3/2024 4:00:00 PM,3/3/2024 11:00:00 AM,RFC,WEST,ATSI,OE,6166.260,True
3/3/2024 5:00:00 PM,3/3/2024 12:00:00 PM,RFC,WEST,ATSI,OE,6109.815,True
3/3/2024 6:00:00 PM,3/3/2024 1:00:00 PM,RFC,WEST,ATSI,OE,5980.287,True
3/3/2024 7:00:00 PM,3/3/2024 2:00:00 PM,RFC,WEST,ATSI,OE,5901.459,True
3/3/2024 8:00:00 PM,3/3/2024 3:00:00 PM,RFC,WEST,ATSI,OE,5917.516,True
3/3/2024 9:00:00 PM,3/3/2024 4:00:00 PM,RFC,WEST,ATSI,OE,5962.021,True
3/3/2024 10:00:00 PM,3/3/2024 5:00:00 PM,RFC,WEST,ATSI,OE,6056.497,True
3/3/2024 11:00:00 PM,3/3/2024 6:00:00 PM,RFC,WEST,ATSI,OE,6313.430,True
3/4/2024 12:00:00 AM,3/3/2024 7:00:00 PM,RFC,WEST,ATSI,OE,6478.024,True
3/4/2024 1:00:00 AM,3/3/2024 8:00:00 PM,RFC,WEST,ATSI,OE,6390.227,True
3/4/2024 2:00:00 AM,3/3/2024 9:00:00 PM,RFC,WEST,ATSI,OE,6279.155,True
3/4/2024 3:00:00 AM,3/3/2024 10:00:00 PM,RFC,WEST,ATSI,OE,6022.536,True
3/4/2024 4:00:00 AM,3/3/2024 11:00:00 PM,RFC,WEST,ATSI,OE,5833.668,True
3/4/2024 5:00:00 AM,3/4/2024 12:00:00 AM,RFC,WEST,ATSI,OE,5701.170,True
3/4/2024 6:00:00 AM,3/4/2024 1:00:00 AM,RFC,WEST,ATSI,OE,5631.085,True
3/4/2024 7:00:00 AM,3/4/2024 2:00:00 AM,RFC,WEST,ATSI,OE,5534.719,True
3/4/2024 8:00:00 AM,3/4/2024 3:00:00 AM,RFC,WEST,ATSI,OE,5599.421,True
3/4/2024 9:00:00 AM,3/4/2024 4:00:00 AM,RFC,WEST,ATSI,OE,5695.019,True
3/4/2024 10:00:00 AM,3/4/2024 5:00:00 AM,RFC,WEST,ATSI,OE,6068.706,True
3/4/2024 11:00:00 AM,3/4/2024 6:00:00 AM,RFC,WEST,ATSI,OE,6594.754,True
3/4/2024 12:00:00 PM,3/4/2024 7:00:00 AM,RFC,WEST,ATSI,OE,6877.222,True
3/4/2024 1:00:00 PM,3/4/2024 8:00:00 AM,RFC,WEST,ATSI,OE,7036.953,True
3/4/2024 2:00:00 PM,3/4/2024 9:00:00 AM,RFC,WEST,ATSI,OE,7036.988,True
3/4/2024 3:00:00 PM,3/4/2024 10:00:00 AM,RFC,WEST,ATSI,OE,6992.526,True
3/4/2024 4:00:00 PM,3/4/2024 11:00:00 AM,RFC,WEST,ATSI,OE,7024.790,True
3/4/2024 5:00:00 PM,3/4/2024 12:00:00 PM,RFC,WEST,ATSI,OE,6957.834,True
3/4/2024 6:00:00 PM,3/4/2024 1:00:00 PM,RFC,WEST,ATSI,OE,6931.980,True
3/4/2024 7:00:00 PM,3/4/2024 2:00:00 PM,RFC,WEST,ATSI,OE,6897.847,True
3/4/2024 8:00:00 PM,3/4/2024 3:00:00 PM,RFC,WEST,ATSI,OE,6814.300,True
3/4/2024 9:00:00 PM,3/4/2024 4:00:00 PM,RFC,WEST,ATSI,OE,6855.936,True
3/4/2024 10:00:00 PM,3/4/2024 5:00:00 PM,RFC,WEST,ATSI,OE,6751.314,True
3/4/2024 11:00:00 PM,3/4/2024 6:00:00 PM,RFC,WEST,ATSI,OE,6875.220,True
3/5/2024 12:00:00 AM,3/4/2024 7:00:00 PM,RFC,WEST,ATSI,OE,7010.900,True
3/5/2024 1:00:00 AM,3/4/2024 8:00:00 PM,RFC,WEST,ATSI,OE,6837.856,True
3/5/2024 2:00:00 AM,3/4/2024 9:00:00 PM,RFC,WEST,ATSI,OE,6509.694,True
3/5/2024 3:00:00 AM,3/4/2024 10:00:00 PM,RFC,WEST,ATSI,OE,6212.705,True
3/5/2024 4:00:00 AM,3/4/2024 11:00:00 PM,RFC,WEST,ATSI,OE,5919.913,True
3/5/2024 5:00:00 AM,3/5/2024 12:00:00 AM,RFC,WEST,ATSI,OE,5704.930,True
3/5/2024 6:00:00 AM,3/5/2024 1:00:00 AM,RFC,WEST,ATSI,OE,5540.370,True
3/5/2024 7:00:00 AM,3/5/2024 2:00:00 AM,RFC,WEST,ATSI,OE,5484.576,True
3/5/2024 8:00:00 AM,3/5/2024 3:00:00 AM,RFC,WEST,ATSI,OE,5511.366,True
3/5/2024 9:00:00 AM,3/5/2024 4:00:00 AM,RFC,WEST,ATSI,OE,5588.561,True
3/5/2024 10:00:00 AM,3/5/2024 5:00:00 AM,RFC,WEST,ATSI,OE,5880.518,True
3/5/2024 11:00:00 AM,3/5/2024 6:00:00 AM,RFC,WEST,ATSI,OE,6423.040,True
3/5/2024 12:00:00 PM,3/5/2024 7:00:00 AM,RFC,WEST,ATSI,OE,6724.550,True
3/5/2024 1:00:00 PM,3/5/2024 8:00:00 AM,RFC,WEST,ATSI,OE,6878.429,True
3/5/2024 2:00:00 PM,3/5/2024 9:00:00 AM,RFC,WEST,ATSI,OE,6872.245,True
3/5/2024 3:00:00 PM,3/5/2024 10:00:00 AM,RFC,WEST,ATSI,OE,6863.841,True
3/5/2024 4:00:00 PM,3/5/2024 11:00:00 AM,RFC,WEST,ATSI,OE,6993.685,True
3/5/2024 5:00:00 PM,3/5/2024 12:00:00 PM,RFC,WEST,ATSI,OE,7059.278,True
3/5/2024 6:00:00 PM,3/5/2024 1:00:00 PM,RFC,WEST,ATSI,OE,7014.745,True
3/5/2024 7:00:00 PM,3/5/2024 2:00:00 PM,RFC,WEST,ATSI,OE,7007.427,True
3/5/2024 8:00:00 PM,3/5/2024 3:00:00 PM,RFC,WEST,ATSI,OE,6914.808,True
3/5/2024 9:00:00 PM,3/5/2024 4:00:00 PM,RFC,WEST,ATSI,OE,6900.205,True
3/5/2024 10:00:00 PM,3/5/2024 5:00:00 PM,RFC,WEST,ATSI,OE,6846.053,True
3/5/2024 11:00:00 PM,3/5/2024 6:00:00 PM,RFC,WEST,ATSI,OE,6904.670,True
3/6/2024 12:00:00 AM,3/5/2024 7:00:00 PM,RFC,WEST,ATSI,OE,7035.360,True
3/6/2024 1:00:00 AM,3/5/2024 8:00:00 PM,RFC,WEST,ATSI,OE,6857.422,True
3/6/2024 2:00:00 AM,3/5/2024 9:00:00 PM,RFC,WEST,ATSI,OE,6604.996,True
3/6/2024 3:00:00 AM,3/5/2024 10:00:00 PM,RFC,WEST,ATSI,OE,6315.589,True
3/6/2024 4:00:00 AM,3/5/2024 11:00:00 PM,RFC,WEST,ATSI,OE,6040.636,True
3/6/2024 5:00:00 AM,3/6/2024 12:00:00 AM,RFC,WEST,ATSI,OE,5899.934,True
3/6/2024 6:00:00 AM,3/6/2024 1:00:00 AM,RFC,WEST,ATSI,OE,5767.023,True
3/6/2024 7:00:00 AM,3/6/2024 2:00:00 AM,RFC,WEST,ATSI,OE,5731.409,True
3/6/2024 8:00:00 AM,3/6/2024 3:00:00 AM,RFC,WEST,ATSI,OE,5623.879,True
3/6/2024 9:00:00 AM,3/6/2024 4:00:00 AM,RFC,WEST,ATSI,OE,5742.964,True
3/6/2024 10:00:00 AM,3/6/2024 5:00:00 AM,RFC,WEST,ATSI,OE,6004.032,True
3/6/2024 11:00:00 AM,3/6/2024 6:00:00 AM,RFC,WEST,ATSI,OE,6470.779,True
3/6/2024 12:00:00 PM,3/6/2024 7:00:00 AM,RFC,WEST,ATSI,OE,6846.941,True
3/6/2024 1:00:00 PM,3/6/2024 8:00:00 AM,RFC,WEST,ATSI,OE,7037.848,True
3/6/2024 2:00:00 PM,3/6/2024 9:00:00 AM,RFC,WEST,ATSI,OE,7157.359,True
3/6/2024 3:00:00 PM,3/6/2024 10:00:00 AM,RFC,WEST,ATSI,OE,7240.657,True
3/6/2024 4:00:00 PM,3/6/2024 11:00:00 AM,RFC,WEST,ATSI,OE,7189.206,True
3/6/2024 5:00:00 PM,3/6/2024 12:00:00 PM,RFC,WEST,ATSI,OE,7201.882,True
3/6/2024 6:00:00 PM,3/6/2024 1:00:00 PM,RFC,WEST,ATSI,OE,7262.687,True
3/6/2024 7:00:00 PM,3/6/2024 2:00:00 PM,RFC,WEST,ATSI,OE,7172.278,True
3/6/2024 8:00:00 PM,3/6/2024 3:00:00 PM,RFC,WEST,ATSI,OE,7110.010,True
3/6/2024 9:00:00 PM,3/6/2024 4:00:00 PM,RFC,WEST,ATSI,OE,7219.699,True
3/6/2024 10:00:00 PM,3/6/2024 5:00:00 PM,RFC,WEST,ATSI,OE,7208.263,True
3/6/2024 11:00:00 PM,3/6/2024 6:00:00 PM,RFC,WEST,ATSI,OE,7352.841,True
3/7/2024 12:00:00 AM,3/6/2024 7:00:00 PM,RFC,WEST,ATSI,OE,7344.025,True
3/7/2024 1:00:00 AM,3/6/2024 8:00:00 PM,RFC,WEST,ATSI,OE,7281.974,True
3/7/2024 2:00:00 AM,3/6/2024 9:00:00 PM,RFC,WEST,ATSI,OE,6965.285,True
3/7/2024 3:00:00 AM,3/6/2024 10:00:00 PM,RFC,WEST,ATSI,OE,6695.352,True
3/7/2024 4:00:00 AM,3/6/2024 11:00:00 PM,RFC,WEST,ATSI,OE,6458.227,True
3/7/2024 5:00:00 AM,3/7/2024 12:00:00 AM,RFC,WEST,ATSI,OE,6249.682,True
3/7/2024 6:00:00 AM,3/7/2024 1:00:00 AM,RFC,WEST,ATSI,OE,6127.154,True
3/7/2024 7:00:00 AM,3/7/2024 2:00:00 AM,RFC,WEST,ATSI,OE,6047.219,True
3/7/2024 8:00:00 AM,3/7/2024 3:00:00 AM,RFC,WEST,ATSI,OE,6071.677,True
3/7/2024 9:00:00 AM,3/7/2024 4:00:00 AM,RFC,WEST,ATSI,OE,6212.724,True
3/7/2024 10:00:00 AM,3/7/2024 5:00:00 AM,RFC,WEST,ATSI,OE,6519.945,True
3/7/2024 11:00:00 AM,3/7/2024 6:00:00 AM,RFC,WEST,ATSI,OE,7045.270,True
3/7/2024 12:00:00 PM,3/7/2024 7:00:00 AM,RFC,WEST,ATSI,OE,7331.514,True
3/7/2024 1:00:00 PM,3/7/2024 8:00:00 AM,RFC,WEST,ATSI,OE,7460.424,True
3/7/2024 2:00:00 PM,3/7/2024 9:00:00 AM,RFC,WEST,ATSI,OE,7435.397,True
3/7/2024 3:00:00 PM,3/7/2024 10:00:00 AM,RFC,WEST,ATSI,OE,7433.050,True
3/7/2024 4:00:00 PM,3/7/2024 11:00:00 AM,RFC,WEST,ATSI,OE,7308.266,True
3/7/2024 5:00:00 PM,3/7/2024 12:00:00 PM,RFC,WEST,ATSI,OE,7241.690,True
3/7/2024 6:00:00 PM,3/7/2024 1:00:00 PM,RFC,WEST,ATSI,OE,7145.860,True
3/7/2024 7:00:00 PM,3/7/2024 2:00:00 PM,RFC,WEST,ATSI,OE,7008.115,True
3/7/2024 8:00:00 PM,3/7/2024 3:00:00 PM,RFC,WEST,ATSI,OE,6904.824,True
3/7/2024 9:00:00 PM,3/7/2024 4:00:00 PM,RFC,WEST,ATSI,OE,6986.854,True
3/7/2024 10:00:00 PM,3/7/2024 5:00:00 PM,RFC,WEST,ATSI,OE,7064.269,True
3/7/2024 11:00:00 PM,3/7/2024 6:00:00 PM,RFC,WEST,ATSI,OE,7225.747,True
3/8/2024 12:00:00 AM,3/7/2024 7:00:00 PM,RFC,WEST,ATSI,OE,7297.737,True
3/8/2024 1:00:00 AM,3/7/2024 8:00:00 PM,RFC,WEST,ATSI,OE,7224.991,True
3/8/2024 2:00:00 AM,3/7/2024 9:00:00 PM,RFC,WEST,ATSI,OE,6979.333,True
3/8/2024 3:00:00 AM,3/7/2024 10:00:00 PM,RFC,WEST,ATSI,OE,6649.921,True
3/8/2024 4:00:00 AM,3/7/2024 11:00:00 PM,RFC,WEST,ATSI,OE,6348.060,True
3/8/2024 5:00:00 AM,3/8/2024 12:00:00 AM,RFC,WEST,ATSI,OE,6226.506,True
3/8/2024 6:00:00 AM,3/8/2024 1:00:00 AM,RFC,WEST,ATSI,OE,6113.612,True
3/8/2024 7:00:00 AM,3/8/2024 2:00:00 AM,RFC,WEST,ATSI,OE,6021.376,True
3/8/2024 8:00:00 AM,3/8/2024 3:00:00 AM,RFC,WEST,ATSI,OE,6003.459,True
3/8/2024 9:00:00 AM,3/8/2024 4:00:00 AM,RFC,WEST,ATSI,OE,6103.867,True
3/8/2024 10:00:00 AM,3/8/2024 5:00:00 AM,RFC,WEST,ATSI,OE,6381.396,True
3/8/2024 11:00:00 AM,3/8/2024 6:00:00 AM,RFC,WEST,ATSI,OE,6717.111,True
3/8/2024 12:00:00 PM,3/8/2024 7:00:00 AM,RFC,WEST,ATSI,OE,6954.277,True
3/8/2024 1:00:00 PM,3/8/2024 8:00:00 AM,RFC,WEST,ATSI,OE,7131.421,True
3/8/2024 2:00:00 PM,3/8/2024 9:00:00 AM,RFC,WEST,ATSI,OE,7183.004,True
3/8/2024 3:00:00 PM,3/8/2024 10:00:00 AM,RFC,WEST,ATSI,OE,7154.074,True
3/8/2024 4:00:00 PM,3/8/2024 11:00:00 AM,RFC,WEST,ATSI,OE,7122.576,True
3/8/2024 5:00:00 PM,3/8/2024 12:00:00 PM,RFC,WEST,ATSI,OE,7105.958,True
3/8/2024 6:00:00 PM,3/8/2024 1:00:00 PM,RFC,WEST,ATSI,OE,7118.895,True
3/8/2024 7:00:00 PM,3/8/2024 2:00:00 PM,RFC,WEST,ATSI,OE,7075.197,True
3/8/2024 8:00:00 PM,3/8/2024 3:00:00 PM,RFC,WEST,ATSI,OE,6876.606,True
3/8/2024 9:00:00 PM,3/8/2024 4:00:00 PM,RFC,WEST,ATSI,OE,6837.889,True
3/8/2024 10:00:00 PM,3/8/2024 5:00:00 PM,RFC,WEST,ATSI,OE,6806.402,True
3/8/2024 11:00:00 PM,3/8/2024 6:00:00 PM,RFC,WEST,ATSI,OE,6719.014,True
3/9/2024 12:00:00 AM,3/8/2024 7:00:00 PM,RFC,WEST,ATSI,OE,6722.653,True
3/9/2024 1:00:00 AM,3/8/2024 8:00:00 PM,RFC,WEST,ATSI,OE,6731.564,True
3/9/2024 2:00:00 AM,3/8/2024 9:00:00 PM,RFC,WEST,ATSI,OE,6503.279,True
3/9/2024 3:00:00 AM,3/8/2024 10:00:00 PM,RFC,WEST,ATSI,OE,6248.363,True
3/9/2024 4:00:00 AM,3/8/2024 11:00:00 PM,RFC,WEST,ATSI,OE,5944.565,True
3/9/2024 5:00:00 AM,3/9/2024 12:00:00 AM,RFC,WEST,ATSI,OE,5762.634,True
3/9/2024 6:00:00 AM,3/9/2024 1:00:00 AM,RFC,WEST,ATSI,OE,5621.449,True
3/9/2024 7:00:00 AM,3/9/2024 2:00:00 AM,RFC,WEST,ATSI,OE,5506.670,True
3/9/2024 8:00:00 AM,3/9/2024 3:00:00 AM,RFC,WEST,ATSI,OE,5523.430,True
3/9/2024 9:00:00 AM,3/9/2024 4:00:00 AM,RFC,WEST,ATSI,OE,5497.453,True
3/9/2024 10:00:00 AM,3/9/2024 5:00:00 AM,RFC,WEST,ATSI,OE,5586.949,True
3/9/2024 11:00:00 AM,3/9/2024 6:00:00 AM,RFC,WEST,ATSI,OE,5815.885,True
3/9/2024 12:00:00 PM,3/9/2024 7:00:00 AM,RFC,WEST,ATSI,OE,6028.421,True
3/9/2024 1:00:00 PM,3/9/2024 8:00:00 AM,RFC,WEST,ATSI,OE,6237.877,True
3/9/2024 2:00:00 PM,3/9/2024 9:00:00 AM,RFC,WEST,ATSI,OE,6454.838,True
3/9/2024 3:00:00 PM,3/9/2024 10:00:00 AM,RFC,WEST,ATSI,OE,6579.074,True
3/9/2024 4:00:00 PM,3/9/2024 11:00:00 AM,RFC,WEST,ATSI,OE,6587.708,True
3/9/2024 5:00:00 PM,3/9/2024 12:00:00 PM,RFC,WEST,ATSI,OE,6629.542,True
3/9/2024 6:00:00 PM,3/9/2024 1:00:00 PM,RFC,WEST,ATSI,OE,6605.546,True
3/9/2024 7:00:00 PM,3/9/2024 2:00:00 PM,RFC,WEST,ATSI,OE,6606.317,True
3/9/2024 8:00:00 PM,3/9/2024 3:00:00 PM,RFC,WEST,ATSI,OE,6594.912,True
3/9/2024 9:00:00 PM,3/9/2024 4:00:00 PM,RFC,WEST,ATSI,OE,6681.325,True
3/9/2024 10:00:00 PM,3/9/2024 5:00:00 PM,RFC,WEST,ATSI,OE,6668.101,True
3/9/2024 11:00:00 PM,3/9/2024 6:00:00 PM,RFC,WEST,ATSI,OE,6765.998,True
3/10/2024 12:00:00 AM,3/9/2024 7:00:00 PM,RFC,WEST,ATSI,OE,6840.330,True
3/10/2024 1:00:00 AM,3/9/2024 8:00:00 PM,RFC,WEST,ATSI,OE,6737.142,True
3/10/2024 2:00:00 AM,3/9/2024 9:00:00 PM,RFC,WEST,ATSI,OE,6627.992,True
3/10/2024 3:00:00 AM,3/9/2024 10:00:00 PM,RFC,WEST,ATSI,OE,6385.233,True
3/10/2024 4:00:00 AM,3/9/2024 11:00:00 PM,RFC,WEST,ATSI,OE,6160.925,True
3/10/2024 5:00:00 AM,3/10/2024 12:00:00 AM,RFC,WEST,ATSI,OE,6012.462,True
3/10/2024 6:00:00 AM,3/10/2024 1:00:00 AM,RFC,WEST,ATSI,OE,5818.493,True
3/10/2024 7:00:00 AM,3/10/2024 3:00:00 AM,RFC,WEST,ATSI,OE,5807.830,True
3/10/2024 8:00:00 AM,3/10/2024 4:00:00 AM,RFC,WEST,ATSI,OE,5947.508,True
3/10/2024 9:00:00 AM,3/10/2024 5:00:00 AM,RFC,WEST,ATSI,OE,6035.880,True
3/10/2024 10:00:00 AM,3/10/2024 6:00:00 AM,RFC,WEST,ATSI,OE,6230.251,True
3/10/2024 11:00:00 AM,3/10/2024 7:00:00 AM,RFC,WEST,ATSI,OE,6414.331,True
3/10/2024 12:00:00 PM,3/10/2024 8:00:00 AM,RFC,WEST,ATSI,OE,6519.625,True
3/10/2024 1:00:00 PM,3/10/2024 9:00:00 AM,RFC,WEST,ATSI,OE,6813.507,True
3/10/2024 2:00:00 PM,3/10/2024 10:00:00 AM,RFC,WEST,ATSI,OE,6963.675,True
3/10/2024 3:00:00 PM,3/10/2024 11:00:00 AM,RFC,WEST,ATSI,OE,7088.116,True
3/10/2024 4:00:00 PM,3/10/2024 12:00:00 PM,RFC,WEST,ATSI,OE,7162.279,True
3/10/2024 5:00:00 PM,3/10/2024 1:00:00 PM,RFC,WEST,ATSI,OE,7181.149,True
3/10/2024 6:00:00 PM,3/10/2024 2:00:00 PM,RFC,WEST,ATSI,OE,7064.371,True
3/10/2024 7:00:00 PM,3/10/2024 3:00:00 PM,RFC,WEST,ATSI,OE,7094.205,True
3/10/2024 8:00:00 PM,3/10/2024 4:00:00 PM,RFC,WEST,ATSI,OE,7100.470,True
3/10/2024 9:00:00 PM,3/10/2024 5:00:00 PM,RFC,WEST,ATSI,OE,7103.311,True
3/10/2024 10:00:00 PM,3/10/2024 6:00:00 PM,RFC,WEST,ATSI,OE,7163.773,True
3/10/2024 11:00:00 PM,3/10/2024 7:00:00 PM,RFC,WEST,ATSI,OE,7355.864,True
3/11/2024 12:00:00 AM,3/10/2024 8:00:00 PM,RFC,WEST,ATSI,OE,7426.824,True
3/11/2024 1:00:00 AM,3/10/2024 9:00:00 PM,RFC,WEST,ATSI,OE,7265.140,True
3/11/2024 2:00:00 AM,3/10/2024 10:00:00 PM,RFC,WEST,ATSI,OE,6948.625,True
3/11/2024 3:00:00 AM,3/10/2024 11:00:00 PM,RFC,WEST,ATSI,OE,6692.757,True
3/11/2024 4:00:00 AM,3/11/2024 12:00:00 AM,RFC,WEST,ATSI,OE,6488.537,True
3/11/2024 5:00:00 AM,3/11/2024 1:00:00 AM,RFC,WEST,ATSI,OE,6422.285,True
3/11/2024 6:00:00 AM,3/11/2024 2:00:00 AM,RFC,WEST,ATSI,OE,6388.908,True
3/11/2024 7:00:00 AM,3/11/2024 3:00:00 AM,RFC,WEST,ATSI,OE,6435.029,True
3/11/2024 8:00:00 AM,3/11/2024 4:00:00 AM,RFC,WEST,ATSI,OE,6588.563,True
3/11/2024 9:00:00 AM,3/11/2024 5:00:00 AM,RFC,WEST,ATSI,OE,6891.713,True
3/11/2024 10:00:00 AM,3/11/2024 6:00:00 AM,RFC,WEST,ATSI,OE,7423.897,True
3/11/2024 11:00:00 AM,3/11/2024 7:00:00 AM,RFC,WEST,ATSI,OE,7883.564,True
3/11/2024 12:00:00 PM,3/11/2024 8:00:00 AM,RFC,WEST,ATSI,OE,7945.486,True
3/11/2024 1:00:00 PM,3/11/2024 9:00:00 AM,RFC,WEST,ATSI,OE,7911.438,True
3/11/2024 2:00:00 PM,3/11/2024 10:00:00 AM,RFC,WEST,ATSI,OE,7744.242,True
3/11/2024 3:00:00 PM,3/11/2024 11:00:00 AM,RFC,WEST,ATSI,OE,7609.379,True
3/11/2024 4:00:00 PM,3/11/2024 12:00:00 PM,RFC,WEST,ATSI,OE,7441.278,True
3/11/2024 5:00:00 PM,3/11/2024 1:00:00 PM,RFC,WEST,ATSI,OE,7394.514,True
3/11/2024 6:00:00 PM,3/11/2024 2:00:00 PM,RFC,WEST,ATSI,OE,7224.598,True
3/11/2024 7:00:00 PM,3/11/2024 3:00:00 PM,RFC,WEST,ATSI,OE,7062.633,True
3/11/2024 8:00:00 PM,3/11/2024 4:00:00 PM,RFC,WEST,ATSI,OE,6953.723,True
3/11/2024 9:00:00 PM,3/11/2024 5:00:00 PM,RFC,WEST,ATSI,OE,6875.392,True
3/11/2024 10:00:00 PM,3/11/2024 6:00:00 PM,RFC,WEST,ATSI,OE,6875.917,True
3/11/2024 11:00:00 PM,3/11/2024 7:00:00 PM,RFC,WEST,ATSI,OE,7088.287,True
3/12/2024 12:00:00 AM,3/11/2024 8:00:00 PM,RFC,WEST,ATSI,OE,7267.004,True
3/12/2024 1:00:00 AM,3/11/2024 9:00:00 PM,RFC,WEST,ATSI,OE,7086.738,True
3/12/2024 2:00:00 AM,3/11/2024 10:00:00 PM,RFC,WEST,ATSI,OE,6807.201,True
3/12/2024 3:00:00 AM,3/11/2024 11:00:00 PM,RFC,WEST,ATSI,OE,6495.684,True
3/12/2024 4:00:00 AM,3/12/2024 12:00:00 AM,RFC,WEST,ATSI,OE,6300.984,True
3/12/2024 5:00:00 AM,3/12/2024 1:00:00 AM,RFC,WEST,ATSI,OE,6170.831,True
3/12/2024 6:00:00 AM,3/12/2024 2:00:00 AM,RFC,WEST,ATSI,OE,6097.017,True
3/12/2024 7:00:00 AM,3/12/2024 3:00:00 AM,RFC,WEST,ATSI,OE,6045.888,True
3/12/2024 8:00:00 AM,3/12/2024 4:00:00 AM,RFC,WEST,ATSI,OE,6153.827,True
3/12/2024 9:00:00 AM,3/12/2024 5:00:00 AM,RFC,WEST,ATSI,OE,6380.450,True
3/12/2024 10:00:00 AM,3/12/2024 6:00:00 AM,RFC,WEST,ATSI,OE,6853.413,True
3/12/2024 11:00:00 AM,3/12/2024 7:00:00 AM,RFC,WEST,ATSI,OE,7281.188,True
3/12/2024 12:00:00 PM,3/12/2024 8:00:00 AM,RFC,WEST,ATSI,OE,7366.843,True
3/12/2024 1:00:00 PM,3/12/2024 9:00:00 AM,RFC,WEST,ATSI,OE,7296.388,True
3/12/2024 2:00:00 PM,3/12/2024 10:00:00 AM,RFC,WEST,ATSI,OE,7169.400,True
3/12/2024 3:00:00 PM,3/12/2024 11:00:00 AM,RFC,WEST,ATSI,OE,7078.335,True
3/12/2024 4:00:00 PM,3/12/2024 12:00:00 PM,RFC,WEST,ATSI,OE,7005.407,True
3/12/2024 5:00:00 PM,3/12/2024 1:00:00 PM,RFC,WEST,ATSI,OE,6959.754,True
3/12/2024 6:00:00 PM,3/12/2024 2:00:00 PM,RFC,WEST,ATSI,OE,6790.923,True
3/12/2024 7:00:00 PM,3/12/2024 3:00:00 PM,RFC,WEST,ATSI,OE,6606.528,True
3/12/2024 8:00:00 PM,3/12/2024 4:00:00 PM,RFC,WEST,ATSI,OE,6606.354,True
3/12/2024 9:00:00 PM,3/12/2024 5:00:00 PM,RFC,WEST,ATSI,OE,6565.631,True
3/12/2024 10:00:00 PM,3/12/2024 6:00:00 PM,RFC,WEST,ATSI,OE,6652.121,True
3/12/2024 11:00:00 PM,3/12/2024 7:00:00 PM,RFC,WEST,ATSI,OE,6864.312,True
3/13/2024 12:00:00 AM,3/12/2024 8:00:00 PM,RFC,WEST,ATSI,OE,6935.512,True
3/13/2024 1:00:00 AM,3/12/2024 9:00:00 PM,RFC,WEST,ATSI,OE,6712.025,True
3/13/2024 2:00:00 AM,3/12/2024 10:00:00 PM,RFC,WEST,ATSI,OE,6416.470,True
3/13/2024 3:00:00 AM,3/12/2024 11:00:00 PM,RFC,WEST,ATSI,OE,6190.833,True
3/13/2024 4:00:00 AM,3/13/2024 12:00:00 AM,RFC,WEST,ATSI,OE,5934.023,True
3/13/2024 5:00:00 AM,3/13/2024 1:00:00 AM,RFC,WEST,ATSI,OE,5863.391,True
3/13/2024 6:00:00 AM,3/13/2024 2:00:00 AM,RFC,WEST,ATSI,OE,5822.991,True
3/13/2024 7:00:00 AM,3/13/2024 3:00:00 AM,RFC,WEST,ATSI,OE,5797.424,True
3/13/2024 8:00:00 AM,3/13/2024 4:00:00 AM,RFC,WEST,ATSI,OE,5864.637,True
3/13/2024 9:00:00 AM,3/13/2024 5:00:00 AM,RFC,WEST,ATSI,OE,6143.229,True
3/13/2024 10:00:00 AM,3/13/2024 6:00:00 AM,RFC,WEST,ATSI,OE,6627.433,True
3/13/2024 11:00:00 AM,3/13/2024 7:00:00 AM,RFC,WEST,ATSI,OE,7049.999,True
3/13/2024 12:00:00 PM,3/13/2024 8:00:00 AM,RFC,WEST,ATSI,OE,7029.878,True
3/13/2024 1:00:00 PM,3/13/2024 9:00:00 AM,RFC,WEST,ATSI,OE,7008.558,True
3/13/2024 2:00:00 PM,3/13/2024 10:00:00 AM,RFC,WEST,ATSI,OE,6963.133,True
3/13/2024 3:00:00 PM,3/13/2024 11:00:00 AM,RFC,WEST,ATSI,OE,6948.139,True
3/13/2024 4:00:00 PM,3/13/2024 12:00:00 PM,RFC,WEST,ATSI,OE,6840.160,True
3/13/2024 5:00:00 PM,3/13/2024 1:00:00 PM,RFC,WEST,ATSI,OE,6851.562,True
3/13/2024 6:00:00 PM,3/13/2024 2:00:00 PM,RFC,WEST,ATSI,OE,6798.756,True
3/13/2024 7:00:00 PM,3/13/2024 3:00:00 PM,RFC,WEST,ATSI,OE,6669.403,True
3/13/2024 8:00:00 PM,3/13/2024 4:00:00 PM,RFC,WEST,ATSI,OE,6578.766,True
3/13/2024 9:00:00 PM,3/13/2024 5:00:00 PM,RFC,WEST,ATSI,OE,6461.174,True
3/13/2024 10:00:00 PM,3/13/2024 6:00:00 PM,RFC,WEST,ATSI,OE,6591.876,True
3/13/2024 11:00:00 PM,3/13/2024 7:00:00 PM,RFC,WEST,ATSI,OE,6688.049,True
3/14/2024 12:00:00 AM,3/13/2024 8:00:00 PM,RFC,WEST,ATSI,OE,6766.722,True
3/14/2024 1:00:00 AM,3/13/2024 9:00:00 PM,RFC,WEST,ATSI,OE,6485.335,True
3/14/2024 2:00:00 AM,3/13/2024 10:00:00 PM,RFC,WEST,ATSI,OE,6203.811,True
3/14/2024 3:00:00 AM,3/13/2024 11:00:00 PM,RFC,WEST,ATSI,OE,5942.083,True
3/14/2024 4:00:00 AM,3/14/2024 12:00:00 AM,RFC,WEST,ATSI,OE,5779.117,True
3/14/2024 5:00:00 AM,3/14/2024 1:00:00 AM,RFC,WEST,ATSI,OE,5677.037,True
3/14/2024 6:00:00 AM,3/14/2024 2:00:00 AM,RFC,WEST,ATSI,OE,5622.388,True
3/14/2024 7:00:00 AM,3/14/2024 3:00:00 AM,RFC,WEST,ATSI,OE,5613.455,True
3/14/2024 8:00:00 AM,3/14/2024 4:00:00 AM,RFC,WEST,ATSI,OE,5667.824,True
3/14/2024 9:00:00 AM,3/14/2024 5:00:00 AM,RFC,WEST,ATSI,OE,6036.536,True
3/14/2024 10:00:00 AM,3/14/2024 6:00:00 AM,RFC,WEST,ATSI,OE,6578.205,True
3/14/2024 11:00:00 AM,3/14/2024 7:00:00 AM,RFC,WEST,ATSI,OE,7037.779,True
3/14/2024 12:00:00 PM,3/14/2024 8:00:00 AM,RFC,WEST,ATSI,OE,7125.601,True
3/14/2024 1:00:00 PM,3/14/2024 9:00:00 AM,RFC,WEST,ATSI,OE,7209.474,True
3/14/2024 2:00:00 PM,3/14/2024 10:00:00 AM,RFC,WEST,ATSI,OE,7244.607,True
3/14/2024 3:00:00 PM,3/14/2024 11:00:00 AM,RFC,WEST,ATSI,OE,7167.878,True
3/14/2024 4:00:00 PM,3/14/2024 12:00:00 PM,RFC,WEST,ATSI,OE,7159.000,True
3/14/2024 5:00:00 PM,3/14/2024 1:00:00 PM,RFC,WEST,ATSI,OE,7152.710,True
3/14/2024 6:00:00 PM,3/14/2024 2:00:00 PM,RFC,WEST,ATSI,OE,7134.049,True
3/14/2024 7:00:00 PM,3/14/2024 3:00:00 PM,RFC,WEST,ATSI,OE,7004.456,True
3/14/2024 8:00:00 PM,3/14/2024 4:00:00 PM,RFC,WEST,ATSI,OE,6847.211,True
3/14/2024 9:00:00 PM,3/14/2024 5:00:00 PM,RFC,WEST,ATSI,OE,6801.670,True
3/14/2024 10:00:00 PM,3/14/2024 6:00:00 PM,RFC,WEST,ATSI,OE,6755.796,True
3/14/2024 11:00:00 PM,3/14/2024 7:00:00 PM,RFC,WEST,ATSI,OE,6855.632,True
3/15/2024 12:00:00 AM,3/14/2024 8:00:00 PM,RFC,WEST,ATSI,OE,6893.608,True
3/15/2024 1:00:00 AM,3/14/2024 9:00:00 PM,RFC,WEST,ATSI,OE,6667.885,True
3/15/2024 2:00:00 AM,3/14/2024 10:00:00 PM,RFC,WEST,ATSI,OE,6395.145,True
3/15/2024 3:00:00 AM,3/14/2024 11:00:00 PM,RFC,WEST,ATSI,OE,6104.521,True
3/15/2024 4:00:00 AM,3/15/2024 12:00:00 AM,RFC,WEST,ATSI,OE,5865.977,True
3/15/2024 5:00:00 AM,3/15/2024 1:00:00 AM,RFC,WEST,ATSI,OE,5699.537,True
3/15/2024 6:00:00 AM,3/15/2024 2:00:00 AM,RFC,WEST,ATSI,OE,5631.026,True
3/15/2024 7:00:00 AM,3/15/2024 3:00:00 AM,RFC,WEST,ATSI,OE,5652.725,True
3/15/2024 8:00:00 AM,3/15/2024 4:00:00 AM,RFC,WEST,ATSI,OE,5717.441,True
3/15/2024 9:00:00 AM,3/15/2024 5:00:00 AM,RFC,WEST,ATSI,OE,6061.612,True
3/15/2024 10:00:00 AM,3/15/2024 6:00:00 AM,RFC,WEST,ATSI,OE,6488.108,True
3/15/2024 11:00:00 AM,3/15/2024 7:00:00 AM,RFC,WEST,ATSI,OE,7065.691,True
3/15/2024 12:00:00 PM,3/15/2024 8:00:00 AM,RFC,WEST,ATSI,OE,7186.727,True
3/15/2024 1:00:00 PM,3/15/2024 9:00:00 AM,RFC,WEST,ATSI,OE,7326.419,True
3/15/2024 2:00:00 PM,3/15/2024 10:00:00 AM,RFC,WEST,ATSI,OE,7354.290,True
3/15/2024 3:00:00 PM,3/15/2024 11:00:00 AM,RFC,WEST,ATSI,OE,7263.541,True
3/15/2024 4:00:00 PM,3/15/2024 12:00:00 PM,RFC,WEST,ATSI,OE,7244.028,True
3/15/2024 5:00:00 PM,3/15/2024 1:00:00 PM,RFC,WEST,ATSI,OE,7255.591,True
3/15/2024 6:00:00 PM,3/15/2024 2:00:00 PM,RFC,WEST,ATSI,OE,7103.896,True
3/15/2024 7:00:00 PM,3/15/2024 3:00:00 PM,RFC,WEST,ATSI,OE,6902.551,True
3/15/2024 8:00:00 PM,3/15/2024 4:00:00 PM,RFC,WEST,ATSI,OE,6796.824,True
3/15/2024 9:00:00 PM,3/15/2024 5:00:00 PM,RFC,WEST,ATSI,OE,6796.233,True
3/15/2024 10:00:00 PM,3/15/2024 6:00:00 PM,RFC,WEST,ATSI,OE,6787.563,True
3/15/2024 11:00:00 PM,3/15/2024 7:00:00 PM,RFC,WEST,ATSI,OE,6911.334,True
3/16/2024 12:00:00 AM,3/15/2024 8:00:00 PM,RFC,WEST,ATSI,OE,6975.464,True
3/16/2024 1:00:00 AM,3/15/2024 9:00:00 PM,RFC,WEST,ATSI,OE,6839.006,True
3/16/2024 2:00:00 AM,3/15/2024 10:00:00 PM,RFC,WEST,ATSI,OE,6627.435,True
3/16/2024 3:00:00 AM,3/15/2024 11:00:00 PM,RFC,WEST,ATSI,OE,6350.886,True
3/16/2024 4:00:00 AM,3/16/2024 12:00:00 AM,RFC,WEST,ATSI,OE,6181.333,True
3/16/2024 5:00:00 AM,3/16/2024 1:00:00 AM,RFC,WEST,ATSI,OE,6001.099,True
3/16/2024 6:00:00 AM,3/16/2024 2:00:00 AM,RFC,WEST,ATSI,OE,5986.637,True
3/16/2024 7:00:00 AM,3/16/2024 3:00:00 AM,RFC,WEST,ATSI,OE,5942.856,True
3/16/2024 8:00:00 AM,3/16/2024 4:00:00 AM,RFC,WEST,ATSI,OE,6000.148,True
3/16/2024 9:00:00 AM,3/16/2024 5:00:00 AM,RFC,WEST,ATSI,OE,6129.157,True
3/16/2024 10:00:00 AM,3/16/2024 6:00:00 AM,RFC,WEST,ATSI,OE,6306.051,True
3/16/2024 11:00:00 AM,3/16/2024 7:00:00 AM,RFC,WEST,ATSI,OE,6500.833,True
3/16/2024 12:00:00 PM,3/16/2024 8:00:00 AM,RFC,WEST,ATSI,OE,6622.708,True
3/16/2024 1:00:00 PM,3/16/2024 9:00:00 AM,RFC,WEST,ATSI,OE,6632.430,True
3/16/2024 2:00:00 PM,3/16/2024 10:00:00 AM,RFC,WEST,ATSI,OE,6517.751,True
3/16/2024 3:00:00 PM,3/16/2024 11:00:00 AM,RFC,WEST,ATSI,OE,6436.372,True
3/16/2024 4:00:00 PM,3/16/2024 12:00:00 PM,RFC,WEST,ATSI,OE,6315.460,True
3/16/2024 5:00:00 PM,3/16/2024 1:00:00 PM,RFC,WEST,ATSI,OE,6209.855,True
3/16/2024 6:00:00 PM,3/16/2024 2:00:00 PM,RFC,WEST,ATSI,OE,6107.097,True
3/16/2024 7:00:00 PM,3/16/2024 3:00:00 PM,RFC,WEST,ATSI,OE,5994.247,True
3/16/2024 8:00:00 PM,3/16/2024 4:00:00 PM,RFC,WEST,ATSI,OE,6050.449,True
3/16/2024 9:00:00 PM,3/16/2024 5:00:00 PM,RFC,WEST,ATSI,OE,6085.693,True
3/16/2024 10:00:00 PM,3/16/2024 6:00:00 PM,RFC,WEST,ATSI,OE,6162.730,True
3/16/2024 11:00:00 PM,3/16/2024 7:00:00 PM,RFC,WEST,ATSI,OE,6286.847,True
3/17/2024 12:00:00 AM,3/16/2024 8:00:00 PM,RFC,WEST,ATSI,OE,6368.572,True
3/17/2024 1:00:00 AM,3/16/2024 9:00:00 PM,RFC,WEST,ATSI,OE,6247.519,True
3/17/2024 2:00:00 AM,3/16/2024 10:00:00 PM,RFC,WEST,ATSI,OE,6004.433,True
3/17/2024 3:00:00 AM,3/16/2024 11:00:00 PM,RFC,WEST,ATSI,OE,5804.735,True
3/17/2024 4:00:00 AM,3/17/2024 12:00:00 AM,RFC,WEST,ATSI,OE,5614.868,True
3/17/2024 5:00:00 AM,3/17/2024 1:00:00 AM,RFC,WEST,ATSI,OE,5450.879,True
3/17/2024 6:00:00 AM,3/17/2024 2:00:00 AM,RFC,WEST,ATSI,OE,5483.504,True
3/17/2024 7:00:00 AM,3/17/2024 3:00:00 AM,RFC,WEST,ATSI,OE,5446.463,True
3/17/2024 8:00:00 AM,3/17/2024 4:00:00 AM,RFC,WEST,ATSI,OE,5484.178,True
3/17/2024 9:00:00 AM,3/17/2024 5:00:00 AM,RFC,WEST,ATSI,OE,5648.256,True
3/17/2024 10:00:00 AM,3/17/2024 6:00:00 AM,RFC,WEST,ATSI,OE,5819.155,True
3/17/2024 11:00:00 AM,3/17/2024 7:00:00 AM,RFC,WEST,ATSI,OE,6039.738,True
3/17/2024 12:00:00 PM,3/17/2024 8:00:00 AM,RFC,WEST,ATSI,OE,6192.575,True
3/17/2024 1:00:00 PM,3/17/2024 9:00:00 AM,RFC,WEST,ATSI,OE,6265.975,True
3/17/2024 2:00:00 PM,3/17/2024 10:00:00 AM,RFC,WEST,ATSI,OE,6269.357,True
3/17/2024 3:00:00 PM,3/17/2024 11:00:00 AM,RFC,WEST,ATSI,OE,6381.169,True
3/17/2024 4:00:00 PM,3/17/2024 12:00:00 PM,RFC,WEST,ATSI,OE,6440.739,True
3/17/2024 5:00:00 PM,3/17/2024 1:00:00 PM,RFC,WEST,ATSI,OE,6418.443,True
3/17/2024 6:00:00 PM,3/17/2024 2:00:00 PM,RFC,WEST,ATSI,OE,6397.464,True
3/17/2024 7:00:00 PM,3/17/2024 3:00:00 PM,RFC,WEST,ATSI,OE,6495.624,True
3/17/2024 8:00:00 PM,3/17/2024 4:00:00 PM,RFC,WEST,ATSI,OE,6556.305,True
3/17/2024 9:00:00 PM,3/17/2024 5:00:00 PM,RFC,WEST,ATSI,OE,6574.258,True
3/17/2024 10:00:00 PM,3/17/2024 6:00:00 PM,RFC,WEST,ATSI,OE,6681.216,True
3/17/2024 11:00:00 PM,3/17/2024 7:00:00 PM,RFC,WEST,ATSI,OE,6889.204,True
3/18/2024 12:00:00 AM,3/17/2024 8:00:00 PM,RFC,WEST,ATSI,OE,7076.028,True
3/18/2024 1:00:00 AM,3/17/2024 9:00:00 PM,RFC,WEST,ATSI,OE,6902.711,True
3/18/2024 2:00:00 AM,3/17/2024 10:00:00 PM,RFC,WEST,ATSI,OE,6667.469,True
3/18/2024 3:00:00 AM,3/17/2024 11:00:00 PM,RFC,WEST,ATSI,OE,6445.013,True
3/18/2024 4:00:00 AM,3/18/2024 12:00:00 AM,RFC,WEST,ATSI,OE,6410.404,True
3/18/2024 5:00:00 AM,3/18/2024 1:00:00 AM,RFC,WEST,ATSI,OE,6318.583,True
3/18/2024 6:00:00 AM,3/18/2024 2:00:00 AM,RFC,WEST,ATSI,OE,6299.247,True
3/18/2024 7:00:00 AM,3/18/2024 3:00:00 AM,RFC,WEST,ATSI,OE,6308.690,True
3/18/2024 8:00:00 AM,3/18/2024 4:00:00 AM,RFC,WEST,ATSI,OE,6452.753,True
3/18/2024 9:00:00 AM,3/18/2024 5:00:00 AM,RFC,WEST,ATSI,OE,6829.375,True
3/18/2024 10:00:00 AM,3/18/2024 6:00:00 AM,RFC,WEST,ATSI,OE,7330.004,True
3/18/2024 11:00:00 AM,3/18/2024 7:00:00 AM,RFC,WEST,ATSI,OE,7793.605,True
3/18/2024 12:00:00 PM,3/18/2024 8:00:00 AM,RFC,WEST,ATSI,OE,7927.247,True
3/18/2024 1:00:00 PM,3/18/2024 9:00:00 AM,RFC,WEST,ATSI,OE,8011.646,True
3/18/2024 2:00:00 PM,3/18/2024 10:00:00 AM,RFC,WEST,ATSI,OE,8034.305,True
3/18/2024 3:00:00 PM,3/18/2024 11:00:00 AM,RFC,WEST,ATSI,OE,8028.930,True
3/18/2024 4:00:00 PM,3/18/2024 12:00:00 PM,RFC,WEST,ATSI,OE,8067.727,True
3/18/2024 5:00:00 PM,3/18/2024 1:00:00 PM,RFC,WEST,ATSI,OE,8003.684,True
3/18/2024 6:00:00 PM,3/18/2024 2:00:00 PM,RFC,WEST,ATSI,OE,7899.060,True
3/18/2024 7:00:00 PM,3/18/2024 3:00:00 PM,RFC,WEST,ATSI,OE,7828.043,True
3/18/2024 8:00:00 PM,3/18/2024 4:00:00 PM,RFC,WEST,ATSI,OE,7869.055,True
3/18/2024 9:00:00 PM,3/18/2024 5:00:00 PM,RFC,WEST,ATSI,OE,7792.575,True
3/18/2024 10:00:00 PM,3/18/2024 6:00:00 PM,RFC,WEST,ATSI,OE,7793.672,True
3/18/2024 11:00:00 PM,3/18/2024 7:00:00 PM,RFC,WEST,ATSI,OE,7919.683,True
3/19/2024 12:00:00 AM,3/18/2024 8:00:00 PM,RFC,WEST,ATSI,OE,7884.546,True
3/19/2024 1:00:00 AM,3/18/2024 9:00:00 PM,RFC,WEST,ATSI,OE,7644.942,True
3/19/2024 2:00:00 AM,3/18/2024 10:00:00 PM,RFC,WEST,ATSI,OE,7281.336,True
3/19/2024 3:00:00 AM,3/18/2024 11:00:00 PM,RFC,WEST,ATSI,OE,6895.732,True
3/19/2024 4:00:00 AM,3/19/2024 12:00:00 AM,RFC,WEST,ATSI,OE,6755.818,True
3/19/2024 5:00:00 AM,3/19/2024 1:00:00 AM,RFC,WEST,ATSI,OE,6655.751,True
3/19/2024 6:00:00 AM,3/19/2024 2:00:00 AM,RFC,WEST,ATSI,OE,6608.720,True
3/19/2024 7:00:00 AM,3/19/2024 3:00:00 AM,RFC,WEST,ATSI,OE,6676.104,True
3/19/2024 8:00:00 AM,3/19/2024 4:00:00 AM,RFC,WEST,ATSI,OE,6796.743,True
3/19/2024 9:00:00 AM,3/19/2024 5:00:00 AM,RFC,WEST,ATSI,OE,7100.645,True
3/19/2024 10:00:00 AM,3/19/2024 6:00:00 AM,RFC,WEST,ATSI,OE,7546.268,True
3/19/2024 11:00:00 AM,3/19/2024 7:00:00 AM,RFC,WEST,ATSI,OE,8017.817,True
3/19/2024 12:00:00 PM,3/19/2024 8:00:00 AM,RFC,WEST,ATSI,OE,8106.852,True
3/19/2024 1:00:00 PM,3/19/2024 9:00:00 AM,RFC,WEST,ATSI,OE,8067.737,True
3/19/2024 2:00:00 PM,3/19/2024 10:00:00 AM,RFC,WEST,ATSI,OE,8013.639,True
3/19/2024 3:00:00 PM,3/19/2024 11:00:00 AM,RFC,WEST,ATSI,OE,7959.444,True
3/19/2024 4:00:00 PM,3/19/2024 12:00:00 PM,RFC,WEST,ATSI,OE,7987.435,True
3/19/2024 5:00:00 PM,3/19/2024 1:00:00 PM,RFC,WEST,ATSI,OE,7983.536,True
3/19/2024 6:00:00 PM,3/19/2024 2:00:00 PM,RFC,WEST,ATSI,OE,7857.968,True
3/19/2024 7:00:00 PM,3/19/2024 3:00:00 PM,RFC,WEST,ATSI,OE,7620.844,True
3/19/2024 8:00:00 PM,3/19/2024 4:00:00 PM,RFC,WEST,ATSI,OE,7567.039,True
3/19/2024 9:00:00 PM,3/19/2024 5:00:00 PM,RFC,WEST,ATSI,OE,7506.977,True
3/19/2024 10:00:00 PM,3/19/2024 6:00:00 PM,RFC,WEST,ATSI,OE,7479.529,True
3/19/2024 11:00:00 PM,3/19/2024 7:00:00 PM,RFC,WEST,ATSI,OE,7574.612,True
3/20/2024 12:00:00 AM,3/19/2024 8:00:00 PM,RFC,WEST,ATSI,OE,7677.785,True
3/20/2024 1:00:00 AM,3/19/2024 9:00:00 PM,RFC,WEST,ATSI,OE,7365.369,True
3/20/2024 2:00:00 AM,3/19/2024 10:00:00 PM,RFC,WEST,ATSI,OE,7039.245,True
3/20/2024 3:00:00 AM,3/19/2024 11:00:00 PM,RFC,WEST,ATSI,OE,6646.960,True
3/20/2024 4:00:00 AM,3/20/2024 12:00:00 AM,RFC,WEST,ATSI,OE,6430.218,True
3/20/2024 5:00:00 AM,3/20/2024 1:00:00 AM,RFC,WEST,ATSI,OE,6286.447,True
3/20/2024 6:00:00 AM,3/20/2024 2:00:00 AM,RFC,WEST,ATSI,OE,6263.384,True
3/20/2024 7:00:00 AM,3/20/2024 3:00:00 AM,RFC,WEST,ATSI,OE,6190.379,True
3/20/2024 8:00:00 AM,3/20/2024 4:00:00 AM,RFC,WEST,ATSI,OE,6298.151,True
3/20/2024 9:00:00 AM,3/20/2024 5:00:00 AM,RFC,WEST,ATSI,OE,6581.097,True
3/20/2024 10:00:00 AM,3/20/2024 6:00:00 AM,RFC,WEST,ATSI,OE,7154.087,True
3/20/2024 11:00:00 AM,3/20/2024 7:00:00 AM,RFC,WEST,ATSI,OE,7576.620,True
3/20/2024 12:00:00 PM,3/20/2024 8:00:00 AM,RFC,WEST,ATSI,OE,7700.826,True
3/20/2024 1:00:00 PM,3/20/2024 9:00:00 AM,RFC,WEST,ATSI,OE,7753.993,True
3/20/2024 2:00:00 PM,3/20/2024 10:00:00 AM,RFC,WEST,ATSI,OE,7791.547,True
3/20/2024 3:00:00 PM,3/20/2024 11:00:00 AM,RFC,WEST,ATSI,OE,7793.888,True
3/20/2024 4:00:00 PM,3/20/2024 12:00:00 PM,RFC,WEST,ATSI,OE,7804.570,True
3/20/2024 5:00:00 PM,3/20/2024 1:00:00 PM,RFC,WEST,ATSI,OE,7744.937,True
3/20/2024 6:00:00 PM,3/20/2024 2:00:00 PM,RFC,WEST,ATSI,OE,7595.260,True
3/20/2024 7:00:00 PM,3/20/2024 3:00:00 PM,RFC,WEST,ATSI,OE,7460.705,True
3/20/2024 8:00:00 PM,3/20/2024 4:00:00 PM,RFC,WEST,ATSI,OE,7297.772,True
3/20/2024 9:00:00 PM,3/20/2024 5:00:00 PM,RFC,WEST,ATSI,OE,7327.674,True
3/20/2024 10:00:00 PM,3/20/2024 6:00:00 PM,RFC,WEST,ATSI,OE,7346.538,True
3/20/2024 11:00:00 PM,3/20/2024 7:00:00 PM,RFC,WEST,ATSI,OE,7647.942,True
3/21/2024 12:00:00 AM,3/20/2024 8:00:00 PM,RFC,WEST,ATSI,OE,7876.260,True
3/21/2024 1:00:00 AM,3/20/2024 9:00:00 PM,RFC,WEST,ATSI,OE,7671.188,True
3/21/2024 2:00:00 AM,3/20/2024 10:00:00 PM,RFC,WEST,ATSI,OE,7403.001,True
3/21/2024 3:00:00 AM,3/20/2024 11:00:00 PM,RFC,WEST,ATSI,OE,7142.227,True
3/21/2024 4:00:00 AM,3/21/2024 12:00:00 AM,RFC,WEST,ATSI,OE,6936.342,True
3/21/2024 5:00:00 AM,3/21/2024 1:00:00 AM,RFC,WEST,ATSI,OE,6873.892,True
3/21/2024 6:00:00 AM,3/21/2024 2:00:00 AM,RFC,WEST,ATSI,OE,6792.805,True
3/21/2024 7:00:00 AM,3/21/2024 3:00:00 AM,RFC,WEST,ATSI,OE,6804.931,True
3/21/2024 8:00:00 AM,3/21/2024 4:00:00 AM,RFC,WEST,ATSI,OE,6965.512,True
3/21/2024 9:00:00 AM,3/21/2024 5:00:00 AM,RFC,WEST,ATSI,OE,7236.428,True
3/21/2024 10:00:00 AM,3/21/2024 6:00:00 AM,RFC,WEST,ATSI,OE,7759.162,True
3/21/2024 11:00:00 AM,3/21/2024 7:00:00 AM,RFC,WEST,ATSI,OE,8151.861,True
3/21/2024 12:00:00 PM,3/21/2024 8:00:00 AM,RFC,WEST,ATSI,OE,8200.109,True
3/21/2024 1:00:00 PM,3/21/2024 9:00:00 AM,RFC,WEST,ATSI,OE,8129.590,True
3/21/2024 2:00:00 PM,3/21/2024 10:00:00 AM,RFC,WEST,ATSI,OE,8032.127,True
3/21/2024 3:00:00 PM,3/21/2024 11:00:00 AM,RFC,WEST,ATSI,OE,7911.972,True
3/21/2024 4:00:00 PM,3/21/2024 12:00:00 PM,RFC,WEST,ATSI,OE,7779.091,True
3/21/2024 5:00:00 PM,3/21/2024 1:00:00 PM,RFC,WEST,ATSI,OE,7633.888,True
3/21/2024 6:00:00 PM,3/21/2024 2:00:00 PM,RFC,WEST,ATSI,OE,7427.236,True
3/21/2024 7:00:00 PM,3/21/2024 3:00:00 PM,RFC,WEST,ATSI,OE,7233.825,True
3/21/2024 8:00:00 PM,3/21/2024 4:00:00 PM,RFC,WEST,ATSI,OE,7063.262,True
3/21/2024 9:00:00 PM,3/21/2024 5:00:00 PM,RFC,WEST,ATSI,OE,7116.520,True
3/21/2024 10:00:00 PM,3/21/2024 6:00:00 PM,RFC,WEST,ATSI,OE,7181.050,True
3/21/2024 11:00:00 PM,3/21/2024 7:00:00 PM,RFC,WEST,ATSI,OE,7443.675,True
3/22/2024 12:00:00 AM,3/21/2024 8:00:00 PM,RFC,WEST,ATSI,OE,7701.061,True
3/22/2024 1:00:00 AM,3/21/2024 9:00:00 PM,RFC,WEST,ATSI,OE,7562.101,True
3/22/2024 2:00:00 AM,3/21/2024 10:00:00 PM,RFC,WEST,ATSI,OE,7327.835,True
3/22/2024 3:00:00 AM,3/21/2024 11:00:00 PM,RFC,WEST,ATSI,OE,7029.823,True
3/22/2024 4:00:00 AM,3/22/2024 12:00:00 AM,RFC,WEST,ATSI,OE,6781.766,True
3/22/2024 5:00:00 AM,3/22/2024 1:00:00 AM,RFC,WEST,ATSI,OE,6707.798,True
3/22/2024 6:00:00 AM,3/22/2024 2:00:00 AM,RFC,WEST,ATSI,OE,6735.250,True
3/22/2024 7:00:00 AM,3/22/2024 3:00:00 AM,RFC,WEST,ATSI,OE,6663.413,True
3/22/2024 8:00:00 AM,3/22/2024 4:00:00 AM,RFC,WEST,ATSI,OE,6718.869,True
3/22/2024 9:00:00 AM,3/22/2024 5:00:00 AM,RFC,WEST,ATSI,OE,7090.754,True
3/22/2024 10:00:00 AM,3/22/2024 6:00:00 AM,RFC,WEST,ATSI,OE,7559.171,True
3/22/2024 11:00:00 AM,3/22/2024 7:00:00 AM,RFC,WEST,ATSI,OE,7989.255,True
3/22/2024 12:00:00 PM,3/22/2024 8:00:00 AM,RFC,WEST,ATSI,OE,8110.915,True
3/22/2024 1:00:00 PM,3/22/2024 9:00:00 AM,RFC,WEST,ATSI,OE,8179.859,True
3/22/2024 2:00:00 PM,3/22/2024 10:00:00 AM,RFC,WEST,ATSI,OE,8145.046,True
3/22/2024 3:00:00 PM,3/22/2024 11:00:00 AM,RFC,WEST,ATSI,OE,8006.592,True
3/22/2024 4:00:00 PM,3/22/2024 12:00:00 PM,RFC,WEST,ATSI,OE,7701.387,True
3/22/2024 5:00:00 PM,3/22/2024 1:00:00 PM,RFC,WEST,ATSI,OE,7580.603,True
3/22/2024 6:00:00 PM,3/22/2024 2:00:00 PM,RFC,WEST,ATSI,OE,7428.627,True
3/22/2024 7:00:00 PM,3/22/2024 3:00:00 PM,RFC,WEST,ATSI,OE,7316.025,True
3/22/2024 8:00:00 PM,3/22/2024 4:00:00 PM,RFC,WEST,ATSI,OE,7371.424,True
3/22/2024 9:00:00 PM,3/22/2024 5:00:00 PM,RFC,WEST,ATSI,OE,7330.181,True
3/22/2024 10:00:00 PM,3/22/2024 6:00:00 PM,RFC,WEST,ATSI,OE,7277.412,True
3/22/2024 11:00:00 PM,3/22/2024 7:00:00 PM,RFC,WEST,ATSI,OE,7359.836,True
3/23/2024 12:00:00 AM,3/22/2024 8:00:00 PM,RFC,WEST,ATSI,OE,7415.094,True
3/23/2024 1:00:00 AM,3/22/2024 9:00:00 PM,RFC,WEST,ATSI,OE,7197.037,True
3/23/2024 2:00:00 AM,3/22/2024 10:00:00 PM,RFC,WEST,ATSI,OE,6925.893,True
3/23/2024 3:00:00 AM,3/22/2024 11:00:00 PM,RFC,WEST,ATSI,OE,6670.226,True
3/23/2024 4:00:00 AM,3/23/2024 12:00:00 AM,RFC,WEST,ATSI,OE,6510.510,True
3/23/2024 5:00:00 AM,3/23/2024 1:00:00 AM,RFC,WEST,ATSI,OE,6407.886,True
3/23/2024 6:00:00 AM,3/23/2024 2:00:00 AM,RFC,WEST,ATSI,OE,6324.162,True
3/23/2024 7:00:00 AM,3/23/2024 3:00:00 AM,RFC,WEST,ATSI,OE,6327.561,True
3/23/2024 8:00:00 AM,3/23/2024 4:00:00 AM,RFC,WEST,ATSI,OE,6383.424,True
3/23/2024 9:00:00 AM,3/23/2024 5:00:00 AM,RFC,WEST,ATSI,OE,6485.872,True
3/23/2024 10:00:00 AM,3/23/2024 6:00:00 AM,RFC,WEST,ATSI,OE,6703.936,True
3/23/2024 11:00:00 AM,3/23/2024 7:00:00 AM,RFC,WEST,ATSI,OE,6889.609,True
3/23/2024 12:00:00 PM,3/23/2024 8:00:00 AM,RFC,WEST,ATSI,OE,6939.014,True
3/23/2024 1:00:00 PM,3/23/2024 9:00:00 AM,RFC,WEST,ATSI,OE,7112.984,True
3/23/2024 2:00:00 PM,3/23/2024 10:00:00 AM,RFC,WEST,ATSI,OE,7276.072,True
3/23/2024 3:00:00 PM,3/23/2024 11:00:00 AM,RFC,WEST,ATSI,OE,7282.025,True
3/23/2024 4:00:00 PM,3/23/2024 12:00:00 PM,RFC,WEST,ATSI,OE,7159.517,True
3/23/2024 5:00:00 PM,3/23/2024 1:00:00 PM,RFC,WEST,ATSI,OE,7066.664,True
3/23/2024 6:00:00 PM,3/23/2024 2:00:00 PM,RFC,WEST,ATSI,OE,7016.345,True
3/23/2024 7:00:00 PM,3/23/2024 3:00:00 PM,RFC,WEST,ATSI,OE,6936.105,True
3/23/2024 8:00:00 PM,3/23/2024 4:00:00 PM,RFC,WEST,ATSI,OE,6951.675,True
3/23/2024 9:00:00 PM,3/23/2024 5:00:00 PM,RFC,WEST,ATSI,OE,6931.504,True
3/23/2024 10:00:00 PM,3/23/2024 6:00:00 PM,RFC,WEST,ATSI,OE,6900.087,True
3/23/2024 11:00:00 PM,3/23/2024 7:00:00 PM,RFC,WEST,ATSI,OE,6941.776,True
3/24/2024 12:00:00 AM,3/23/2024 8:00:00 PM,RFC,WEST,ATSI,OE,7169.991,True
3/24/2024 1:00:00 AM,3/23/2024 9:00:00 PM,RFC,WEST,ATSI,OE,7079.184,True
3/24/2024 2:00:00 AM,3/23/2024 10:00:00 PM,RFC,WEST,ATSI,OE,6858.593,True
3/24/2024 3:00:00 AM,3/23/2024 11:00:00 PM,RFC,WEST,ATSI,OE,6650.456,True
3/24/2024 4:00:00 AM,3/24/2024 12:00:00 AM,RFC,WEST,ATSI,OE,6460.258,True
3/24/2024 5:00:00 AM,3/24/2024 1:00:00 AM,RFC,WEST,ATSI,OE,6372.418,True
3/24/2024 6:00:00 AM,3/24/2024 2:00:00 AM,RFC,WEST,ATSI,OE,6256.109,True
3/24/2024 7:00:00 AM,3/24/2024 3:00:00 AM,RFC,WEST,ATSI,OE,6268.746,True
3/24/2024 8:00:00 AM,3/24/2024 4:00:00 AM,RFC,WEST,ATSI,OE,6320.276,True
3/24/2024 9:00:00 AM,3/24/2024 5:00:00 AM,RFC,WEST,ATSI,OE,6405.028,True
3/24/2024 10:00:00 AM,3/24/2024 6:00:00 AM,RFC,WEST,ATSI,OE,6608.039,True
3/24/2024 11:00:00 AM,3/24/2024 7:00:00 AM,RFC,WEST,ATSI,OE,6776.344,True
3/24/2024 12:00:00 PM,3/24/2024 8:00:00 AM,RFC,WEST,ATSI,OE,6878.023,True
3/24/2024 1:00:00 PM,3/24/2024 9:00:00 AM,RFC,WEST,ATSI,OE,6805.788,True
3/24/2024 2:00:00 PM,3/24/2024 10:00:00 AM,RFC,WEST,ATSI,OE,6690.799,True
3/24/2024 3:00:00 PM,3/24/2024 11:00:00 AM,RFC,WEST,ATSI,OE,6689.095,True
3/24/2024 4:00:00 PM,3/24/2024 12:00:00 PM,RFC,WEST,ATSI,OE,6598.285,True
3/24/2024 5:00:00 PM,3/24/2024 1:00:00 PM,RFC,WEST,ATSI,OE,6487.344,True
3/24/2024 6:00:00 PM,3/24/2024 2:00:00 PM,RFC,WEST,ATSI,OE,6427.321,True
3/24/2024 7:00:00 PM,3/24/2024 3:00:00 PM,RFC,WEST,ATSI,OE,6340.472,True
3/24/2024 8:00:00 PM,3/24/2024 4:00:00 PM,RFC,WEST,ATSI,OE,6333.846,True
3/24/2024 9:00:00 PM,3/24/2024 5:00:00 PM,RFC,WEST,ATSI,OE,6420.036,True
3/24/2024 10:00:00 PM,3/24/2024 6:00:00 PM,RFC,WEST,ATSI,OE,6483.492,True
3/24/2024 11:00:00 PM,3/24/2024 7:00:00 PM,RFC,WEST,ATSI,OE,6708.848,True
3/25/2024 12:00:00 AM,3/24/2024 8:00:00 PM,RFC,WEST,ATSI,OE,6933.988,True
3/25/2024 1:00:00 AM,3/24/2024 9:00:00 PM,RFC,WEST,ATSI,OE,6852.836,True
3/25/2024 2:00:00 AM,3/24/2024 10:00:00 PM,RFC,WEST,ATSI,OE,6669.348,True
3/25/2024 3:00:00 AM,3/24/2024 11:00:00 PM,RFC,WEST,ATSI,OE,6421.240,True
3/25/2024 4:00:00 AM,3/25/2024 12:00:00 AM,RFC,WEST,ATSI,OE,6292.843,True
3/25/2024 5:00:00 AM,3/25/2024 1:00:00 AM,RFC,WEST,ATSI,OE,6227.764,True
3/25/2024 6:00:00 AM,3/25/2024 2:00:00 AM,RFC,WEST,ATSI,OE,6148.732,True
3/25/2024 7:00:00 AM,3/25/2024 3:00:00 AM,RFC,WEST,ATSI,OE,6153.348,True
3/25/2024 8:00:00 AM,3/25/2024 4:00:00 AM,RFC,WEST,ATSI,OE,6285.508,True
3/25/2024 9:00:00 AM,3/25/2024 5:00:00 AM,RFC,WEST,ATSI,OE,6591.006,True
3/25/2024 10:00:00 AM,3/25/2024 6:00:00 AM,RFC,WEST,ATSI,OE,7023.314,True
3/25/2024 11:00:00 AM,3/25/2024 7:00:00 AM,RFC,WEST,ATSI,OE,7396.426,True
3/25/2024 12:00:00 PM,3/25/2024 8:00:00 AM,RFC,WEST,ATSI,OE,7491.552,True
3/25/2024 1:00:00 PM,3/25/2024 9:00:00 AM,RFC,WEST,ATSI,OE,7381.253,True
3/25/2024 2:00:00 PM,3/25/2024 10:00:00 AM,RFC,WEST,ATSI,OE,7356.830,True
3/25/2024 3:00:00 PM,3/25/2024 11:00:00 AM,RFC,WEST,ATSI,OE,7236.253,True
3/25/2024 4:00:00 PM,3/25/2024 12:00:00 PM,RFC,WEST,ATSI,OE,7086.849,True
3/25/2024 5:00:00 PM,3/25/2024 1:00:00 PM,RFC,WEST,ATSI,OE,6997.006,True
3/25/2024 6:00:00 PM,3/25/2024 2:00:00 PM,RFC,WEST,ATSI,OE,6897.652,True
3/25/2024 7:00:00 PM,3/25/2024 3:00:00 PM,RFC,WEST,ATSI,OE,6633.092,True
3/25/2024 8:00:00 PM,3/25/2024 4:00:00 PM,RFC,WEST,ATSI,OE,6556.008,True
3/25/2024 9:00:00 PM,3/25/2024 5:00:00 PM,RFC,WEST,ATSI,OE,6506.511,True
3/25/2024 10:00:00 PM,3/25/2024 6:00:00 PM,RFC,WEST,ATSI,OE,6558.019,True
3/25/2024 11:00:00 PM,3/25/2024 7:00:00 PM,RFC,WEST,ATSI,OE,6578.491,True
3/26/2024 12:00:00 AM,3/25/2024 8:00:00 PM,RFC,WEST,ATSI,OE,6706.147,True
3/26/2024 1:00:00 AM,3/25/2024 9:00:00 PM,RFC,WEST,ATSI,OE,6568.166,True
3/26/2024 2:00:00 AM,3/25/2024 10:00:00 PM,RFC,WEST,ATSI,OE,6150.219,True
3/26/2024 3:00:00 AM,3/25/2024 11:00:00 PM,RFC,WEST,ATSI,OE,5859.591,True
3/26/2024 4:00:00 AM,3/26/2024 12:00:00 AM,RFC,WEST,ATSI,OE,5741.853,True
3/26/2024 5:00:00 AM,3/26/2024 1:00:00 AM,RFC,WEST,ATSI,OE,5616.223,True
3/26/2024 6:00:00 AM,3/26/2024 2:00:00 AM,RFC,WEST,ATSI,OE,5608.510,True
3/26/2024 7:00:00 AM,3/26/2024 3:00:00 AM,RFC,WEST,ATSI,OE,5561.332,True
3/26/2024 8:00:00 AM,3/26/2024 4:00:00 AM,RFC,WEST,ATSI,OE,5696.629,True
3/26/2024 9:00:00 AM,3/26/2024 5:00:00 AM,RFC,WEST,ATSI,OE,5969.785,True
3/26/2024 10:00:00 AM,3/26/2024 6:00:00 AM,RFC,WEST,ATSI,OE,6542.774,True
3/26/2024 11:00:00 AM,3/26/2024 7:00:00 AM,RFC,WEST,ATSI,OE,7012.005,True
3/26/2024 12:00:00 PM,3/26/2024 8:00:00 AM,RFC,WEST,ATSI,OE,7203.329,True
3/26/2024 1:00:00 PM,3/26/2024 9:00:00 AM,RFC,WEST,ATSI,OE,7306.254,True
3/26/2024 2:00:00 PM,3/26/2024 10:00:00 AM,RFC,WEST,ATSI,OE,7365.354,True
3/26/2024 3:00:00 PM,3/26/2024 11:00:00 AM,RFC,WEST,ATSI,OE,7344.655,True
3/26/2024 4:00:00 PM,3/26/2024 12:00:00 PM,RFC,WEST,ATSI,OE,7330.804,True
3/26/2024 5:00:00 PM,3/26/2024 1:00:00 PM,RFC,WEST,ATSI,OE,7312.156,True
3/26/2024 6:00:00 PM,3/26/2024 2:00:00 PM,RFC,WEST,ATSI,OE,7194.520,True
3/26/2024 7:00:00 PM,3/26/2024 3:00:00 PM,RFC,WEST,ATSI,OE,7047.420,True
3/26/2024 8:00:00 PM,3/26/2024 4:00:00 PM,RFC,WEST,ATSI,OE,7045.500,True
3/26/2024 9:00:00 PM,3/26/2024 5:00:00 PM,RFC,WEST,ATSI,OE,6976.031,True
3/26/2024 10:00:00 PM,3/26/2024 6:00:00 PM,RFC,WEST,ATSI,OE,6913.347,True
3/26/2024 11:00:00 PM,3/26/2024 7:00:00 PM,RFC,WEST,ATSI,OE,6894.803,True
3/27/2024 12:00:00 AM,3/26/2024 8:00:00 PM,RFC,WEST,ATSI,OE,6917.354,True
3/27/2024 1:00:00 AM,3/26/2024 9:00:00 PM,RFC,WEST,ATSI,OE,6741.312,True
3/27/2024 2:00:00 AM,3/26/2024 10:00:00 PM,RFC,WEST,ATSI,OE,6414.491,True
3/27/2024 3:00:00 AM,3/26/2024 11:00:00 PM,RFC,WEST,ATSI,OE,6107.908,True
3/27/2024 4:00:00 AM,3/27/2024 12:00:00 AM,RFC,WEST,ATSI,OE,6002.989,True
3/27/2024 5:00:00 AM,3/27/2024 1:00:00 AM,RFC,WEST,ATSI,OE,5871.733,True
3/27/2024 6:00:00 AM,3/27/2024 2:00:00 AM,RFC,WEST,ATSI,OE,5728.319,True
3/27/2024 7:00:00 AM,3/27/2024 3:00:00 AM,RFC,WEST,ATSI,OE,5633.060,True
3/27/2024 8:00:00 AM,3/27/2024 4:00:00 AM,RFC,WEST,ATSI,OE,5745.225,True
3/27/2024 9:00:00 AM,3/27/2024 5:00:00 AM,RFC,WEST,ATSI,OE,6082.806,True
3/27/2024 10:00:00 AM,3/27/2024 6:00:00 AM,RFC,WEST,ATSI,OE,6520.292,True
3/27/2024 11:00:00 AM,3/27/2024 7:00:00 AM,RFC,WEST,ATSI,OE,6871.167,True
3/27/2024 12:00:00 PM,3/27/2024 8:00:00 AM,RFC,WEST,ATSI,OE,6998.038,True
3/27/2024 1:00:00 PM,3/27/2024 9:00:00 AM,RFC,WEST,ATSI,OE,7117.824,True
3/27/2024 2:00:00 PM,3/27/2024 10:00:00 AM,RFC,WEST,ATSI,OE,7174.067,True
3/27/2024 3:00:00 PM,3/27/2024 11:00:00 AM,RFC,WEST,ATSI,OE,7187.186,True
3/27/2024 4:00:00 PM,3/27/2024 12:00:00 PM,RFC,WEST,ATSI,OE,7142.279,True
3/27/2024 5:00:00 PM,3/27/2024 1:00:00 PM,RFC,WEST,ATSI,OE,7160.125,True
3/27/2024 6:00:00 PM,3/27/2024 2:00:00 PM,RFC,WEST,ATSI,OE,7097.191,True
3/27/2024 7:00:00 PM,3/27/2024 3:00:00 PM,RFC,WEST,ATSI,OE,7076.204,True
3/27/2024 8:00:00 PM,3/27/2024 4:00:00 PM,RFC,WEST,ATSI,OE,6961.830,True
3/27/2024 9:00:00 PM,3/27/2024 5:00:00 PM,RFC,WEST,ATSI,OE,6996.999,True
3/27/2024 10:00:00 PM,3/27/2024 6:00:00 PM,RFC,WEST,ATSI,OE,6943.291,True
3/27/2024 11:00:00 PM,3/27/2024 7:00:00 PM,RFC,WEST,ATSI,OE,7001.683,True
3/28/2024 12:00:00 AM,3/27/2024 8:00:00 PM,RFC,WEST,ATSI,OE,7152.897,True
3/28/2024 1:00:00 AM,3/27/2024 9:00:00 PM,RFC,WEST,ATSI,OE,7026.956,True
3/28/2024 2:00:00 AM,3/27/2024 10:00:00 PM,RFC,WEST,ATSI,OE,6801.054,True
3/28/2024 3:00:00 AM,3/27/2024 11:00:00 PM,RFC,WEST,ATSI,OE,6555.759,True
3/28/2024 4:00:00 AM,3/28/2024 12:00:00 AM,RFC,WEST,ATSI,OE,6380.299,True
3/28/2024 5:00:00 AM,3/28/2024 1:00:00 AM,RFC,WEST,ATSI,OE,6270.616,True
3/28/2024 6:00:00 AM,3/28/2024 2:00:00 AM,RFC,WEST,ATSI,OE,6221.600,True
3/28/2024 7:00:00 AM,3/28/2024 3:00:00 AM,RFC,WEST,ATSI,OE,6231.031,True
3/28/2024 8:00:00 AM,3/28/2024 4:00:00 AM,RFC,WEST,ATSI,OE,6389.644,True
3/28/2024 9:00:00 AM,3/28/2024 5:00:00 AM,RFC,WEST,ATSI,OE,6673.473,True
3/28/2024 10:00:00 AM,3/28/2024 6:00:00 AM,RFC,WEST,ATSI,OE,7218.704,True
3/28/2024 11:00:00 AM,3/28/2024 7:00:00 AM,RFC,WEST,ATSI,OE,7557.665,True
3/28/2024 12:00:00 PM,3/28/2024 8:00:00 AM,RFC,WEST,ATSI,OE,7631.891,True
3/28/2024 1:00:00 PM,3/28/2024 9:00:00 AM,RFC,WEST,ATSI,OE,7415.675,True
3/28/2024 2:00:00 PM,3/28/2024 10:00:00 AM,RFC,WEST,ATSI,OE,7312.285,True
3/28/2024 3:00:00 PM,3/28/2024 11:00:00 AM,RFC,WEST,ATSI,OE,7213.233,True
3/28/2024 4:00:00 PM,3/28/2024 12:00:00 PM,RFC,WEST,ATSI,OE,7151.962,True
3/28/2024 5:00:00 PM,3/28/2024 1:00:00 PM,RFC,WEST,ATSI,OE,6944.280,True
3/28/2024 6:00:00 PM,3/28/2024 2:00:00 PM,RFC,WEST,ATSI,OE,6780.251,True
3/28/2024 7:00:00 PM,3/28/2024 3:00:00 PM,RFC,WEST,ATSI,OE,6622.366,True
3/28/2024 8:00:00 PM,3/28/2024 4:00:00 PM,RFC,WEST,ATSI,OE,6550.088,True
3/28/2024 9:00:00 PM,3/28/2024 5:00:00 PM,RFC,WEST,ATSI,OE,6571.508,True
3/28/2024 10:00:00 PM,3/28/2024 6:00:00 PM,RFC,WEST,ATSI,OE,6556.153,True
3/28/2024 11:00:00 PM,3/28/2024 7:00:00 PM,RFC,WEST,ATSI,OE,6639.852,True
3/29/2024 12:00:00 AM,3/28/2024 8:00:00 PM,RFC,WEST,ATSI,OE,6854.060,True
3/29/2024 1:00:00 AM,3/28/2024 9:00:00 PM,RFC,WEST,ATSI,OE,6702.577,True
3/29/2024 2:00:00 AM,3/28/2024 10:00:00 PM,RFC,WEST,ATSI,OE,6450.249,True
3/29/2024 3:00:00 AM,3/28/2024 11:00:00 PM,RFC,WEST,ATSI,OE,6112.640,True
3/29/2024 4:00:00 AM,3/29/2024 12:00:00 AM,RFC,WEST,ATSI,OE,5995.105,True
3/29/2024 5:00:00 AM,3/29/2024 1:00:00 AM,RFC,WEST,ATSI,OE,5870.894,True
3/29/2024 6:00:00 AM,3/29/2024 2:00:00 AM,RFC,WEST,ATSI,OE,5862.360,True
3/29/2024 7:00:00 AM,3/29/2024 3:00:00 AM,RFC,WEST,ATSI,OE,5938.503,True
3/29/2024 8:00:00 AM,3/29/2024 4:00:00 AM,RFC,WEST,ATSI,OE,6012.977,True
3/29/2024 9:00:00 AM,3/29/2024 5:00:00 AM,RFC,WEST,ATSI,OE,6224.436,True
3/29/2024 10:00:00 AM,3/29/2024 6:00:00 AM,RFC,WEST,ATSI,OE,6539.218,True
3/29/2024 11:00:00 AM,3/29/2024 7:00:00 AM,RFC,WEST,ATSI,OE,6712.607,True
3/29/2024 12:00:00 PM,3/29/2024 8:00:00 AM,RFC,WEST,ATSI,OE,6872.816,True
3/29/2024 1:00:00 PM,3/29/2024 9:00:00 AM,RFC,WEST,ATSI,OE,6854.047,True
3/29/2024 2:00:00 PM,3/29/2024 10:00:00 AM,RFC,WEST,ATSI,OE,6777.280,True
3/29/2024 3:00:00 PM,3/29/2024 11:00:00 AM,RFC,WEST,ATSI,OE,6711.123,True
3/29/2024 4:00:00 PM,3/29/2024 12:00:00 PM,RFC,WEST,ATSI,OE,6584.536,True
3/29/2024 5:00:00 PM,3/29/2024 1:00:00 PM,RFC,WEST,ATSI,OE,6425.607,True
3/29/2024 6:00:00 PM,3/29/2024 2:00:00 PM,RFC,WEST,ATSI,OE,6317.711,True
3/29/2024 7:00:00 PM,3/29/2024 3:00:00 PM,RFC,WEST,ATSI,OE,6173.224,True
3/29/2024 8:00:00 PM,3/29/2024 4:00:00 PM,RFC,WEST,ATSI,OE,6134.543,True
3/29/2024 9:00:00 PM,3/29/2024 5:00:00 PM,RFC,WEST,ATSI,OE,6059.076,True
3/29/2024 10:00:00 PM,3/29/2024 6:00:00 PM,RFC,WEST,ATSI,OE,6068.997,True
3/29/2024 11:00:00 PM,3/29/2024 7:00:00 PM,RFC,WEST,ATSI,OE,6143.186,True
3/30/2024 12:00:00 AM,3/29/2024 8:00:00 PM,RFC,WEST,ATSI,OE,6396.888,True
3/30/2024 1:00:00 AM,3/29/2024 9:00:00 PM,RFC,WEST,ATSI,OE,6314.213,True
3/30/2024 2:00:00 AM,3/29/2024 10:00:00 PM,RFC,WEST,ATSI,OE,6100.816,True
3/30/2024 3:00:00 AM,3/29/2024 11:00:00 PM,RFC,WEST,ATSI,OE,5946.667,True
3/30/2024 4:00:00 AM,3/30/2024 12:00:00 AM,RFC,WEST,ATSI,OE,5776.202,True
3/30/2024 5:00:00 AM,3/30/2024 1:00:00 AM,RFC,WEST,ATSI,OE,5642.296,True
3/30/2024 6:00:00 AM,3/30/2024 2:00:00 AM,RFC,WEST,ATSI,OE,5625.305,True
3/30/2024 7:00:00 AM,3/30/2024 3:00:00 AM,RFC,WEST,ATSI,OE,5590.004,True
3/30/2024 8:00:00 AM,3/30/2024 4:00:00 AM,RFC,WEST,ATSI,OE,5557.367,True
3/30/2024 9:00:00 AM,3/30/2024 5:00:00 AM,RFC,WEST,ATSI,OE,5726.885,True
3/30/2024 10:00:00 AM,3/30/2024 6:00:00 AM,RFC,WEST,ATSI,OE,5902.219,True
3/30/2024 11:00:00 AM,3/30/2024 7:00:00 AM,RFC,WEST,ATSI,OE,6118.817,True
3/30/2024 12:00:00 PM,3/30/2024 8:00:00 AM,RFC,WEST,ATSI,OE,6339.020,True
3/30/2024 1:00:00 PM,3/30/2024 9:00:00 AM,RFC,WEST,ATSI,OE,6548.908,True
3/30/2024 2:00:00 PM,3/30/2024 10:00:00 AM,RFC,WEST,ATSI,OE,6692.592,True
3/30/2024 3:00:00 PM,3/30/2024 11:00:00 AM,RFC,WEST,ATSI,OE,6715.727,True
3/30/2024 4:00:00 PM,3/30/2024 12:00:00 PM,RFC,WEST,ATSI,OE,6553.837,True
3/30/2024 5:00:00 PM,3/30/2024 1:00:00 PM,RFC,WEST,ATSI,OE,6409.883,True
3/30/2024 6:00:00 PM,3/30/2024 2:00:00 PM,RFC,WEST,ATSI,OE,6241.892,True
3/30/2024 7:00:00 PM,3/30/2024 3:00:00 PM,RFC,WEST,ATSI,OE,6222.925,True
3/30/2024 8:00:00 PM,3/30/2024 4:00:00 PM,RFC,WEST,ATSI,OE,6307.015,True
3/30/2024 9:00:00 PM,3/30/2024 5:00:00 PM,RFC,WEST,ATSI,OE,6235.998,True
3/30/2024 10:00:00 PM,3/30/2024 6:00:00 PM,RFC,WEST,ATSI,OE,6134.460,True
3/30/2024 11:00:00 PM,3/30/2024 7:00:00 PM,RFC,WEST,ATSI,OE,6156.202,True
3/31/2024 12:00:00 AM,3/30/2024 8:00:00 PM,RFC,WEST,ATSI,OE,6322.240,True
3/31/2024 1:00:00 AM,3/30/2024 9:00:00 PM,RFC,WEST,ATSI,OE,6243.344,True
3/31/2024 2:00:00 AM,3/30/2024 10:00:00 PM,RFC,WEST,ATSI,OE,6053.747,True
3/31/2024 3:00:00 AM,3/30/2024 11:00:00 PM,RFC,WEST,ATSI,OE,5789.822,True
3/31/2024 4:00:00 AM,3/31/2024 12:00:00 AM,RFC,WEST,ATSI,OE,5542.524,True
3/31/2024 5:00:00 AM,3/31/2024 1:00:00 AM,RFC,WEST,ATSI,OE,5435.084,True
3/31/2024 6:00:00 AM,3/31/2024 2:00:00 AM,RFC,WEST,ATSI,OE,5396.117,True
3/31/2024 7:00:00 AM,3/31/2024 3:00:00 AM,RFC,WEST,ATSI,OE,5355.979,True
3/31/2024 8:00:00 AM,3/31/2024 4:00:00 AM,RFC,WEST,ATSI,OE,5324.335,True
3/31/2024 9:00:00 AM,3/31/2024 5:00:00 AM,RFC,WEST,ATSI,OE,5425.438,True
3/31/2024 10:00:00 AM,3/31/2024 6:00:00 AM,RFC,WEST,ATSI,OE,5556.368,True
3/31/2024 11:00:00 AM,3/31/2024 7:00:00 AM,RFC,WEST,ATSI,OE,5735.520,True
3/31/2024 12:00:00 PM,3/31/2024 8:00:00 AM,RFC,WEST,ATSI,OE,6005.327,True
3/31/2024 1:00:00 PM,3/31/2024 9:00:00 AM,RFC,WEST,ATSI,OE,6197.843,True
3/31/2024 2:00:00 PM,3/31/2024 10:00:00 AM,RFC,WEST,ATSI,OE,6335.161,True
3/31/2024 3:00:00 PM,3/31/2024 11:00:00 AM,RFC,WEST,ATSI,OE,6274.364,True
3/31/2024 4:00:00 PM,3/31/2024 12:00:00 PM,RFC,WEST,ATSI,OE,6187.052,True
3/31/2024 5:00:00 PM,3/31/2024 1:00:00 PM,RFC,WEST,ATSI,OE,6048.790,True
3/31/2024 6:00:00 PM,3/31/2024 2:00:00 PM,RFC,WEST,ATSI,OE,5906.764,True
3/31/2024 7:00:00 PM,3/31/2024 3:00:00 PM,RFC,WEST,ATSI,OE,5729.841,True
3/31/2024 8:00:00 PM,3/31/2024 4:00:00 PM,RFC,WEST,ATSI,OE,5703.230,True
3/31/2024 9:00:00 PM,3/31/2024 5:00:00 PM,RFC,WEST,ATSI,OE,5655.057,True
3/31/2024 10:00:00 PM,3/31/2024 6:00:00 PM,RFC,WEST,ATSI,OE,5667.031,True
3/31/2024 11:00:00 PM,3/31/2024 7:00:00 PM,RFC,WEST,ATSI,OE,5868.859,True
4/1/2024 12:00:00 AM,3/31/2024 8:00:00 PM,RFC,WEST,ATSI,OE,6164.908,True
4/1/2024 1:00:00 AM,3/31/2024 9:00:00 PM,RFC,WEST,ATSI,OE,6073.068,True
4/1/2024 2:00:00 AM,3/31/2024 10:00:00 PM,RFC,WEST,ATSI,OE,5931.589,True
4/1/2024 3:00:00 AM,3/31/2024 11:00:00 PM,RFC,WEST,ATSI,OE,5689.772,True
4/1/2024 4:00:00 AM,4/1/2024 12:00:00 AM,RFC,WEST,ATSI,OE,5587.356,True
4/1/2024 5:00:00 AM,4/1/2024 1:00:00 AM,RFC,WEST,ATSI,OE,5493.581,True
4/1/2024 6:00:00 AM,4/1/2024 2:00:00 AM,RFC,WEST,ATSI,OE,5500.143,True
4/1/2024 7:00:00 AM,4/1/2024 3:00:00 AM,RFC,WEST,ATSI,OE,5538.324,True
4/1/2024 8:00:00 AM,4/1/2024 4:00:00 AM,RFC,WEST,ATSI,OE,5659.870,True
4/1/2024 9:00:00 AM,4/1/2024 5:00:00 AM,RFC,WEST,ATSI,OE,6026.007,True
4/1/2024 10:00:00 AM,4/1/2024 6:00:00 AM,RFC,WEST,ATSI,OE,6432.499,True
4/1/2024 11:00:00 AM,4/1/2024 7:00:00 AM,RFC,WEST,ATSI,OE,6908.494,True
4/1/2024 12:00:00 PM,4/1/2024 8:00:00 AM,RFC,WEST,ATSI,OE,7069.026,True
4/1/2024 1:00:00 PM,4/1/2024 9:00:00 AM,RFC,WEST,ATSI,OE,7252.090,True
4/1/2024 2:00:00 PM,4/1/2024 10:00:00 AM,RFC,WEST,ATSI,OE,7319.049,True
4/1/2024 3:00:00 PM,4/1/2024 11:00:00 AM,RFC,WEST,ATSI,OE,7338.838,True
4/1/2024 4:00:00 PM,4/1/2024 12:00:00 PM,RFC,WEST,ATSI,OE,7213.537,True
4/1/2024 5:00:00 PM,4/1/2024 1:00:00 PM,RFC,WEST,ATSI,OE,7139.087,True
4/1/2024 6:00:00 PM,4/1/2024 2:00:00 PM,RFC,WEST,ATSI,OE,7130.847,True
4/1/2024 7:00:00 PM,4/1/2024 3:00:00 PM,RFC,WEST,ATSI,OE,6839.390,True
4/1/2024 8:00:00 PM,4/1/2024 4:00:00 PM,RFC,WEST,ATSI,OE,6860.322,True
4/1/2024 9:00:00 PM,4/1/2024 5:00:00 PM,RFC,WEST,ATSI,OE,6844.653,True
4/1/2024 10:00:00 PM,4/1/2024 6:00:00 PM,RFC,WEST,ATSI,OE,6845.073,True
4/1/2024 11:00:00 PM,4/1/2024 7:00:00 PM,RFC,WEST,ATSI,OE,6912.301,True
4/2/2024 12:00:00 AM,4/1/2024 8:00:00 PM,RFC,WEST,ATSI,OE,7031.694,True
4/2/2024 1:00:00 AM,4/1/2024 9:00:00 PM,RFC,WEST,ATSI,OE,6798.274,True
4/2/2024 2:00:00 AM,4/1/2024 10:00:00 PM,RFC,WEST,ATSI,OE,6549.383,True
4/2/2024 3:00:00 AM,4/1/2024 11:00:00 PM,RFC,WEST,ATSI,OE,6251.950,True
4/2/2024 4:00:00 AM,4/2/2024 12:00:00 AM,RFC,WEST,ATSI,OE,6085.364,True
4/2/2024 5:00:00 AM,4/2/2024 1:00:00 AM,RFC,WEST,ATSI,OE,5985.698,True
4/2/2024 6:00:00 AM,4/2/2024 2:00:00 AM,RFC,WEST,ATSI,OE,5894.918,True
4/2/2024 7:00:00 AM,4/2/2024 3:00:00 AM,RFC,WEST,ATSI,OE,5890.407,True
4/2/2024 8:00:00 AM,4/2/2024 4:00:00 AM,RFC,WEST,ATSI,OE,5943.569,True
4/2/2024 9:00:00 AM,4/2/2024 5:00:00 AM,RFC,WEST,ATSI,OE,6277.154,True
4/2/2024 10:00:00 AM,4/2/2024 6:00:00 AM,RFC,WEST,ATSI,OE,6718.259,True
4/2/2024 11:00:00 AM,4/2/2024 7:00:00 AM,RFC,WEST,ATSI,OE,7127.601,True
4/2/2024 12:00:00 PM,4/2/2024 8:00:00 AM,RFC,WEST,ATSI,OE,7251.024,True
4/2/2024 1:00:00 PM,4/2/2024 9:00:00 AM,RFC,WEST,ATSI,OE,7311.805,True
4/2/2024 2:00:00 PM,4/2/2024 10:00:00 AM,RFC,WEST,ATSI,OE,7389.153,True
4/2/2024 3:00:00 PM,4/2/2024 11:00:00 AM,RFC,WEST,ATSI,OE,7332.118,True
4/2/2024 4:00:00 PM,4/2/2024 12:00:00 PM,RFC,WEST,ATSI,OE,7337.280,True
4/2/2024 5:00:00 PM,4/2/2024 1:00:00 PM,RFC,WEST,ATSI,OE,7343.117,True
4/2/2024 6:00:00 PM,4/2/2024 2:00:00 PM,RFC,WEST,ATSI,OE,7183.244,True
4/2/2024 7:00:00 PM,4/2/2024 3:00:00 PM,RFC,WEST,ATSI,OE,7044.185,True
4/2/2024 8:00:00 PM,4/2/2024 4:00:00 PM,RFC,WEST,ATSI,OE,7048.220,True
4/2/2024 9:00:00 PM,4/2/2024 5:00:00 PM,RFC,WEST,ATSI,OE,6991.986,True
4/2/2024 10:00:00 PM,4/2/2024 6:00:00 PM,RFC,WEST,ATSI,OE,6995.263,True
4/2/2024 11:00:00 PM,4/2/2024 7:00:00 PM,RFC,WEST,ATSI,OE,6941.774,True
4/3/2024 12:00:00 AM,4/2/2024 8:00:00 PM,RFC,WEST,ATSI,OE,6967.947,True
4/3/2024 1:00:00 AM,4/2/2024 9:00:00 PM,RFC,WEST,ATSI,OE,6747.305,True
4/3/2024 2:00:00 AM,4/2/2024 10:00:00 PM,RFC,WEST,ATSI,OE,6386.718,True
4/3/2024 3:00:00 AM,4/2/2024 11:00:00 PM,RFC,WEST,ATSI,OE,6160.946,True
4/3/2024 4:00:00 AM,4/3/2024 12:00:00 AM,RFC,WEST,ATSI,OE,5963.578,True
4/3/2024 5:00:00 AM,4/3/2024 1:00:00 AM,RFC,WEST,ATSI,OE,5791.612,True
4/3/2024 6:00:00 AM,4/3/2024 2:00:00 AM,RFC,WEST,ATSI,OE,5728.780,True
4/3/2024 7:00:00 AM,4/3/2024 3:00:00 AM,RFC,WEST,ATSI,OE,5734.185,True
4/3/2024 8:00:00 AM,4/3/2024 4:00:00 AM,RFC,WEST,ATSI,OE,5850.531,True
4/3/2024 9:00:00 AM,4/3/2024 5:00:00 AM,RFC,WEST,ATSI,OE,6103.348,True
4/3/2024 10:00:00 AM,4/3/2024 6:00:00 AM,RFC,WEST,ATSI,OE,6627.410,True
4/3/2024 11:00:00 AM,4/3/2024 7:00:00 AM,RFC,WEST,ATSI,OE,6961.493,True
4/3/2024 12:00:00 PM,4/3/2024 8:00:00 AM,RFC,WEST,ATSI,OE,7164.337,True
4/3/2024 1:00:00 PM,4/3/2024 9:00:00 AM,RFC,WEST,ATSI,OE,7210.735,True
4/3/2024 2:00:00 PM,4/3/2024 10:00:00 AM,RFC,WEST,ATSI,OE,7293.884,True
4/3/2024 3:00:00 PM,4/3/2024 11:00:00 AM,RFC,WEST,ATSI,OE,7249.906,True
4/3/2024 4:00:00 PM,4/3/2024 12:00:00 PM,RFC,WEST,ATSI,OE,7196.726,True
4/3/2024 5:00:00 PM,4/3/2024 1:00:00 PM,RFC,WEST,ATSI,OE,7221.944,True
4/3/2024 6:00:00 PM,4/3/2024 2:00:00 PM,RFC,WEST,ATSI,OE,7129.897,True
4/3/2024 7:00:00 PM,4/3/2024 3:00:00 PM,RFC,WEST,ATSI,OE,6961.467,True
4/3/2024 8:00:00 PM,4/3/2024 4:00:00 PM,RFC,WEST,ATSI,OE,6944.165,True
4/3/2024 9:00:00 PM,4/3/2024 5:00:00 PM,RFC,WEST,ATSI,OE,6962.724,True
4/3/2024 10:00:00 PM,4/3/2024 6:00:00 PM,RFC,WEST,ATSI,OE,6951.279,True
4/3/2024 11:00:00 PM,4/3/2024 7:00:00 PM,RFC,WEST,ATSI,OE,7062.264,True
4/4/2024 12:00:00 AM,4/3/2024 8:00:00 PM,RFC,WEST,ATSI,OE,7172.900,True
4/4/2024 1:00:00 AM,4/3/2024 9:00:00 PM,RFC,WEST,ATSI,OE,7058.569,True
4/4/2024 2:00:00 AM,4/3/2024 10:00:00 PM,RFC,WEST,ATSI,OE,6769.990,True
4/4/2024 3:00:00 AM,4/3/2024 11:00:00 PM,RFC,WEST,ATSI,OE,6524.426,True
4/4/2024 4:00:00 AM,4/4/2024 12:00:00 AM,RFC,WEST,ATSI,OE,6301.281,True
4/4/2024 5:00:00 AM,4/4/2024 1:00:00 AM,RFC,WEST,ATSI,OE,6196.604,True
4/4/2024 6:00:00 AM,4/4/2024 2:00:00 AM,RFC,WEST,ATSI,OE,6118.161,True
4/4/2024 7:00:00 AM,4/4/2024 3:00:00 AM,RFC,WEST,ATSI,OE,6161.951,True
4/4/2024 8:00:00 AM,4/4/2024 4:00:00 AM,RFC,WEST,ATSI,OE,6250.814,True
4/4/2024 9:00:00 AM,4/4/2024 5:00:00 AM,RFC,WEST,ATSI,OE,6585.620,True
4/4/2024 10:00:00 AM,4/4/2024 6:00:00 AM,RFC,WEST,ATSI,OE,7089.073,True
4/4/2024 11:00:00 AM,4/4/2024 7:00:00 AM,RFC,WEST,ATSI,OE,7336.616,True
4/4/2024 12:00:00 PM,4/4/2024 8:00:00 AM,RFC,WEST,ATSI,OE,7494.973,True
4/4/2024 1:00:00 PM,4/4/2024 9:00:00 AM,RFC,WEST,ATSI,OE,7521.700,True
4/4/2024 2:00:00 PM,4/4/2024 10:00:00 AM,RFC,WEST,ATSI,OE,7529.220,True
4/4/2024 3:00:00 PM,4/4/2024 11:00:00 AM,RFC,WEST,ATSI,OE,7379.465,True
4/4/2024 4:00:00 PM,4/4/2024 12:00:00 PM,RFC,WEST,ATSI,OE,7319.815,True
4/4/2024 5:00:00 PM,4/4/2024 1:00:00 PM,RFC,WEST,ATSI,OE,7297.901,True
4/4/2024 6:00:00 PM,4/4/2024 2:00:00 PM,RFC,WEST,ATSI,OE,7116.989,True
4/4/2024 7:00:00 PM,4/4/2024 3:00:00 PM,RFC,WEST,ATSI,OE,7039.745,True
4/4/2024 8:00:00 PM,4/4/2024 4:00:00 PM,RFC,WEST,ATSI,OE,6968.811,True
4/4/2024 9:00:00 PM,4/4/2024 5:00:00 PM,RFC,WEST,ATSI,OE,6880.753,True
4/4/2024 10:00:00 PM,4/4/2024 6:00:00 PM,RFC,WEST,ATSI,OE,6856.211,True
4/4/2024 11:00:00 PM,4/4/2024 7:00:00 PM,RFC,WEST,ATSI,OE,6973.985,True
4/5/2024 12:00:00 AM,4/4/2024 8:00:00 PM,RFC,WEST,ATSI,OE,7154.556,True
4/5/2024 1:00:00 AM,4/4/2024 9:00:00 PM,RFC,WEST,ATSI,OE,7027.073,True
4/5/2024 2:00:00 AM,4/4/2024 10:00:00 PM,RFC,WEST,ATSI,OE,6726.496,True
4/5/2024 3:00:00 AM,4/4/2024 11:00:00 PM,RFC,WEST,ATSI,OE,6479.934,True
4/5/2024 4:00:00 AM,4/5/2024 12:00:00 AM,RFC,WEST,ATSI,OE,6315.791,True
4/5/2024 5:00:00 AM,4/5/2024 1:00:00 AM,RFC,WEST,ATSI,OE,6154.055,True
4/5/2024 6:00:00 AM,4/5/2024 2:00:00 AM,RFC,WEST,ATSI,OE,6092.612,True
4/5/2024 7:00:00 AM,4/5/2024 3:00:00 AM,RFC,WEST,ATSI,OE,6127.027,True
4/5/2024 8:00:00 AM,4/5/2024 4:00:00 AM,RFC,WEST,ATSI,OE,6165.328,True
4/5/2024 9:00:00 AM,4/5/2024 5:00:00 AM,RFC,WEST,ATSI,OE,6471.270,True
4/5/2024 10:00:00 AM,4/5/2024 6:00:00 AM,RFC,WEST,ATSI,OE,6938.284,True
4/5/2024 11:00:00 AM,4/5/2024 7:00:00 AM,RFC,WEST,ATSI,OE,7273.830,True
4/5/2024 12:00:00 PM,4/5/2024 8:00:00 AM,RFC,WEST,ATSI,OE,7469.801,True
4/5/2024 1:00:00 PM,4/5/2024 9:00:00 AM,RFC,WEST,ATSI,OE,7546.743,True
4/5/2024 2:00:00 PM,4/5/2024 10:00:00 AM,RFC,WEST,ATSI,OE,7581.573,True
4/5/2024 3:00:00 PM,4/5/2024 11:00:00 AM,RFC,WEST,ATSI,OE,7495.809,True
4/5/2024 4:00:00 PM,4/5/2024 12:00:00 PM,RFC,WEST,ATSI,OE,7431.209,True
4/5/2024 5:00:00 PM,4/5/2024 1:00:00 PM,RFC,WEST,ATSI,OE,7335.652,True
4/5/2024 6:00:00 PM,4/5/2024 2:00:00 PM,RFC,WEST,ATSI,OE,7264.959,True
4/5/2024 7:00:00 PM,4/5/2024 3:00:00 PM,RFC,WEST,ATSI,OE,7097.953,True
4/5/2024 8:00:00 PM,4/5/2024 4:00:00 PM,RFC,WEST,ATSI,OE,7011.097,True
4/5/2024 9:00:00 PM,4/5/2024 5:00:00 PM,RFC,WEST,ATSI,OE,6992.607,True
4/5/2024 10:00:00 PM,4/5/2024 6:00:00 PM,RFC,WEST,ATSI,OE,6996.423,True
4/5/2024 11:00:00 PM,4/5/2024 7:00:00 PM,RFC,WEST,ATSI,OE,6974.076,True
4/6/2024 12:00:00 AM,4/5/2024 8:00:00 PM,RFC,WEST,ATSI,OE,7159.022,True
4/6/2024 1:00:00 AM,4/5/2024 9:00:00 PM,RFC,WEST,ATSI,OE,6955.485,True
4/6/2024 2:00:00 AM,4/5/2024 10:00:00 PM,RFC,WEST,ATSI,OE,6750.735,True
4/6/2024 3:00:00 AM,4/5/2024 11:00:00 PM,RFC,WEST,ATSI,OE,6371.671,True
4/6/2024 4:00:00 AM,4/6/2024 12:00:00 AM,RFC,WEST,ATSI,OE,6193.313,True
4/6/2024 5:00:00 AM,4/6/2024 1:00:00 AM,RFC,WEST,ATSI,OE,6102.994,True
4/6/2024 6:00:00 AM,4/6/2024 2:00:00 AM,RFC,WEST,ATSI,OE,5971.997,True
4/6/2024 7:00:00 AM,4/6/2024 3:00:00 AM,RFC,WEST,ATSI,OE,6003.151,True
4/6/2024 8:00:00 AM,4/6/2024 4:00:00 AM,RFC,WEST,ATSI,OE,6006.812,True
4/6/2024 9:00:00 AM,4/6/2024 5:00:00 AM,RFC,WEST,ATSI,OE,6113.039,True
4/6/2024 10:00:00 AM,4/6/2024 6:00:00 AM,RFC,WEST,ATSI,OE,6264.133,True
4/6/2024 11:00:00 AM,4/6/2024 7:00:00 AM,RFC,WEST,ATSI,OE,6450.090,True
4/6/2024 12:00:00 PM,4/6/2024 8:00:00 AM,RFC,WEST,ATSI,OE,6620.760,True
4/6/2024 1:00:00 PM,4/6/2024 9:00:00 AM,RFC,WEST,ATSI,OE,6699.120,True
4/6/2024 2:00:00 PM,4/6/2024 10:00:00 AM,RFC,WEST,ATSI,OE,6568.003,True
4/6/2024 3:00:00 PM,4/6/2024 11:00:00 AM,RFC,WEST,ATSI,OE,6339.864,True
4/6/2024 4:00:00 PM,4/6/2024 12:00:00 PM,RFC,WEST,ATSI,OE,6285.262,True
4/6/2024 5:00:00 PM,4/6/2024 1:00:00 PM,RFC,WEST,ATSI,OE,6230.999,True
4/6/2024 6:00:00 PM,4/6/2024 2:00:00 PM,RFC,WEST,ATSI,OE,6106.948,True
4/6/2024 7:00:00 PM,4/6/2024 3:00:00 PM,RFC,WEST,ATSI,OE,6067.872,True
4/6/2024 8:00:00 PM,4/6/2024 4:00:00 PM,RFC,WEST,ATSI,OE,6052.748,True
4/6/2024 9:00:00 PM,4/6/2024 5:00:00 PM,RFC,WEST,ATSI,OE,6066.024,True
4/6/2024 10:00:00 PM,4/6/2024 6:00:00 PM,RFC,WEST,ATSI,OE,6060.604,True
4/6/2024 11:00:00 PM,4/6/2024 7:00:00 PM,RFC,WEST,ATSI,OE,6155.013,True
4/7/2024 12:00:00 AM,4/6/2024 8:00:00 PM,RFC,WEST,ATSI,OE,6375.328,True
4/7/2024 1:00:00 AM,4/6/2024 9:00:00 PM,RFC,WEST,ATSI,OE,6360.969,True
4/7/2024 2:00:00 AM,4/6/2024 10:00:00 PM,RFC,WEST,ATSI,OE,6177.328,True
4/7/2024 3:00:00 AM,4/6/2024 11:00:00 PM,RFC,WEST,ATSI,OE,5952.526,True
4/7/2024 4:00:00 AM,4/7/2024 12:00:00 AM,RFC,WEST,ATSI,OE,5834.591,True
4/7/2024 5:00:00 AM,4/7/2024 1:00:00 AM,RFC,WEST,ATSI,OE,5692.562,True
4/7/2024 6:00:00 AM,4/7/2024 2:00:00 AM,RFC,WEST,ATSI,OE,5737.051,True
4/7/2024 7:00:00 AM,4/7/2024 3:00:00 AM,RFC,WEST,ATSI,OE,5658.114,True
4/7/2024 8:00:00 AM,4/7/2024 4:00:00 AM,RFC,WEST,ATSI,OE,5682.500,True
4/7/2024 9:00:00 AM,4/7/2024 5:00:00 AM,RFC,WEST,ATSI,OE,5845.774,True
4/7/2024 10:00:00 AM,4/7/2024 6:00:00 AM,RFC,WEST,ATSI,OE,6059.674,True
4/7/2024 11:00:00 AM,4/7/2024 7:00:00 AM,RFC,WEST,ATSI,OE,6100.958,True
4/7/2024 12:00:00 PM,4/7/2024 8:00:00 AM,RFC,WEST,ATSI,OE,6231.278,True
4/7/2024 1:00:00 PM,4/7/2024 9:00:00 AM,RFC,WEST,ATSI,OE,6129.896,True
4/7/2024 2:00:00 PM,4/7/2024 10:00:00 AM,RFC,WEST,ATSI,OE,6123.318,True
4/7/2024 3:00:00 PM,4/7/2024 11:00:00 AM,RFC,WEST,ATSI,OE,6055.213,True
4/7/2024 4:00:00 PM,4/7/2024 12:00:00 PM,RFC,WEST,ATSI,OE,6020.650,True
4/7/2024 5:00:00 PM,4/7/2024 1:00:00 PM,RFC,WEST,ATSI,OE,5951.928,True
4/7/2024 6:00:00 PM,4/7/2024 2:00:00 PM,RFC,WEST,ATSI,OE,5892.471,True
4/7/2024 7:00:00 PM,4/7/2024 3:00:00 PM,RFC,WEST,ATSI,OE,5811.218,True
4/7/2024 8:00:00 PM,4/7/2024 4:00:00 PM,RFC,WEST,ATSI,OE,5819.741,True
4/7/2024 9:00:00 PM,4/7/2024 5:00:00 PM,RFC,WEST,ATSI,OE,5913.096,True
4/7/2024 10:00:00 PM,4/7/2024 6:00:00 PM,RFC,WEST,ATSI,OE,6039.073,True
4/7/2024 11:00:00 PM,4/7/2024 7:00:00 PM,RFC,WEST,ATSI,OE,6108.543,True
4/8/2024 12:00:00 AM,4/7/2024 8:00:00 PM,RFC,WEST,ATSI,OE,6322.402,True
4/8/2024 1:00:00 AM,4/7/2024 9:00:00 PM,RFC,WEST,ATSI,OE,6217.295,True
4/8/2024 2:00:00 AM,4/7/2024 10:00:00 PM,RFC,WEST,ATSI,OE,6057.101,True
4/8/2024 3:00:00 AM,4/7/2024 11:00:00 PM,RFC,WEST,ATSI,OE,5831.631,True
4/8/2024 4:00:00 AM,4/8/2024 12:00:00 AM,RFC,WEST,ATSI,OE,5719.363,True
4/8/2024 5:00:00 AM,4/8/2024 1:00:00 AM,RFC,WEST,ATSI,OE,5528.268,True
4/8/2024 6:00:00 AM,4/8/2024 2:00:00 AM,RFC,WEST,ATSI,OE,5482.273,True
4/8/2024 7:00:00 AM,4/8/2024 3:00:00 AM,RFC,WEST,ATSI,OE,5485.747,True
4/8/2024 8:00:00 AM,4/8/2024 4:00:00 AM,RFC,WEST,ATSI,OE,5567.439,True
4/8/2024 9:00:00 AM,4/8/2024 5:00:00 AM,RFC,WEST,ATSI,OE,5881.986,True
4/8/2024 10:00:00 AM,4/8/2024 6:00:00 AM,RFC,WEST,ATSI,OE,6209.270,True
4/8/2024 11:00:00 AM,4/8/2024 7:00:00 AM,RFC,WEST,ATSI,OE,6520.228,True
4/8/2024 12:00:00 PM,4/8/2024 8:00:00 AM,RFC,WEST,ATSI,OE,6730.629,True
4/8/2024 1:00:00 PM,4/8/2024 9:00:00 AM,RFC,WEST,ATSI,OE,6835.005,True
4/8/2024 2:00:00 PM,4/8/2024 10:00:00 AM,RFC,WEST,ATSI,OE,6821.672,True
4/8/2024 3:00:00 PM,4/8/2024 11:00:00 AM,RFC,WEST,ATSI,OE,6716.307,True
4/8/2024 4:00:00 PM,4/8/2024 12:00:00 PM,RFC,WEST,ATSI,OE,6638.831,True
4/8/2024 5:00:00 PM,4/8/2024 1:00:00 PM,RFC,WEST,ATSI,OE,6546.730,True
4/8/2024 6:00:00 PM,4/8/2024 2:00:00 PM,RFC,WEST,ATSI,OE,6287.801,True
4/8/2024 7:00:00 PM,4/8/2024 3:00:00 PM,RFC,WEST,ATSI,OE,6157.750,True
4/8/2024 8:00:00 PM,4/8/2024 4:00:00 PM,RFC,WEST,ATSI,OE,6255.982,True
4/8/2024 9:00:00 PM,4/8/2024 5:00:00 PM,RFC,WEST,ATSI,OE,6325.622,True
4/8/2024 10:00:00 PM,4/8/2024 6:00:00 PM,RFC,WEST,ATSI,OE,6371.181,True
4/8/2024 11:00:00 PM,4/8/2024 7:00:00 PM,RFC,WEST,ATSI,OE,6484.857,True
4/9/2024 12:00:00 AM,4/8/2024 8:00:00 PM,RFC,WEST,ATSI,OE,6622.303,True
4/9/2024 1:00:00 AM,4/8/2024 9:00:00 PM,RFC,WEST,ATSI,OE,6490.746,True
4/9/2024 2:00:00 AM,4/8/2024 10:00:00 PM,RFC,WEST,ATSI,OE,6188.656,True
4/9/2024 3:00:00 AM,4/8/2024 11:00:00 PM,RFC,WEST,ATSI,OE,5885.615,True
4/9/2024 4:00:00 AM,4/9/2024 12:00:00 AM,RFC,WEST,ATSI,OE,5672.144,True
4/9/2024 5:00:00 AM,4/9/2024 1:00:00 AM,RFC,WEST,ATSI,OE,5533.522,True
4/9/2024 6:00:00 AM,4/9/2024 2:00:00 AM,RFC,WEST,ATSI,OE,5475.716,True
4/9/2024 7:00:00 AM,4/9/2024 3:00:00 AM,RFC,WEST,ATSI,OE,5458.107,True
4/9/2024 8:00:00 AM,4/9/2024 4:00:00 AM,RFC,WEST,ATSI,OE,5632.779,True
4/9/2024 9:00:00 AM,4/9/2024 5:00:00 AM,RFC,WEST,ATSI,OE,5904.521,True
4/9/2024 10:00:00 AM,4/9/2024 6:00:00 AM,RFC,WEST,ATSI,OE,6362.586,True
4/9/2024 11:00:00 AM,4/9/2024 7:00:00 AM,RFC,WEST,ATSI,OE,6740.088,True
4/9/2024 12:00:00 PM,4/9/2024 8:00:00 AM,RFC,WEST,ATSI,OE,6875.398,True
4/9/2024 1:00:00 PM,4/9/2024 9:00:00 AM,RFC,WEST,ATSI,OE,6818.440,True
4/9/2024 2:00:00 PM,4/9/2024 10:00:00 AM,RFC,WEST,ATSI,OE,6931.678,True
4/9/2024 3:00:00 PM,4/9/2024 11:00:00 AM,RFC,WEST,ATSI,OE,6939.615,True
4/9/2024 4:00:00 PM,4/9/2024 12:00:00 PM,RFC,WEST,ATSI,OE,6958.818,True
4/9/2024 5:00:00 PM,4/9/2024 1:00:00 PM,RFC,WEST,ATSI,OE,7064.133,True
4/9/2024 6:00:00 PM,4/9/2024 2:00:00 PM,RFC,WEST,ATSI,OE,7045.641,True
4/9/2024 7:00:00 PM,4/9/2024 3:00:00 PM,RFC,WEST,ATSI,OE,6921.669,True
4/9/2024 8:00:00 PM,4/9/2024 4:00:00 PM,RFC,WEST,ATSI,OE,6838.607,True
4/9/2024 9:00:00 PM,4/9/2024 5:00:00 PM,RFC,WEST,ATSI,OE,6810.353,True
4/9/2024 10:00:00 PM,4/9/2024 6:00:00 PM,RFC,WEST,ATSI,OE,6797.837,True
4/9/2024 11:00:00 PM,4/9/2024 7:00:00 PM,RFC,WEST,ATSI,OE,6754.016,True
4/10/2024 12:00:00 AM,4/9/2024 8:00:00 PM,RFC,WEST,ATSI,OE,6820.574,True
4/10/2024 1:00:00 AM,4/9/2024 9:00:00 PM,RFC,WEST,ATSI,OE,6615.286,True
4/10/2024 2:00:00 AM,4/9/2024 10:00:00 PM,RFC,WEST,ATSI,OE,6276.462,True
4/10/2024 3:00:00 AM,4/9/2024 11:00:00 PM,RFC,WEST,ATSI,OE,5929.918,True
4/10/2024 4:00:00 AM,4/10/2024 12:00:00 AM,RFC,WEST,ATSI,OE,5756.465,True
4/10/2024 5:00:00 AM,4/10/2024 1:00:00 AM,RFC,WEST,ATSI,OE,5599.405,True
4/10/2024 6:00:00 AM,4/10/2024 2:00:00 AM,RFC,WEST,ATSI,OE,5500.088,True
4/10/2024 7:00:00 AM,4/10/2024 3:00:00 AM,RFC,WEST,ATSI,OE,5426.382,True
4/10/2024 8:00:00 AM,4/10/2024 4:00:00 AM,RFC,WEST,ATSI,OE,5595.612,True
4/10/2024 9:00:00 AM,4/10/2024 5:00:00 AM,RFC,WEST,ATSI,OE,5805.402,True
4/10/2024 10:00:00 AM,4/10/2024 6:00:00 AM,RFC,WEST,ATSI,OE,6299.449,True
4/10/2024 11:00:00 AM,4/10/2024 7:00:00 AM,RFC,WEST,ATSI,OE,6603.713,True
4/10/2024 12:00:00 PM,4/10/2024 8:00:00 AM,RFC,WEST,ATSI,OE,6817.914,True
4/10/2024 1:00:00 PM,4/10/2024 9:00:00 AM,RFC,WEST,ATSI,OE,6883.030,True
4/10/2024 2:00:00 PM,4/10/2024 10:00:00 AM,RFC,WEST,ATSI,OE,6893.035,True
4/10/2024 3:00:00 PM,4/10/2024 11:00:00 AM,RFC,WEST,ATSI,OE,6916.006,True
4/10/2024 4:00:00 PM,4/10/2024 12:00:00 PM,RFC,WEST,ATSI,OE,6893.378,True
4/10/2024 5:00:00 PM,4/10/2024 1:00:00 PM,RFC,WEST,ATSI,OE,6902.737,True
4/10/2024 6:00:00 PM,4/10/2024 2:00:00 PM,RFC,WEST,ATSI,OE,6826.800,True
4/10/2024 7:00:00 PM,4/10/2024 3:00:00 PM,RFC,WEST,ATSI,OE,6757.318,True
4/10/2024 8:00:00 PM,4/10/2024 4:00:00 PM,RFC,WEST,ATSI,OE,6676.990,True
4/10/2024 9:00:00 PM,4/10/2024 5:00:00 PM,RFC,WEST,ATSI,OE,6722.497,True
4/10/2024 10:00:00 PM,4/10/2024 6:00:00 PM,RFC,WEST,ATSI,OE,6706.494,True
4/10/2024 11:00:00 PM,4/10/2024 7:00:00 PM,RFC,WEST,ATSI,OE,6740.509,True
4/11/2024 12:00:00 AM,4/10/2024 8:00:00 PM,RFC,WEST,ATSI,OE,6809.609,True
4/11/2024 1:00:00 AM,4/10/2024 9:00:00 PM,RFC,WEST,ATSI,OE,6628.988,True
4/11/2024 2:00:00 AM,4/10/2024 10:00:00 PM,RFC,WEST,ATSI,OE,6294.487,True
4/11/2024 3:00:00 AM,4/10/2024 11:00:00 PM,RFC,WEST,ATSI,OE,5985.661,True
4/11/2024 4:00:00 AM,4/11/2024 12:00:00 AM,RFC,WEST,ATSI,OE,5783.681,True
4/11/2024 5:00:00 AM,4/11/2024 1:00:00 AM,RFC,WEST,ATSI,OE,5683.524,True
4/11/2024 6:00:00 AM,4/11/2024 2:00:00 AM,RFC,WEST,ATSI,OE,5612.774,True
4/11/2024 7:00:00 AM,4/11/2024 3:00:00 AM,RFC,WEST,ATSI,OE,5587.048,True
4/11/2024 8:00:00 AM,4/11/2024 4:00:00 AM,RFC,WEST,ATSI,OE,5630.566,True
4/11/2024 9:00:00 AM,4/11/2024 5:00:00 AM,RFC,WEST,ATSI,OE,5856.079,True
4/11/2024 10:00:00 AM,4/11/2024 6:00:00 AM,RFC,WEST,ATSI,OE,6448.337,True
4/11/2024 11:00:00 AM,4/11/2024 7:00:00 AM,RFC,WEST,ATSI,OE,6822.201,True
4/11/2024 12:00:00 PM,4/11/2024 8:00:00 AM,RFC,WEST,ATSI,OE,7013.800,True
4/11/2024 1:00:00 PM,4/11/2024 9:00:00 AM,RFC,WEST,ATSI,OE,7145.534,True
4/11/2024 2:00:00 PM,4/11/2024 10:00:00 AM,RFC,WEST,ATSI,OE,7184.630,True
4/11/2024 3:00:00 PM,4/11/2024 11:00:00 AM,RFC,WEST,ATSI,OE,7222.908,True
4/11/2024 4:00:00 PM,4/11/2024 12:00:00 PM,RFC,WEST,ATSI,OE,7218.622,True
4/11/2024 5:00:00 PM,4/11/2024 1:00:00 PM,RFC,WEST,ATSI,OE,7219.753,True
4/11/2024 6:00:00 PM,4/11/2024 2:00:00 PM,RFC,WEST,ATSI,OE,7120.706,True
4/11/2024 7:00:00 PM,4/11/2024 3:00:00 PM,RFC,WEST,ATSI,OE,6990.023,True
4/11/2024 8:00:00 PM,4/11/2024 4:00:00 PM,RFC,WEST,ATSI,OE,6996.869,True
4/11/2024 9:00:00 PM,4/11/2024 5:00:00 PM,RFC,WEST,ATSI,OE,6948.079,True
4/11/2024 10:00:00 PM,4/11/2024 6:00:00 PM,RFC,WEST,ATSI,OE,6908.542,True
4/11/2024 11:00:00 PM,4/11/2024 7:00:00 PM,RFC,WEST,ATSI,OE,6811.922,True
4/12/2024 12:00:00 AM,4/11/2024 8:00:00 PM,RFC,WEST,ATSI,OE,6932.050,True
4/12/2024 1:00:00 AM,4/11/2024 9:00:00 PM,RFC,WEST,ATSI,OE,6719.658,True
4/12/2024 2:00:00 AM,4/11/2024 10:00:00 PM,RFC,WEST,ATSI,OE,6320.947,True
4/12/2024 3:00:00 AM,4/11/2024 11:00:00 PM,RFC,WEST,ATSI,OE,6127.715,True
4/12/2024 4:00:00 AM,4/12/2024 12:00:00 AM,RFC,WEST,ATSI,OE,5918.592,True
4/12/2024 5:00:00 AM,4/12/2024 1:00:00 AM,RFC,WEST,ATSI,OE,5768.113,True
4/12/2024 6:00:00 AM,4/12/2024 2:00:00 AM,RFC,WEST,ATSI,OE,5664.592,True
4/12/2024 7:00:00 AM,4/12/2024 3:00:00 AM,RFC,WEST,ATSI,OE,5704.830,True
4/12/2024 8:00:00 AM,4/12/2024 4:00:00 AM,RFC,WEST,ATSI,OE,5778.092,True
4/12/2024 9:00:00 AM,4/12/2024 5:00:00 AM,RFC,WEST,ATSI,OE,6052.044,True
4/12/2024 10:00:00 AM,4/12/2024 6:00:00 AM,RFC,WEST,ATSI,OE,6497.525,True
4/12/2024 11:00:00 AM,4/12/2024 7:00:00 AM,RFC,WEST,ATSI,OE,6882.432,True
4/12/2024 12:00:00 PM,4/12/2024 8:00:00 AM,RFC,WEST,ATSI,OE,7076.884,True
4/12/2024 1:00:00 PM,4/12/2024 9:00:00 AM,RFC,WEST,ATSI,OE,7165.796,True
4/12/2024 2:00:00 PM,4/12/2024 10:00:00 AM,RFC,WEST,ATSI,OE,7262.692,True
4/12/2024 3:00:00 PM,4/12/2024 11:00:00 AM,RFC,WEST,ATSI,OE,7257.600,True
4/12/2024 4:00:00 PM,4/12/2024 12:00:00 PM,RFC,WEST,ATSI,OE,7294.143,True
4/12/2024 5:00:00 PM,4/12/2024 1:00:00 PM,RFC,WEST,ATSI,OE,7264.381,True
4/12/2024 6:00:00 PM,4/12/2024 2:00:00 PM,RFC,WEST,ATSI,OE,7099.285,True
4/12/2024 7:00:00 PM,4/12/2024 3:00:00 PM,RFC,WEST,ATSI,OE,7076.022,True
4/12/2024 8:00:00 PM,4/12/2024 4:00:00 PM,RFC,WEST,ATSI,OE,7020.296,True
4/12/2024 9:00:00 PM,4/12/2024 5:00:00 PM,RFC,WEST,ATSI,OE,6991.884,True
4/12/2024 10:00:00 PM,4/12/2024 6:00:00 PM,RFC,WEST,ATSI,OE,6945.288,True
4/12/2024 11:00:00 PM,4/12/2024 7:00:00 PM,RFC,WEST,ATSI,OE,6877.660,True
4/13/2024 12:00:00 AM,4/12/2024 8:00:00 PM,RFC,WEST,ATSI,OE,6882.908,True
4/13/2024 1:00:00 AM,4/12/2024 9:00:00 PM,RFC,WEST,ATSI,OE,6720.460,True
4/13/2024 2:00:00 AM,4/12/2024 10:00:00 PM,RFC,WEST,ATSI,OE,6453.838,True
4/13/2024 3:00:00 AM,4/12/2024 11:00:00 PM,RFC,WEST,ATSI,OE,6122.801,True
4/13/2024 4:00:00 AM,4/13/2024 12:00:00 AM,RFC,WEST,ATSI,OE,5909.859,True
4/13/2024 5:00:00 AM,4/13/2024 1:00:00 AM,RFC,WEST,ATSI,OE,5670.663,True
4/13/2024 6:00:00 AM,4/13/2024 2:00:00 AM,RFC,WEST,ATSI,OE,5566.777,True
4/13/2024 7:00:00 AM,4/13/2024 3:00:00 AM,RFC,WEST,ATSI,OE,5457.929,True
4/13/2024 8:00:00 AM,4/13/2024 4:00:00 AM,RFC,WEST,ATSI,OE,5524.368,True
4/13/2024 9:00:00 AM,4/13/2024 5:00:00 AM,RFC,WEST,ATSI,OE,5683.306,True
4/13/2024 10:00:00 AM,4/13/2024 6:00:00 AM,RFC,WEST,ATSI,OE,5851.177,True
4/13/2024 11:00:00 AM,4/13/2024 7:00:00 AM,RFC,WEST,ATSI,OE,6004.943,True
4/13/2024 12:00:00 PM,4/13/2024 8:00:00 AM,RFC,WEST,ATSI,OE,6178.492,True
4/13/2024 1:00:00 PM,4/13/2024 9:00:00 AM,RFC,WEST,ATSI,OE,6201.551,True
4/13/2024 2:00:00 PM,4/13/2024 10:00:00 AM,RFC,WEST,ATSI,OE,6206.120,True
4/13/2024 3:00:00 PM,4/13/2024 11:00:00 AM,RFC,WEST,ATSI,OE,6111.473,True
4/13/2024 4:00:00 PM,4/13/2024 12:00:00 PM,RFC,WEST,ATSI,OE,6035.657,True
4/13/2024 5:00:00 PM,4/13/2024 1:00:00 PM,RFC,WEST,ATSI,OE,5924.368,True
4/13/2024 6:00:00 PM,4/13/2024 2:00:00 PM,RFC,WEST,ATSI,OE,5826.765,True
4/13/2024 7:00:00 PM,4/13/2024 3:00:00 PM,RFC,WEST,ATSI,OE,5807.308,True
4/13/2024 8:00:00 PM,4/13/2024 4:00:00 PM,RFC,WEST,ATSI,OE,5791.526,True
4/13/2024 9:00:00 PM,4/13/2024 5:00:00 PM,RFC,WEST,ATSI,OE,5860.022,True
4/13/2024 10:00:00 PM,4/13/2024 6:00:00 PM,RFC,WEST,ATSI,OE,5773.125,True
4/13/2024 11:00:00 PM,4/13/2024 7:00:00 PM,RFC,WEST,ATSI,OE,5882.310,True
4/14/2024 12:00:00 AM,4/13/2024 8:00:00 PM,RFC,WEST,ATSI,OE,5969.443,True
4/14/2024 1:00:00 AM,4/13/2024 9:00:00 PM,RFC,WEST,ATSI,OE,6015.102,True
4/14/2024 2:00:00 AM,4/13/2024 10:00:00 PM,RFC,WEST,ATSI,OE,5783.447,True
4/14/2024 3:00:00 AM,4/13/2024 11:00:00 PM,RFC,WEST,ATSI,OE,5592.496,True
4/14/2024 4:00:00 AM,4/14/2024 12:00:00 AM,RFC,WEST,ATSI,OE,5323.403,True
4/14/2024 5:00:00 AM,4/14/2024 1:00:00 AM,RFC,WEST,ATSI,OE,5263.910,True
4/14/2024 6:00:00 AM,4/14/2024 2:00:00 AM,RFC,WEST,ATSI,OE,5183.157,True
4/14/2024 7:00:00 AM,4/14/2024 3:00:00 AM,RFC,WEST,ATSI,OE,5159.803,True
4/14/2024 8:00:00 AM,4/14/2024 4:00:00 AM,RFC,WEST,ATSI,OE,5207.557,True
4/14/2024 9:00:00 AM,4/14/2024 5:00:00 AM,RFC,WEST,ATSI,OE,5275.794,True
4/14/2024 10:00:00 AM,4/14/2024 6:00:00 AM,RFC,WEST,ATSI,OE,5459.983,True
4/14/2024 11:00:00 AM,4/14/2024 7:00:00 AM,RFC,WEST,ATSI,OE,5516.080,True
4/14/2024 12:00:00 PM,4/14/2024 8:00:00 AM,RFC,WEST,ATSI,OE,5677.125,True
4/14/2024 1:00:00 PM,4/14/2024 9:00:00 AM,RFC,WEST,ATSI,OE,5763.288,True
4/14/2024 2:00:00 PM,4/14/2024 10:00:00 AM,RFC,WEST,ATSI,OE,5723.736,True
4/14/2024 3:00:00 PM,4/14/2024 11:00:00 AM,RFC,WEST,ATSI,OE,5771.732,True
4/14/2024 4:00:00 PM,4/14/2024 12:00:00 PM,RFC,WEST,ATSI,OE,5707.919,True
4/14/2024 5:00:00 PM,4/14/2024 1:00:00 PM,RFC,WEST,ATSI,OE,5734.137,True
4/14/2024 6:00:00 PM,4/14/2024 2:00:00 PM,RFC,WEST,ATSI,OE,5665.395,True
4/14/2024 7:00:00 PM,4/14/2024 3:00:00 PM,RFC,WEST,ATSI,OE,5823.831,True
4/14/2024 8:00:00 PM,4/14/2024 4:00:00 PM,RFC,WEST,ATSI,OE,5881.569,True
4/14/2024 9:00:00 PM,4/14/2024 5:00:00 PM,RFC,WEST,ATSI,OE,5940.587,True
4/14/2024 10:00:00 PM,4/14/2024 6:00:00 PM,RFC,WEST,ATSI,OE,6152.192,True
4/14/2024 11:00:00 PM,4/14/2024 7:00:00 PM,RFC,WEST,ATSI,OE,6222.956,True
4/15/2024 12:00:00 AM,4/14/2024 8:00:00 PM,RFC,WEST,ATSI,OE,6321.727,True
4/15/2024 1:00:00 AM,4/14/2024 9:00:00 PM,RFC,WEST,ATSI,OE,6269.102,True
4/15/2024 2:00:00 AM,4/14/2024 10:00:00 PM,RFC,WEST,ATSI,OE,5990.157,True
4/15/2024 3:00:00 AM,4/14/2024 11:00:00 PM,RFC,WEST,ATSI,OE,5674.414,True
4/15/2024 4:00:00 AM,4/15/2024 12:00:00 AM,RFC,WEST,ATSI,OE,5484.799,True
4/15/2024 5:00:00 AM,4/15/2024 1:00:00 AM,RFC,WEST,ATSI,OE,5301.597,True
4/15/2024 6:00:00 AM,4/15/2024 2:00:00 AM,RFC,WEST,ATSI,OE,5158.409,True
4/15/2024 7:00:00 AM,4/15/2024 3:00:00 AM,RFC,WEST,ATSI,OE,5225.988,True
4/15/2024 8:00:00 AM,4/15/2024 4:00:00 AM,RFC,WEST,ATSI,OE,5296.814,True
4/15/2024 9:00:00 AM,4/15/2024 5:00:00 AM,RFC,WEST,ATSI,OE,5625.113,True
4/15/2024 10:00:00 AM,4/15/2024 6:00:00 AM,RFC,WEST,ATSI,OE,6137.484,True
4/15/2024 11:00:00 AM,4/15/2024 7:00:00 AM,RFC,WEST,ATSI,OE,6397.024,True
4/15/2024 12:00:00 PM,4/15/2024 8:00:00 AM,RFC,WEST,ATSI,OE,6568.991,True
4/15/2024 1:00:00 PM,4/15/2024 9:00:00 AM,RFC,WEST,ATSI,OE,6580.305,True
4/15/2024 2:00:00 PM,4/15/2024 10:00:00 AM,RFC,WEST,ATSI,OE,6703.531,True
4/15/2024 3:00:00 PM,4/15/2024 11:00:00 AM,RFC,WEST,ATSI,OE,6659.224,True
4/15/2024 4:00:00 PM,4/15/2024 12:00:00 PM,RFC,WEST,ATSI,OE,6712.647,True
4/15/2024 5:00:00 PM,4/15/2024 1:00:00 PM,RFC,WEST,ATSI,OE,6788.691,True
4/15/2024 6:00:00 PM,4/15/2024 2:00:00 PM,RFC,WEST,ATSI,OE,6785.552,True
4/15/2024 7:00:00 PM,4/15/2024 3:00:00 PM,RFC,WEST,ATSI,OE,6753.396,True
4/15/2024 8:00:00 PM,4/15/2024 4:00:00 PM,RFC,WEST,ATSI,OE,6675.526,True
4/15/2024 9:00:00 PM,4/15/2024 5:00:00 PM,RFC,WEST,ATSI,OE,6657.133,True
4/15/2024 10:00:00 PM,4/15/2024 6:00:00 PM,RFC,WEST,ATSI,OE,6698.329,True
4/15/2024 11:00:00 PM,4/15/2024 7:00:00 PM,RFC,WEST,ATSI,OE,6672.082,True
4/16/2024 12:00:00 AM,4/15/2024 8:00:00 PM,RFC,WEST,ATSI,OE,6783.444,True
4/16/2024 1:00:00 AM,4/15/2024 9:00:00 PM,RFC,WEST,ATSI,OE,6643.807,True
4/16/2024 2:00:00 AM,4/15/2024 10:00:00 PM,RFC,WEST,ATSI,OE,6178.935,True
4/16/2024 3:00:00 AM,4/15/2024 11:00:00 PM,RFC,WEST,ATSI,OE,5855.224,True
4/16/2024 4:00:00 AM,4/16/2024 12:00:00 AM,RFC,WEST,ATSI,OE,5654.876,True
4/16/2024 5:00:00 AM,4/16/2024 1:00:00 AM,RFC,WEST,ATSI,OE,5515.168,True
4/16/2024 6:00:00 AM,4/16/2024 2:00:00 AM,RFC,WEST,ATSI,OE,5499.832,True
4/16/2024 7:00:00 AM,4/16/2024 3:00:00 AM,RFC,WEST,ATSI,OE,5434.343,True
4/16/2024 8:00:00 AM,4/16/2024 4:00:00 AM,RFC,WEST,ATSI,OE,5539.083,True
4/16/2024 9:00:00 AM,4/16/2024 5:00:00 AM,RFC,WEST,ATSI,OE,5795.760,True
4/16/2024 10:00:00 AM,4/16/2024 6:00:00 AM,RFC,WEST,ATSI,OE,6339.441,True
4/16/2024 11:00:00 AM,4/16/2024 7:00:00 AM,RFC,WEST,ATSI,OE,6668.547,True
4/16/2024 12:00:00 PM,4/16/2024 8:00:00 AM,RFC,WEST,ATSI,OE,6751.521,True
4/16/2024 1:00:00 PM,4/16/2024 9:00:00 AM,RFC,WEST,ATSI,OE,6762.917,True
4/16/2024 2:00:00 PM,4/16/2024 10:00:00 AM,RFC,WEST,ATSI,OE,6862.484,True
4/16/2024 3:00:00 PM,4/16/2024 11:00:00 AM,RFC,WEST,ATSI,OE,6863.423,True
4/16/2024 4:00:00 PM,4/16/2024 12:00:00 PM,RFC,WEST,ATSI,OE,6823.887,True
4/16/2024 5:00:00 PM,4/16/2024 1:00:00 PM,RFC,WEST,ATSI,OE,6961.608,True
4/16/2024 6:00:00 PM,4/16/2024 2:00:00 PM,RFC,WEST,ATSI,OE,6960.329,True
4/16/2024 7:00:00 PM,4/16/2024 3:00:00 PM,RFC,WEST,ATSI,OE,6934.357,True
4/16/2024 8:00:00 PM,4/16/2024 4:00:00 PM,RFC,WEST,ATSI,OE,6876.891,True
4/16/2024 9:00:00 PM,4/16/2024 5:00:00 PM,RFC,WEST,ATSI,OE,6831.658,True
4/16/2024 10:00:00 PM,4/16/2024 6:00:00 PM,RFC,WEST,ATSI,OE,6800.760,True
4/16/2024 11:00:00 PM,4/16/2024 7:00:00 PM,RFC,WEST,ATSI,OE,6749.349,True
4/17/2024 12:00:00 AM,4/16/2024 8:00:00 PM,RFC,WEST,ATSI,OE,6926.095,True
4/17/2024 1:00:00 AM,4/16/2024 9:00:00 PM,RFC,WEST,ATSI,OE,6801.828,True
4/17/2024 2:00:00 AM,4/16/2024 10:00:00 PM,RFC,WEST,ATSI,OE,6324.348,True
4/17/2024 3:00:00 AM,4/16/2024 11:00:00 PM,RFC,WEST,ATSI,OE,6028.475,True
4/17/2024 4:00:00 AM,4/17/2024 12:00:00 AM,RFC,WEST,ATSI,OE,5731.575,True
4/17/2024 5:00:00 AM,4/17/2024 1:00:00 AM,RFC,WEST,ATSI,OE,5586.268,True
4/17/2024 6:00:00 AM,4/17/2024 2:00:00 AM,RFC,WEST,ATSI,OE,5517.193,True
4/17/2024 7:00:00 AM,4/17/2024 3:00:00 AM,RFC,WEST,ATSI,OE,5394.341,True
4/17/2024 8:00:00 AM,4/17/2024 4:00:00 AM,RFC,WEST,ATSI,OE,5420.841,True
4/17/2024 9:00:00 AM,4/17/2024 5:00:00 AM,RFC,WEST,ATSI,OE,5671.138,True
4/17/2024 10:00:00 AM,4/17/2024 6:00:00 AM,RFC,WEST,ATSI,OE,6177.816,True
4/17/2024 11:00:00 AM,4/17/2024 7:00:00 AM,RFC,WEST,ATSI,OE,6492.077,True
4/17/2024 12:00:00 PM,4/17/2024 8:00:00 AM,RFC,WEST,ATSI,OE,6707.686,True
4/17/2024 1:00:00 PM,4/17/2024 9:00:00 AM,RFC,WEST,ATSI,OE,6843.603,True
4/17/2024 2:00:00 PM,4/17/2024 10:00:00 AM,RFC,WEST,ATSI,OE,6940.306,True
4/17/2024 3:00:00 PM,4/17/2024 11:00:00 AM,RFC,WEST,ATSI,OE,6948.122,True
4/17/2024 4:00:00 PM,4/17/2024 12:00:00 PM,RFC,WEST,ATSI,OE,6916.986,True
4/17/2024 5:00:00 PM,4/17/2024 1:00:00 PM,RFC,WEST,ATSI,OE,6955.983,True
4/17/2024 6:00:00 PM,4/17/2024 2:00:00 PM,RFC,WEST,ATSI,OE,7007.504,True
4/17/2024 7:00:00 PM,4/17/2024 3:00:00 PM,RFC,WEST,ATSI,OE,7108.959,True
4/17/2024 8:00:00 PM,4/17/2024 4:00:00 PM,RFC,WEST,ATSI,OE,7067.947,True
4/17/2024 9:00:00 PM,4/17/2024 5:00:00 PM,RFC,WEST,ATSI,OE,7004.146,True
4/17/2024 10:00:00 PM,4/17/2024 6:00:00 PM,RFC,WEST,ATSI,OE,6968.907,True
4/17/2024 11:00:00 PM,4/17/2024 7:00:00 PM,RFC,WEST,ATSI,OE,6772.388,True
4/18/2024 12:00:00 AM,4/17/2024 8:00:00 PM,RFC,WEST,ATSI,OE,6797.585,True
4/18/2024 1:00:00 AM,4/17/2024 9:00:00 PM,RFC,WEST,ATSI,OE,6693.126,True
4/18/2024 2:00:00 AM,4/17/2024 10:00:00 PM,RFC,WEST,ATSI,OE,6354.465,True
4/18/2024 3:00:00 AM,4/17/2024 11:00:00 PM,RFC,WEST,ATSI,OE,6015.934,True
4/18/2024 4:00:00 AM,4/18/2024 12:00:00 AM,RFC,WEST,ATSI,OE,5781.038,True
4/18/2024 5:00:00 AM,4/18/2024 1:00:00 AM,RFC,WEST,ATSI,OE,5610.130,True
4/18/2024 6:00:00 AM,4/18/2024 2:00:00 AM,RFC,WEST,ATSI,OE,5543.424,True
4/18/2024 7:00:00 AM,4/18/2024 3:00:00 AM,RFC,WEST,ATSI,OE,5522.562,True
4/18/2024 8:00:00 AM,4/18/2024 4:00:00 AM,RFC,WEST,ATSI,OE,5622.771,True
4/18/2024 9:00:00 AM,4/18/2024 5:00:00 AM,RFC,WEST,ATSI,OE,5901.664,True
4/18/2024 10:00:00 AM,4/18/2024 6:00:00 AM,RFC,WEST,ATSI,OE,6371.268,True
4/18/2024 11:00:00 AM,4/18/2024 7:00:00 AM,RFC,WEST,ATSI,OE,6633.383,True
4/18/2024 12:00:00 PM,4/18/2024 8:00:00 AM,RFC,WEST,ATSI,OE,6885.738,True
4/18/2024 1:00:00 PM,4/18/2024 9:00:00 AM,RFC,WEST,ATSI,OE,6882.791,True
4/18/2024 2:00:00 PM,4/18/2024 10:00:00 AM,RFC,WEST,ATSI,OE,6887.415,True
4/18/2024 3:00:00 PM,4/18/2024 11:00:00 AM,RFC,WEST,ATSI,OE,6861.844,True
4/18/2024 4:00:00 PM,4/18/2024 12:00:00 PM,RFC,WEST,ATSI,OE,6775.144,True
4/18/2024 5:00:00 PM,4/18/2024 1:00:00 PM,RFC,WEST,ATSI,OE,6816.213,True
4/18/2024 6:00:00 PM,4/18/2024 2:00:00 PM,RFC,WEST,ATSI,OE,6832.775,True
4/18/2024 7:00:00 PM,4/18/2024 3:00:00 PM,RFC,WEST,ATSI,OE,6823.425,True
4/18/2024 8:00:00 PM,4/18/2024 4:00:00 PM,RFC,WEST,ATSI,OE,6784.903,True
4/18/2024 9:00:00 PM,4/18/2024 5:00:00 PM,RFC,WEST,ATSI,OE,6757.594,True
4/18/2024 10:00:00 PM,4/18/2024 6:00:00 PM,RFC,WEST,ATSI,OE,6710.090,True
4/18/2024 11:00:00 PM,4/18/2024 7:00:00 PM,RFC,WEST,ATSI,OE,6744.962,True
4/19/2024 12:00:00 AM,4/18/2024 8:00:00 PM,RFC,WEST,ATSI,OE,6814.393,True
4/19/2024 1:00:00 AM,4/18/2024 9:00:00 PM,RFC,WEST,ATSI,OE,6690.046,True
4/19/2024 2:00:00 AM,4/18/2024 10:00:00 PM,RFC,WEST,ATSI,OE,6338.155,True
4/19/2024 3:00:00 AM,4/18/2024 11:00:00 PM,RFC,WEST,ATSI,OE,5945.745,True
4/19/2024 4:00:00 AM,4/19/2024 12:00:00 AM,RFC,WEST,ATSI,OE,5701.948,True
4/19/2024 5:00:00 AM,4/19/2024 1:00:00 AM,RFC,WEST,ATSI,OE,5562.303,True
4/19/2024 6:00:00 AM,4/19/2024 2:00:00 AM,RFC,WEST,ATSI,OE,5432.070,True
4/19/2024 7:00:00 AM,4/19/2024 3:00:00 AM,RFC,WEST,ATSI,OE,5430.916,True
4/19/2024 8:00:00 AM,4/19/2024 4:00:00 AM,RFC,WEST,ATSI,OE,5551.265,True
4/19/2024 9:00:00 AM,4/19/2024 5:00:00 AM,RFC,WEST,ATSI,OE,5791.971,True
4/19/2024 10:00:00 AM,4/19/2024 6:00:00 AM,RFC,WEST,ATSI,OE,6293.214,True
4/19/2024 11:00:00 AM,4/19/2024 7:00:00 AM,RFC,WEST,ATSI,OE,6687.535,True
4/19/2024 12:00:00 PM,4/19/2024 8:00:00 AM,RFC,WEST,ATSI,OE,6849.201,True
4/19/2024 1:00:00 PM,4/19/2024 9:00:00 AM,RFC,WEST,ATSI,OE,6952.176,True
4/19/2024 2:00:00 PM,4/19/2024 10:00:00 AM,RFC,WEST,ATSI,OE,6976.746,True
4/19/2024 3:00:00 PM,4/19/2024 11:00:00 AM,RFC,WEST,ATSI,OE,6957.891,True
4/19/2024 4:00:00 PM,4/19/2024 12:00:00 PM,RFC,WEST,ATSI,OE,6891.224,True
4/19/2024 5:00:00 PM,4/19/2024 1:00:00 PM,RFC,WEST,ATSI,OE,6827.522,True
4/19/2024 6:00:00 PM,4/19/2024 2:00:00 PM,RFC,WEST,ATSI,OE,6651.543,True
4/19/2024 7:00:00 PM,4/19/2024 3:00:00 PM,RFC,WEST,ATSI,OE,6523.730,True
4/19/2024 8:00:00 PM,4/19/2024 4:00:00 PM,RFC,WEST,ATSI,OE,6470.396,True
4/19/2024 9:00:00 PM,4/19/2024 5:00:00 PM,RFC,WEST,ATSI,OE,6398.074,True
4/19/2024 10:00:00 PM,4/19/2024 6:00:00 PM,RFC,WEST,ATSI,OE,6326.937,True
4/19/2024 11:00:00 PM,4/19/2024 7:00:00 PM,RFC,WEST,ATSI,OE,6262.296,True
4/20/2024 12:00:00 AM,4/19/2024 8:00:00 PM,RFC,WEST,ATSI,OE,6380.576,True
4/20/2024 1:00:00 AM,4/19/2024 9:00:00 PM,RFC,WEST,ATSI,OE,6210.381,True
4/20/2024 2:00:00 AM,4/19/2024 10:00:00 PM,RFC,WEST,ATSI,OE,5964.723,True
4/20/2024 3:00:00 AM,4/19/2024 11:00:00 PM,RFC,WEST,ATSI,OE,5679.522,True
4/20/2024 4:00:00 AM,4/20/2024 12:00:00 AM,RFC,WEST,ATSI,OE,5473.480,True
4/20/2024 5:00:00 AM,4/20/2024 1:00:00 AM,RFC,WEST,ATSI,OE,5330.870,True
4/20/2024 6:00:00 AM,4/20/2024 2:00:00 AM,RFC,WEST,ATSI,OE,5265.274,True
4/20/2024 7:00:00 AM,4/20/2024 3:00:00 AM,RFC,WEST,ATSI,OE,5223.880,True
4/20/2024 8:00:00 AM,4/20/2024 4:00:00 AM,RFC,WEST,ATSI,OE,5259.213,True
4/20/2024 9:00:00 AM,4/20/2024 5:00:00 AM,RFC,WEST,ATSI,OE,5374.950,True
4/20/2024 10:00:00 AM,4/20/2024 6:00:00 AM,RFC,WEST,ATSI,OE,5534.700,True
4/20/2024 11:00:00 AM,4/20/2024 7:00:00 AM,RFC,WEST,ATSI,OE,5652.280,True
4/20/2024 12:00:00 PM,4/20/2024 8:00:00 AM,RFC,WEST,ATSI,OE,5934.855,True
4/20/2024 1:00:00 PM,4/20/2024 9:00:00 AM,RFC,WEST,ATSI,OE,6005.433,True
4/20/2024 2:00:00 PM,4/20/2024 10:00:00 AM,RFC,WEST,ATSI,OE,6061.884,True
4/20/2024 3:00:00 PM,4/20/2024 11:00:00 AM,RFC,WEST,ATSI,OE,6103.699,True
4/20/2024 4:00:00 PM,4/20/2024 12:00:00 PM,RFC,WEST,ATSI,OE,6023.580,True
4/20/2024 5:00:00 PM,4/20/2024 1:00:00 PM,RFC,WEST,ATSI,OE,5978.035,True
4/20/2024 6:00:00 PM,4/20/2024 2:00:00 PM,RFC,WEST,ATSI,OE,5914.234,True
4/20/2024 7:00:00 PM,4/20/2024 3:00:00 PM,RFC,WEST,ATSI,OE,5861.939,True
4/20/2024 8:00:00 PM,4/20/2024 4:00:00 PM,RFC,WEST,ATSI,OE,5871.848,True
4/20/2024 9:00:00 PM,4/20/2024 5:00:00 PM,RFC,WEST,ATSI,OE,5953.110,True
4/20/2024 10:00:00 PM,4/20/2024 6:00:00 PM,RFC,WEST,ATSI,OE,5958.460,True
4/20/2024 11:00:00 PM,4/20/2024 7:00:00 PM,RFC,WEST,ATSI,OE,6061.604,True
4/21/2024 12:00:00 AM,4/20/2024 8:00:00 PM,RFC,WEST,ATSI,OE,6207.562,True
4/21/2024 1:00:00 AM,4/20/2024 9:00:00 PM,RFC,WEST,ATSI,OE,6171.186,True
4/21/2024 2:00:00 AM,4/20/2024 10:00:00 PM,RFC,WEST,ATSI,OE,5923.603,True
4/21/2024 3:00:00 AM,4/20/2024 11:00:00 PM,RFC,WEST,ATSI,OE,5754.676,True
4/21/2024 4:00:00 AM,4/21/2024 12:00:00 AM,RFC,WEST,ATSI,OE,5575.513,True
4/21/2024 5:00:00 AM,4/21/2024 1:00:00 AM,RFC,WEST,ATSI,OE,5466.061,True
4/21/2024 6:00:00 AM,4/21/2024 2:00:00 AM,RFC,WEST,ATSI,OE,5404.330,True
4/21/2024 7:00:00 AM,4/21/2024 3:00:00 AM,RFC,WEST,ATSI,OE,5376.948,True
4/21/2024 8:00:00 AM,4/21/2024 4:00:00 AM,RFC,WEST,ATSI,OE,5320.389,True
4/21/2024 9:00:00 AM,4/21/2024 5:00:00 AM,RFC,WEST,ATSI,OE,5495.543,True
4/21/2024 10:00:00 AM,4/21/2024 6:00:00 AM,RFC,WEST,ATSI,OE,5608.439,True
4/21/2024 11:00:00 AM,4/21/2024 7:00:00 AM,RFC,WEST,ATSI,OE,5718.763,True
4/21/2024 12:00:00 PM,4/21/2024 8:00:00 AM,RFC,WEST,ATSI,OE,5922.528,True
4/21/2024 1:00:00 PM,4/21/2024 9:00:00 AM,RFC,WEST,ATSI,OE,6088.571,True
4/21/2024 2:00:00 PM,4/21/2024 10:00:00 AM,RFC,WEST,ATSI,OE,6207.935,True
4/21/2024 3:00:00 PM,4/21/2024 11:00:00 AM,RFC,WEST,ATSI,OE,6255.138,True
4/21/2024 4:00:00 PM,4/21/2024 12:00:00 PM,RFC,WEST,ATSI,OE,6232.406,True
4/21/2024 5:00:00 PM,4/21/2024 1:00:00 PM,RFC,WEST,ATSI,OE,6203.576,True
4/21/2024 6:00:00 PM,4/21/2024 2:00:00 PM,RFC,WEST,ATSI,OE,6133.912,True
4/21/2024 7:00:00 PM,4/21/2024 3:00:00 PM,RFC,WEST,ATSI,OE,6057.562,True
4/21/2024 8:00:00 PM,4/21/2024 4:00:00 PM,RFC,WEST,ATSI,OE,6033.994,True
4/21/2024 9:00:00 PM,4/21/2024 5:00:00 PM,RFC,WEST,ATSI,OE,6052.367,True
4/21/2024 10:00:00 PM,4/21/2024 6:00:00 PM,RFC,WEST,ATSI,OE,6040.532,True
4/21/2024 11:00:00 PM,4/21/2024 7:00:00 PM,RFC,WEST,ATSI,OE,6177.108,True
4/22/2024 12:00:00 AM,4/21/2024 8:00:00 PM,RFC,WEST,ATSI,OE,6366.502,True
4/22/2024 1:00:00 AM,4/21/2024 9:00:00 PM,RFC,WEST,ATSI,OE,6368.097,True
4/22/2024 2:00:00 AM,4/21/2024 10:00:00 PM,RFC,WEST,ATSI,OE,6123.385,True
4/22/2024 3:00:00 AM,4/21/2024 11:00:00 PM,RFC,WEST,ATSI,OE,5958.592,True
4/22/2024 4:00:00 AM,4/22/2024 12:00:00 AM,RFC,WEST,ATSI,OE,5857.429,True
4/22/2024 5:00:00 AM,4/22/2024 1:00:00 AM,RFC,WEST,ATSI,OE,5759.843,True
4/22/2024 6:00:00 AM,4/22/2024 2:00:00 AM,RFC,WEST,ATSI,OE,5690.523,True
4/22/2024 7:00:00 AM,4/22/2024 3:00:00 AM,RFC,WEST,ATSI,OE,5776.027,True
4/22/2024 8:00:00 AM,4/22/2024 4:00:00 AM,RFC,WEST,ATSI,OE,5922.653,True
4/22/2024 9:00:00 AM,4/22/2024 5:00:00 AM,RFC,WEST,ATSI,OE,6266.727,True
4/22/2024 10:00:00 AM,4/22/2024 6:00:00 AM,RFC,WEST,ATSI,OE,6788.613,True
4/22/2024 11:00:00 AM,4/22/2024 7:00:00 AM,RFC,WEST,ATSI,OE,7065.853,True
4/22/2024 12:00:00 PM,4/22/2024 8:00:00 AM,RFC,WEST,ATSI,OE,7155.718,True
4/22/2024 1:00:00 PM,4/22/2024 9:00:00 AM,RFC,WEST,ATSI,OE,7023.119,True
4/22/2024 2:00:00 PM,4/22/2024 10:00:00 AM,RFC,WEST,ATSI,OE,6940.457,True
4/22/2024 3:00:00 PM,4/22/2024 11:00:00 AM,RFC,WEST,ATSI,OE,6858.581,True
4/22/2024 4:00:00 PM,4/22/2024 12:00:00 PM,RFC,WEST,ATSI,OE,6855.954,True
4/22/2024 5:00:00 PM,4/22/2024 1:00:00 PM,RFC,WEST,ATSI,OE,6800.621,True
4/22/2024 6:00:00 PM,4/22/2024 2:00:00 PM,RFC,WEST,ATSI,OE,6682.512,True
4/22/2024 7:00:00 PM,4/22/2024 3:00:00 PM,RFC,WEST,ATSI,OE,6632.808,True
4/22/2024 8:00:00 PM,4/22/2024 4:00:00 PM,RFC,WEST,ATSI,OE,6452.075,True
4/22/2024 9:00:00 PM,4/22/2024 5:00:00 PM,RFC,WEST,ATSI,OE,6392.278,True
4/22/2024 10:00:00 PM,4/22/2024 6:00:00 PM,RFC,WEST,ATSI,OE,6425.641,True
4/22/2024 11:00:00 PM,4/22/2024 7:00:00 PM,RFC,WEST,ATSI,OE,6472.098,True
4/23/2024 12:00:00 AM,4/22/2024 8:00:00 PM,RFC,WEST,ATSI,OE,6626.102,True
4/23/2024 1:00:00 AM,4/22/2024 9:00:00 PM,RFC,WEST,ATSI,OE,6556.692,True
4/23/2024 2:00:00 AM,4/22/2024 10:00:00 PM,RFC,WEST,ATSI,OE,6275.945,True
4/23/2024 3:00:00 AM,4/22/2024 11:00:00 PM,RFC,WEST,ATSI,OE,6056.842,True
4/23/2024 4:00:00 AM,4/23/2024 12:00:00 AM,RFC,WEST,ATSI,OE,5846.489,True
4/23/2024 5:00:00 AM,4/23/2024 1:00:00 AM,RFC,WEST,ATSI,OE,5731.660,True
4/23/2024 6:00:00 AM,4/23/2024 2:00:00 AM,RFC,WEST,ATSI,OE,5659.224,True
4/23/2024 7:00:00 AM,4/23/2024 3:00:00 AM,RFC,WEST,ATSI,OE,5712.547,True
4/23/2024 8:00:00 AM,4/23/2024 4:00:00 AM,RFC,WEST,ATSI,OE,5863.802,True
4/23/2024 9:00:00 AM,4/23/2024 5:00:00 AM,RFC,WEST,ATSI,OE,6015.314,True
4/23/2024 10:00:00 AM,4/23/2024 6:00:00 AM,RFC,WEST,ATSI,OE,6610.915,True
4/23/2024 11:00:00 AM,4/23/2024 7:00:00 AM,RFC,WEST,ATSI,OE,6859.653,True
4/23/2024 12:00:00 PM,4/23/2024 8:00:00 AM,RFC,WEST,ATSI,OE,7060.263,True
4/23/2024 1:00:00 PM,4/23/2024 9:00:00 AM,RFC,WEST,ATSI,OE,7017.793,True
4/23/2024 2:00:00 PM,4/23/2024 10:00:00 AM,RFC,WEST,ATSI,OE,7018.201,True
4/23/2024 3:00:00 PM,4/23/2024 11:00:00 AM,RFC,WEST,ATSI,OE,7016.191,True
4/23/2024 4:00:00 PM,4/23/2024 12:00:00 PM,RFC,WEST,ATSI,OE,7030.227,True
4/23/2024 5:00:00 PM,4/23/2024 1:00:00 PM,RFC,WEST,ATSI,OE,7020.518,True
4/23/2024 6:00:00 PM,4/23/2024 2:00:00 PM,RFC,WEST,ATSI,OE,6911.119,True
4/23/2024 7:00:00 PM,4/23/2024 3:00:00 PM,RFC,WEST,ATSI,OE,6836.722,True
4/23/2024 8:00:00 PM,4/23/2024 4:00:00 PM,RFC,WEST,ATSI,OE,6807.145,True
4/23/2024 9:00:00 PM,4/23/2024 5:00:00 PM,RFC,WEST,ATSI,OE,6788.428,True
4/23/2024 10:00:00 PM,4/23/2024 6:00:00 PM,RFC,WEST,ATSI,OE,6817.563,True
4/23/2024 11:00:00 PM,4/23/2024 7:00:00 PM,RFC,WEST,ATSI,OE,6763.303,True
4/24/2024 12:00:00 AM,4/23/2024 8:00:00 PM,RFC,WEST,ATSI,OE,6838.559,True
4/24/2024 1:00:00 AM,4/23/2024 9:00:00 PM,RFC,WEST,ATSI,OE,6699.150,True
4/24/2024 2:00:00 AM,4/23/2024 10:00:00 PM,RFC,WEST,ATSI,OE,6316.465,True
4/24/2024 3:00:00 AM,4/23/2024 11:00:00 PM,RFC,WEST,ATSI,OE,6051.898,True
4/24/2024 4:00:00 AM,4/24/2024 12:00:00 AM,RFC,WEST,ATSI,OE,5851.714,True
4/24/2024 5:00:00 AM,4/24/2024 1:00:00 AM,RFC,WEST,ATSI,OE,5734.476,True
4/24/2024 6:00:00 AM,4/24/2024 2:00:00 AM,RFC,WEST,ATSI,OE,5705.038,True
4/24/2024 7:00:00 AM,4/24/2024 3:00:00 AM,RFC,WEST,ATSI,OE,5704.630,True
4/24/2024 8:00:00 AM,4/24/2024 4:00:00 AM,RFC,WEST,ATSI,OE,5811.047,True
4/24/2024 9:00:00 AM,4/24/2024 5:00:00 AM,RFC,WEST,ATSI,OE,6126.658,True
4/24/2024 10:00:00 AM,4/24/2024 6:00:00 AM,RFC,WEST,ATSI,OE,6521.089,True
4/24/2024 11:00:00 AM,4/24/2024 7:00:00 AM,RFC,WEST,ATSI,OE,6928.500,True
4/24/2024 12:00:00 PM,4/24/2024 8:00:00 AM,RFC,WEST,ATSI,OE,7095.435,True
4/24/2024 1:00:00 PM,4/24/2024 9:00:00 AM,RFC,WEST,ATSI,OE,7176.891,True
4/24/2024 2:00:00 PM,4/24/2024 10:00:00 AM,RFC,WEST,ATSI,OE,7243.760,True
4/24/2024 3:00:00 PM,4/24/2024 11:00:00 AM,RFC,WEST,ATSI,OE,7277.831,True
4/24/2024 4:00:00 PM,4/24/2024 12:00:00 PM,RFC,WEST,ATSI,OE,7279.669,True
4/24/2024 5:00:00 PM,4/24/2024 1:00:00 PM,RFC,WEST,ATSI,OE,7260.278,True
4/24/2024 6:00:00 PM,4/24/2024 2:00:00 PM,RFC,WEST,ATSI,OE,7204.488,True
4/24/2024 7:00:00 PM,4/24/2024 3:00:00 PM,RFC,WEST,ATSI,OE,7102.901,True
4/24/2024 8:00:00 PM,4/24/2024 4:00:00 PM,RFC,WEST,ATSI,OE,7120.158,True
4/24/2024 9:00:00 PM,4/24/2024 5:00:00 PM,RFC,WEST,ATSI,OE,7061.208,True
4/24/2024 10:00:00 PM,4/24/2024 6:00:00 PM,RFC,WEST,ATSI,OE,6974.866,True
4/24/2024 11:00:00 PM,4/24/2024 7:00:00 PM,RFC,WEST,ATSI,OE,7011.117,True
4/25/2024 12:00:00 AM,4/24/2024 8:00:00 PM,RFC,WEST,ATSI,OE,7086.551,True
4/25/2024 1:00:00 AM,4/24/2024 9:00:00 PM,RFC,WEST,ATSI,OE,7009.152,True
4/25/2024 2:00:00 AM,4/24/2024 10:00:00 PM,RFC,WEST,ATSI,OE,6672.068,True
4/25/2024 3:00:00 AM,4/24/2024 11:00:00 PM,RFC,WEST,ATSI,OE,6396.705,True
4/25/2024 4:00:00 AM,4/25/2024 12:00:00 AM,RFC,WEST,ATSI,OE,6245.573,True
4/25/2024 5:00:00 AM,4/25/2024 1:00:00 AM,RFC,WEST,ATSI,OE,6118.320,True
4/25/2024 6:00:00 AM,4/25/2024 2:00:00 AM,RFC,WEST,ATSI,OE,6092.809,True
4/25/2024 7:00:00 AM,4/25/2024 3:00:00 AM,RFC,WEST,ATSI,OE,6044.675,True
4/25/2024 8:00:00 AM,4/25/2024 4:00:00 AM,RFC,WEST,ATSI,OE,6187.119,True
4/25/2024 9:00:00 AM,4/25/2024 5:00:00 AM,RFC,WEST,ATSI,OE,6504.189,True
4/25/2024 10:00:00 AM,4/25/2024 6:00:00 AM,RFC,WEST,ATSI,OE,6818.352,True
4/25/2024 11:00:00 AM,4/25/2024 7:00:00 AM,RFC,WEST,ATSI,OE,7181.639,True
4/25/2024 12:00:00 PM,4/25/2024 8:00:00 AM,RFC,WEST,ATSI,OE,7218.888,True
4/25/2024 1:00:00 PM,4/25/2024 9:00:00 AM,RFC,WEST,ATSI,OE,7174.921,True
4/25/2024 2:00:00 PM,4/25/2024 10:00:00 AM,RFC,WEST,ATSI,OE,7072.472,True
4/25/2024 3:00:00 PM,4/25/2024 11:00:00 AM,RFC,WEST,ATSI,OE,6905.146,True
4/25/2024 4:00:00 PM,4/25/2024 12:00:00 PM,RFC,WEST,ATSI,OE,6877.767,True
4/25/2024 5:00:00 PM,4/25/2024 1:00:00 PM,RFC,WEST,ATSI,OE,6835.656,True
4/25/2024 6:00:00 PM,4/25/2024 2:00:00 PM,RFC,WEST,ATSI,OE,6674.119,True
4/25/2024 7:00:00 PM,4/25/2024 3:00:00 PM,RFC,WEST,ATSI,OE,6612.994,True
4/25/2024 8:00:00 PM,4/25/2024 4:00:00 PM,RFC,WEST,ATSI,OE,6535.012,True
4/25/2024 9:00:00 PM,4/25/2024 5:00:00 PM,RFC,WEST,ATSI,OE,6473.849,True
4/25/2024 10:00:00 PM,4/25/2024 6:00:00 PM,RFC,WEST,ATSI,OE,6417.119,True
4/25/2024 11:00:00 PM,4/25/2024 7:00:00 PM,RFC,WEST,ATSI,OE,6504.557,True
4/26/2024 12:00:00 AM,4/25/2024 8:00:00 PM,RFC,WEST,ATSI,OE,6706.960,True
4/26/2024 1:00:00 AM,4/25/2024 9:00:00 PM,RFC,WEST,ATSI,OE,6745.602,True
4/26/2024 2:00:00 AM,4/25/2024 10:00:00 PM,RFC,WEST,ATSI,OE,6483.981,True
4/26/2024 3:00:00 AM,4/25/2024 11:00:00 PM,RFC,WEST,ATSI,OE,6213.640,True
4/26/2024 4:00:00 AM,4/26/2024 12:00:00 AM,RFC,WEST,ATSI,OE,5939.901,True
4/26/2024 5:00:00 AM,4/26/2024 1:00:00 AM,RFC,WEST,ATSI,OE,5871.966,True
4/26/2024 6:00:00 AM,4/26/2024 2:00:00 AM,RFC,WEST,ATSI,OE,5863.899,True
4/26/2024 7:00:00 AM,4/26/2024 3:00:00 AM,RFC,WEST,ATSI,OE,5795.528,True
4/26/2024 8:00:00 AM,4/26/2024 4:00:00 AM,RFC,WEST,ATSI,OE,5940.744,True
4/26/2024 9:00:00 AM,4/26/2024 5:00:00 AM,RFC,WEST,ATSI,OE,6313.656,True
4/26/2024 10:00:00 AM,4/26/2024 6:00:00 AM,RFC,WEST,ATSI,OE,6763.874,True
4/26/2024 11:00:00 AM,4/26/2024 7:00:00 AM,RFC,WEST,ATSI,OE,7036.270,True
4/26/2024 12:00:00 PM,4/26/2024 8:00:00 AM,RFC,WEST,ATSI,OE,7041.139,True
4/26/2024 1:00:00 PM,4/26/2024 9:00:00 AM,RFC,WEST,ATSI,OE,6922.688,True
4/26/2024 2:00:00 PM,4/26/2024 10:00:00 AM,RFC,WEST,ATSI,OE,6867.822,True
4/26/2024 3:00:00 PM,4/26/2024 11:00:00 AM,RFC,WEST,ATSI,OE,6786.295,True
4/26/2024 4:00:00 PM,4/26/2024 12:00:00 PM,RFC,WEST,ATSI,OE,6744.667,True
4/26/2024 5:00:00 PM,4/26/2024 1:00:00 PM,RFC,WEST,ATSI,OE,6697.322,True
4/26/2024 6:00:00 PM,4/26/2024 2:00:00 PM,RFC,WEST,ATSI,OE,6572.171,True
4/26/2024 7:00:00 PM,4/26/2024 3:00:00 PM,RFC,WEST,ATSI,OE,6471.453,True
4/26/2024 8:00:00 PM,4/26/2024 4:00:00 PM,RFC,WEST,ATSI,OE,6436.051,True
4/26/2024 9:00:00 PM,4/26/2024 5:00:00 PM,RFC,WEST,ATSI,OE,6360.602,True
4/26/2024 10:00:00 PM,4/26/2024 6:00:00 PM,RFC,WEST,ATSI,OE,6259.731,True
4/26/2024 11:00:00 PM,4/26/2024 7:00:00 PM,RFC,WEST,ATSI,OE,6250.436,True
4/27/2024 12:00:00 AM,4/26/2024 8:00:00 PM,RFC,WEST,ATSI,OE,6323.606,True
4/27/2024 1:00:00 AM,4/26/2024 9:00:00 PM,RFC,WEST,ATSI,OE,6175.366,True
4/27/2024 2:00:00 AM,4/26/2024 10:00:00 PM,RFC,WEST,ATSI,OE,5904.663,True
4/27/2024 3:00:00 AM,4/26/2024 11:00:00 PM,RFC,WEST,ATSI,OE,5599.306,True
4/27/2024 4:00:00 AM,4/27/2024 12:00:00 AM,RFC,WEST,ATSI,OE,5369.005,True
4/27/2024 5:00:00 AM,4/27/2024 1:00:00 AM,RFC,WEST,ATSI,OE,5206.801,True
4/27/2024 6:00:00 AM,4/27/2024 2:00:00 AM,RFC,WEST,ATSI,OE,5048.488,True
4/27/2024 7:00:00 AM,4/27/2024 3:00:00 AM,RFC,WEST,ATSI,OE,5041.112,True
4/27/2024 8:00:00 AM,4/27/2024 4:00:00 AM,RFC,WEST,ATSI,OE,5044.413,True
4/27/2024 9:00:00 AM,4/27/2024 5:00:00 AM,RFC,WEST,ATSI,OE,5160.805,True
4/27/2024 10:00:00 AM,4/27/2024 6:00:00 AM,RFC,WEST,ATSI,OE,5309.196,True
4/27/2024 11:00:00 AM,4/27/2024 7:00:00 AM,RFC,WEST,ATSI,OE,5562.921,True
4/27/2024 12:00:00 PM,4/27/2024 8:00:00 AM,RFC,WEST,ATSI,OE,5772.712,True
4/27/2024 1:00:00 PM,4/27/2024 9:00:00 AM,RFC,WEST,ATSI,OE,5956.940,True
4/27/2024 2:00:00 PM,4/27/2024 10:00:00 AM,RFC,WEST,ATSI,OE,6022.105,True
4/27/2024 3:00:00 PM,4/27/2024 11:00:00 AM,RFC,WEST,ATSI,OE,6044.691,True
4/27/2024 4:00:00 PM,4/27/2024 12:00:00 PM,RFC,WEST,ATSI,OE,6067.055,True
4/27/2024 5:00:00 PM,4/27/2024 1:00:00 PM,RFC,WEST,ATSI,OE,6148.279,True
4/27/2024 6:00:00 PM,4/27/2024 2:00:00 PM,RFC,WEST,ATSI,OE,6177.625,True
4/27/2024 7:00:00 PM,4/27/2024 3:00:00 PM,RFC,WEST,ATSI,OE,6222.628,True
4/27/2024 8:00:00 PM,4/27/2024 4:00:00 PM,RFC,WEST,ATSI,OE,6257.993,True
4/27/2024 9:00:00 PM,4/27/2024 5:00:00 PM,RFC,WEST,ATSI,OE,6268.722,True
4/27/2024 10:00:00 PM,4/27/2024 6:00:00 PM,RFC,WEST,ATSI,OE,6255.253,True
4/27/2024 11:00:00 PM,4/27/2024 7:00:00 PM,RFC,WEST,ATSI,OE,6242.920,True
4/28/2024 12:00:00 AM,4/27/2024 8:00:00 PM,RFC,WEST,ATSI,OE,6293.498,True
4/28/2024 1:00:00 AM,4/27/2024 9:00:00 PM,RFC,WEST,ATSI,OE,6292.188,True
4/28/2024 2:00:00 AM,4/27/2024 10:00:00 PM,RFC,WEST,ATSI,OE,5972.078,True
4/28/2024 3:00:00 AM,4/27/2024 11:00:00 PM,RFC,WEST,ATSI,OE,5672.084,True
4/28/2024 4:00:00 AM,4/28/2024 12:00:00 AM,RFC,WEST,ATSI,OE,5440.815,True
4/28/2024 5:00:00 AM,4/28/2024 1:00:00 AM,RFC,WEST,ATSI,OE,5271.824,True
4/28/2024 6:00:00 AM,4/28/2024 2:00:00 AM,RFC,WEST,ATSI,OE,5113.786,True
4/28/2024 7:00:00 AM,4/28/2024 3:00:00 AM,RFC,WEST,ATSI,OE,5039.083,True
4/28/2024 8:00:00 AM,4/28/2024 4:00:00 AM,RFC,WEST,ATSI,OE,5050.312,True
4/28/2024 9:00:00 AM,4/28/2024 5:00:00 AM,RFC,WEST,ATSI,OE,5050.079,True
4/28/2024 10:00:00 AM,4/28/2024 6:00:00 AM,RFC,WEST,ATSI,OE,5135.658,True
4/28/2024 11:00:00 AM,4/28/2024 7:00:00 AM,RFC,WEST,ATSI,OE,5283.127,True
4/28/2024 12:00:00 PM,4/28/2024 8:00:00 AM,RFC,WEST,ATSI,OE,5520.979,True
4/28/2024 1:00:00 PM,4/28/2024 9:00:00 AM,RFC,WEST,ATSI,OE,5754.426,True
4/28/2024 2:00:00 PM,4/28/2024 10:00:00 AM,RFC,WEST,ATSI,OE,6019.084,True
4/28/2024 3:00:00 PM,4/28/2024 11:00:00 AM,RFC,WEST,ATSI,OE,6205.581,True
4/28/2024 4:00:00 PM,4/28/2024 12:00:00 PM,RFC,WEST,ATSI,OE,6293.043,True
4/28/2024 5:00:00 PM,4/28/2024 1:00:00 PM,RFC,WEST,ATSI,OE,6434.681,True
4/28/2024 6:00:00 PM,4/28/2024 2:00:00 PM,RFC,WEST,ATSI,OE,6474.213,True
4/28/2024 7:00:00 PM,4/28/2024 3:00:00 PM,RFC,WEST,ATSI,OE,6546.489,True
4/28/2024 8:00:00 PM,4/28/2024 4:00:00 PM,RFC,WEST,ATSI,OE,6717.709,True
4/28/2024 9:00:00 PM,4/28/2024 5:00:00 PM,RFC,WEST,ATSI,OE,6846.634,True
4/28/2024 10:00:00 PM,4/28/2024 6:00:00 PM,RFC,WEST,ATSI,OE,6924.776,True
4/28/2024 11:00:00 PM,4/28/2024 7:00:00 PM,RFC,WEST,ATSI,OE,6979.284,True
4/29/2024 12:00:00 AM,4/28/2024 8:00:00 PM,RFC,WEST,ATSI,OE,6985.246,True
4/29/2024 1:00:00 AM,4/28/2024 9:00:00 PM,RFC,WEST,ATSI,OE,6943.849,True
4/29/2024 2:00:00 AM,4/28/2024 10:00:00 PM,RFC,WEST,ATSI,OE,6587.542,True
4/29/2024 3:00:00 AM,4/28/2024 11:00:00 PM,RFC,WEST,ATSI,OE,6112.710,True
4/29/2024 4:00:00 AM,4/29/2024 12:00:00 AM,RFC,WEST,ATSI,OE,5721.832,True
4/29/2024 5:00:00 AM,4/29/2024 1:00:00 AM,RFC,WEST,ATSI,OE,5495.674,True
4/29/2024 6:00:00 AM,4/29/2024 2:00:00 AM,RFC,WEST,ATSI,OE,5332.721,True
4/29/2024 7:00:00 AM,4/29/2024 3:00:00 AM,RFC,WEST,ATSI,OE,5417.044,True
4/29/2024 8:00:00 AM,4/29/2024 4:00:00 AM,RFC,WEST,ATSI,OE,5465.384,True
4/29/2024 9:00:00 AM,4/29/2024 5:00:00 AM,RFC,WEST,ATSI,OE,5760.720,True
4/29/2024 10:00:00 AM,4/29/2024 6:00:00 AM,RFC,WEST,ATSI,OE,6278.423,True
4/29/2024 11:00:00 AM,4/29/2024 7:00:00 AM,RFC,WEST,ATSI,OE,6661.796,True
4/29/2024 12:00:00 PM,4/29/2024 8:00:00 AM,RFC,WEST,ATSI,OE,7017.932,True
4/29/2024 1:00:00 PM,4/29/2024 9:00:00 AM,RFC,WEST,ATSI,OE,7238.108,True
4/29/2024 2:00:00 PM,4/29/2024 10:00:00 AM,RFC,WEST,ATSI,OE,7540.293,True
4/29/2024 3:00:00 PM,4/29/2024 11:00:00 AM,RFC,WEST,ATSI,OE,7714.994,True
4/29/2024 4:00:00 PM,4/29/2024 12:00:00 PM,RFC,WEST,ATSI,OE,7972.609,True
4/29/2024 5:00:00 PM,4/29/2024 1:00:00 PM,RFC,WEST,ATSI,OE,8132.551,True
4/29/2024 6:00:00 PM,4/29/2024 2:00:00 PM,RFC,WEST,ATSI,OE,8164.449,True
4/29/2024 7:00:00 PM,4/29/2024 3:00:00 PM,RFC,WEST,ATSI,OE,8200.872,True
4/29/2024 8:00:00 PM,4/29/2024 4:00:00 PM,RFC,WEST,ATSI,OE,8256.553,True
4/29/2024 9:00:00 PM,4/29/2024 5:00:00 PM,RFC,WEST,ATSI,OE,8210.145,True
4/29/2024 10:00:00 PM,4/29/2024 6:00:00 PM,RFC,WEST,ATSI,OE,8136.916,True
4/29/2024 11:00:00 PM,4/29/2024 7:00:00 PM,RFC,WEST,ATSI,OE,7931.575,True
4/30/2024 12:00:00 AM,4/29/2024 8:00:00 PM,RFC,WEST,ATSI,OE,7702.935,True
4/30/2024 1:00:00 AM,4/29/2024 9:00:00 PM,RFC,WEST,ATSI,OE,7459.390,True
4/30/2024 2:00:00 AM,4/29/2024 10:00:00 PM,RFC,WEST,ATSI,OE,6919.137,True
4/30/2024 3:00:00 AM,4/29/2024 11:00:00 PM,RFC,WEST,ATSI,OE,6349.559,True
4/30/2024 4:00:00 AM,4/30/2024 12:00:00 AM,RFC,WEST,ATSI,OE,6102.869,True
4/30/2024 5:00:00 AM,4/30/2024 1:00:00 AM,RFC,WEST,ATSI,OE,5834.805,True
4/30/2024 6:00:00 AM,4/30/2024 2:00:00 AM,RFC,WEST,ATSI,OE,5749.409,True
4/30/2024 7:00:00 AM,4/30/2024 3:00:00 AM,RFC,WEST,ATSI,OE,5674.663,True
4/30/2024 8:00:00 AM,4/30/2024 4:00:00 AM,RFC,WEST,ATSI,OE,5664.978,True
4/30/2024 9:00:00 AM,4/30/2024 5:00:00 AM,RFC,WEST,ATSI,OE,5897.134,True
4/30/2024 10:00:00 AM,4/30/2024 6:00:00 AM,RFC,WEST,ATSI,OE,6381.307,True
4/30/2024 11:00:00 AM,4/30/2024 7:00:00 AM,RFC,WEST,ATSI,OE,6733.320,True
4/30/2024 12:00:00 PM,4/30/2024 8:00:00 AM,RFC,WEST,ATSI,OE,6915.902,True
4/30/2024 1:00:00 PM,4/30/2024 9:00:00 AM,RFC,WEST,ATSI,OE,7039.221,True
4/30/2024 2:00:00 PM,4/30/2024 10:00:00 AM,RFC,WEST,ATSI,OE,7084.994,True
4/30/2024 3:00:00 PM,4/30/2024 11:00:00 AM,RFC,WEST,ATSI,OE,7106.683,True
4/30/2024 4:00:00 PM,4/30/2024 12:00:00 PM,RFC,WEST,ATSI,OE,7161.170,True
4/30/2024 5:00:00 PM,4/30/2024 1:00:00 PM,RFC,WEST,ATSI,OE,7200.301,True
4/30/2024 6:00:00 PM,4/30/2024 2:00:00 PM,RFC,WEST,ATSI,OE,7178.988,True
4/30/2024 7:00:00 PM,4/30/2024 3:00:00 PM,RFC,WEST,ATSI,OE,7141.066,True
4/30/2024 8:00:00 PM,4/30/2024 4:00:00 PM,RFC,WEST,ATSI,OE,7139.720,True
4/30/2024 9:00:00 PM,4/30/2024 5:00:00 PM,RFC,WEST,ATSI,OE,7118.006,True
4/30/2024 10:00:00 PM,4/30/2024 6:00:00 PM,RFC,WEST,ATSI,OE,7175.335,True
4/30/2024 11:00:00 PM,4/30/2024 7:00:00 PM,RFC,WEST,ATSI,OE,7088.817,True
5/1/2024 12:00:00 AM,4/30/2024 8:00:00 PM,RFC,WEST,ATSI,OE,6981.113,True
5/1/2024 1:00:00 AM,4/30/2024 9:00:00 PM,RFC,WEST,ATSI,OE,6845.781,True
5/1/2024 2:00:00 AM,4/30/2024 10:00:00 PM,RFC,WEST,ATSI,OE,6439.072,True
5/1/2024 3:00:00 AM,4/30/2024 11:00:00 PM,RFC,WEST,ATSI,OE,6035.471,True
5/1/2024 4:00:00 AM,5/1/2024 12:00:00 AM,RFC,WEST,ATSI,OE,5657.847,True
5/1/2024 5:00:00 AM,5/1/2024 1:00:00 AM,RFC,WEST,ATSI,OE,5540.323,True
5/1/2024 6:00:00 AM,5/1/2024 2:00:00 AM,RFC,WEST,ATSI,OE,5390.961,True
5/1/2024 7:00:00 AM,5/1/2024 3:00:00 AM,RFC,WEST,ATSI,OE,5365.749,True
5/1/2024 8:00:00 AM,5/1/2024 4:00:00 AM,RFC,WEST,ATSI,OE,5399.849,True
5/1/2024 9:00:00 AM,5/1/2024 5:00:00 AM,RFC,WEST,ATSI,OE,5561.935,True
5/1/2024 10:00:00 AM,5/1/2024 6:00:00 AM,RFC,WEST,ATSI,OE,6027.934,True
5/1/2024 11:00:00 AM,5/1/2024 7:00:00 AM,RFC,WEST,ATSI,OE,6427.418,True
5/1/2024 12:00:00 PM,5/1/2024 8:00:00 AM,RFC,WEST,ATSI,OE,6625.494,True
5/1/2024 1:00:00 PM,5/1/2024 9:00:00 AM,RFC,WEST,ATSI,OE,6739.599,True
5/1/2024 2:00:00 PM,5/1/2024 10:00:00 AM,RFC,WEST,ATSI,OE,6894.823,True
5/1/2024 3:00:00 PM,5/1/2024 11:00:00 AM,RFC,WEST,ATSI,OE,6941.820,True
5/1/2024 4:00:00 PM,5/1/2024 12:00:00 PM,RFC,WEST,ATSI,OE,7075.967,True
5/1/2024 5:00:00 PM,5/1/2024 1:00:00 PM,RFC,WEST,ATSI,OE,7236.099,True
5/1/2024 6:00:00 PM,5/1/2024 2:00:00 PM,RFC,WEST,ATSI,OE,7307.046,True
5/1/2024 7:00:00 PM,5/1/2024 3:00:00 PM,RFC,WEST,ATSI,OE,7377.927,True
5/1/2024 8:00:00 PM,5/1/2024 4:00:00 PM,RFC,WEST,ATSI,OE,7604.638,True
5/1/2024 9:00:00 PM,5/1/2024 5:00:00 PM,RFC,WEST,ATSI,OE,7604.444,True
5/1/2024 10:00:00 PM,5/1/2024 6:00:00 PM,RFC,WEST,ATSI,OE,7669.981,True
5/1/2024 11:00:00 PM,5/1/2024 7:00:00 PM,RFC,WEST,ATSI,OE,7558.560,True
5/2/2024 12:00:00 AM,5/1/2024 8:00:00 PM,RFC,WEST,ATSI,OE,7476.882,True
5/2/2024 1:00:00 AM,5/1/2024 9:00:00 PM,RFC,WEST,ATSI,OE,7379.187,True
5/2/2024 2:00:00 AM,5/1/2024 10:00:00 PM,RFC,WEST,ATSI,OE,6846.788,True
5/2/2024 3:00:00 AM,5/1/2024 11:00:00 PM,RFC,WEST,ATSI,OE,6435.561,True
5/2/2024 4:00:00 AM,5/2/2024 12:00:00 AM,RFC,WEST,ATSI,OE,6024.551,True
5/2/2024 5:00:00 AM,5/2/2024 1:00:00 AM,RFC,WEST,ATSI,OE,5719.590,True
5/2/2024 6:00:00 AM,5/2/2024 2:00:00 AM,RFC,WEST,ATSI,OE,5537.223,True
5/2/2024 7:00:00 AM,5/2/2024 3:00:00 AM,RFC,WEST,ATSI,OE,5468.275,True
5/2/2024 8:00:00 AM,5/2/2024 4:00:00 AM,RFC,WEST,ATSI,OE,5504.481,True
5/2/2024 9:00:00 AM,5/2/2024 5:00:00 AM,RFC,WEST,ATSI,OE,5693.143,True
5/2/2024 10:00:00 AM,5/2/2024 6:00:00 AM,RFC,WEST,ATSI,OE,6073.375,True
5/2/2024 11:00:00 AM,5/2/2024 7:00:00 AM,RFC,WEST,ATSI,OE,6410.415,True
5/2/2024 12:00:00 PM,5/2/2024 8:00:00 AM,RFC,WEST,ATSI,OE,6684.308,True
5/2/2024 1:00:00 PM,5/2/2024 9:00:00 AM,RFC,WEST,ATSI,OE,6859.447,True
5/2/2024 2:00:00 PM,5/2/2024 10:00:00 AM,RFC,WEST,ATSI,OE,6980.245,True
5/2/2024 3:00:00 PM,5/2/2024 11:00:00 AM,RFC,WEST,ATSI,OE,7060.714,True
5/2/2024 4:00:00 PM,5/2/2024 12:00:00 PM,RFC,WEST,ATSI,OE,7180.817,True
5/2/2024 5:00:00 PM,5/2/2024 1:00:00 PM,RFC,WEST,ATSI,OE,7362.468,True
5/2/2024 6:00:00 PM,5/2/2024 2:00:00 PM,RFC,WEST,ATSI,OE,7422.629,True
5/2/2024 7:00:00 PM,5/2/2024 3:00:00 PM,RFC,WEST,ATSI,OE,7467.445,True
5/2/2024 8:00:00 PM,5/2/2024 4:00:00 PM,RFC,WEST,ATSI,OE,7577.499,True
5/2/2024 9:00:00 PM,5/2/2024 5:00:00 PM,RFC,WEST,ATSI,OE,7569.862,True
5/2/2024 10:00:00 PM,5/2/2024 6:00:00 PM,RFC,WEST,ATSI,OE,7529.672,True
5/2/2024 11:00:00 PM,5/2/2024 7:00:00 PM,RFC,WEST,ATSI,OE,7516.466,True
5/3/2024 12:00:00 AM,5/2/2024 8:00:00 PM,RFC,WEST,ATSI,OE,7390.509,True
5/3/2024 1:00:00 AM,5/2/2024 9:00:00 PM,RFC,WEST,ATSI,OE,7178.170,True
5/3/2024 2:00:00 AM,5/2/2024 10:00:00 PM,RFC,WEST,ATSI,OE,6799.953,True
5/3/2024 3:00:00 AM,5/2/2024 11:00:00 PM,RFC,WEST,ATSI,OE,6317.383,True
5/3/2024 4:00:00 AM,5/3/2024 12:00:00 AM,RFC,WEST,ATSI,OE,5971.585,True
5/3/2024 5:00:00 AM,5/3/2024 1:00:00 AM,RFC,WEST,ATSI,OE,5792.338,True
5/3/2024 6:00:00 AM,5/3/2024 2:00:00 AM,RFC,WEST,ATSI,OE,5652.119,True
5/3/2024 7:00:00 AM,5/3/2024 3:00:00 AM,RFC,WEST,ATSI,OE,5584.362,True
5/3/2024 8:00:00 AM,5/3/2024 4:00:00 AM,RFC,WEST,ATSI,OE,5582.676,True
5/3/2024 9:00:00 AM,5/3/2024 5:00:00 AM,RFC,WEST,ATSI,OE,5829.760,True
5/3/2024 10:00:00 AM,5/3/2024 6:00:00 AM,RFC,WEST,ATSI,OE,6196.346,True
5/3/2024 11:00:00 AM,5/3/2024 7:00:00 AM,RFC,WEST,ATSI,OE,6499.101,True
5/3/2024 12:00:00 PM,5/3/2024 8:00:00 AM,RFC,WEST,ATSI,OE,6758.571,True
5/3/2024 1:00:00 PM,5/3/2024 9:00:00 AM,RFC,WEST,ATSI,OE,6962.936,True
5/3/2024 2:00:00 PM,5/3/2024 10:00:00 AM,RFC,WEST,ATSI,OE,7071.743,True
5/3/2024 3:00:00 PM,5/3/2024 11:00:00 AM,RFC,WEST,ATSI,OE,7177.879,True
5/3/2024 4:00:00 PM,5/3/2024 12:00:00 PM,RFC,WEST,ATSI,OE,7283.410,True
5/3/2024 5:00:00 PM,5/3/2024 1:00:00 PM,RFC,WEST,ATSI,OE,7274.635,True
5/3/2024 6:00:00 PM,5/3/2024 2:00:00 PM,RFC,WEST,ATSI,OE,7148.949,True
5/3/2024 7:00:00 PM,5/3/2024 3:00:00 PM,RFC,WEST,ATSI,OE,7021.129,True
5/3/2024 8:00:00 PM,5/3/2024 4:00:00 PM,RFC,WEST,ATSI,OE,6962.475,True
5/3/2024 9:00:00 PM,5/3/2024 5:00:00 PM,RFC,WEST,ATSI,OE,6920.418,True
5/3/2024 10:00:00 PM,5/3/2024 6:00:00 PM,RFC,WEST,ATSI,OE,6883.437,True
5/3/2024 11:00:00 PM,5/3/2024 7:00:00 PM,RFC,WEST,ATSI,OE,6703.372,True
5/4/2024 12:00:00 AM,5/3/2024 8:00:00 PM,RFC,WEST,ATSI,OE,6762.159,True
5/4/2024 1:00:00 AM,5/3/2024 9:00:00 PM,RFC,WEST,ATSI,OE,6491.964,True
5/4/2024 2:00:00 AM,5/3/2024 10:00:00 PM,RFC,WEST,ATSI,OE,6193.839,True
5/4/2024 3:00:00 AM,5/3/2024 11:00:00 PM,RFC,WEST,ATSI,OE,5825.102,True
5/4/2024 4:00:00 AM,5/4/2024 12:00:00 AM,RFC,WEST,ATSI,OE,5637.691,True
5/4/2024 5:00:00 AM,5/4/2024 1:00:00 AM,RFC,WEST,ATSI,OE,5488.383,True
5/4/2024 6:00:00 AM,5/4/2024 2:00:00 AM,RFC,WEST,ATSI,OE,5348.223,True
5/4/2024 7:00:00 AM,5/4/2024 3:00:00 AM,RFC,WEST,ATSI,OE,5282.639,True
5/4/2024 8:00:00 AM,5/4/2024 4:00:00 AM,RFC,WEST,ATSI,OE,5270.585,True
5/4/2024 9:00:00 AM,5/4/2024 5:00:00 AM,RFC,WEST,ATSI,OE,5321.965,True
5/4/2024 10:00:00 AM,5/4/2024 6:00:00 AM,RFC,WEST,ATSI,OE,5468.741,True
5/4/2024 11:00:00 AM,5/4/2024 7:00:00 AM,RFC,WEST,ATSI,OE,5596.646,True
5/4/2024 12:00:00 PM,5/4/2024 8:00:00 AM,RFC,WEST,ATSI,OE,5943.640,True
5/4/2024 1:00:00 PM,5/4/2024 9:00:00 AM,RFC,WEST,ATSI,OE,6157.112,True
5/4/2024 2:00:00 PM,5/4/2024 10:00:00 AM,RFC,WEST,ATSI,OE,6293.617,True
5/4/2024 3:00:00 PM,5/4/2024 11:00:00 AM,RFC,WEST,ATSI,OE,6402.197,True
5/4/2024 4:00:00 PM,5/4/2024 12:00:00 PM,RFC,WEST,ATSI,OE,6433.977,True
5/4/2024 5:00:00 PM,5/4/2024 1:00:00 PM,RFC,WEST,ATSI,OE,6416.769,True
5/4/2024 6:00:00 PM,5/4/2024 2:00:00 PM,RFC,WEST,ATSI,OE,6407.393,True
5/4/2024 7:00:00 PM,5/4/2024 3:00:00 PM,RFC,WEST,ATSI,OE,6451.260,True
5/4/2024 8:00:00 PM,5/4/2024 4:00:00 PM,RFC,WEST,ATSI,OE,6414.990,True
5/4/2024 9:00:00 PM,5/4/2024 5:00:00 PM,RFC,WEST,ATSI,OE,6446.278,True
5/4/2024 10:00:00 PM,5/4/2024 6:00:00 PM,RFC,WEST,ATSI,OE,6391.955,True
5/4/2024 11:00:00 PM,5/4/2024 7:00:00 PM,RFC,WEST,ATSI,OE,6316.111,True
5/5/2024 12:00:00 AM,5/4/2024 8:00:00 PM,RFC,WEST,ATSI,OE,6274.033,True
5/5/2024 1:00:00 AM,5/4/2024 9:00:00 PM,RFC,WEST,ATSI,OE,6248.586,True
5/5/2024 2:00:00 AM,5/4/2024 10:00:00 PM,RFC,WEST,ATSI,OE,6025.405,True
5/5/2024 3:00:00 AM,5/4/2024 11:00:00 PM,RFC,WEST,ATSI,OE,5542.402,True
5/5/2024 4:00:00 AM,5/5/2024 12:00:00 AM,RFC,WEST,ATSI,OE,5364.955,True
5/5/2024 5:00:00 AM,5/5/2024 1:00:00 AM,RFC,WEST,ATSI,OE,5170.053,True
5/5/2024 6:00:00 AM,5/5/2024 2:00:00 AM,RFC,WEST,ATSI,OE,5031.111,True
5/5/2024 7:00:00 AM,5/5/2024 3:00:00 AM,RFC,WEST,ATSI,OE,5071.077,True
5/5/2024 8:00:00 AM,5/5/2024 4:00:00 AM,RFC,WEST,ATSI,OE,5035.915,True
5/5/2024 9:00:00 AM,5/5/2024 5:00:00 AM,RFC,WEST,ATSI,OE,5070.182,True
5/5/2024 10:00:00 AM,5/5/2024 6:00:00 AM,RFC,WEST,ATSI,OE,5149.282,True
5/5/2024 11:00:00 AM,5/5/2024 7:00:00 AM,RFC,WEST,ATSI,OE,5328.509,True
5/5/2024 12:00:00 PM,5/5/2024 8:00:00 AM,RFC,WEST,ATSI,OE,5596.264,True
5/5/2024 1:00:00 PM,5/5/2024 9:00:00 AM,RFC,WEST,ATSI,OE,5894.499,True
5/5/2024 2:00:00 PM,5/5/2024 10:00:00 AM,RFC,WEST,ATSI,OE,6136.816,True
5/5/2024 3:00:00 PM,5/5/2024 11:00:00 AM,RFC,WEST,ATSI,OE,6223.647,True
5/5/2024 4:00:00 PM,5/5/2024 12:00:00 PM,RFC,WEST,ATSI,OE,6388.543,True
5/5/2024 5:00:00 PM,5/5/2024 1:00:00 PM,RFC,WEST,ATSI,OE,6379.323,True
5/5/2024 6:00:00 PM,5/5/2024 2:00:00 PM,RFC,WEST,ATSI,OE,6410.148,True
5/5/2024 7:00:00 PM,5/5/2024 3:00:00 PM,RFC,WEST,ATSI,OE,6508.218,True
5/5/2024 8:00:00 PM,5/5/2024 4:00:00 PM,RFC,WEST,ATSI,OE,6740.337,True
5/5/2024 9:00:00 PM,5/5/2024 5:00:00 PM,RFC,WEST,ATSI,OE,6653.084,True
5/5/2024 10:00:00 PM,5/5/2024 6:00:00 PM,RFC,WEST,ATSI,OE,6647.200,True
5/5/2024 11:00:00 PM,5/5/2024 7:00:00 PM,RFC,WEST,ATSI,OE,6489.257,True
5/6/2024 12:00:00 AM,5/5/2024 8:00:00 PM,RFC,WEST,ATSI,OE,6432.044,True
5/6/2024 1:00:00 AM,5/5/2024 9:00:00 PM,RFC,WEST,ATSI,OE,6342.385,True
5/6/2024 2:00:00 AM,5/5/2024 10:00:00 PM,RFC,WEST,ATSI,OE,5987.993,True
5/6/2024 3:00:00 AM,5/5/2024 11:00:00 PM,RFC,WEST,ATSI,OE,5669.348,True
5/6/2024 4:00:00 AM,5/6/2024 12:00:00 AM,RFC,WEST,ATSI,OE,5432.609,True
5/6/2024 5:00:00 AM,5/6/2024 1:00:00 AM,RFC,WEST,ATSI,OE,5275.346,True
5/6/2024 6:00:00 AM,5/6/2024 2:00:00 AM,RFC,WEST,ATSI,OE,5213.427,True
5/6/2024 7:00:00 AM,5/6/2024 3:00:00 AM,RFC,WEST,ATSI,OE,5227.959,True
5/6/2024 8:00:00 AM,5/6/2024 4:00:00 AM,RFC,WEST,ATSI,OE,5296.644,True
5/6/2024 9:00:00 AM,5/6/2024 5:00:00 AM,RFC,WEST,ATSI,OE,5587.173,True
5/6/2024 10:00:00 AM,5/6/2024 6:00:00 AM,RFC,WEST,ATSI,OE,6049.587,True
5/6/2024 11:00:00 AM,5/6/2024 7:00:00 AM,RFC,WEST,ATSI,OE,6364.525,True
5/6/2024 12:00:00 PM,5/6/2024 8:00:00 AM,RFC,WEST,ATSI,OE,6522.353,True
5/6/2024 1:00:00 PM,5/6/2024 9:00:00 AM,RFC,WEST,ATSI,OE,6660.932,True
5/6/2024 2:00:00 PM,5/6/2024 10:00:00 AM,RFC,WEST,ATSI,OE,6774.756,True
5/6/2024 3:00:00 PM,5/6/2024 11:00:00 AM,RFC,WEST,ATSI,OE,6907.257,True
5/6/2024 4:00:00 PM,5/6/2024 12:00:00 PM,RFC,WEST,ATSI,OE,6936.663,True
5/6/2024 5:00:00 PM,5/6/2024 1:00:00 PM,RFC,WEST,ATSI,OE,6975.794,True
5/6/2024 6:00:00 PM,5/6/2024 2:00:00 PM,RFC,WEST,ATSI,OE,6975.717,True
5/6/2024 7:00:00 PM,5/6/2024 3:00:00 PM,RFC,WEST,ATSI,OE,6903.467,True
5/6/2024 8:00:00 PM,5/6/2024 4:00:00 PM,RFC,WEST,ATSI,OE,6888.920,True
5/6/2024 9:00:00 PM,5/6/2024 5:00:00 PM,RFC,WEST,ATSI,OE,6859.079,True
5/6/2024 10:00:00 PM,5/6/2024 6:00:00 PM,RFC,WEST,ATSI,OE,6780.415,True
5/6/2024 11:00:00 PM,5/6/2024 7:00:00 PM,RFC,WEST,ATSI,OE,6658.890,True
5/7/2024 12:00:00 AM,5/6/2024 8:00:00 PM,RFC,WEST,ATSI,OE,6653.315,True
5/7/2024 1:00:00 AM,5/6/2024 9:00:00 PM,RFC,WEST,ATSI,OE,6600.124,True
5/7/2024 2:00:00 AM,5/6/2024 10:00:00 PM,RFC,WEST,ATSI,OE,6246.095,True
5/7/2024 3:00:00 AM,5/6/2024 11:00:00 PM,RFC,WEST,ATSI,OE,5875.676,True
5/7/2024 4:00:00 AM,5/7/2024 12:00:00 AM,RFC,WEST,ATSI,OE,5647.730,True
5/7/2024 5:00:00 AM,5/7/2024 1:00:00 AM,RFC,WEST,ATSI,OE,5492.636,True
5/7/2024 6:00:00 AM,5/7/2024 2:00:00 AM,RFC,WEST,ATSI,OE,5339.846,True
5/7/2024 7:00:00 AM,5/7/2024 3:00:00 AM,RFC,WEST,ATSI,OE,5412.304,True
5/7/2024 8:00:00 AM,5/7/2024 4:00:00 AM,RFC,WEST,ATSI,OE,5465.215,True
5/7/2024 9:00:00 AM,5/7/2024 5:00:00 AM,RFC,WEST,ATSI,OE,5728.083,True
5/7/2024 10:00:00 AM,5/7/2024 6:00:00 AM,RFC,WEST,ATSI,OE,6102.550,True
5/7/2024 11:00:00 AM,5/7/2024 7:00:00 AM,RFC,WEST,ATSI,OE,6524.821,True
5/7/2024 12:00:00 PM,5/7/2024 8:00:00 AM,RFC,WEST,ATSI,OE,6748.972,True
5/7/2024 1:00:00 PM,5/7/2024 9:00:00 AM,RFC,WEST,ATSI,OE,6843.081,True
5/7/2024 2:00:00 PM,5/7/2024 10:00:00 AM,RFC,WEST,ATSI,OE,7026.939,True
5/7/2024 3:00:00 PM,5/7/2024 11:00:00 AM,RFC,WEST,ATSI,OE,7032.580,True
5/7/2024 4:00:00 PM,5/7/2024 12:00:00 PM,RFC,WEST,ATSI,OE,7120.566,True
5/7/2024 5:00:00 PM,5/7/2024 1:00:00 PM,RFC,WEST,ATSI,OE,7436.983,True
5/7/2024 6:00:00 PM,5/7/2024 2:00:00 PM,RFC,WEST,ATSI,OE,7534.300,True
5/7/2024 7:00:00 PM,5/7/2024 3:00:00 PM,RFC,WEST,ATSI,OE,7486.786,True
5/7/2024 8:00:00 PM,5/7/2024 4:00:00 PM,RFC,WEST,ATSI,OE,7458.020,True
5/7/2024 9:00:00 PM,5/7/2024 5:00:00 PM,RFC,WEST,ATSI,OE,7415.931,True
5/7/2024 10:00:00 PM,5/7/2024 6:00:00 PM,RFC,WEST,ATSI,OE,7396.595,True
5/7/2024 11:00:00 PM,5/7/2024 7:00:00 PM,RFC,WEST,ATSI,OE,7403.886,True
5/8/2024 12:00:00 AM,5/7/2024 8:00:00 PM,RFC,WEST,ATSI,OE,7425.815,True
5/8/2024 1:00:00 AM,5/7/2024 9:00:00 PM,RFC,WEST,ATSI,OE,7248.986,True
5/8/2024 2:00:00 AM,5/7/2024 10:00:00 PM,RFC,WEST,ATSI,OE,6797.056,True
5/8/2024 3:00:00 AM,5/7/2024 11:00:00 PM,RFC,WEST,ATSI,OE,6462.667,True
5/8/2024 4:00:00 AM,5/8/2024 12:00:00 AM,RFC,WEST,ATSI,OE,6149.172,True
5/8/2024 5:00:00 AM,5/8/2024 1:00:00 AM,RFC,WEST,ATSI,OE,5926.128,True
5/8/2024 6:00:00 AM,5/8/2024 2:00:00 AM,RFC,WEST,ATSI,OE,5768.881,True
5/8/2024 7:00:00 AM,5/8/2024 3:00:00 AM,RFC,WEST,ATSI,OE,5646.282,True
5/8/2024 8:00:00 AM,5/8/2024 4:00:00 AM,RFC,WEST,ATSI,OE,5753.480,True
5/8/2024 9:00:00 AM,5/8/2024 5:00:00 AM,RFC,WEST,ATSI,OE,5995.571,True
5/8/2024 10:00:00 AM,5/8/2024 6:00:00 AM,RFC,WEST,ATSI,OE,6359.486,True
5/8/2024 11:00:00 AM,5/8/2024 7:00:00 AM,RFC,WEST,ATSI,OE,6778.177,True
5/8/2024 12:00:00 PM,5/8/2024 8:00:00 AM,RFC,WEST,ATSI,OE,7054.435,True
5/8/2024 1:00:00 PM,5/8/2024 9:00:00 AM,RFC,WEST,ATSI,OE,7360.169,True
5/8/2024 2:00:00 PM,5/8/2024 10:00:00 AM,RFC,WEST,ATSI,OE,7583.500,True
5/8/2024 3:00:00 PM,5/8/2024 11:00:00 AM,RFC,WEST,ATSI,OE,7656.244,True
5/8/2024 4:00:00 PM,5/8/2024 12:00:00 PM,RFC,WEST,ATSI,OE,7816.778,True
5/8/2024 5:00:00 PM,5/8/2024 1:00:00 PM,RFC,WEST,ATSI,OE,7946.829,True
5/8/2024 6:00:00 PM,5/8/2024 2:00:00 PM,RFC,WEST,ATSI,OE,7989.240,True
5/8/2024 7:00:00 PM,5/8/2024 3:00:00 PM,RFC,WEST,ATSI,OE,7925.441,True
5/8/2024 8:00:00 PM,5/8/2024 4:00:00 PM,RFC,WEST,ATSI,OE,7911.626,True
5/8/2024 9:00:00 PM,5/8/2024 5:00:00 PM,RFC,WEST,ATSI,OE,7790.213,True
5/8/2024 10:00:00 PM,5/8/2024 6:00:00 PM,RFC,WEST,ATSI,OE,7668.622,True
5/8/2024 11:00:00 PM,5/8/2024 7:00:00 PM,RFC,WEST,ATSI,OE,7458.528,True
5/9/2024 12:00:00 AM,5/8/2024 8:00:00 PM,RFC,WEST,ATSI,OE,7321.327,True
5/9/2024 1:00:00 AM,5/8/2024 9:00:00 PM,RFC,WEST,ATSI,OE,7105.316,True
5/9/2024 2:00:00 AM,5/8/2024 10:00:00 PM,RFC,WEST,ATSI,OE,6632.773,True
5/9/2024 3:00:00 AM,5/8/2024 11:00:00 PM,RFC,WEST,ATSI,OE,6100.866,True
5/9/2024 4:00:00 AM,5/9/2024 12:00:00 AM,RFC,WEST,ATSI,OE,5810.350,True
5/9/2024 5:00:00 AM,5/9/2024 1:00:00 AM,RFC,WEST,ATSI,OE,5565.927,True
5/9/2024 6:00:00 AM,5/9/2024 2:00:00 AM,RFC,WEST,ATSI,OE,5478.219,True
5/9/2024 7:00:00 AM,5/9/2024 3:00:00 AM,RFC,WEST,ATSI,OE,5418.558,True
5/9/2024 8:00:00 AM,5/9/2024 4:00:00 AM,RFC,WEST,ATSI,OE,5459.899,True
5/9/2024 9:00:00 AM,5/9/2024 5:00:00 AM,RFC,WEST,ATSI,OE,5697.608,True
5/9/2024 10:00:00 AM,5/9/2024 6:00:00 AM,RFC,WEST,ATSI,OE,6068.169,True
5/9/2024 11:00:00 AM,5/9/2024 7:00:00 AM,RFC,WEST,ATSI,OE,6418.254,True
5/9/2024 12:00:00 PM,5/9/2024 8:00:00 AM,RFC,WEST,ATSI,OE,6713.577,True
5/9/2024 1:00:00 PM,5/9/2024 9:00:00 AM,RFC,WEST,ATSI,OE,6819.759,True
5/9/2024 2:00:00 PM,5/9/2024 10:00:00 AM,RFC,WEST,ATSI,OE,6830.504,True
5/9/2024 3:00:00 PM,5/9/2024 11:00:00 AM,RFC,WEST,ATSI,OE,6902.217,True
5/9/2024 4:00:00 PM,5/9/2024 12:00:00 PM,RFC,WEST,ATSI,OE,6963.327,True
5/9/2024 5:00:00 PM,5/9/2024 1:00:00 PM,RFC,WEST,ATSI,OE,6985.615,True
5/9/2024 6:00:00 PM,5/9/2024 2:00:00 PM,RFC,WEST,ATSI,OE,6840.237,True
5/9/2024 7:00:00 PM,5/9/2024 3:00:00 PM,RFC,WEST,ATSI,OE,6781.042,True
5/9/2024 8:00:00 PM,5/9/2024 4:00:00 PM,RFC,WEST,ATSI,OE,6753.522,True
5/9/2024 9:00:00 PM,5/9/2024 5:00:00 PM,RFC,WEST,ATSI,OE,6768.213,True
5/9/2024 10:00:00 PM,5/9/2024 6:00:00 PM,RFC,WEST,ATSI,OE,6761.827,True
5/9/2024 11:00:00 PM,5/9/2024 7:00:00 PM,RFC,WEST,ATSI,OE,6713.869,True
5/10/2024 12:00:00 AM,5/9/2024 8:00:00 PM,RFC,WEST,ATSI,OE,6671.719,True
5/10/2024 1:00:00 AM,5/9/2024 9:00:00 PM,RFC,WEST,ATSI,OE,6600.001,True
5/10/2024 2:00:00 AM,5/9/2024 10:00:00 PM,RFC,WEST,ATSI,OE,6229.017,True
5/10/2024 3:00:00 AM,5/9/2024 11:00:00 PM,RFC,WEST,ATSI,OE,5952.191,True
5/10/2024 4:00:00 AM,5/10/2024 12:00:00 AM,RFC,WEST,ATSI,OE,5692.039,True
5/10/2024 5:00:00 AM,5/10/2024 1:00:00 AM,RFC,WEST,ATSI,OE,5594.344,True
5/10/2024 6:00:00 AM,5/10/2024 2:00:00 AM,RFC,WEST,ATSI,OE,5482.369,True
5/10/2024 7:00:00 AM,5/10/2024 3:00:00 AM,RFC,WEST,ATSI,OE,5414.231,True
5/10/2024 8:00:00 AM,5/10/2024 4:00:00 AM,RFC,WEST,ATSI,OE,5496.519,True
5/10/2024 9:00:00 AM,5/10/2024 5:00:00 AM,RFC,WEST,ATSI,OE,5697.794,True
5/10/2024 10:00:00 AM,5/10/2024 6:00:00 AM,RFC,WEST,ATSI,OE,6073.794,True
5/10/2024 11:00:00 AM,5/10/2024 7:00:00 AM,RFC,WEST,ATSI,OE,6496.666,True
5/10/2024 12:00:00 PM,5/10/2024 8:00:00 AM,RFC,WEST,ATSI,OE,6653.125,True
5/10/2024 1:00:00 PM,5/10/2024 9:00:00 AM,RFC,WEST,ATSI,OE,6718.791,True
5/10/2024 2:00:00 PM,5/10/2024 10:00:00 AM,RFC,WEST,ATSI,OE,6761.718,True
5/10/2024 3:00:00 PM,5/10/2024 11:00:00 AM,RFC,WEST,ATSI,OE,6762.672,True
5/10/2024 4:00:00 PM,5/10/2024 12:00:00 PM,RFC,WEST,ATSI,OE,6720.763,True
5/10/2024 5:00:00 PM,5/10/2024 1:00:00 PM,RFC,WEST,ATSI,OE,6652.886,True
5/10/2024 6:00:00 PM,5/10/2024 2:00:00 PM,RFC,WEST,ATSI,OE,6631.747,True
5/10/2024 7:00:00 PM,5/10/2024 3:00:00 PM,RFC,WEST,ATSI,OE,6545.122,True
5/10/2024 8:00:00 PM,5/10/2024 4:00:00 PM,RFC,WEST,ATSI,OE,6477.145,True
5/10/2024 9:00:00 PM,5/10/2024 5:00:00 PM,RFC,WEST,ATSI,OE,6363.794,True
5/10/2024 10:00:00 PM,5/10/2024 6:00:00 PM,RFC,WEST,ATSI,OE,6365.162,True
5/10/2024 11:00:00 PM,5/10/2024 7:00:00 PM,RFC,WEST,ATSI,OE,6253.098,True
5/11/2024 12:00:00 AM,5/10/2024 8:00:00 PM,RFC,WEST,ATSI,OE,6169.396,True
5/11/2024 1:00:00 AM,5/10/2024 9:00:00 PM,RFC,WEST,ATSI,OE,6266.664,True
5/11/2024 2:00:00 AM,5/10/2024 10:00:00 PM,RFC,WEST,ATSI,OE,5976.262,True
5/11/2024 3:00:00 AM,5/10/2024 11:00:00 PM,RFC,WEST,ATSI,OE,5677.338,True
5/11/2024 4:00:00 AM,5/11/2024 12:00:00 AM,RFC,WEST,ATSI,OE,5411.420,True
5/11/2024 5:00:00 AM,5/11/2024 1:00:00 AM,RFC,WEST,ATSI,OE,5296.832,True
5/11/2024 6:00:00 AM,5/11/2024 2:00:00 AM,RFC,WEST,ATSI,OE,5212.153,True
5/11/2024 7:00:00 AM,5/11/2024 3:00:00 AM,RFC,WEST,ATSI,OE,5119.589,True
5/11/2024 8:00:00 AM,5/11/2024 4:00:00 AM,RFC,WEST,ATSI,OE,5170.755,True
5/11/2024 9:00:00 AM,5/11/2024 5:00:00 AM,RFC,WEST,ATSI,OE,5272.612,True
5/11/2024 10:00:00 AM,5/11/2024 6:00:00 AM,RFC,WEST,ATSI,OE,5290.076,True
5/11/2024 11:00:00 AM,5/11/2024 7:00:00 AM,RFC,WEST,ATSI,OE,5507.487,True
5/11/2024 12:00:00 PM,5/11/2024 8:00:00 AM,RFC,WEST,ATSI,OE,5775.031,True
5/11/2024 1:00:00 PM,5/11/2024 9:00:00 AM,RFC,WEST,ATSI,OE,5995.789,True
5/11/2024 2:00:00 PM,5/11/2024 10:00:00 AM,RFC,WEST,ATSI,OE,6133.065,True
5/11/2024 3:00:00 PM,5/11/2024 11:00:00 AM,RFC,WEST,ATSI,OE,6102.746,True
5/11/2024 4:00:00 PM,5/11/2024 12:00:00 PM,RFC,WEST,ATSI,OE,5981.987,True
5/11/2024 5:00:00 PM,5/11/2024 1:00:00 PM,RFC,WEST,ATSI,OE,5947.415,True
5/11/2024 6:00:00 PM,5/11/2024 2:00:00 PM,RFC,WEST,ATSI,OE,5880.734,True
5/11/2024 7:00:00 PM,5/11/2024 3:00:00 PM,RFC,WEST,ATSI,OE,5868.968,True
5/11/2024 8:00:00 PM,5/11/2024 4:00:00 PM,RFC,WEST,ATSI,OE,5813.187,True
5/11/2024 9:00:00 PM,5/11/2024 5:00:00 PM,RFC,WEST,ATSI,OE,5875.458,True
5/11/2024 10:00:00 PM,5/11/2024 6:00:00 PM,RFC,WEST,ATSI,OE,5851.456,True
5/11/2024 11:00:00 PM,5/11/2024 7:00:00 PM,RFC,WEST,ATSI,OE,5868.941,True
5/12/2024 12:00:00 AM,5/11/2024 8:00:00 PM,RFC,WEST,ATSI,OE,5990.910,True
5/12/2024 1:00:00 AM,5/11/2024 9:00:00 PM,RFC,WEST,ATSI,OE,5950.717,True
5/12/2024 2:00:00 AM,5/11/2024 10:00:00 PM,RFC,WEST,ATSI,OE,5749.074,True
5/12/2024 3:00:00 AM,5/11/2024 11:00:00 PM,RFC,WEST,ATSI,OE,5509.507,True
5/12/2024 4:00:00 AM,5/12/2024 12:00:00 AM,RFC,WEST,ATSI,OE,5317.989,True
5/12/2024 5:00:00 AM,5/12/2024 1:00:00 AM,RFC,WEST,ATSI,OE,5188.795,True
5/12/2024 6:00:00 AM,5/12/2024 2:00:00 AM,RFC,WEST,ATSI,OE,5104.720,True
5/12/2024 7:00:00 AM,5/12/2024 3:00:00 AM,RFC,WEST,ATSI,OE,5023.774,True
5/12/2024 8:00:00 AM,5/12/2024 4:00:00 AM,RFC,WEST,ATSI,OE,4984.001,True
5/12/2024 9:00:00 AM,5/12/2024 5:00:00 AM,RFC,WEST,ATSI,OE,5087.671,True
5/12/2024 10:00:00 AM,5/12/2024 6:00:00 AM,RFC,WEST,ATSI,OE,5051.545,True
5/12/2024 11:00:00 AM,5/12/2024 7:00:00 AM,RFC,WEST,ATSI,OE,5211.698,True
5/12/2024 12:00:00 PM,5/12/2024 8:00:00 AM,RFC,WEST,ATSI,OE,5513.797,True
5/12/2024 1:00:00 PM,5/12/2024 9:00:00 AM,RFC,WEST,ATSI,OE,5621.758,True
5/12/2024 2:00:00 PM,5/12/2024 10:00:00 AM,RFC,WEST,ATSI,OE,5695.471,True
5/12/2024 3:00:00 PM,5/12/2024 11:00:00 AM,RFC,WEST,ATSI,OE,5693.825,True
5/12/2024 4:00:00 PM,5/12/2024 12:00:00 PM,RFC,WEST,ATSI,OE,5683.772,True
5/12/2024 5:00:00 PM,5/12/2024 1:00:00 PM,RFC,WEST,ATSI,OE,5662.939,True
5/12/2024 6:00:00 PM,5/12/2024 2:00:00 PM,RFC,WEST,ATSI,OE,5613.727,True
5/12/2024 7:00:00 PM,5/12/2024 3:00:00 PM,RFC,WEST,ATSI,OE,5661.364,True
5/12/2024 8:00:00 PM,5/12/2024 4:00:00 PM,RFC,WEST,ATSI,OE,5726.037,True
5/12/2024 9:00:00 PM,5/12/2024 5:00:00 PM,RFC,WEST,ATSI,OE,5782.134,True
5/12/2024 10:00:00 PM,5/12/2024 6:00:00 PM,RFC,WEST,ATSI,OE,5833.730,True
5/12/2024 11:00:00 PM,5/12/2024 7:00:00 PM,RFC,WEST,ATSI,OE,5860.778,True
5/13/2024 12:00:00 AM,5/12/2024 8:00:00 PM,RFC,WEST,ATSI,OE,5967.225,True
5/13/2024 1:00:00 AM,5/12/2024 9:00:00 PM,RFC,WEST,ATSI,OE,5960.188,True
5/13/2024 2:00:00 AM,5/12/2024 10:00:00 PM,RFC,WEST,ATSI,OE,5721.757,True
5/13/2024 3:00:00 AM,5/12/2024 11:00:00 PM,RFC,WEST,ATSI,OE,5426.389,True
5/13/2024 4:00:00 AM,5/13/2024 12:00:00 AM,RFC,WEST,ATSI,OE,5236.510,True
5/13/2024 5:00:00 AM,5/13/2024 1:00:00 AM,RFC,WEST,ATSI,OE,5089.904,True
5/13/2024 6:00:00 AM,5/13/2024 2:00:00 AM,RFC,WEST,ATSI,OE,5044.752,True
5/13/2024 7:00:00 AM,5/13/2024 3:00:00 AM,RFC,WEST,ATSI,OE,5012.877,True
5/13/2024 8:00:00 AM,5/13/2024 4:00:00 AM,RFC,WEST,ATSI,OE,5090.499,True
5/13/2024 9:00:00 AM,5/13/2024 5:00:00 AM,RFC,WEST,ATSI,OE,5380.868,True
5/13/2024 10:00:00 AM,5/13/2024 6:00:00 AM,RFC,WEST,ATSI,OE,5825.119,True
5/13/2024 11:00:00 AM,5/13/2024 7:00:00 AM,RFC,WEST,ATSI,OE,6185.268,True
5/13/2024 12:00:00 PM,5/13/2024 8:00:00 AM,RFC,WEST,ATSI,OE,6413.693,True
5/13/2024 1:00:00 PM,5/13/2024 9:00:00 AM,RFC,WEST,ATSI,OE,6610.789,True
5/13/2024 2:00:00 PM,5/13/2024 10:00:00 AM,RFC,WEST,ATSI,OE,6814.225,True
5/13/2024 3:00:00 PM,5/13/2024 11:00:00 AM,RFC,WEST,ATSI,OE,6942.134,True
5/13/2024 4:00:00 PM,5/13/2024 12:00:00 PM,RFC,WEST,ATSI,OE,7069.108,True
5/13/2024 5:00:00 PM,5/13/2024 1:00:00 PM,RFC,WEST,ATSI,OE,7258.813,True
5/13/2024 6:00:00 PM,5/13/2024 2:00:00 PM,RFC,WEST,ATSI,OE,7347.550,True
5/13/2024 7:00:00 PM,5/13/2024 3:00:00 PM,RFC,WEST,ATSI,OE,7395.907,True
5/13/2024 8:00:00 PM,5/13/2024 4:00:00 PM,RFC,WEST,ATSI,OE,7442.241,True
5/13/2024 9:00:00 PM,5/13/2024 5:00:00 PM,RFC,WEST,ATSI,OE,7467.676,True
5/13/2024 10:00:00 PM,5/13/2024 6:00:00 PM,RFC,WEST,ATSI,OE,7404.649,True
5/13/2024 11:00:00 PM,5/13/2024 7:00:00 PM,RFC,WEST,ATSI,OE,7299.226,True
5/14/2024 12:00:00 AM,5/13/2024 8:00:00 PM,RFC,WEST,ATSI,OE,7204.100,True
5/14/2024 1:00:00 AM,5/13/2024 9:00:00 PM,RFC,WEST,ATSI,OE,7073.107,True
5/14/2024 2:00:00 AM,5/13/2024 10:00:00 PM,RFC,WEST,ATSI,OE,6604.640,True
5/14/2024 3:00:00 AM,5/13/2024 11:00:00 PM,RFC,WEST,ATSI,OE,6150.265,True
5/14/2024 4:00:00 AM,5/14/2024 12:00:00 AM,RFC,WEST,ATSI,OE,5789.420,True
5/14/2024 5:00:00 AM,5/14/2024 1:00:00 AM,RFC,WEST,ATSI,OE,5549.753,True
5/14/2024 6:00:00 AM,5/14/2024 2:00:00 AM,RFC,WEST,ATSI,OE,5380.025,True
5/14/2024 7:00:00 AM,5/14/2024 3:00:00 AM,RFC,WEST,ATSI,OE,5335.670,True
5/14/2024 8:00:00 AM,5/14/2024 4:00:00 AM,RFC,WEST,ATSI,OE,5389.388,True
5/14/2024 9:00:00 AM,5/14/2024 5:00:00 AM,RFC,WEST,ATSI,OE,5626.837,True
5/14/2024 10:00:00 AM,5/14/2024 6:00:00 AM,RFC,WEST,ATSI,OE,6004.480,True
5/14/2024 11:00:00 AM,5/14/2024 7:00:00 AM,RFC,WEST,ATSI,OE,6411.420,True
5/14/2024 12:00:00 PM,5/14/2024 8:00:00 AM,RFC,WEST,ATSI,OE,6706.322,True
5/14/2024 1:00:00 PM,5/14/2024 9:00:00 AM,RFC,WEST,ATSI,OE,6879.907,True
5/14/2024 2:00:00 PM,5/14/2024 10:00:00 AM,RFC,WEST,ATSI,OE,7077.488,True
5/14/2024 3:00:00 PM,5/14/2024 11:00:00 AM,RFC,WEST,ATSI,OE,7179.255,True
5/14/2024 4:00:00 PM,5/14/2024 12:00:00 PM,RFC,WEST,ATSI,OE,7248.535,True
5/14/2024 5:00:00 PM,5/14/2024 1:00:00 PM,RFC,WEST,ATSI,OE,7247.908,True
5/14/2024 6:00:00 PM,5/14/2024 2:00:00 PM,RFC,WEST,ATSI,OE,7186.677,True
5/14/2024 7:00:00 PM,5/14/2024 3:00:00 PM,RFC,WEST,ATSI,OE,7094.651,True
5/14/2024 8:00:00 PM,5/14/2024 4:00:00 PM,RFC,WEST,ATSI,OE,7020.688,True
5/14/2024 9:00:00 PM,5/14/2024 5:00:00 PM,RFC,WEST,ATSI,OE,6940.507,True
5/14/2024 10:00:00 PM,5/14/2024 6:00:00 PM,RFC,WEST,ATSI,OE,6819.231,True
5/14/2024 11:00:00 PM,5/14/2024 7:00:00 PM,RFC,WEST,ATSI,OE,6790.080,True
5/15/2024 12:00:00 AM,5/14/2024 8:00:00 PM,RFC,WEST,ATSI,OE,6794.947,True
5/15/2024 1:00:00 AM,5/14/2024 9:00:00 PM,RFC,WEST,ATSI,OE,6657.991,True
5/15/2024 2:00:00 AM,5/14/2024 10:00:00 PM,RFC,WEST,ATSI,OE,6256.568,True
5/15/2024 3:00:00 AM,5/14/2024 11:00:00 PM,RFC,WEST,ATSI,OE,5903.234,True
5/15/2024 4:00:00 AM,5/15/2024 12:00:00 AM,RFC,WEST,ATSI,OE,5645.091,True
5/15/2024 5:00:00 AM,5/15/2024 1:00:00 AM,RFC,WEST,ATSI,OE,5428.411,True
5/15/2024 6:00:00 AM,5/15/2024 2:00:00 AM,RFC,WEST,ATSI,OE,5342.341,True
5/15/2024 7:00:00 AM,5/15/2024 3:00:00 AM,RFC,WEST,ATSI,OE,5256.890,True
5/15/2024 8:00:00 AM,5/15/2024 4:00:00 AM,RFC,WEST,ATSI,OE,5313.869,True
5/15/2024 9:00:00 AM,5/15/2024 5:00:00 AM,RFC,WEST,ATSI,OE,5619.559,True
5/15/2024 10:00:00 AM,5/15/2024 6:00:00 AM,RFC,WEST,ATSI,OE,6002.818,True
5/15/2024 11:00:00 AM,5/15/2024 7:00:00 AM,RFC,WEST,ATSI,OE,6349.502,True
5/15/2024 12:00:00 PM,5/15/2024 8:00:00 AM,RFC,WEST,ATSI,OE,6587.815,True
5/15/2024 1:00:00 PM,5/15/2024 9:00:00 AM,RFC,WEST,ATSI,OE,6731.536,True
5/15/2024 2:00:00 PM,5/15/2024 10:00:00 AM,RFC,WEST,ATSI,OE,6945.079,True
5/15/2024 3:00:00 PM,5/15/2024 11:00:00 AM,RFC,WEST,ATSI,OE,7033.989,True
5/15/2024 4:00:00 PM,5/15/2024 12:00:00 PM,RFC,WEST,ATSI,OE,7066.055,True
5/15/2024 5:00:00 PM,5/15/2024 1:00:00 PM,RFC,WEST,ATSI,OE,7100.830,True
5/15/2024 6:00:00 PM,5/15/2024 2:00:00 PM,RFC,WEST,ATSI,OE,7133.611,True
5/15/2024 7:00:00 PM,5/15/2024 3:00:00 PM,RFC,WEST,ATSI,OE,7092.918,True
5/15/2024 8:00:00 PM,5/15/2024 4:00:00 PM,RFC,WEST,ATSI,OE,7035.968,True
5/15/2024 9:00:00 PM,5/15/2024 5:00:00 PM,RFC,WEST,ATSI,OE,7054.874,True
5/15/2024 10:00:00 PM,5/15/2024 6:00:00 PM,RFC,WEST,ATSI,OE,7050.940,True
5/15/2024 11:00:00 PM,5/15/2024 7:00:00 PM,RFC,WEST,ATSI,OE,6921.964,True
5/16/2024 12:00:00 AM,5/15/2024 8:00:00 PM,RFC,WEST,ATSI,OE,6834.373,True
5/16/2024 1:00:00 AM,5/15/2024 9:00:00 PM,RFC,WEST,ATSI,OE,6749.175,True
5/16/2024 2:00:00 AM,5/15/2024 10:00:00 PM,RFC,WEST,ATSI,OE,6315.539,True
5/16/2024 3:00:00 AM,5/15/2024 11:00:00 PM,RFC,WEST,ATSI,OE,5954.548,True
5/16/2024 4:00:00 AM,5/16/2024 12:00:00 AM,RFC,WEST,ATSI,OE,5656.997,True
5/16/2024 5:00:00 AM,5/16/2024 1:00:00 AM,RFC,WEST,ATSI,OE,5456.177,True
5/16/2024 6:00:00 AM,5/16/2024 2:00:00 AM,RFC,WEST,ATSI,OE,5324.161,True
5/16/2024 7:00:00 AM,5/16/2024 3:00:00 AM,RFC,WEST,ATSI,OE,5279.225,True
5/16/2024 8:00:00 AM,5/16/2024 4:00:00 AM,RFC,WEST,ATSI,OE,5372.337,True
5/16/2024 9:00:00 AM,5/16/2024 5:00:00 AM,RFC,WEST,ATSI,OE,5640.038,True
5/16/2024 10:00:00 AM,5/16/2024 6:00:00 AM,RFC,WEST,ATSI,OE,5994.157,True
5/16/2024 11:00:00 AM,5/16/2024 7:00:00 AM,RFC,WEST,ATSI,OE,6273.691,True
5/16/2024 12:00:00 PM,5/16/2024 8:00:00 AM,RFC,WEST,ATSI,OE,6499.448,True
5/16/2024 1:00:00 PM,5/16/2024 9:00:00 AM,RFC,WEST,ATSI,OE,6657.945,True
5/16/2024 2:00:00 PM,5/16/2024 10:00:00 AM,RFC,WEST,ATSI,OE,6879.727,True
5/16/2024 3:00:00 PM,5/16/2024 11:00:00 AM,RFC,WEST,ATSI,OE,6922.034,True
5/16/2024 4:00:00 PM,5/16/2024 12:00:00 PM,RFC,WEST,ATSI,OE,7178.048,True
5/16/2024 5:00:00 PM,5/16/2024 1:00:00 PM,RFC,WEST,ATSI,OE,7386.846,True
5/16/2024 6:00:00 PM,5/16/2024 2:00:00 PM,RFC,WEST,ATSI,OE,7414.301,True
5/16/2024 7:00:00 PM,5/16/2024 3:00:00 PM,RFC,WEST,ATSI,OE,7399.990,True
5/16/2024 8:00:00 PM,5/16/2024 4:00:00 PM,RFC,WEST,ATSI,OE,7539.892,True
5/16/2024 9:00:00 PM,5/16/2024 5:00:00 PM,RFC,WEST,ATSI,OE,7555.878,True
5/16/2024 10:00:00 PM,5/16/2024 6:00:00 PM,RFC,WEST,ATSI,OE,7517.671,True
5/16/2024 11:00:00 PM,5/16/2024 7:00:00 PM,RFC,WEST,ATSI,OE,7390.216,True
5/17/2024 12:00:00 AM,5/16/2024 8:00:00 PM,RFC,WEST,ATSI,OE,7252.711,True
5/17/2024 1:00:00 AM,5/16/2024 9:00:00 PM,RFC,WEST,ATSI,OE,7212.175,True
5/17/2024 2:00:00 AM,5/16/2024 10:00:00 PM,RFC,WEST,ATSI,OE,6762.059,True
5/17/2024 3:00:00 AM,5/16/2024 11:00:00 PM,RFC,WEST,ATSI,OE,6325.814,True
5/17/2024 4:00:00 AM,5/17/2024 12:00:00 AM,RFC,WEST,ATSI,OE,6044.542,True
5/17/2024 5:00:00 AM,5/17/2024 1:00:00 AM,RFC,WEST,ATSI,OE,5784.407,True
5/17/2024 6:00:00 AM,5/17/2024 2:00:00 AM,RFC,WEST,ATSI,OE,5706.249,True
5/17/2024 7:00:00 AM,5/17/2024 3:00:00 AM,RFC,WEST,ATSI,OE,5621.510,True
5/17/2024 8:00:00 AM,5/17/2024 4:00:00 AM,RFC,WEST,ATSI,OE,5685.635,True
5/17/2024 9:00:00 AM,5/17/2024 5:00:00 AM,RFC,WEST,ATSI,OE,5882.560,True
5/17/2024 10:00:00 AM,5/17/2024 6:00:00 AM,RFC,WEST,ATSI,OE,6278.273,True
5/17/2024 11:00:00 AM,5/17/2024 7:00:00 AM,RFC,WEST,ATSI,OE,6627.963,True
5/17/2024 12:00:00 PM,5/17/2024 8:00:00 AM,RFC,WEST,ATSI,OE,6928.640,True
5/17/2024 1:00:00 PM,5/17/2024 9:00:00 AM,RFC,WEST,ATSI,OE,7078.770,True
5/17/2024 2:00:00 PM,5/17/2024 10:00:00 AM,RFC,WEST,ATSI,OE,7161.786,True
5/17/2024 3:00:00 PM,5/17/2024 11:00:00 AM,RFC,WEST,ATSI,OE,7220.918,True
5/17/2024 4:00:00 PM,5/17/2024 12:00:00 PM,RFC,WEST,ATSI,OE,7252.421,True
5/17/2024 5:00:00 PM,5/17/2024 1:00:00 PM,RFC,WEST,ATSI,OE,7341.454,True
5/17/2024 6:00:00 PM,5/17/2024 2:00:00 PM,RFC,WEST,ATSI,OE,7301.959,True
5/17/2024 7:00:00 PM,5/17/2024 3:00:00 PM,RFC,WEST,ATSI,OE,7186.273,True
5/17/2024 8:00:00 PM,5/17/2024 4:00:00 PM,RFC,WEST,ATSI,OE,7018.288,True
5/17/2024 9:00:00 PM,5/17/2024 5:00:00 PM,RFC,WEST,ATSI,OE,6945.604,True
5/17/2024 10:00:00 PM,5/17/2024 6:00:00 PM,RFC,WEST,ATSI,OE,6882.426,True
5/17/2024 11:00:00 PM,5/17/2024 7:00:00 PM,RFC,WEST,ATSI,OE,6749.266,True
5/18/2024 12:00:00 AM,5/17/2024 8:00:00 PM,RFC,WEST,ATSI,OE,6685.144,True
5/18/2024 1:00:00 AM,5/17/2024 9:00:00 PM,RFC,WEST,ATSI,OE,6588.236,True
5/18/2024 2:00:00 AM,5/17/2024 10:00:00 PM,RFC,WEST,ATSI,OE,6367.540,True
5/18/2024 3:00:00 AM,5/17/2024 11:00:00 PM,RFC,WEST,ATSI,OE,5971.768,True
5/18/2024 4:00:00 AM,5/18/2024 12:00:00 AM,RFC,WEST,ATSI,OE,5720.632,True
5/18/2024 5:00:00 AM,5/18/2024 1:00:00 AM,RFC,WEST,ATSI,OE,5454.435,True
5/18/2024 6:00:00 AM,5/18/2024 2:00:00 AM,RFC,WEST,ATSI,OE,5372.688,True
5/18/2024 7:00:00 AM,5/18/2024 3:00:00 AM,RFC,WEST,ATSI,OE,5284.429,True
5/18/2024 8:00:00 AM,5/18/2024 4:00:00 AM,RFC,WEST,ATSI,OE,5177.975,True
5/18/2024 9:00:00 AM,5/18/2024 5:00:00 AM,RFC,WEST,ATSI,OE,5312.543,True
5/18/2024 10:00:00 AM,5/18/2024 6:00:00 AM,RFC,WEST,ATSI,OE,5288.381,True
5/18/2024 11:00:00 AM,5/18/2024 7:00:00 AM,RFC,WEST,ATSI,OE,5627.778,True
5/18/2024 12:00:00 PM,5/18/2024 8:00:00 AM,RFC,WEST,ATSI,OE,5897.212,True
5/18/2024 1:00:00 PM,5/18/2024 9:00:00 AM,RFC,WEST,ATSI,OE,6145.661,True
5/18/2024 2:00:00 PM,5/18/2024 10:00:00 AM,RFC,WEST,ATSI,OE,6359.492,True
5/18/2024 3:00:00 PM,5/18/2024 11:00:00 AM,RFC,WEST,ATSI,OE,6538.777,True
5/18/2024 4:00:00 PM,5/18/2024 12:00:00 PM,RFC,WEST,ATSI,OE,6697.552,True
5/18/2024 5:00:00 PM,5/18/2024 1:00:00 PM,RFC,WEST,ATSI,OE,6819.946,True
5/18/2024 6:00:00 PM,5/18/2024 2:00:00 PM,RFC,WEST,ATSI,OE,6901.878,True
5/18/2024 7:00:00 PM,5/18/2024 3:00:00 PM,RFC,WEST,ATSI,OE,7167.437,True
5/18/2024 8:00:00 PM,5/18/2024 4:00:00 PM,RFC,WEST,ATSI,OE,7277.389,True
5/18/2024 9:00:00 PM,5/18/2024 5:00:00 PM,RFC,WEST,ATSI,OE,7227.429,True
5/18/2024 10:00:00 PM,5/18/2024 6:00:00 PM,RFC,WEST,ATSI,OE,7296.637,True
5/18/2024 11:00:00 PM,5/18/2024 7:00:00 PM,RFC,WEST,ATSI,OE,7070.835,True
5/19/2024 12:00:00 AM,5/18/2024 8:00:00 PM,RFC,WEST,ATSI,OE,6804.105,True
5/19/2024 1:00:00 AM,5/18/2024 9:00:00 PM,RFC,WEST,ATSI,OE,6737.704,True
5/19/2024 2:00:00 AM,5/18/2024 10:00:00 PM,RFC,WEST,ATSI,OE,6353.292,True
5/19/2024 3:00:00 AM,5/18/2024 11:00:00 PM,RFC,WEST,ATSI,OE,5999.889,True
5/19/2024 4:00:00 AM,5/19/2024 12:00:00 AM,RFC,WEST,ATSI,OE,5628.995,True
5/19/2024 5:00:00 AM,5/19/2024 1:00:00 AM,RFC,WEST,ATSI,OE,5379.629,True
5/19/2024 6:00:00 AM,5/19/2024 2:00:00 AM,RFC,WEST,ATSI,OE,5201.362,True
5/19/2024 7:00:00 AM,5/19/2024 3:00:00 AM,RFC,WEST,ATSI,OE,5120.472,True
5/19/2024 8:00:00 AM,5/19/2024 4:00:00 AM,RFC,WEST,ATSI,OE,5036.067,True
5/19/2024 9:00:00 AM,5/19/2024 5:00:00 AM,RFC,WEST,ATSI,OE,5087.115,True
5/19/2024 10:00:00 AM,5/19/2024 6:00:00 AM,RFC,WEST,ATSI,OE,5083.341,True
5/19/2024 11:00:00 AM,5/19/2024 7:00:00 AM,RFC,WEST,ATSI,OE,5214.355,True
5/19/2024 12:00:00 PM,5/19/2024 8:00:00 AM,RFC,WEST,ATSI,OE,5624.256,True
5/19/2024 1:00:00 PM,5/19/2024 9:00:00 AM,RFC,WEST,ATSI,OE,5947.794,True
5/19/2024 2:00:00 PM,5/19/2024 10:00:00 AM,RFC,WEST,ATSI,OE,6265.201,True
5/19/2024 3:00:00 PM,5/19/2024 11:00:00 AM,RFC,WEST,ATSI,OE,6590.041,True
5/19/2024 4:00:00 PM,5/19/2024 12:00:00 PM,RFC,WEST,ATSI,OE,6917.450,True
5/19/2024 5:00:00 PM,5/19/2024 1:00:00 PM,RFC,WEST,ATSI,OE,7306.031,True
5/19/2024 6:00:00 PM,5/19/2024 2:00:00 PM,RFC,WEST,ATSI,OE,7579.971,True
5/19/2024 7:00:00 PM,5/19/2024 3:00:00 PM,RFC,WEST,ATSI,OE,7749.817,True
5/19/2024 8:00:00 PM,5/19/2024 4:00:00 PM,RFC,WEST,ATSI,OE,7991.777,True
5/19/2024 9:00:00 PM,5/19/2024 5:00:00 PM,RFC,WEST,ATSI,OE,8348.828,True
5/19/2024 10:00:00 PM,5/19/2024 6:00:00 PM,RFC,WEST,ATSI,OE,8373.735,True
5/19/2024 11:00:00 PM,5/19/2024 7:00:00 PM,RFC,WEST,ATSI,OE,8231.937,True
5/20/2024 12:00:00 AM,5/19/2024 8:00:00 PM,RFC,WEST,ATSI,OE,8003.327,True
5/20/2024 1:00:00 AM,5/19/2024 9:00:00 PM,RFC,WEST,ATSI,OE,7772.213,True
5/20/2024 2:00:00 AM,5/19/2024 10:00:00 PM,RFC,WEST,ATSI,OE,7237.168,True
5/20/2024 3:00:00 AM,5/19/2024 11:00:00 PM,RFC,WEST,ATSI,OE,6772.581,True
5/20/2024 4:00:00 AM,5/20/2024 12:00:00 AM,RFC,WEST,ATSI,OE,6327.754,True
5/20/2024 5:00:00 AM,5/20/2024 1:00:00 AM,RFC,WEST,ATSI,OE,6023.346,True
5/20/2024 6:00:00 AM,5/20/2024 2:00:00 AM,RFC,WEST,ATSI,OE,5776.980,True
5/20/2024 7:00:00 AM,5/20/2024 3:00:00 AM,RFC,WEST,ATSI,OE,5719.886,True
5/20/2024 8:00:00 AM,5/20/2024 4:00:00 AM,RFC,WEST,ATSI,OE,5697.872,True
5/20/2024 9:00:00 AM,5/20/2024 5:00:00 AM,RFC,WEST,ATSI,OE,5993.549,True
5/20/2024 10:00:00 AM,5/20/2024 6:00:00 AM,RFC,WEST,ATSI,OE,6362.983,True
5/20/2024 11:00:00 AM,5/20/2024 7:00:00 AM,RFC,WEST,ATSI,OE,6911.487,True
5/20/2024 12:00:00 PM,5/20/2024 8:00:00 AM,RFC,WEST,ATSI,OE,7372.771,True
5/20/2024 1:00:00 PM,5/20/2024 9:00:00 AM,RFC,WEST,ATSI,OE,7795.512,True
5/20/2024 2:00:00 PM,5/20/2024 10:00:00 AM,RFC,WEST,ATSI,OE,8208.954,True
5/20/2024 3:00:00 PM,5/20/2024 11:00:00 AM,RFC,WEST,ATSI,OE,8735.644,True
5/20/2024 4:00:00 PM,5/20/2024 12:00:00 PM,RFC,WEST,ATSI,OE,9180.506,True
5/20/2024 5:00:00 PM,5/20/2024 1:00:00 PM,RFC,WEST,ATSI,OE,9561.346,True
5/20/2024 6:00:00 PM,5/20/2024 2:00:00 PM,RFC,WEST,ATSI,OE,9755.059,True
5/20/2024 7:00:00 PM,5/20/2024 3:00:00 PM,RFC,WEST,ATSI,OE,9854.902,True
5/20/2024 8:00:00 PM,5/20/2024 4:00:00 PM,RFC,WEST,ATSI,OE,9992.845,True
5/20/2024 9:00:00 PM,5/20/2024 5:00:00 PM,RFC,WEST,ATSI,OE,10025.822,True
5/20/2024 10:00:00 PM,5/20/2024 6:00:00 PM,RFC,WEST,ATSI,OE,9816.614,True
5/20/2024 11:00:00 PM,5/20/2024 7:00:00 PM,RFC,WEST,ATSI,OE,9501.583,True
5/21/2024 12:00:00 AM,5/20/2024 8:00:00 PM,RFC,WEST,ATSI,OE,9119.166,True
5/21/2024 1:00:00 AM,5/20/2024 9:00:00 PM,RFC,WEST,ATSI,OE,8784.958,True
5/21/2024 2:00:00 AM,5/20/2024 10:00:00 PM,RFC,WEST,ATSI,OE,8088.989,True
5/21/2024 3:00:00 AM,5/20/2024 11:00:00 PM,RFC,WEST,ATSI,OE,7451.806,True
5/21/2024 4:00:00 AM,5/21/2024 12:00:00 AM,RFC,WEST,ATSI,OE,7044.429,True
5/21/2024 5:00:00 AM,5/21/2024 1:00:00 AM,RFC,WEST,ATSI,OE,6648.191,True
5/21/2024 6:00:00 AM,5/21/2024 2:00:00 AM,RFC,WEST,ATSI,OE,6444.105,True
5/21/2024 7:00:00 AM,5/21/2024 3:00:00 AM,RFC,WEST,ATSI,OE,6340.576,True
5/21/2024 8:00:00 AM,5/21/2024 4:00:00 AM,RFC,WEST,ATSI,OE,6284.328,True
5/21/2024 9:00:00 AM,5/21/2024 5:00:00 AM,RFC,WEST,ATSI,OE,6422.715,True
5/21/2024 10:00:00 AM,5/21/2024 6:00:00 AM,RFC,WEST,ATSI,OE,6843.654,True
5/21/2024 11:00:00 AM,5/21/2024 7:00:00 AM,RFC,WEST,ATSI,OE,7345.580,True
5/21/2024 12:00:00 PM,5/21/2024 8:00:00 AM,RFC,WEST,ATSI,OE,7822.778,True
5/21/2024 1:00:00 PM,5/21/2024 9:00:00 AM,RFC,WEST,ATSI,OE,8213.654,True
5/21/2024 2:00:00 PM,5/21/2024 10:00:00 AM,RFC,WEST,ATSI,OE,8741.438,True
5/21/2024 3:00:00 PM,5/21/2024 11:00:00 AM,RFC,WEST,ATSI,OE,9226.964,True
5/21/2024 4:00:00 PM,5/21/2024 12:00:00 PM,RFC,WEST,ATSI,OE,9617.478,True
5/21/2024 5:00:00 PM,5/21/2024 1:00:00 PM,RFC,WEST,ATSI,OE,9974.643,True
5/21/2024 6:00:00 PM,5/21/2024 2:00:00 PM,RFC,WEST,ATSI,OE,10140.736,True
5/21/2024 7:00:00 PM,5/21/2024 3:00:00 PM,RFC,WEST,ATSI,OE,10143.474,True
5/21/2024 8:00:00 PM,5/21/2024 4:00:00 PM,RFC,WEST,ATSI,OE,10307.507,True
5/21/2024 9:00:00 PM,5/21/2024 5:00:00 PM,RFC,WEST,ATSI,OE,10253.752,True
5/21/2024 10:00:00 PM,5/21/2024 6:00:00 PM,RFC,WEST,ATSI,OE,10192.979,True
5/21/2024 11:00:00 PM,5/21/2024 7:00:00 PM,RFC,WEST,ATSI,OE,9912.879,True
5/22/2024 12:00:00 AM,5/21/2024 8:00:00 PM,RFC,WEST,ATSI,OE,9460.552,True
5/22/2024 1:00:00 AM,5/21/2024 9:00:00 PM,RFC,WEST,ATSI,OE,9354.167,True
5/22/2024 2:00:00 AM,5/21/2024 10:00:00 PM,RFC,WEST,ATSI,OE,8654.860,True
5/22/2024 3:00:00 AM,5/21/2024 11:00:00 PM,RFC,WEST,ATSI,OE,8023.793,True
5/22/2024 4:00:00 AM,5/22/2024 12:00:00 AM,RFC,WEST,ATSI,OE,7429.673,True
5/22/2024 5:00:00 AM,5/22/2024 1:00:00 AM,RFC,WEST,ATSI,OE,7100.424,True
5/22/2024 6:00:00 AM,5/22/2024 2:00:00 AM,RFC,WEST,ATSI,OE,6807.531,True
5/22/2024 7:00:00 AM,5/22/2024 3:00:00 AM,RFC,WEST,ATSI,OE,6622.728,True
5/22/2024 8:00:00 AM,5/22/2024 4:00:00 AM,RFC,WEST,ATSI,OE,6590.511,True
5/22/2024 9:00:00 AM,5/22/2024 5:00:00 AM,RFC,WEST,ATSI,OE,6807.733,True
5/22/2024 10:00:00 AM,5/22/2024 6:00:00 AM,RFC,WEST,ATSI,OE,7135.666,True
5/22/2024 11:00:00 AM,5/22/2024 7:00:00 AM,RFC,WEST,ATSI,OE,7674.153,True
5/22/2024 12:00:00 PM,5/22/2024 8:00:00 AM,RFC,WEST,ATSI,OE,8081.087,True
5/22/2024 1:00:00 PM,5/22/2024 9:00:00 AM,RFC,WEST,ATSI,OE,8369.975,True
5/22/2024 2:00:00 PM,5/22/2024 10:00:00 AM,RFC,WEST,ATSI,OE,8637.654,True
5/22/2024 3:00:00 PM,5/22/2024 11:00:00 AM,RFC,WEST,ATSI,OE,8682.415,True
5/22/2024 4:00:00 PM,5/22/2024 12:00:00 PM,RFC,WEST,ATSI,OE,8878.423,True
5/22/2024 5:00:00 PM,5/22/2024 1:00:00 PM,RFC,WEST,ATSI,OE,9165.141,True
5/22/2024 6:00:00 PM,5/22/2024 2:00:00 PM,RFC,WEST,ATSI,OE,9452.562,True
5/22/2024 7:00:00 PM,5/22/2024 3:00:00 PM,RFC,WEST,ATSI,OE,9571.224,True
5/22/2024 8:00:00 PM,5/22/2024 4:00:00 PM,RFC,WEST,ATSI,OE,9784.380,True
5/22/2024 9:00:00 PM,5/22/2024 5:00:00 PM,RFC,WEST,ATSI,OE,9773.395,True
5/22/2024 10:00:00 PM,5/22/2024 6:00:00 PM,RFC,WEST,ATSI,OE,9770.976,True
5/22/2024 11:00:00 PM,5/22/2024 7:00:00 PM,RFC,WEST,ATSI,OE,9424.318,True
5/23/2024 12:00:00 AM,5/22/2024 8:00:00 PM,RFC,WEST,ATSI,OE,9090.328,True
5/23/2024 1:00:00 AM,5/22/2024 9:00:00 PM,RFC,WEST,ATSI,OE,8785.530,True
5/23/2024 2:00:00 AM,5/22/2024 10:00:00 PM,RFC,WEST,ATSI,OE,7967.946,True
5/23/2024 3:00:00 AM,5/22/2024 11:00:00 PM,RFC,WEST,ATSI,OE,7310.058,True
5/23/2024 4:00:00 AM,5/23/2024 12:00:00 AM,RFC,WEST,ATSI,OE,6779.671,True
5/23/2024 5:00:00 AM,5/23/2024 1:00:00 AM,RFC,WEST,ATSI,OE,6417.126,True
5/23/2024 6:00:00 AM,5/23/2024 2:00:00 AM,RFC,WEST,ATSI,OE,6223.615,True
5/23/2024 7:00:00 AM,5/23/2024 3:00:00 AM,RFC,WEST,ATSI,OE,6074.921,True
5/23/2024 8:00:00 AM,5/23/2024 4:00:00 AM,RFC,WEST,ATSI,OE,6004.955,True
5/23/2024 9:00:00 AM,5/23/2024 5:00:00 AM,RFC,WEST,ATSI,OE,6196.960,True
5/23/2024 10:00:00 AM,5/23/2024 6:00:00 AM,RFC,WEST,ATSI,OE,6466.481,True
5/23/2024 11:00:00 AM,5/23/2024 7:00:00 AM,RFC,WEST,ATSI,OE,6986.469,True
5/23/2024 12:00:00 PM,5/23/2024 8:00:00 AM,RFC,WEST,ATSI,OE,7379.323,True
5/23/2024 1:00:00 PM,5/23/2024 9:00:00 AM,RFC,WEST,ATSI,OE,7660.663,True
5/23/2024 2:00:00 PM,5/23/2024 10:00:00 AM,RFC,WEST,ATSI,OE,7972.466,True
5/23/2024 3:00:00 PM,5/23/2024 11:00:00 AM,RFC,WEST,ATSI,OE,8140.760,True
5/23/2024 4:00:00 PM,5/23/2024 12:00:00 PM,RFC,WEST,ATSI,OE,8363.108,True
5/23/2024 5:00:00 PM,5/23/2024 1:00:00 PM,RFC,WEST,ATSI,OE,8697.984,True
5/23/2024 6:00:00 PM,5/23/2024 2:00:00 PM,RFC,WEST,ATSI,OE,8780.656,True
5/23/2024 7:00:00 PM,5/23/2024 3:00:00 PM,RFC,WEST,ATSI,OE,8925.076,True
5/23/2024 8:00:00 PM,5/23/2024 4:00:00 PM,RFC,WEST,ATSI,OE,9110.154,True
5/23/2024 9:00:00 PM,5/23/2024 5:00:00 PM,RFC,WEST,ATSI,OE,9148.267,True
5/23/2024 10:00:00 PM,5/23/2024 6:00:00 PM,RFC,WEST,ATSI,OE,8965.604,True
5/23/2024 11:00:00 PM,5/23/2024 7:00:00 PM,RFC,WEST,ATSI,OE,8640.271,True
5/24/2024 12:00:00 AM,5/23/2024 8:00:00 PM,RFC,WEST,ATSI,OE,8258.518,True
5/24/2024 1:00:00 AM,5/23/2024 9:00:00 PM,RFC,WEST,ATSI,OE,8062.194,True
5/24/2024 2:00:00 AM,5/23/2024 10:00:00 PM,RFC,WEST,ATSI,OE,7459.112,True
5/24/2024 3:00:00 AM,5/23/2024 11:00:00 PM,RFC,WEST,ATSI,OE,6898.715,True
5/24/2024 4:00:00 AM,5/24/2024 12:00:00 AM,RFC,WEST,ATSI,OE,6420.163,True
5/24/2024 5:00:00 AM,5/24/2024 1:00:00 AM,RFC,WEST,ATSI,OE,6119.910,True
5/24/2024 6:00:00 AM,5/24/2024 2:00:00 AM,RFC,WEST,ATSI,OE,5946.614,True
5/24/2024 7:00:00 AM,5/24/2024 3:00:00 AM,RFC,WEST,ATSI,OE,5836.236,True
5/24/2024 8:00:00 AM,5/24/2024 4:00:00 AM,RFC,WEST,ATSI,OE,5803.517,True
5/24/2024 9:00:00 AM,5/24/2024 5:00:00 AM,RFC,WEST,ATSI,OE,5962.569,True
5/24/2024 10:00:00 AM,5/24/2024 6:00:00 AM,RFC,WEST,ATSI,OE,6290.049,True
5/24/2024 11:00:00 AM,5/24/2024 7:00:00 AM,RFC,WEST,ATSI,OE,6730.730,True
5/24/2024 12:00:00 PM,5/24/2024 8:00:00 AM,RFC,WEST,ATSI,OE,7129.902,True
5/24/2024 1:00:00 PM,5/24/2024 9:00:00 AM,RFC,WEST,ATSI,OE,7486.142,True
5/24/2024 2:00:00 PM,5/24/2024 10:00:00 AM,RFC,WEST,ATSI,OE,7836.565,True
5/24/2024 3:00:00 PM,5/24/2024 11:00:00 AM,RFC,WEST,ATSI,OE,8098.958,True
5/24/2024 4:00:00 PM,5/24/2024 12:00:00 PM,RFC,WEST,ATSI,OE,8415.114,True
5/24/2024 5:00:00 PM,5/24/2024 1:00:00 PM,RFC,WEST,ATSI,OE,8725.645,True
5/24/2024 6:00:00 PM,5/24/2024 2:00:00 PM,RFC,WEST,ATSI,OE,8861.802,True
5/24/2024 7:00:00 PM,5/24/2024 3:00:00 PM,RFC,WEST,ATSI,OE,9053.106,True
5/24/2024 8:00:00 PM,5/24/2024 4:00:00 PM,RFC,WEST,ATSI,OE,9214.015,True
5/24/2024 9:00:00 PM,5/24/2024 5:00:00 PM,RFC,WEST,ATSI,OE,9146.201,True
5/24/2024 10:00:00 PM,5/24/2024 6:00:00 PM,RFC,WEST,ATSI,OE,8870.752,True
5/24/2024 11:00:00 PM,5/24/2024 7:00:00 PM,RFC,WEST,ATSI,OE,8382.114,True
5/25/2024 12:00:00 AM,5/24/2024 8:00:00 PM,RFC,WEST,ATSI,OE,7965.612,True
5/25/2024 1:00:00 AM,5/24/2024 9:00:00 PM,RFC,WEST,ATSI,OE,7763.873,True
5/25/2024 2:00:00 AM,5/24/2024 10:00:00 PM,RFC,WEST,ATSI,OE,7212.824,True
5/25/2024 3:00:00 AM,5/24/2024 11:00:00 PM,RFC,WEST,ATSI,OE,6616.134,True
5/25/2024 4:00:00 AM,5/25/2024 12:00:00 AM,RFC,WEST,ATSI,OE,6207.661,True
5/25/2024 5:00:00 AM,5/25/2024 1:00:00 AM,RFC,WEST,ATSI,OE,5869.009,True
5/25/2024 6:00:00 AM,5/25/2024 2:00:00 AM,RFC,WEST,ATSI,OE,5692.809,True
5/25/2024 7:00:00 AM,5/25/2024 3:00:00 AM,RFC,WEST,ATSI,OE,5519.219,True
5/25/2024 8:00:00 AM,5/25/2024 4:00:00 AM,RFC,WEST,ATSI,OE,5489.810,True
5/25/2024 9:00:00 AM,5/25/2024 5:00:00 AM,RFC,WEST,ATSI,OE,5615.777,True
5/25/2024 10:00:00 AM,5/25/2024 6:00:00 AM,RFC,WEST,ATSI,OE,5586.824,True
5/25/2024 11:00:00 AM,5/25/2024 7:00:00 AM,RFC,WEST,ATSI,OE,5892.300,True
5/25/2024 12:00:00 PM,5/25/2024 8:00:00 AM,RFC,WEST,ATSI,OE,6248.484,True
5/25/2024 1:00:00 PM,5/25/2024 9:00:00 AM,RFC,WEST,ATSI,OE,6785.485,True
5/25/2024 2:00:00 PM,5/25/2024 10:00:00 AM,RFC,WEST,ATSI,OE,7071.924,True
5/25/2024 3:00:00 PM,5/25/2024 11:00:00 AM,RFC,WEST,ATSI,OE,7339.027,True
5/25/2024 4:00:00 PM,5/25/2024 12:00:00 PM,RFC,WEST,ATSI,OE,7566.149,True
5/25/2024 5:00:00 PM,5/25/2024 1:00:00 PM,RFC,WEST,ATSI,OE,7819.715,True
5/25/2024 6:00:00 PM,5/25/2024 2:00:00 PM,RFC,WEST,ATSI,OE,8004.350,True
5/25/2024 7:00:00 PM,5/25/2024 3:00:00 PM,RFC,WEST,ATSI,OE,8258.495,True
5/25/2024 8:00:00 PM,5/25/2024 4:00:00 PM,RFC,WEST,ATSI,OE,8379.709,True
5/25/2024 9:00:00 PM,5/25/2024 5:00:00 PM,RFC,WEST,ATSI,OE,8414.707,True
5/25/2024 10:00:00 PM,5/25/2024 6:00:00 PM,RFC,WEST,ATSI,OE,8390.353,True
5/25/2024 11:00:00 PM,5/25/2024 7:00:00 PM,RFC,WEST,ATSI,OE,8139.359,True
5/26/2024 12:00:00 AM,5/25/2024 8:00:00 PM,RFC,WEST,ATSI,OE,7758.256,True
5/26/2024 1:00:00 AM,5/25/2024 9:00:00 PM,RFC,WEST,ATSI,OE,7474.547,True
5/26/2024 2:00:00 AM,5/25/2024 10:00:00 PM,RFC,WEST,ATSI,OE,7039.529,True
5/26/2024 3:00:00 AM,5/25/2024 11:00:00 PM,RFC,WEST,ATSI,OE,6480.022,True
5/26/2024 4:00:00 AM,5/26/2024 12:00:00 AM,RFC,WEST,ATSI,OE,6083.837,True
5/26/2024 5:00:00 AM,5/26/2024 1:00:00 AM,RFC,WEST,ATSI,OE,5696.634,True
5/26/2024 6:00:00 AM,5/26/2024 2:00:00 AM,RFC,WEST,ATSI,OE,5528.063,True
5/26/2024 7:00:00 AM,5/26/2024 3:00:00 AM,RFC,WEST,ATSI,OE,5388.036,True
5/26/2024 8:00:00 AM,5/26/2024 4:00:00 AM,RFC,WEST,ATSI,OE,5290.673,True
5/26/2024 9:00:00 AM,5/26/2024 5:00:00 AM,RFC,WEST,ATSI,OE,5209.651,True
5/26/2024 10:00:00 AM,5/26/2024 6:00:00 AM,RFC,WEST,ATSI,OE,5139.172,True
5/26/2024 11:00:00 AM,5/26/2024 7:00:00 AM,RFC,WEST,ATSI,OE,5329.331,True
5/26/2024 12:00:00 PM,5/26/2024 8:00:00 AM,RFC,WEST,ATSI,OE,5754.249,True
5/26/2024 1:00:00 PM,5/26/2024 9:00:00 AM,RFC,WEST,ATSI,OE,6244.252,True
5/26/2024 2:00:00 PM,5/26/2024 10:00:00 AM,RFC,WEST,ATSI,OE,6667.988,True
5/26/2024 3:00:00 PM,5/26/2024 11:00:00 AM,RFC,WEST,ATSI,OE,7152.908,True
5/26/2024 4:00:00 PM,5/26/2024 12:00:00 PM,RFC,WEST,ATSI,OE,7496.686,True
5/26/2024 5:00:00 PM,5/26/2024 1:00:00 PM,RFC,WEST,ATSI,OE,7786.951,True
5/26/2024 6:00:00 PM,5/26/2024 2:00:00 PM,RFC,WEST,ATSI,OE,8078.298,True
5/26/2024 7:00:00 PM,5/26/2024 3:00:00 PM,RFC,WEST,ATSI,OE,8137.831,True
5/26/2024 8:00:00 PM,5/26/2024 4:00:00 PM,RFC,WEST,ATSI,OE,8090.132,True
5/26/2024 9:00:00 PM,5/26/2024 5:00:00 PM,RFC,WEST,ATSI,OE,7916.752,True
5/26/2024 10:00:00 PM,5/26/2024 6:00:00 PM,RFC,WEST,ATSI,OE,7645.694,True
5/26/2024 11:00:00 PM,5/26/2024 7:00:00 PM,RFC,WEST,ATSI,OE,7240.123,True
5/27/2024 12:00:00 AM,5/26/2024 8:00:00 PM,RFC,WEST,ATSI,OE,6942.271,True
5/27/2024 1:00:00 AM,5/26/2024 9:00:00 PM,RFC,WEST,ATSI,OE,6787.881,True
5/27/2024 2:00:00 AM,5/26/2024 10:00:00 PM,RFC,WEST,ATSI,OE,6486.487,True
5/27/2024 3:00:00 AM,5/26/2024 11:00:00 PM,RFC,WEST,ATSI,OE,6095.719,True
5/27/2024 4:00:00 AM,5/27/2024 12:00:00 AM,RFC,WEST,ATSI,OE,5803.228,True
5/27/2024 5:00:00 AM,5/27/2024 1:00:00 AM,RFC,WEST,ATSI,OE,5563.816,True
5/27/2024 6:00:00 AM,5/27/2024 2:00:00 AM,RFC,WEST,ATSI,OE,5409.868,True
5/27/2024 7:00:00 AM,5/27/2024 3:00:00 AM,RFC,WEST,ATSI,OE,5289.936,True
5/27/2024 8:00:00 AM,5/27/2024 4:00:00 AM,RFC,WEST,ATSI,OE,5273.636,True
5/27/2024 9:00:00 AM,5/27/2024 5:00:00 AM,RFC,WEST,ATSI,OE,5305.508,True
5/27/2024 10:00:00 AM,5/27/2024 6:00:00 AM,RFC,WEST,ATSI,OE,5327.649,True
5/27/2024 11:00:00 AM,5/27/2024 7:00:00 AM,RFC,WEST,ATSI,OE,5384.774,True
5/27/2024 12:00:00 PM,5/27/2024 8:00:00 AM,RFC,WEST,ATSI,OE,5739.378,True
5/27/2024 1:00:00 PM,5/27/2024 9:00:00 AM,RFC,WEST,ATSI,OE,6081.685,True
5/27/2024 2:00:00 PM,5/27/2024 10:00:00 AM,RFC,WEST,ATSI,OE,6378.222,True
5/27/2024 3:00:00 PM,5/27/2024 11:00:00 AM,RFC,WEST,ATSI,OE,6665.501,True
5/27/2024 4:00:00 PM,5/27/2024 12:00:00 PM,RFC,WEST,ATSI,OE,6777.796,True
5/27/2024 5:00:00 PM,5/27/2024 1:00:00 PM,RFC,WEST,ATSI,OE,6922.736,True
5/27/2024 6:00:00 PM,5/27/2024 2:00:00 PM,RFC,WEST,ATSI,OE,7019.725,True
5/27/2024 7:00:00 PM,5/27/2024 3:00:00 PM,RFC,WEST,ATSI,OE,7045.198,True
5/27/2024 8:00:00 PM,5/27/2024 4:00:00 PM,RFC,WEST,ATSI,OE,7018.818,True
5/27/2024 9:00:00 PM,5/27/2024 5:00:00 PM,RFC,WEST,ATSI,OE,6921.643,True
5/27/2024 10:00:00 PM,5/27/2024 6:00:00 PM,RFC,WEST,ATSI,OE,6680.536,True
5/27/2024 11:00:00 PM,5/27/2024 7:00:00 PM,RFC,WEST,ATSI,OE,6564.526,True
5/28/2024 12:00:00 AM,5/27/2024 8:00:00 PM,RFC,WEST,ATSI,OE,6423.038,True
5/28/2024 1:00:00 AM,5/27/2024 9:00:00 PM,RFC,WEST,ATSI,OE,6328.821,True
5/28/2024 2:00:00 AM,5/27/2024 10:00:00 PM,RFC,WEST,ATSI,OE,6026.248,True
5/28/2024 3:00:00 AM,5/27/2024 11:00:00 PM,RFC,WEST,ATSI,OE,5686.377,True
5/28/2024 4:00:00 AM,5/28/2024 12:00:00 AM,RFC,WEST,ATSI,OE,5458.421,True
5/28/2024 5:00:00 AM,5/28/2024 1:00:00 AM,RFC,WEST,ATSI,OE,5260.688,True
5/28/2024 6:00:00 AM,5/28/2024 2:00:00 AM,RFC,WEST,ATSI,OE,5203.287,True
5/28/2024 7:00:00 AM,5/28/2024 3:00:00 AM,RFC,WEST,ATSI,OE,5125.224,True
5/28/2024 8:00:00 AM,5/28/2024 4:00:00 AM,RFC,WEST,ATSI,OE,5247.622,True
5/28/2024 9:00:00 AM,5/28/2024 5:00:00 AM,RFC,WEST,ATSI,OE,5453.041,True
5/28/2024 10:00:00 AM,5/28/2024 6:00:00 AM,RFC,WEST,ATSI,OE,5881.873,True
5/28/2024 11:00:00 AM,5/28/2024 7:00:00 AM,RFC,WEST,ATSI,OE,6321.715,True
5/28/2024 12:00:00 PM,5/28/2024 8:00:00 AM,RFC,WEST,ATSI,OE,6634.576,True
5/28/2024 1:00:00 PM,5/28/2024 9:00:00 AM,RFC,WEST,ATSI,OE,6771.234,True
5/28/2024 2:00:00 PM,5/28/2024 10:00:00 AM,RFC,WEST,ATSI,OE,6955.665,True
5/28/2024 3:00:00 PM,5/28/2024 11:00:00 AM,RFC,WEST,ATSI,OE,7136.730,True
5/28/2024 4:00:00 PM,5/28/2024 12:00:00 PM,RFC,WEST,ATSI,OE,7230.266,True
5/28/2024 5:00:00 PM,5/28/2024 1:00:00 PM,RFC,WEST,ATSI,OE,7411.742,True
5/28/2024 6:00:00 PM,5/28/2024 2:00:00 PM,RFC,WEST,ATSI,OE,7370.708,True
5/28/2024 7:00:00 PM,5/28/2024 3:00:00 PM,RFC,WEST,ATSI,OE,7417.846,True
5/28/2024 8:00:00 PM,5/28/2024 4:00:00 PM,RFC,WEST,ATSI,OE,7449.008,True
5/28/2024 9:00:00 PM,5/28/2024 5:00:00 PM,RFC,WEST,ATSI,OE,7396.101,True
5/28/2024 10:00:00 PM,5/28/2024 6:00:00 PM,RFC,WEST,ATSI,OE,7182.471,True
5/28/2024 11:00:00 PM,5/28/2024 7:00:00 PM,RFC,WEST,ATSI,OE,6996.655,True
5/29/2024 12:00:00 AM,5/28/2024 8:00:00 PM,RFC,WEST,ATSI,OE,6919.705,True
5/29/2024 1:00:00 AM,5/28/2024 9:00:00 PM,RFC,WEST,ATSI,OE,6867.365,True
5/29/2024 2:00:00 AM,5/28/2024 10:00:00 PM,RFC,WEST,ATSI,OE,6533.856,True
5/29/2024 3:00:00 AM,5/28/2024 11:00:00 PM,RFC,WEST,ATSI,OE,6167.521,True
5/29/2024 4:00:00 AM,5/29/2024 12:00:00 AM,RFC,WEST,ATSI,OE,5852.897,True
5/29/2024 5:00:00 AM,5/29/2024 1:00:00 AM,RFC,WEST,ATSI,OE,5694.347,True
5/29/2024 6:00:00 AM,5/29/2024 2:00:00 AM,RFC,WEST,ATSI,OE,5570.498,True
5/29/2024 7:00:00 AM,5/29/2024 3:00:00 AM,RFC,WEST,ATSI,OE,5475.403,True
5/29/2024 8:00:00 AM,5/29/2024 4:00:00 AM,RFC,WEST,ATSI,OE,5544.912,True
5/29/2024 9:00:00 AM,5/29/2024 5:00:00 AM,RFC,WEST,ATSI,OE,5732.905,True
5/29/2024 10:00:00 AM,5/29/2024 6:00:00 AM,RFC,WEST,ATSI,OE,6054.120,True
5/29/2024 11:00:00 AM,5/29/2024 7:00:00 AM,RFC,WEST,ATSI,OE,6445.444,True
5/29/2024 12:00:00 PM,5/29/2024 8:00:00 AM,RFC,WEST,ATSI,OE,6733.814,True
5/29/2024 1:00:00 PM,5/29/2024 9:00:00 AM,RFC,WEST,ATSI,OE,6874.455,True
5/29/2024 2:00:00 PM,5/29/2024 10:00:00 AM,RFC,WEST,ATSI,OE,7024.115,True
5/29/2024 3:00:00 PM,5/29/2024 11:00:00 AM,RFC,WEST,ATSI,OE,7068.877,True
5/29/2024 4:00:00 PM,5/29/2024 12:00:00 PM,RFC,WEST,ATSI,OE,7122.747,True
5/29/2024 5:00:00 PM,5/29/2024 1:00:00 PM,RFC,WEST,ATSI,OE,7140.800,True
5/29/2024 6:00:00 PM,5/29/2024 2:00:00 PM,RFC,WEST,ATSI,OE,7104.128,True
5/29/2024 7:00:00 PM,5/29/2024 3:00:00 PM,RFC,WEST,ATSI,OE,6930.360,True
5/29/2024 8:00:00 PM,5/29/2024 4:00:00 PM,RFC,WEST,ATSI,OE,6900.878,True
5/29/2024 9:00:00 PM,5/29/2024 5:00:00 PM,RFC,WEST,ATSI,OE,6961.377,True
5/29/2024 10:00:00 PM,5/29/2024 6:00:00 PM,RFC,WEST,ATSI,OE,6887.366,True
5/29/2024 11:00:00 PM,5/29/2024 7:00:00 PM,RFC,WEST,ATSI,OE,6749.144,True
5/30/2024 12:00:00 AM,5/29/2024 8:00:00 PM,RFC,WEST,ATSI,OE,6638.548,True
5/30/2024 1:00:00 AM,5/29/2024 9:00:00 PM,RFC,WEST,ATSI,OE,6625.474,True
5/30/2024 2:00:00 AM,5/29/2024 10:00:00 PM,RFC,WEST,ATSI,OE,6334.041,True
5/30/2024 3:00:00 AM,5/29/2024 11:00:00 PM,RFC,WEST,ATSI,OE,5969.499,True
5/30/2024 4:00:00 AM,5/30/2024 12:00:00 AM,RFC,WEST,ATSI,OE,5714.281,True
5/30/2024 5:00:00 AM,5/30/2024 1:00:00 AM,RFC,WEST,ATSI,OE,5518.485,True
5/30/2024 6:00:00 AM,5/30/2024 2:00:00 AM,RFC,WEST,ATSI,OE,5349.777,True
5/30/2024 7:00:00 AM,5/30/2024 3:00:00 AM,RFC,WEST,ATSI,OE,5386.818,True
5/30/2024 8:00:00 AM,5/30/2024 4:00:00 AM,RFC,WEST,ATSI,OE,5391.176,True
5/30/2024 9:00:00 AM,5/30/2024 5:00:00 AM,RFC,WEST,ATSI,OE,5612.587,True
5/30/2024 10:00:00 AM,5/30/2024 6:00:00 AM,RFC,WEST,ATSI,OE,5928.973,True
5/30/2024 11:00:00 AM,5/30/2024 7:00:00 AM,RFC,WEST,ATSI,OE,6308.446,True
5/30/2024 12:00:00 PM,5/30/2024 8:00:00 AM,RFC,WEST,ATSI,OE,6525.591,True
5/30/2024 1:00:00 PM,5/30/2024 9:00:00 AM,RFC,WEST,ATSI,OE,6737.063,True
5/30/2024 2:00:00 PM,5/30/2024 10:00:00 AM,RFC,WEST,ATSI,OE,6844.651,True
5/30/2024 3:00:00 PM,5/30/2024 11:00:00 AM,RFC,WEST,ATSI,OE,6845.806,True
5/30/2024 4:00:00 PM,5/30/2024 12:00:00 PM,RFC,WEST,ATSI,OE,6882.799,True
5/30/2024 5:00:00 PM,5/30/2024 1:00:00 PM,RFC,WEST,ATSI,OE,6978.816,True
5/30/2024 6:00:00 PM,5/30/2024 2:00:00 PM,RFC,WEST,ATSI,OE,6939.156,True
5/30/2024 7:00:00 PM,5/30/2024 3:00:00 PM,RFC,WEST,ATSI,OE,6932.577,True
5/30/2024 8:00:00 PM,5/30/2024 4:00:00 PM,RFC,WEST,ATSI,OE,6917.917,True
5/30/2024 9:00:00 PM,5/30/2024 5:00:00 PM,RFC,WEST,ATSI,OE,6881.758,True
5/30/2024 10:00:00 PM,5/30/2024 6:00:00 PM,RFC,WEST,ATSI,OE,6833.094,True
5/30/2024 11:00:00 PM,5/30/2024 7:00:00 PM,RFC,WEST,ATSI,OE,6793.966,True
5/31/2024 12:00:00 AM,5/30/2024 8:00:00 PM,RFC,WEST,ATSI,OE,6657.949,True
5/31/2024 1:00:00 AM,5/30/2024 9:00:00 PM,RFC,WEST,ATSI,OE,6618.943,True
5/31/2024 2:00:00 AM,5/30/2024 10:00:00 PM,RFC,WEST,ATSI,OE,6306.855,True
5/31/2024 3:00:00 AM,5/30/2024 11:00:00 PM,RFC,WEST,ATSI,OE,5902.259,True
5/31/2024 4:00:00 AM,5/31/2024 12:00:00 AM,RFC,WEST,ATSI,OE,5662.016,True
5/31/2024 5:00:00 AM,5/31/2024 1:00:00 AM,RFC,WEST,ATSI,OE,5499.026,True
5/31/2024 6:00:00 AM,5/31/2024 2:00:00 AM,RFC,WEST,ATSI,OE,5377.174,True
5/31/2024 7:00:00 AM,5/31/2024 3:00:00 AM,RFC,WEST,ATSI,OE,5414.685,True
5/31/2024 8:00:00 AM,5/31/2024 4:00:00 AM,RFC,WEST,ATSI,OE,5455.855,True
5/31/2024 9:00:00 AM,5/31/2024 5:00:00 AM,RFC,WEST,ATSI,OE,5705.590,True
5/31/2024 10:00:00 AM,5/31/2024 6:00:00 AM,RFC,WEST,ATSI,OE,6021.793,True
5/31/2024 11:00:00 AM,5/31/2024 7:00:00 AM,RFC,WEST,ATSI,OE,6340.433,True
5/31/2024 12:00:00 PM,5/31/2024 8:00:00 AM,RFC,WEST,ATSI,OE,6576.966,True
5/31/2024 1:00:00 PM,5/31/2024 9:00:00 AM,RFC,WEST,ATSI,OE,6804.959,True
5/31/2024 2:00:00 PM,5/31/2024 10:00:00 AM,RFC,WEST,ATSI,OE,6950.368,True
5/31/2024 3:00:00 PM,5/31/2024 11:00:00 AM,RFC,WEST,ATSI,OE,6974.535,True
5/31/2024 4:00:00 PM,5/31/2024 12:00:00 PM,RFC,WEST,ATSI,OE,7040.288,True
5/31/2024 5:00:00 PM,5/31/2024 1:00:00 PM,RFC,WEST,ATSI,OE,7045.384,True
5/31/2024 6:00:00 PM,5/31/2024 2:00:00 PM,RFC,WEST,ATSI,OE,7109.592,True
5/31/2024 7:00:00 PM,5/31/2024 3:00:00 PM,RFC,WEST,ATSI,OE,7060.960,True
5/31/2024 8:00:00 PM,5/31/2024 4:00:00 PM,RFC,WEST,ATSI,OE,7135.887,True
5/31/2024 9:00:00 PM,5/31/2024 5:00:00 PM,RFC,WEST,ATSI,OE,7166.910,True
5/31/2024 10:00:00 PM,5/31/2024 6:00:00 PM,RFC,WEST,ATSI,OE,7067.883,True
5/31/2024 11:00:00 PM,5/31/2024 7:00:00 PM,RFC,WEST,ATSI,OE,6934.734,True
6/1/2024 12:00:00 AM,5/31/2024 8:00:00 PM,RFC,WEST,ATSI,OE,6710.737,True
6/1/2024 1:00:00 AM,5/31/2024 9:00:00 PM,RFC,WEST,ATSI,OE,6655.465,True
6/1/2024 2:00:00 AM,5/31/2024 10:00:00 PM,RFC,WEST,ATSI,OE,6259.762,True
6/1/2024 3:00:00 AM,5/31/2024 11:00:00 PM,RFC,WEST,ATSI,OE,5920.181,True
6/1/2024 4:00:00 AM,6/1/2024 12:00:00 AM,RFC,WEST,ATSI,OE,5624.499,True
6/1/2024 5:00:00 AM,6/1/2024 1:00:00 AM,RFC,WEST,ATSI,OE,5410.575,True
6/1/2024 6:00:00 AM,6/1/2024 2:00:00 AM,RFC,WEST,ATSI,OE,5263.514,True
6/1/2024 7:00:00 AM,6/1/2024 3:00:00 AM,RFC,WEST,ATSI,OE,5196.505,True
6/1/2024 8:00:00 AM,6/1/2024 4:00:00 AM,RFC,WEST,ATSI,OE,5107.951,True
6/1/2024 9:00:00 AM,6/1/2024 5:00:00 AM,RFC,WEST,ATSI,OE,5162.362,True
6/1/2024 10:00:00 AM,6/1/2024 6:00:00 AM,RFC,WEST,ATSI,OE,5178.521,True
6/1/2024 11:00:00 AM,6/1/2024 7:00:00 AM,RFC,WEST,ATSI,OE,5397.884,True
6/1/2024 12:00:00 PM,6/1/2024 8:00:00 AM,RFC,WEST,ATSI,OE,5672.958,True
6/1/2024 1:00:00 PM,6/1/2024 9:00:00 AM,RFC,WEST,ATSI,OE,5857.000,True
6/1/2024 2:00:00 PM,6/1/2024 10:00:00 AM,RFC,WEST,ATSI,OE,6076.399,True
6/1/2024 3:00:00 PM,6/1/2024 11:00:00 AM,RFC,WEST,ATSI,OE,6262.294,True
6/1/2024 4:00:00 PM,6/1/2024 12:00:00 PM,RFC,WEST,ATSI,OE,6318.673,True
6/1/2024 5:00:00 PM,6/1/2024 1:00:00 PM,RFC,WEST,ATSI,OE,6470.177,True
6/1/2024 6:00:00 PM,6/1/2024 2:00:00 PM,RFC,WEST,ATSI,OE,6509.463,True
6/1/2024 7:00:00 PM,6/1/2024 3:00:00 PM,RFC,WEST,ATSI,OE,6732.716,True
6/1/2024 8:00:00 PM,6/1/2024 4:00:00 PM,RFC,WEST,ATSI,OE,6926.190,True
6/1/2024 9:00:00 PM,6/1/2024 5:00:00 PM,RFC,WEST,ATSI,OE,6996.063,True
6/1/2024 10:00:00 PM,6/1/2024 6:00:00 PM,RFC,WEST,ATSI,OE,6949.660,True
6/1/2024 11:00:00 PM,6/1/2024 7:00:00 PM,RFC,WEST,ATSI,OE,6751.062,True
6/2/2024 12:00:00 AM,6/1/2024 8:00:00 PM,RFC,WEST,ATSI,OE,6584.946,True
6/2/2024 1:00:00 AM,6/1/2024 9:00:00 PM,RFC,WEST,ATSI,OE,6643.493,True
6/2/2024 2:00:00 AM,6/1/2024 10:00:00 PM,RFC,WEST,ATSI,OE,6372.509,True
6/2/2024 3:00:00 AM,6/1/2024 11:00:00 PM,RFC,WEST,ATSI,OE,5919.088,True
6/2/2024 4:00:00 AM,6/2/2024 12:00:00 AM,RFC,WEST,ATSI,OE,5743.949,True
6/2/2024 5:00:00 AM,6/2/2024 1:00:00 AM,RFC,WEST,ATSI,OE,5488.084,True
6/2/2024 6:00:00 AM,6/2/2024 2:00:00 AM,RFC,WEST,ATSI,OE,5335.076,True
6/2/2024 7:00:00 AM,6/2/2024 3:00:00 AM,RFC,WEST,ATSI,OE,5247.981,True
6/2/2024 8:00:00 AM,6/2/2024 4:00:00 AM,RFC,WEST,ATSI,OE,5270.770,True
6/2/2024 9:00:00 AM,6/2/2024 5:00:00 AM,RFC,WEST,ATSI,OE,5216.591,True
6/2/2024 10:00:00 AM,6/2/2024 6:00:00 AM,RFC,WEST,ATSI,OE,5250.853,True
6/2/2024 11:00:00 AM,6/2/2024 7:00:00 AM,RFC,WEST,ATSI,OE,5380.707,True
6/2/2024 12:00:00 PM,6/2/2024 8:00:00 AM,RFC,WEST,ATSI,OE,5651.407,True
6/2/2024 1:00:00 PM,6/2/2024 9:00:00 AM,RFC,WEST,ATSI,OE,5849.166,True
6/2/2024 2:00:00 PM,6/2/2024 10:00:00 AM,RFC,WEST,ATSI,OE,5959.860,True
6/2/2024 3:00:00 PM,6/2/2024 11:00:00 AM,RFC,WEST,ATSI,OE,6178.281,True
6/2/2024 4:00:00 PM,6/2/2024 12:00:00 PM,RFC,WEST,ATSI,OE,6299.716,True
6/2/2024 5:00:00 PM,6/2/2024 1:00:00 PM,RFC,WEST,ATSI,OE,6369.543,True
6/2/2024 6:00:00 PM,6/2/2024 2:00:00 PM,RFC,WEST,ATSI,OE,6441.115,True
6/2/2024 7:00:00 PM,6/2/2024 3:00:00 PM,RFC,WEST,ATSI,OE,6487.676,True
6/2/2024 8:00:00 PM,6/2/2024 4:00:00 PM,RFC,WEST,ATSI,OE,6627.427,True
6/2/2024 9:00:00 PM,6/2/2024 5:00:00 PM,RFC,WEST,ATSI,OE,6745.932,True
6/2/2024 10:00:00 PM,6/2/2024 6:00:00 PM,RFC,WEST,ATSI,OE,6709.165,True
6/2/2024 11:00:00 PM,6/2/2024 7:00:00 PM,RFC,WEST,ATSI,OE,6714.855,True
6/3/2024 12:00:00 AM,6/2/2024 8:00:00 PM,RFC,WEST,ATSI,OE,6762.783,True
6/3/2024 1:00:00 AM,6/2/2024 9:00:00 PM,RFC,WEST,ATSI,OE,6695.276,True
6/3/2024 2:00:00 AM,6/2/2024 10:00:00 PM,RFC,WEST,ATSI,OE,6474.233,True
6/3/2024 3:00:00 AM,6/2/2024 11:00:00 PM,RFC,WEST,ATSI,OE,6170.264,True
6/3/2024 4:00:00 AM,6/3/2024 12:00:00 AM,RFC,WEST,ATSI,OE,5885.940,True
6/3/2024 5:00:00 AM,6/3/2024 1:00:00 AM,RFC,WEST,ATSI,OE,5664.804,True
6/3/2024 6:00:00 AM,6/3/2024 2:00:00 AM,RFC,WEST,ATSI,OE,5502.946,True
6/3/2024 7:00:00 AM,6/3/2024 3:00:00 AM,RFC,WEST,ATSI,OE,5489.011,True
6/3/2024 8:00:00 AM,6/3/2024 4:00:00 AM,RFC,WEST,ATSI,OE,5570.305,True
6/3/2024 9:00:00 AM,6/3/2024 5:00:00 AM,RFC,WEST,ATSI,OE,5777.594,True
6/3/2024 10:00:00 AM,6/3/2024 6:00:00 AM,RFC,WEST,ATSI,OE,6105.176,True
6/3/2024 11:00:00 AM,6/3/2024 7:00:00 AM,RFC,WEST,ATSI,OE,6499.124,True
6/3/2024 12:00:00 PM,6/3/2024 8:00:00 AM,RFC,WEST,ATSI,OE,6870.200,True
6/3/2024 1:00:00 PM,6/3/2024 9:00:00 AM,RFC,WEST,ATSI,OE,7129.800,True
6/3/2024 2:00:00 PM,6/3/2024 10:00:00 AM,RFC,WEST,ATSI,OE,7340.713,True
6/3/2024 3:00:00 PM,6/3/2024 11:00:00 AM,RFC,WEST,ATSI,OE,7525.789,True
6/3/2024 4:00:00 PM,6/3/2024 12:00:00 PM,RFC,WEST,ATSI,OE,7786.622,True
6/3/2024 5:00:00 PM,6/3/2024 1:00:00 PM,RFC,WEST,ATSI,OE,8108.271,True
6/3/2024 6:00:00 PM,6/3/2024 2:00:00 PM,RFC,WEST,ATSI,OE,8364.194,True
6/3/2024 7:00:00 PM,6/3/2024 3:00:00 PM,RFC,WEST,ATSI,OE,8440.051,True
6/3/2024 8:00:00 PM,6/3/2024 4:00:00 PM,RFC,WEST,ATSI,OE,8731.523,True
6/3/2024 9:00:00 PM,6/3/2024 5:00:00 PM,RFC,WEST,ATSI,OE,8943.063,True
6/3/2024 10:00:00 PM,6/3/2024 6:00:00 PM,RFC,WEST,ATSI,OE,8770.309,True
6/3/2024 11:00:00 PM,6/3/2024 7:00:00 PM,RFC,WEST,ATSI,OE,8408.492,True
6/4/2024 12:00:00 AM,6/3/2024 8:00:00 PM,RFC,WEST,ATSI,OE,8190.031,True
6/4/2024 1:00:00 AM,6/3/2024 9:00:00 PM,RFC,WEST,ATSI,OE,7990.369,True
6/4/2024 2:00:00 AM,6/3/2024 10:00:00 PM,RFC,WEST,ATSI,OE,7513.468,True
6/4/2024 3:00:00 AM,6/3/2024 11:00:00 PM,RFC,WEST,ATSI,OE,7012.282,True
6/4/2024 4:00:00 AM,6/4/2024 12:00:00 AM,RFC,WEST,ATSI,OE,6558.753,True
6/4/2024 5:00:00 AM,6/4/2024 1:00:00 AM,RFC,WEST,ATSI,OE,6259.826,True
6/4/2024 6:00:00 AM,6/4/2024 2:00:00 AM,RFC,WEST,ATSI,OE,6001.010,True
6/4/2024 7:00:00 AM,6/4/2024 3:00:00 AM,RFC,WEST,ATSI,OE,5917.118,True
6/4/2024 8:00:00 AM,6/4/2024 4:00:00 AM,RFC,WEST,ATSI,OE,5908.552,True
6/4/2024 9:00:00 AM,6/4/2024 5:00:00 AM,RFC,WEST,ATSI,OE,6138.649,True
6/4/2024 10:00:00 AM,6/4/2024 6:00:00 AM,RFC,WEST,ATSI,OE,6459.841,True
6/4/2024 11:00:00 AM,6/4/2024 7:00:00 AM,RFC,WEST,ATSI,OE,7022.823,True
6/4/2024 12:00:00 PM,6/4/2024 8:00:00 AM,RFC,WEST,ATSI,OE,7533.917,True
6/4/2024 1:00:00 PM,6/4/2024 9:00:00 AM,RFC,WEST,ATSI,OE,7977.292,True
6/4/2024 2:00:00 PM,6/4/2024 10:00:00 AM,RFC,WEST,ATSI,OE,8592.414,True
6/4/2024 3:00:00 PM,6/4/2024 11:00:00 AM,RFC,WEST,ATSI,OE,9039.237,True
6/4/2024 4:00:00 PM,6/4/2024 12:00:00 PM,RFC,WEST,ATSI,OE,9458.549,True
6/4/2024 5:00:00 PM,6/4/2024 1:00:00 PM,RFC,WEST,ATSI,OE,9835.310,True
6/4/2024 6:00:00 PM,6/4/2024 2:00:00 PM,RFC,WEST,ATSI,OE,10005.048,True
6/4/2024 7:00:00 PM,6/4/2024 3:00:00 PM,RFC,WEST,ATSI,OE,10130.240,True
6/4/2024 8:00:00 PM,6/4/2024 4:00:00 PM,RFC,WEST,ATSI,OE,10171.965,True
6/4/2024 9:00:00 PM,6/4/2024 5:00:00 PM,RFC,WEST,ATSI,OE,10125.182,True
6/4/2024 10:00:00 PM,6/4/2024 6:00:00 PM,RFC,WEST,ATSI,OE,9842.621,True
6/4/2024 11:00:00 PM,6/4/2024 7:00:00 PM,RFC,WEST,ATSI,OE,9613.573,True
6/5/2024 12:00:00 AM,6/4/2024 8:00:00 PM,RFC,WEST,ATSI,OE,9227.686,True
6/5/2024 1:00:00 AM,6/4/2024 9:00:00 PM,RFC,WEST,ATSI,OE,8951.339,True
6/5/2024 2:00:00 AM,6/4/2024 10:00:00 PM,RFC,WEST,ATSI,OE,8372.062,True
6/5/2024 3:00:00 AM,6/4/2024 11:00:00 PM,RFC,WEST,ATSI,OE,7766.544,True
6/5/2024 4:00:00 AM,6/5/2024 12:00:00 AM,RFC,WEST,ATSI,OE,7283.138,True
6/5/2024 5:00:00 AM,6/5/2024 1:00:00 AM,RFC,WEST,ATSI,OE,6896.065,True
6/5/2024 6:00:00 AM,6/5/2024 2:00:00 AM,RFC,WEST,ATSI,OE,6626.139,True
6/5/2024 7:00:00 AM,6/5/2024 3:00:00 AM,RFC,WEST,ATSI,OE,6527.041,True
6/5/2024 8:00:00 AM,6/5/2024 4:00:00 AM,RFC,WEST,ATSI,OE,6436.815,True
6/5/2024 9:00:00 AM,6/5/2024 5:00:00 AM,RFC,WEST,ATSI,OE,6714.967,True
6/5/2024 10:00:00 AM,6/5/2024 6:00:00 AM,RFC,WEST,ATSI,OE,6991.147,True
6/5/2024 11:00:00 AM,6/5/2024 7:00:00 AM,RFC,WEST,ATSI,OE,7409.656,True
6/5/2024 12:00:00 PM,6/5/2024 8:00:00 AM,RFC,WEST,ATSI,OE,7825.692,True
6/5/2024 1:00:00 PM,6/5/2024 9:00:00 AM,RFC,WEST,ATSI,OE,8048.646,True
6/5/2024 2:00:00 PM,6/5/2024 10:00:00 AM,RFC,WEST,ATSI,OE,8296.656,True
6/5/2024 3:00:00 PM,6/5/2024 11:00:00 AM,RFC,WEST,ATSI,OE,8525.000,True
6/5/2024 4:00:00 PM,6/5/2024 12:00:00 PM,RFC,WEST,ATSI,OE,8769.731,True
6/5/2024 5:00:00 PM,6/5/2024 1:00:00 PM,RFC,WEST,ATSI,OE,9112.171,True
6/5/2024 6:00:00 PM,6/5/2024 2:00:00 PM,RFC,WEST,ATSI,OE,9444.226,True
6/5/2024 7:00:00 PM,6/5/2024 3:00:00 PM,RFC,WEST,ATSI,OE,9605.846,True
6/5/2024 8:00:00 PM,6/5/2024 4:00:00 PM,RFC,WEST,ATSI,OE,9627.250,True
6/5/2024 9:00:00 PM,6/5/2024 5:00:00 PM,RFC,WEST,ATSI,OE,9637.148,True
6/5/2024 10:00:00 PM,6/5/2024 6:00:00 PM,RFC,WEST,ATSI,OE,9254.442,True
6/5/2024 11:00:00 PM,6/5/2024 7:00:00 PM,RFC,WEST,ATSI,OE,8879.497,True
6/6/2024 12:00:00 AM,6/5/2024 8:00:00 PM,RFC,WEST,ATSI,OE,8590.245,True
6/6/2024 1:00:00 AM,6/5/2024 9:00:00 PM,RFC,WEST,ATSI,OE,8268.087,True
6/6/2024 2:00:00 AM,6/5/2024 10:00:00 PM,RFC,WEST,ATSI,OE,7789.021,True
6/6/2024 3:00:00 AM,6/5/2024 11:00:00 PM,RFC,WEST,ATSI,OE,7243.987,True
6/6/2024 4:00:00 AM,6/6/2024 12:00:00 AM,RFC,WEST,ATSI,OE,6882.892,True
6/6/2024 5:00:00 AM,6/6/2024 1:00:00 AM,RFC,WEST,ATSI,OE,6610.376,True
6/6/2024 6:00:00 AM,6/6/2024 2:00:00 AM,RFC,WEST,ATSI,OE,6382.120,True
6/6/2024 7:00:00 AM,6/6/2024 3:00:00 AM,RFC,WEST,ATSI,OE,6249.174,True
6/6/2024 8:00:00 AM,6/6/2024 4:00:00 AM,RFC,WEST,ATSI,OE,6285.743,True
6/6/2024 9:00:00 AM,6/6/2024 5:00:00 AM,RFC,WEST,ATSI,OE,6416.957,True
6/6/2024 10:00:00 AM,6/6/2024 6:00:00 AM,RFC,WEST,ATSI,OE,6789.032,True
6/6/2024 11:00:00 AM,6/6/2024 7:00:00 AM,RFC,WEST,ATSI,OE,7211.585,True
6/6/2024 12:00:00 PM,6/6/2024 8:00:00 AM,RFC,WEST,ATSI,OE,7588.538,True
6/6/2024 1:00:00 PM,6/6/2024 9:00:00 AM,RFC,WEST,ATSI,OE,7861.488,True
6/6/2024 2:00:00 PM,6/6/2024 10:00:00 AM,RFC,WEST,ATSI,OE,7982.348,True
6/6/2024 3:00:00 PM,6/6/2024 11:00:00 AM,RFC,WEST,ATSI,OE,8296.846,True
6/6/2024 4:00:00 PM,6/6/2024 12:00:00 PM,RFC,WEST,ATSI,OE,8554.490,True
6/6/2024 5:00:00 PM,6/6/2024 1:00:00 PM,RFC,WEST,ATSI,OE,8811.113,True
6/6/2024 6:00:00 PM,6/6/2024 2:00:00 PM,RFC,WEST,ATSI,OE,8862.886,True
6/6/2024 7:00:00 PM,6/6/2024 3:00:00 PM,RFC,WEST,ATSI,OE,8824.870,True
6/6/2024 8:00:00 PM,6/6/2024 4:00:00 PM,RFC,WEST,ATSI,OE,8781.334,True
6/6/2024 9:00:00 PM,6/6/2024 5:00:00 PM,RFC,WEST,ATSI,OE,8755.663,True
6/6/2024 10:00:00 PM,6/6/2024 6:00:00 PM,RFC,WEST,ATSI,OE,8669.200,True
6/6/2024 11:00:00 PM,6/6/2024 7:00:00 PM,RFC,WEST,ATSI,OE,8420.806,True
6/7/2024 12:00:00 AM,6/6/2024 8:00:00 PM,RFC,WEST,ATSI,OE,7943.488,True
6/7/2024 1:00:00 AM,6/6/2024 9:00:00 PM,RFC,WEST,ATSI,OE,7736.882,True
6/7/2024 2:00:00 AM,6/6/2024 10:00:00 PM,RFC,WEST,ATSI,OE,7218.397,True
6/7/2024 3:00:00 AM,6/6/2024 11:00:00 PM,RFC,WEST,ATSI,OE,6774.496,True
6/7/2024 4:00:00 AM,6/7/2024 12:00:00 AM,RFC,WEST,ATSI,OE,6333.849,True
6/7/2024 5:00:00 AM,6/7/2024 1:00:00 AM,RFC,WEST,ATSI,OE,6127.468,True
6/7/2024 6:00:00 AM,6/7/2024 2:00:00 AM,RFC,WEST,ATSI,OE,5951.313,True
6/7/2024 7:00:00 AM,6/7/2024 3:00:00 AM,RFC,WEST,ATSI,OE,5865.474,True
6/7/2024 8:00:00 AM,6/7/2024 4:00:00 AM,RFC,WEST,ATSI,OE,5814.290,True
6/7/2024 9:00:00 AM,6/7/2024 5:00:00 AM,RFC,WEST,ATSI,OE,6093.321,True
6/7/2024 10:00:00 AM,6/7/2024 6:00:00 AM,RFC,WEST,ATSI,OE,6303.819,True
6/7/2024 11:00:00 AM,6/7/2024 7:00:00 AM,RFC,WEST,ATSI,OE,6673.970,True
6/7/2024 12:00:00 PM,6/7/2024 8:00:00 AM,RFC,WEST,ATSI,OE,6990.421,True
6/7/2024 1:00:00 PM,6/7/2024 9:00:00 AM,RFC,WEST,ATSI,OE,7200.549,True
6/7/2024 2:00:00 PM,6/7/2024 10:00:00 AM,RFC,WEST,ATSI,OE,7314.995,True
6/7/2024 3:00:00 PM,6/7/2024 11:00:00 AM,RFC,WEST,ATSI,OE,7391.454,True
6/7/2024 4:00:00 PM,6/7/2024 12:00:00 PM,RFC,WEST,ATSI,OE,7529.188,True
6/7/2024 5:00:00 PM,6/7/2024 1:00:00 PM,RFC,WEST,ATSI,OE,7486.373,True
6/7/2024 6:00:00 PM,6/7/2024 2:00:00 PM,RFC,WEST,ATSI,OE,7538.472,True
6/7/2024 7:00:00 PM,6/7/2024 3:00:00 PM,RFC,WEST,ATSI,OE,7443.395,True
6/7/2024 8:00:00 PM,6/7/2024 4:00:00 PM,RFC,WEST,ATSI,OE,7420.329,True
6/7/2024 9:00:00 PM,6/7/2024 5:00:00 PM,RFC,WEST,ATSI,OE,7351.144,True
6/7/2024 10:00:00 PM,6/7/2024 6:00:00 PM,RFC,WEST,ATSI,OE,7243.739,True
6/7/2024 11:00:00 PM,6/7/2024 7:00:00 PM,RFC,WEST,ATSI,OE,7041.943,True
6/8/2024 12:00:00 AM,6/7/2024 8:00:00 PM,RFC,WEST,ATSI,OE,6825.586,True
6/8/2024 1:00:00 AM,6/7/2024 9:00:00 PM,RFC,WEST,ATSI,OE,6734.758,True
6/8/2024 2:00:00 AM,6/7/2024 10:00:00 PM,RFC,WEST,ATSI,OE,6381.014,True
6/8/2024 3:00:00 AM,6/7/2024 11:00:00 PM,RFC,WEST,ATSI,OE,6057.833,True
6/8/2024 4:00:00 AM,6/8/2024 12:00:00 AM,RFC,WEST,ATSI,OE,5684.369,True
6/8/2024 5:00:00 AM,6/8/2024 1:00:00 AM,RFC,WEST,ATSI,OE,5476.382,True
6/8/2024 6:00:00 AM,6/8/2024 2:00:00 AM,RFC,WEST,ATSI,OE,5352.769,True
6/8/2024 7:00:00 AM,6/8/2024 3:00:00 AM,RFC,WEST,ATSI,OE,5279.999,True
6/8/2024 8:00:00 AM,6/8/2024 4:00:00 AM,RFC,WEST,ATSI,OE,5275.821,True
6/8/2024 9:00:00 AM,6/8/2024 5:00:00 AM,RFC,WEST,ATSI,OE,5252.321,True
6/8/2024 10:00:00 AM,6/8/2024 6:00:00 AM,RFC,WEST,ATSI,OE,5302.187,True
6/8/2024 11:00:00 AM,6/8/2024 7:00:00 AM,RFC,WEST,ATSI,OE,5507.570,True
6/8/2024 12:00:00 PM,6/8/2024 8:00:00 AM,RFC,WEST,ATSI,OE,5757.324,True
6/8/2024 1:00:00 PM,6/8/2024 9:00:00 AM,RFC,WEST,ATSI,OE,6114.460,True
6/8/2024 2:00:00 PM,6/8/2024 10:00:00 AM,RFC,WEST,ATSI,OE,6344.142,True
6/8/2024 3:00:00 PM,6/8/2024 11:00:00 AM,RFC,WEST,ATSI,OE,6497.728,True
6/8/2024 4:00:00 PM,6/8/2024 12:00:00 PM,RFC,WEST,ATSI,OE,6610.388,True
6/8/2024 5:00:00 PM,6/8/2024 1:00:00 PM,RFC,WEST,ATSI,OE,6661.100,True
6/8/2024 6:00:00 PM,6/8/2024 2:00:00 PM,RFC,WEST,ATSI,OE,6858.624,True
6/8/2024 7:00:00 PM,6/8/2024 3:00:00 PM,RFC,WEST,ATSI,OE,7083.305,True
6/8/2024 8:00:00 PM,6/8/2024 4:00:00 PM,RFC,WEST,ATSI,OE,7243.213,True
6/8/2024 9:00:00 PM,6/8/2024 5:00:00 PM,RFC,WEST,ATSI,OE,7262.313,True
6/8/2024 10:00:00 PM,6/8/2024 6:00:00 PM,RFC,WEST,ATSI,OE,7132.037,True
6/8/2024 11:00:00 PM,6/8/2024 7:00:00 PM,RFC,WEST,ATSI,OE,7096.037,True
6/9/2024 12:00:00 AM,6/8/2024 8:00:00 PM,RFC,WEST,ATSI,OE,6976.634,True
6/9/2024 1:00:00 AM,6/8/2024 9:00:00 PM,RFC,WEST,ATSI,OE,6823.709,True
6/9/2024 2:00:00 AM,6/8/2024 10:00:00 PM,RFC,WEST,ATSI,OE,6613.071,True
6/9/2024 3:00:00 AM,6/8/2024 11:00:00 PM,RFC,WEST,ATSI,OE,6233.265,True
6/9/2024 4:00:00 AM,6/9/2024 12:00:00 AM,RFC,WEST,ATSI,OE,5810.847,True
6/9/2024 5:00:00 AM,6/9/2024 1:00:00 AM,RFC,WEST,ATSI,OE,5416.368,True
6/9/2024 6:00:00 AM,6/9/2024 2:00:00 AM,RFC,WEST,ATSI,OE,5218.037,True
6/9/2024 7:00:00 AM,6/9/2024 3:00:00 AM,RFC,WEST,ATSI,OE,5103.360,True
6/9/2024 8:00:00 AM,6/9/2024 4:00:00 AM,RFC,WEST,ATSI,OE,5004.584,True
6/9/2024 9:00:00 AM,6/9/2024 5:00:00 AM,RFC,WEST,ATSI,OE,4989.210,True
6/9/2024 10:00:00 AM,6/9/2024 6:00:00 AM,RFC,WEST,ATSI,OE,5088.358,True
6/9/2024 11:00:00 AM,6/9/2024 7:00:00 AM,RFC,WEST,ATSI,OE,5287.832,True
6/9/2024 12:00:00 PM,6/9/2024 8:00:00 AM,RFC,WEST,ATSI,OE,5576.989,True
6/9/2024 1:00:00 PM,6/9/2024 9:00:00 AM,RFC,WEST,ATSI,OE,5793.411,True
6/9/2024 2:00:00 PM,6/9/2024 10:00:00 AM,RFC,WEST,ATSI,OE,6068.240,True
6/9/2024 3:00:00 PM,6/9/2024 11:00:00 AM,RFC,WEST,ATSI,OE,6268.226,True
6/9/2024 4:00:00 PM,6/9/2024 12:00:00 PM,RFC,WEST,ATSI,OE,6487.979,True
6/9/2024 5:00:00 PM,6/9/2024 1:00:00 PM,RFC,WEST,ATSI,OE,6680.243,True
6/9/2024 6:00:00 PM,6/9/2024 2:00:00 PM,RFC,WEST,ATSI,OE,6825.045,True
6/9/2024 7:00:00 PM,6/9/2024 3:00:00 PM,RFC,WEST,ATSI,OE,6937.461,True
6/9/2024 8:00:00 PM,6/9/2024 4:00:00 PM,RFC,WEST,ATSI,OE,6882.974,True
6/9/2024 9:00:00 PM,6/9/2024 5:00:00 PM,RFC,WEST,ATSI,OE,7026.743,True
6/9/2024 10:00:00 PM,6/9/2024 6:00:00 PM,RFC,WEST,ATSI,OE,7004.664,True
6/9/2024 11:00:00 PM,6/9/2024 7:00:00 PM,RFC,WEST,ATSI,OE,6921.011,True
6/10/2024 12:00:00 AM,6/9/2024 8:00:00 PM,RFC,WEST,ATSI,OE,6779.933,True
6/10/2024 1:00:00 AM,6/9/2024 9:00:00 PM,RFC,WEST,ATSI,OE,6680.555,True
6/10/2024 2:00:00 AM,6/9/2024 10:00:00 PM,RFC,WEST,ATSI,OE,6380.916,True
6/10/2024 3:00:00 AM,6/9/2024 11:00:00 PM,RFC,WEST,ATSI,OE,6077.777,True
6/10/2024 4:00:00 AM,6/10/2024 12:00:00 AM,RFC,WEST,ATSI,OE,5710.148,True
6/10/2024 5:00:00 AM,6/10/2024 1:00:00 AM,RFC,WEST,ATSI,OE,5521.432,True
6/10/2024 6:00:00 AM,6/10/2024 2:00:00 AM,RFC,WEST,ATSI,OE,5354.748,True
6/10/2024 7:00:00 AM,6/10/2024 3:00:00 AM,RFC,WEST,ATSI,OE,5303.583,True
6/10/2024 8:00:00 AM,6/10/2024 4:00:00 AM,RFC,WEST,ATSI,OE,5396.675,True
6/10/2024 9:00:00 AM,6/10/2024 5:00:00 AM,RFC,WEST,ATSI,OE,5603.701,True
6/10/2024 10:00:00 AM,6/10/2024 6:00:00 AM,RFC,WEST,ATSI,OE,5857.356,True
6/10/2024 11:00:00 AM,6/10/2024 7:00:00 AM,RFC,WEST,ATSI,OE,6303.153,True
6/10/2024 12:00:00 PM,6/10/2024 8:00:00 AM,RFC,WEST,ATSI,OE,6575.324,True
6/10/2024 1:00:00 PM,6/10/2024 9:00:00 AM,RFC,WEST,ATSI,OE,6766.241,True
6/10/2024 2:00:00 PM,6/10/2024 10:00:00 AM,RFC,WEST,ATSI,OE,6881.575,True
6/10/2024 3:00:00 PM,6/10/2024 11:00:00 AM,RFC,WEST,ATSI,OE,6924.687,True
6/10/2024 4:00:00 PM,6/10/2024 12:00:00 PM,RFC,WEST,ATSI,OE,7009.388,True
6/10/2024 5:00:00 PM,6/10/2024 1:00:00 PM,RFC,WEST,ATSI,OE,7015.435,True
6/10/2024 6:00:00 PM,6/10/2024 2:00:00 PM,RFC,WEST,ATSI,OE,7038.011,True
6/10/2024 7:00:00 PM,6/10/2024 3:00:00 PM,RFC,WEST,ATSI,OE,6890.169,True
6/10/2024 8:00:00 PM,6/10/2024 4:00:00 PM,RFC,WEST,ATSI,OE,6794.063,True
6/10/2024 9:00:00 PM,6/10/2024 5:00:00 PM,RFC,WEST,ATSI,OE,6706.204,True
6/10/2024 10:00:00 PM,6/10/2024 6:00:00 PM,RFC,WEST,ATSI,OE,6716.478,True
6/10/2024 11:00:00 PM,6/10/2024 7:00:00 PM,RFC,WEST,ATSI,OE,6630.106,True
6/11/2024 12:00:00 AM,6/10/2024 8:00:00 PM,RFC,WEST,ATSI,OE,6571.607,True
6/11/2024 1:00:00 AM,6/10/2024 9:00:00 PM,RFC,WEST,ATSI,OE,6583.844,True
6/11/2024 2:00:00 AM,6/10/2024 10:00:00 PM,RFC,WEST,ATSI,OE,6321.799,True
6/11/2024 3:00:00 AM,6/10/2024 11:00:00 PM,RFC,WEST,ATSI,OE,6015.799,True
6/11/2024 4:00:00 AM,6/11/2024 12:00:00 AM,RFC,WEST,ATSI,OE,5764.225,True
6/11/2024 5:00:00 AM,6/11/2024 1:00:00 AM,RFC,WEST,ATSI,OE,5590.803,True
6/11/2024 6:00:00 AM,6/11/2024 2:00:00 AM,RFC,WEST,ATSI,OE,5478.196,True
6/11/2024 7:00:00 AM,6/11/2024 3:00:00 AM,RFC,WEST,ATSI,OE,5486.755,True
6/11/2024 8:00:00 AM,6/11/2024 4:00:00 AM,RFC,WEST,ATSI,OE,5496.223,True
6/11/2024 9:00:00 AM,6/11/2024 5:00:00 AM,RFC,WEST,ATSI,OE,5751.125,True
6/11/2024 10:00:00 AM,6/11/2024 6:00:00 AM,RFC,WEST,ATSI,OE,6018.336,True
6/11/2024 11:00:00 AM,6/11/2024 7:00:00 AM,RFC,WEST,ATSI,OE,6413.781,True
6/11/2024 12:00:00 PM,6/11/2024 8:00:00 AM,RFC,WEST,ATSI,OE,6647.159,True
6/11/2024 1:00:00 PM,6/11/2024 9:00:00 AM,RFC,WEST,ATSI,OE,6882.509,True
6/11/2024 2:00:00 PM,6/11/2024 10:00:00 AM,RFC,WEST,ATSI,OE,7007.907,True
6/11/2024 3:00:00 PM,6/11/2024 11:00:00 AM,RFC,WEST,ATSI,OE,7029.830,True
6/11/2024 4:00:00 PM,6/11/2024 12:00:00 PM,RFC,WEST,ATSI,OE,7118.765,True
6/11/2024 5:00:00 PM,6/11/2024 1:00:00 PM,RFC,WEST,ATSI,OE,7252.734,True
6/11/2024 6:00:00 PM,6/11/2024 2:00:00 PM,RFC,WEST,ATSI,OE,7194.807,True
6/11/2024 7:00:00 PM,6/11/2024 3:00:00 PM,RFC,WEST,ATSI,OE,7169.788,True
6/11/2024 8:00:00 PM,6/11/2024 4:00:00 PM,RFC,WEST,ATSI,OE,7168.212,True
6/11/2024 9:00:00 PM,6/11/2024 5:00:00 PM,RFC,WEST,ATSI,OE,7266.492,True
6/11/2024 10:00:00 PM,6/11/2024 6:00:00 PM,RFC,WEST,ATSI,OE,7206.940,True
6/11/2024 11:00:00 PM,6/11/2024 7:00:00 PM,RFC,WEST,ATSI,OE,7100.984,True
6/12/2024 12:00:00 AM,6/11/2024 8:00:00 PM,RFC,WEST,ATSI,OE,6936.417,True
6/12/2024 1:00:00 AM,6/11/2024 9:00:00 PM,RFC,WEST,ATSI,OE,6853.300,True
6/12/2024 2:00:00 AM,6/11/2024 10:00:00 PM,RFC,WEST,ATSI,OE,6477.407,True
6/12/2024 3:00:00 AM,6/11/2024 11:00:00 PM,RFC,WEST,ATSI,OE,6171.198,True
6/12/2024 4:00:00 AM,6/12/2024 12:00:00 AM,RFC,WEST,ATSI,OE,5907.049,True
6/12/2024 5:00:00 AM,6/12/2024 1:00:00 AM,RFC,WEST,ATSI,OE,5730.667,True
6/12/2024 6:00:00 AM,6/12/2024 2:00:00 AM,RFC,WEST,ATSI,OE,5475.546,True
6/12/2024 7:00:00 AM,6/12/2024 3:00:00 AM,RFC,WEST,ATSI,OE,5495.782,True
6/12/2024 8:00:00 AM,6/12/2024 4:00:00 AM,RFC,WEST,ATSI,OE,5606.537,True
6/12/2024 9:00:00 AM,6/12/2024 5:00:00 AM,RFC,WEST,ATSI,OE,5742.227,True
6/12/2024 10:00:00 AM,6/12/2024 6:00:00 AM,RFC,WEST,ATSI,OE,6144.133,True
6/12/2024 11:00:00 AM,6/12/2024 7:00:00 AM,RFC,WEST,ATSI,OE,6498.393,True
6/12/2024 12:00:00 PM,6/12/2024 8:00:00 AM,RFC,WEST,ATSI,OE,6762.944,True
6/12/2024 1:00:00 PM,6/12/2024 9:00:00 AM,RFC,WEST,ATSI,OE,7054.284,True
6/12/2024 2:00:00 PM,6/12/2024 10:00:00 AM,RFC,WEST,ATSI,OE,7326.178,True
6/12/2024 3:00:00 PM,6/12/2024 11:00:00 AM,RFC,WEST,ATSI,OE,7486.240,True
6/12/2024 4:00:00 PM,6/12/2024 12:00:00 PM,RFC,WEST,ATSI,OE,7639.399,True
6/12/2024 5:00:00 PM,6/12/2024 1:00:00 PM,RFC,WEST,ATSI,OE,7827.820,True
6/12/2024 6:00:00 PM,6/12/2024 2:00:00 PM,RFC,WEST,ATSI,OE,8135.529,True
6/12/2024 7:00:00 PM,6/12/2024 3:00:00 PM,RFC,WEST,ATSI,OE,8419.844,True
6/12/2024 8:00:00 PM,6/12/2024 4:00:00 PM,RFC,WEST,ATSI,OE,8613.378,True
6/12/2024 9:00:00 PM,6/12/2024 5:00:00 PM,RFC,WEST,ATSI,OE,8802.203,True
6/12/2024 10:00:00 PM,6/12/2024 6:00:00 PM,RFC,WEST,ATSI,OE,8811.652,True
6/12/2024 11:00:00 PM,6/12/2024 7:00:00 PM,RFC,WEST,ATSI,OE,8715.021,True
6/13/2024 12:00:00 AM,6/12/2024 8:00:00 PM,RFC,WEST,ATSI,OE,8379.379,True
6/13/2024 1:00:00 AM,6/12/2024 9:00:00 PM,RFC,WEST,ATSI,OE,8150.414,True
6/13/2024 2:00:00 AM,6/12/2024 10:00:00 PM,RFC,WEST,ATSI,OE,7621.043,True
6/13/2024 3:00:00 AM,6/12/2024 11:00:00 PM,RFC,WEST,ATSI,OE,7038.107,True
6/13/2024 4:00:00 AM,6/13/2024 12:00:00 AM,RFC,WEST,ATSI,OE,6580.098,True
6/13/2024 5:00:00 AM,6/13/2024 1:00:00 AM,RFC,WEST,ATSI,OE,6228.185,True
6/13/2024 6:00:00 AM,6/13/2024 2:00:00 AM,RFC,WEST,ATSI,OE,6066.589,True
6/13/2024 7:00:00 AM,6/13/2024 3:00:00 AM,RFC,WEST,ATSI,OE,5962.564,True
6/13/2024 8:00:00 AM,6/13/2024 4:00:00 AM,RFC,WEST,ATSI,OE,5956.604,True
6/13/2024 9:00:00 AM,6/13/2024 5:00:00 AM,RFC,WEST,ATSI,OE,6110.507,True
6/13/2024 10:00:00 AM,6/13/2024 6:00:00 AM,RFC,WEST,ATSI,OE,6357.740,True
6/13/2024 11:00:00 AM,6/13/2024 7:00:00 AM,RFC,WEST,ATSI,OE,6879.257,True
6/13/2024 12:00:00 PM,6/13/2024 8:00:00 AM,RFC,WEST,ATSI,OE,7291.999,True
6/13/2024 1:00:00 PM,6/13/2024 9:00:00 AM,RFC,WEST,ATSI,OE,7675.410,True
6/13/2024 2:00:00 PM,6/13/2024 10:00:00 AM,RFC,WEST,ATSI,OE,8055.834,True
6/13/2024 3:00:00 PM,6/13/2024 11:00:00 AM,RFC,WEST,ATSI,OE,8494.399,True
6/13/2024 4:00:00 PM,6/13/2024 12:00:00 PM,RFC,WEST,ATSI,OE,8916.114,True
6/13/2024 5:00:00 PM,6/13/2024 1:00:00 PM,RFC,WEST,ATSI,OE,9283.167,True
6/13/2024 6:00:00 PM,6/13/2024 2:00:00 PM,RFC,WEST,ATSI,OE,9753.001,True
6/13/2024 7:00:00 PM,6/13/2024 3:00:00 PM,RFC,WEST,ATSI,OE,9997.824,True
6/13/2024 8:00:00 PM,6/13/2024 4:00:00 PM,RFC,WEST,ATSI,OE,10128.578,True
6/13/2024 9:00:00 PM,6/13/2024 5:00:00 PM,RFC,WEST,ATSI,OE,10224.797,True
6/13/2024 10:00:00 PM,6/13/2024 6:00:00 PM,RFC,WEST,ATSI,OE,10088.224,True
6/13/2024 11:00:00 PM,6/13/2024 7:00:00 PM,RFC,WEST,ATSI,OE,9702.161,True
6/14/2024 12:00:00 AM,6/13/2024 8:00:00 PM,RFC,WEST,ATSI,OE,9329.354,True
6/14/2024 1:00:00 AM,6/13/2024 9:00:00 PM,RFC,WEST,ATSI,OE,8973.375,True
6/14/2024 2:00:00 AM,6/13/2024 10:00:00 PM,RFC,WEST,ATSI,OE,8503.455,True
6/14/2024 3:00:00 AM,6/13/2024 11:00:00 PM,RFC,WEST,ATSI,OE,7912.774,True
6/14/2024 4:00:00 AM,6/14/2024 12:00:00 AM,RFC,WEST,ATSI,OE,7272.637,True
6/14/2024 5:00:00 AM,6/14/2024 1:00:00 AM,RFC,WEST,ATSI,OE,6795.432,True
6/14/2024 6:00:00 AM,6/14/2024 2:00:00 AM,RFC,WEST,ATSI,OE,6497.181,True
6/14/2024 7:00:00 AM,6/14/2024 3:00:00 AM,RFC,WEST,ATSI,OE,6366.285,True
6/14/2024 8:00:00 AM,6/14/2024 4:00:00 AM,RFC,WEST,ATSI,OE,6207.448,True
6/14/2024 9:00:00 AM,6/14/2024 5:00:00 AM,RFC,WEST,ATSI,OE,6319.628,True
6/14/2024 10:00:00 AM,6/14/2024 6:00:00 AM,RFC,WEST,ATSI,OE,6667.868,True
6/14/2024 11:00:00 AM,6/14/2024 7:00:00 AM,RFC,WEST,ATSI,OE,7168.955,True
6/14/2024 12:00:00 PM,6/14/2024 8:00:00 AM,RFC,WEST,ATSI,OE,7739.827,True
6/14/2024 1:00:00 PM,6/14/2024 9:00:00 AM,RFC,WEST,ATSI,OE,8136.480,True
6/14/2024 2:00:00 PM,6/14/2024 10:00:00 AM,RFC,WEST,ATSI,OE,8574.102,True
6/14/2024 3:00:00 PM,6/14/2024 11:00:00 AM,RFC,WEST,ATSI,OE,8892.626,True
6/14/2024 4:00:00 PM,6/14/2024 12:00:00 PM,RFC,WEST,ATSI,OE,9103.882,True
6/14/2024 5:00:00 PM,6/14/2024 1:00:00 PM,RFC,WEST,ATSI,OE,9326.466,True
6/14/2024 6:00:00 PM,6/14/2024 2:00:00 PM,RFC,WEST,ATSI,OE,9531.671,True
6/14/2024 7:00:00 PM,6/14/2024 3:00:00 PM,RFC,WEST,ATSI,OE,9475.338,True
6/14/2024 8:00:00 PM,6/14/2024 4:00:00 PM,RFC,WEST,ATSI,OE,9544.678,True
6/14/2024 9:00:00 PM,6/14/2024 5:00:00 PM,RFC,WEST,ATSI,OE,9379.568,True
6/14/2024 10:00:00 PM,6/14/2024 6:00:00 PM,RFC,WEST,ATSI,OE,9109.951,True
6/14/2024 11:00:00 PM,6/14/2024 7:00:00 PM,RFC,WEST,ATSI,OE,8651.370,True
6/15/2024 12:00:00 AM,6/14/2024 8:00:00 PM,RFC,WEST,ATSI,OE,8167.807,True
6/15/2024 1:00:00 AM,6/14/2024 9:00:00 PM,RFC,WEST,ATSI,OE,7727.250,True
6/15/2024 2:00:00 AM,6/14/2024 10:00:00 PM,RFC,WEST,ATSI,OE,7253.402,True
6/15/2024 3:00:00 AM,6/14/2024 11:00:00 PM,RFC,WEST,ATSI,OE,6679.208,True
6/15/2024 4:00:00 AM,6/15/2024 12:00:00 AM,RFC,WEST,ATSI,OE,6192.643,True
6/15/2024 5:00:00 AM,6/15/2024 1:00:00 AM,RFC,WEST,ATSI,OE,5773.818,True
6/15/2024 6:00:00 AM,6/15/2024 2:00:00 AM,RFC,WEST,ATSI,OE,5580.281,True
6/15/2024 7:00:00 AM,6/15/2024 3:00:00 AM,RFC,WEST,ATSI,OE,5440.180,True
6/15/2024 8:00:00 AM,6/15/2024 4:00:00 AM,RFC,WEST,ATSI,OE,5345.439,True
6/15/2024 9:00:00 AM,6/15/2024 5:00:00 AM,RFC,WEST,ATSI,OE,5388.892,True
6/15/2024 10:00:00 AM,6/15/2024 6:00:00 AM,RFC,WEST,ATSI,OE,5418.563,True
6/15/2024 11:00:00 AM,6/15/2024 7:00:00 AM,RFC,WEST,ATSI,OE,5663.060,True
6/15/2024 12:00:00 PM,6/15/2024 8:00:00 AM,RFC,WEST,ATSI,OE,6020.263,True
6/15/2024 1:00:00 PM,6/15/2024 9:00:00 AM,RFC,WEST,ATSI,OE,6365.729,True
6/15/2024 2:00:00 PM,6/15/2024 10:00:00 AM,RFC,WEST,ATSI,OE,6523.803,True
6/15/2024 3:00:00 PM,6/15/2024 11:00:00 AM,RFC,WEST,ATSI,OE,6777.114,True
6/15/2024 4:00:00 PM,6/15/2024 12:00:00 PM,RFC,WEST,ATSI,OE,6950.937,True
6/15/2024 5:00:00 PM,6/15/2024 1:00:00 PM,RFC,WEST,ATSI,OE,7140.024,True
6/15/2024 6:00:00 PM,6/15/2024 2:00:00 PM,RFC,WEST,ATSI,OE,7295.414,True
6/15/2024 7:00:00 PM,6/15/2024 3:00:00 PM,RFC,WEST,ATSI,OE,7490.007,True
6/15/2024 8:00:00 PM,6/15/2024 4:00:00 PM,RFC,WEST,ATSI,OE,7765.047,True
6/15/2024 9:00:00 PM,6/15/2024 5:00:00 PM,RFC,WEST,ATSI,OE,7761.752,True
6/15/2024 10:00:00 PM,6/15/2024 6:00:00 PM,RFC,WEST,ATSI,OE,7742.095,True
6/15/2024 11:00:00 PM,6/15/2024 7:00:00 PM,RFC,WEST,ATSI,OE,7471.887,True
6/16/2024 12:00:00 AM,6/15/2024 8:00:00 PM,RFC,WEST,ATSI,OE,7038.930,True
6/16/2024 1:00:00 AM,6/15/2024 9:00:00 PM,RFC,WEST,ATSI,OE,6873.136,True
6/16/2024 2:00:00 AM,6/15/2024 10:00:00 PM,RFC,WEST,ATSI,OE,6481.486,True
6/16/2024 3:00:00 AM,6/15/2024 11:00:00 PM,RFC,WEST,ATSI,OE,6017.479,True
6/16/2024 4:00:00 AM,6/16/2024 12:00:00 AM,RFC,WEST,ATSI,OE,5675.762,True
6/16/2024 5:00:00 AM,6/16/2024 1:00:00 AM,RFC,WEST,ATSI,OE,5432.888,True
6/16/2024 6:00:00 AM,6/16/2024 2:00:00 AM,RFC,WEST,ATSI,OE,5220.985,True
6/16/2024 7:00:00 AM,6/16/2024 3:00:00 AM,RFC,WEST,ATSI,OE,5167.881,True
6/16/2024 8:00:00 AM,6/16/2024 4:00:00 AM,RFC,WEST,ATSI,OE,5163.872,True
6/16/2024 9:00:00 AM,6/16/2024 5:00:00 AM,RFC,WEST,ATSI,OE,4980.447,True
6/16/2024 10:00:00 AM,6/16/2024 6:00:00 AM,RFC,WEST,ATSI,OE,5047.533,True
6/16/2024 11:00:00 AM,6/16/2024 7:00:00 AM,RFC,WEST,ATSI,OE,5301.938,True
6/16/2024 12:00:00 PM,6/16/2024 8:00:00 AM,RFC,WEST,ATSI,OE,5525.638,True
6/16/2024 1:00:00 PM,6/16/2024 9:00:00 AM,RFC,WEST,ATSI,OE,5952.242,True
6/16/2024 2:00:00 PM,6/16/2024 10:00:00 AM,RFC,WEST,ATSI,OE,6303.390,True
6/16/2024 3:00:00 PM,6/16/2024 11:00:00 AM,RFC,WEST,ATSI,OE,6695.190,True
6/16/2024 4:00:00 PM,6/16/2024 12:00:00 PM,RFC,WEST,ATSI,OE,7149.555,True
6/16/2024 5:00:00 PM,6/16/2024 1:00:00 PM,RFC,WEST,ATSI,OE,7590.221,True
6/16/2024 6:00:00 PM,6/16/2024 2:00:00 PM,RFC,WEST,ATSI,OE,8021.205,True
6/16/2024 7:00:00 PM,6/16/2024 3:00:00 PM,RFC,WEST,ATSI,OE,8401.312,True
6/16/2024 8:00:00 PM,6/16/2024 4:00:00 PM,RFC,WEST,ATSI,OE,8777.727,True
6/16/2024 9:00:00 PM,6/16/2024 5:00:00 PM,RFC,WEST,ATSI,OE,9102.982,True
6/16/2024 10:00:00 PM,6/16/2024 6:00:00 PM,RFC,WEST,ATSI,OE,9214.255,True
6/16/2024 11:00:00 PM,6/16/2024 7:00:00 PM,RFC,WEST,ATSI,OE,9133.307,True
6/17/2024 12:00:00 AM,6/16/2024 8:00:00 PM,RFC,WEST,ATSI,OE,8861.938,True
6/17/2024 1:00:00 AM,6/16/2024 9:00:00 PM,RFC,WEST,ATSI,OE,8492.425,True
6/17/2024 2:00:00 AM,6/16/2024 10:00:00 PM,RFC,WEST,ATSI,OE,8056.151,True
6/17/2024 3:00:00 AM,6/16/2024 11:00:00 PM,RFC,WEST,ATSI,OE,7342.337,True
6/17/2024 4:00:00 AM,6/17/2024 12:00:00 AM,RFC,WEST,ATSI,OE,6880.146,True
6/17/2024 5:00:00 AM,6/17/2024 1:00:00 AM,RFC,WEST,ATSI,OE,6583.675,True
6/17/2024 6:00:00 AM,6/17/2024 2:00:00 AM,RFC,WEST,ATSI,OE,6330.303,True
6/17/2024 7:00:00 AM,6/17/2024 3:00:00 AM,RFC,WEST,ATSI,OE,6236.821,True
6/17/2024 8:00:00 AM,6/17/2024 4:00:00 AM,RFC,WEST,ATSI,OE,6342.320,True
6/17/2024 9:00:00 AM,6/17/2024 5:00:00 AM,RFC,WEST,ATSI,OE,6540.942,True
6/17/2024 10:00:00 AM,6/17/2024 6:00:00 AM,RFC,WEST,ATSI,OE,6895.330,True
6/17/2024 11:00:00 AM,6/17/2024 7:00:00 AM,RFC,WEST,ATSI,OE,7519.550,True
6/17/2024 12:00:00 PM,6/17/2024 8:00:00 AM,RFC,WEST,ATSI,OE,8074.392,True
6/17/2024 1:00:00 PM,6/17/2024 9:00:00 AM,RFC,WEST,ATSI,OE,8678.668,True
6/17/2024 2:00:00 PM,6/17/2024 10:00:00 AM,RFC,WEST,ATSI,OE,9403.420,True
6/17/2024 3:00:00 PM,6/17/2024 11:00:00 AM,RFC,WEST,ATSI,OE,10092.032,True
6/17/2024 4:00:00 PM,6/17/2024 12:00:00 PM,RFC,WEST,ATSI,OE,10756.837,True
6/17/2024 5:00:00 PM,6/17/2024 1:00:00 PM,RFC,WEST,ATSI,OE,11129.025,True
6/17/2024 6:00:00 PM,6/17/2024 2:00:00 PM,RFC,WEST,ATSI,OE,11021.755,True
6/17/2024 7:00:00 PM,6/17/2024 3:00:00 PM,RFC,WEST,ATSI,OE,10601.843,True
6/17/2024 8:00:00 PM,6/17/2024 4:00:00 PM,RFC,WEST,ATSI,OE,10193.861,True
6/17/2024 9:00:00 PM,6/17/2024 5:00:00 PM,RFC,WEST,ATSI,OE,10257.577,True
6/17/2024 10:00:00 PM,6/17/2024 6:00:00 PM,RFC,WEST,ATSI,OE,10459.662,True
6/17/2024 11:00:00 PM,6/17/2024 7:00:00 PM,RFC,WEST,ATSI,OE,10648.285,True
6/18/2024 12:00:00 AM,6/17/2024 8:00:00 PM,RFC,WEST,ATSI,OE,10231.621,True
6/18/2024 1:00:00 AM,6/17/2024 9:00:00 PM,RFC,WEST,ATSI,OE,9796.969,True
6/18/2024 2:00:00 AM,6/17/2024 10:00:00 PM,RFC,WEST,ATSI,OE,9391.733,True
6/18/2024 3:00:00 AM,6/17/2024 11:00:00 PM,RFC,WEST,ATSI,OE,8687.519,True
6/18/2024 4:00:00 AM,6/18/2024 12:00:00 AM,RFC,WEST,ATSI,OE,8157.699,True
6/18/2024 5:00:00 AM,6/18/2024 1:00:00 AM,RFC,WEST,ATSI,OE,7710.711,True
6/18/2024 6:00:00 AM,6/18/2024 2:00:00 AM,RFC,WEST,ATSI,OE,7394.788,True
6/18/2024 7:00:00 AM,6/18/2024 3:00:00 AM,RFC,WEST,ATSI,OE,7213.844,True
6/18/2024 8:00:00 AM,6/18/2024 4:00:00 AM,RFC,WEST,ATSI,OE,7145.604,True
6/18/2024 9:00:00 AM,6/18/2024 5:00:00 AM,RFC,WEST,ATSI,OE,7436.054,True
6/18/2024 10:00:00 AM,6/18/2024 6:00:00 AM,RFC,WEST,ATSI,OE,7697.401,True
6/18/2024 11:00:00 AM,6/18/2024 7:00:00 AM,RFC,WEST,ATSI,OE,8285.605,True
6/18/2024 12:00:00 PM,6/18/2024 8:00:00 AM,RFC,WEST,ATSI,OE,8942.909,True
6/18/2024 1:00:00 PM,6/18/2024 9:00:00 AM,RFC,WEST,ATSI,OE,9576.511,True
6/18/2024 2:00:00 PM,6/18/2024 10:00:00 AM,RFC,WEST,ATSI,OE,10294.589,True
6/18/2024 3:00:00 PM,6/18/2024 11:00:00 AM,RFC,WEST,ATSI,OE,10849.165,True
6/18/2024 4:00:00 PM,6/18/2024 12:00:00 PM,RFC,WEST,ATSI,OE,11314.446,True
6/18/2024 5:00:00 PM,6/18/2024 1:00:00 PM,RFC,WEST,ATSI,OE,11363.619,True
6/18/2024 6:00:00 PM,6/18/2024 2:00:00 PM,RFC,WEST,ATSI,OE,10954.754,True
6/18/2024 7:00:00 PM,6/18/2024 3:00:00 PM,RFC,WEST,ATSI,OE,10566.063,True
6/18/2024 8:00:00 PM,6/18/2024 4:00:00 PM,RFC,WEST,ATSI,OE,10315.983,True
6/18/2024 9:00:00 PM,6/18/2024 5:00:00 PM,RFC,WEST,ATSI,OE,10367.712,True
6/18/2024 10:00:00 PM,6/18/2024 6:00:00 PM,RFC,WEST,ATSI,OE,10591.627,True
6/18/2024 11:00:00 PM,6/18/2024 7:00:00 PM,RFC,WEST,ATSI,OE,10404.547,True
6/19/2024 12:00:00 AM,6/18/2024 8:00:00 PM,RFC,WEST,ATSI,OE,10131.877,True
6/19/2024 1:00:00 AM,6/18/2024 9:00:00 PM,RFC,WEST,ATSI,OE,9903.355,True
6/19/2024 2:00:00 AM,6/18/2024 10:00:00 PM,RFC,WEST,ATSI,OE,9420.733,True
6/19/2024 3:00:00 AM,6/18/2024 11:00:00 PM,RFC,WEST,ATSI,OE,8697.913,True
6/19/2024 4:00:00 AM,6/19/2024 12:00:00 AM,RFC,WEST,ATSI,OE,8198.759,True
6/19/2024 5:00:00 AM,6/19/2024 1:00:00 AM,RFC,WEST,ATSI,OE,7718.971,True
6/19/2024 6:00:00 AM,6/19/2024 2:00:00 AM,RFC,WEST,ATSI,OE,7511.722,True
6/19/2024 7:00:00 AM,6/19/2024 3:00:00 AM,RFC,WEST,ATSI,OE,7388.046,True
6/19/2024 8:00:00 AM,6/19/2024 4:00:00 AM,RFC,WEST,ATSI,OE,7341.061,True
6/19/2024 9:00:00 AM,6/19/2024 5:00:00 AM,RFC,WEST,ATSI,OE,7419.161,True
6/19/2024 10:00:00 AM,6/19/2024 6:00:00 AM,RFC,WEST,ATSI,OE,7729.080,True
6/19/2024 11:00:00 AM,6/19/2024 7:00:00 AM,RFC,WEST,ATSI,OE,8238.645,True
6/19/2024 12:00:00 PM,6/19/2024 8:00:00 AM,RFC,WEST,ATSI,OE,8765.309,True
6/19/2024 1:00:00 PM,6/19/2024 9:00:00 AM,RFC,WEST,ATSI,OE,9282.849,True
6/19/2024 2:00:00 PM,6/19/2024 10:00:00 AM,RFC,WEST,ATSI,OE,9909.301,True
6/19/2024 3:00:00 PM,6/19/2024 11:00:00 AM,RFC,WEST,ATSI,OE,10449.813,True
6/19/2024 4:00:00 PM,6/19/2024 12:00:00 PM,RFC,WEST,ATSI,OE,10866.755,True
6/19/2024 5:00:00 PM,6/19/2024 1:00:00 PM,RFC,WEST,ATSI,OE,11093.539,True
6/19/2024 6:00:00 PM,6/19/2024 2:00:00 PM,RFC,WEST,ATSI,OE,11270.822,True
6/19/2024 7:00:00 PM,6/19/2024 3:00:00 PM,RFC,WEST,ATSI,OE,11227.881,True
6/19/2024 8:00:00 PM,6/19/2024 4:00:00 PM,RFC,WEST,ATSI,OE,11260.268,True
6/19/2024 9:00:00 PM,6/19/2024 5:00:00 PM,RFC,WEST,ATSI,OE,11152.396,True
6/19/2024 10:00:00 PM,6/19/2024 6:00:00 PM,RFC,WEST,ATSI,OE,11150.139,True
6/19/2024 11:00:00 PM,6/19/2024 7:00:00 PM,RFC,WEST,ATSI,OE,11148.510,True
6/20/2024 12:00:00 AM,6/19/2024 8:00:00 PM,RFC,WEST,ATSI,OE,10749.487,True
6/20/2024 1:00:00 AM,6/19/2024 9:00:00 PM,RFC,WEST,ATSI,OE,10380.637,True
6/20/2024 2:00:00 AM,6/19/2024 10:00:00 PM,RFC,WEST,ATSI,OE,9789.778,True
6/20/2024 3:00:00 AM,6/19/2024 11:00:00 PM,RFC,WEST,ATSI,OE,9050.818,True
6/20/2024 4:00:00 AM,6/20/2024 12:00:00 AM,RFC,WEST,ATSI,OE,8438.176,True
6/20/2024 5:00:00 AM,6/20/2024 1:00:00 AM,RFC,WEST,ATSI,OE,7964.060,True
6/20/2024 6:00:00 AM,6/20/2024 2:00:00 AM,RFC,WEST,ATSI,OE,7593.233,True
6/20/2024 7:00:00 AM,6/20/2024 3:00:00 AM,RFC,WEST,ATSI,OE,7320.326,True
6/20/2024 8:00:00 AM,6/20/2024 4:00:00 AM,RFC,WEST,ATSI,OE,7309.028,True
6/20/2024 9:00:00 AM,6/20/2024 5:00:00 AM,RFC,WEST,ATSI,OE,7418.137,True
6/20/2024 10:00:00 AM,6/20/2024 6:00:00 AM,RFC,WEST,ATSI,OE,7798.538,True
6/20/2024 11:00:00 AM,6/20/2024 7:00:00 AM,RFC,WEST,ATSI,OE,8450.900,True
6/20/2024 12:00:00 PM,6/20/2024 8:00:00 AM,RFC,WEST,ATSI,OE,9076.653,True
6/20/2024 1:00:00 PM,6/20/2024 9:00:00 AM,RFC,WEST,ATSI,OE,9726.027,True
6/20/2024 2:00:00 PM,6/20/2024 10:00:00 AM,RFC,WEST,ATSI,OE,10452.223,True
6/20/2024 3:00:00 PM,6/20/2024 11:00:00 AM,RFC,WEST,ATSI,OE,10984.729,True
6/20/2024 4:00:00 PM,6/20/2024 12:00:00 PM,RFC,WEST,ATSI,OE,11296.857,True
6/20/2024 5:00:00 PM,6/20/2024 1:00:00 PM,RFC,WEST,ATSI,OE,11380.334,True
6/20/2024 6:00:00 PM,6/20/2024 2:00:00 PM,RFC,WEST,ATSI,OE,11591.663,True
6/20/2024 7:00:00 PM,6/20/2024 3:00:00 PM,RFC,WEST,ATSI,OE,11598.764,True
6/20/2024 8:00:00 PM,6/20/2024 4:00:00 PM,RFC,WEST,ATSI,OE,11625.519,True
6/20/2024 9:00:00 PM,6/20/2024 5:00:00 PM,RFC,WEST,ATSI,OE,11495.125,True
6/20/2024 10:00:00 PM,6/20/2024 6:00:00 PM,RFC,WEST,ATSI,OE,11412.559,True
6/20/2024 11:00:00 PM,6/20/2024 7:00:00 PM,RFC,WEST,ATSI,OE,11277.702,True
6/21/2024 12:00:00 AM,6/20/2024 8:00:00 PM,RFC,WEST,ATSI,OE,10932.916,True
6/21/2024 1:00:00 AM,6/20/2024 9:00:00 PM,RFC,WEST,ATSI,OE,10603.588,True
6/21/2024 2:00:00 AM,6/20/2024 10:00:00 PM,RFC,WEST,ATSI,OE,9960.102,True
6/21/2024 3:00:00 AM,6/20/2024 11:00:00 PM,RFC,WEST,ATSI,OE,9278.166,True
6/21/2024 4:00:00 AM,6/21/2024 12:00:00 AM,RFC,WEST,ATSI,OE,8656.973,True
6/21/2024 5:00:00 AM,6/21/2024 1:00:00 AM,RFC,WEST,ATSI,OE,8149.689,True
6/21/2024 6:00:00 AM,6/21/2024 2:00:00 AM,RFC,WEST,ATSI,OE,7804.292,True
6/21/2024 7:00:00 AM,6/21/2024 3:00:00 AM,RFC,WEST,ATSI,OE,7514.816,True
6/21/2024 8:00:00 AM,6/21/2024 4:00:00 AM,RFC,WEST,ATSI,OE,7356.216,True
6/21/2024 9:00:00 AM,6/21/2024 5:00:00 AM,RFC,WEST,ATSI,OE,7493.012,True
6/21/2024 10:00:00 AM,6/21/2024 6:00:00 AM,RFC,WEST,ATSI,OE,7782.215,True
6/21/2024 11:00:00 AM,6/21/2024 7:00:00 AM,RFC,WEST,ATSI,OE,8365.245,True
6/21/2024 12:00:00 PM,6/21/2024 8:00:00 AM,RFC,WEST,ATSI,OE,9062.010,True
6/21/2024 1:00:00 PM,6/21/2024 9:00:00 AM,RFC,WEST,ATSI,OE,9734.500,True
6/21/2024 2:00:00 PM,6/21/2024 10:00:00 AM,RFC,WEST,ATSI,OE,10436.546,True
6/21/2024 3:00:00 PM,6/21/2024 11:00:00 AM,RFC,WEST,ATSI,OE,11045.655,True
6/21/2024 4:00:00 PM,6/21/2024 12:00:00 PM,RFC,WEST,ATSI,OE,11334.029,True
6/21/2024 5:00:00 PM,6/21/2024 1:00:00 PM,RFC,WEST,ATSI,OE,11451.957,True
6/21/2024 6:00:00 PM,6/21/2024 2:00:00 PM,RFC,WEST,ATSI,OE,11475.801,True
6/21/2024 7:00:00 PM,6/21/2024 3:00:00 PM,RFC,WEST,ATSI,OE,11390.754,True
6/21/2024 8:00:00 PM,6/21/2024 4:00:00 PM,RFC,WEST,ATSI,OE,11401.003,True
6/21/2024 9:00:00 PM,6/21/2024 5:00:00 PM,RFC,WEST,ATSI,OE,11266.711,True
6/21/2024 10:00:00 PM,6/21/2024 6:00:00 PM,RFC,WEST,ATSI,OE,11407.416,True
6/21/2024 11:00:00 PM,6/21/2024 7:00:00 PM,RFC,WEST,ATSI,OE,11279.406,True
6/22/2024 12:00:00 AM,6/21/2024 8:00:00 PM,RFC,WEST,ATSI,OE,10734.882,True
6/22/2024 1:00:00 AM,6/21/2024 9:00:00 PM,RFC,WEST,ATSI,OE,10451.040,True
6/22/2024 2:00:00 AM,6/21/2024 10:00:00 PM,RFC,WEST,ATSI,OE,9908.549,True
6/22/2024 3:00:00 AM,6/21/2024 11:00:00 PM,RFC,WEST,ATSI,OE,9194.713,True
6/22/2024 4:00:00 AM,6/22/2024 12:00:00 AM,RFC,WEST,ATSI,OE,8519.968,True
6/22/2024 5:00:00 AM,6/22/2024 1:00:00 AM,RFC,WEST,ATSI,OE,7980.698,True
6/22/2024 6:00:00 AM,6/22/2024 2:00:00 AM,RFC,WEST,ATSI,OE,7651.314,True
6/22/2024 7:00:00 AM,6/22/2024 3:00:00 AM,RFC,WEST,ATSI,OE,7290.354,True
6/22/2024 8:00:00 AM,6/22/2024 4:00:00 AM,RFC,WEST,ATSI,OE,7175.362,True
6/22/2024 9:00:00 AM,6/22/2024 5:00:00 AM,RFC,WEST,ATSI,OE,7133.393,True
6/22/2024 10:00:00 AM,6/22/2024 6:00:00 AM,RFC,WEST,ATSI,OE,7113.194,True
6/22/2024 11:00:00 AM,6/22/2024 7:00:00 AM,RFC,WEST,ATSI,OE,7511.608,True
6/22/2024 12:00:00 PM,6/22/2024 8:00:00 AM,RFC,WEST,ATSI,OE,8239.525,True
6/22/2024 1:00:00 PM,6/22/2024 9:00:00 AM,RFC,WEST,ATSI,OE,9007.911,True
6/22/2024 2:00:00 PM,6/22/2024 10:00:00 AM,RFC,WEST,ATSI,OE,9740.179,True
6/22/2024 3:00:00 PM,6/22/2024 11:00:00 AM,RFC,WEST,ATSI,OE,10223.909,True
6/22/2024 4:00:00 PM,6/22/2024 12:00:00 PM,RFC,WEST,ATSI,OE,10596.316,True
6/22/2024 5:00:00 PM,6/22/2024 1:00:00 PM,RFC,WEST,ATSI,OE,10909.122,True
6/22/2024 6:00:00 PM,6/22/2024 2:00:00 PM,RFC,WEST,ATSI,OE,11068.011,True
6/22/2024 7:00:00 PM,6/22/2024 3:00:00 PM,RFC,WEST,ATSI,OE,11173.370,True
6/22/2024 8:00:00 PM,6/22/2024 4:00:00 PM,RFC,WEST,ATSI,OE,11297.394,True
6/22/2024 9:00:00 PM,6/22/2024 5:00:00 PM,RFC,WEST,ATSI,OE,11212.903,True
6/22/2024 10:00:00 PM,6/22/2024 6:00:00 PM,RFC,WEST,ATSI,OE,10970.822,True
6/22/2024 11:00:00 PM,6/22/2024 7:00:00 PM,RFC,WEST,ATSI,OE,10749.977,True
6/23/2024 12:00:00 AM,6/22/2024 8:00:00 PM,RFC,WEST,ATSI,OE,10448.874,True
6/23/2024 1:00:00 AM,6/22/2024 9:00:00 PM,RFC,WEST,ATSI,OE,10106.957,True
6/23/2024 2:00:00 AM,6/22/2024 10:00:00 PM,RFC,WEST,ATSI,OE,9683.778,True
6/23/2024 3:00:00 AM,6/22/2024 11:00:00 PM,RFC,WEST,ATSI,OE,9102.971,True
6/23/2024 4:00:00 AM,6/23/2024 12:00:00 AM,RFC,WEST,ATSI,OE,8557.325,True
6/23/2024 5:00:00 AM,6/23/2024 1:00:00 AM,RFC,WEST,ATSI,OE,8070.881,True
6/23/2024 6:00:00 AM,6/23/2024 2:00:00 AM,RFC,WEST,ATSI,OE,7718.080,True
6/23/2024 7:00:00 AM,6/23/2024 3:00:00 AM,RFC,WEST,ATSI,OE,7579.208,True
6/23/2024 8:00:00 AM,6/23/2024 4:00:00 AM,RFC,WEST,ATSI,OE,7505.000,True
6/23/2024 9:00:00 AM,6/23/2024 5:00:00 AM,RFC,WEST,ATSI,OE,7408.536,True
6/23/2024 10:00:00 AM,6/23/2024 6:00:00 AM,RFC,WEST,ATSI,OE,7313.410,True
6/23/2024 11:00:00 AM,6/23/2024 7:00:00 AM,RFC,WEST,ATSI,OE,7368.102,True
6/23/2024 12:00:00 PM,6/23/2024 8:00:00 AM,RFC,WEST,ATSI,OE,7379.009,True
6/23/2024 1:00:00 PM,6/23/2024 9:00:00 AM,RFC,WEST,ATSI,OE,7574.607,True
6/23/2024 2:00:00 PM,6/23/2024 10:00:00 AM,RFC,WEST,ATSI,OE,7790.337,True
6/23/2024 3:00:00 PM,6/23/2024 11:00:00 AM,RFC,WEST,ATSI,OE,8148.516,True
6/23/2024 4:00:00 PM,6/23/2024 12:00:00 PM,RFC,WEST,ATSI,OE,8395.060,True
6/23/2024 5:00:00 PM,6/23/2024 1:00:00 PM,RFC,WEST,ATSI,OE,8518.245,True
6/23/2024 6:00:00 PM,6/23/2024 2:00:00 PM,RFC,WEST,ATSI,OE,8775.814,True
6/23/2024 7:00:00 PM,6/23/2024 3:00:00 PM,RFC,WEST,ATSI,OE,8997.232,True
6/23/2024 8:00:00 PM,6/23/2024 4:00:00 PM,RFC,WEST,ATSI,OE,9241.192,True
6/23/2024 9:00:00 PM,6/23/2024 5:00:00 PM,RFC,WEST,ATSI,OE,9343.539,True
6/23/2024 10:00:00 PM,6/23/2024 6:00:00 PM,RFC,WEST,ATSI,OE,9232.523,True
6/23/2024 11:00:00 PM,6/23/2024 7:00:00 PM,RFC,WEST,ATSI,OE,8827.905,True
6/24/2024 12:00:00 AM,6/23/2024 8:00:00 PM,RFC,WEST,ATSI,OE,8551.611,True
6/24/2024 1:00:00 AM,6/23/2024 9:00:00 PM,RFC,WEST,ATSI,OE,8320.317,True
6/24/2024 2:00:00 AM,6/23/2024 10:00:00 PM,RFC,WEST,ATSI,OE,7854.360,True
6/24/2024 3:00:00 AM,6/23/2024 11:00:00 PM,RFC,WEST,ATSI,OE,7369.178,True
6/24/2024 4:00:00 AM,6/24/2024 12:00:00 AM,RFC,WEST,ATSI,OE,6960.680,True
6/24/2024 5:00:00 AM,6/24/2024 1:00:00 AM,RFC,WEST,ATSI,OE,6605.389,True
6/24/2024 6:00:00 AM,6/24/2024 2:00:00 AM,RFC,WEST,ATSI,OE,6390.958,True
6/24/2024 7:00:00 AM,6/24/2024 3:00:00 AM,RFC,WEST,ATSI,OE,6182.399,True
6/24/2024 8:00:00 AM,6/24/2024 4:00:00 AM,RFC,WEST,ATSI,OE,6222.343,True
6/24/2024 9:00:00 AM,6/24/2024 5:00:00 AM,RFC,WEST,ATSI,OE,6470.700,True
6/24/2024 10:00:00 AM,6/24/2024 6:00:00 AM,RFC,WEST,ATSI,OE,6808.199,True
6/24/2024 11:00:00 AM,6/24/2024 7:00:00 AM,RFC,WEST,ATSI,OE,7231.095,True
6/24/2024 12:00:00 PM,6/24/2024 8:00:00 AM,RFC,WEST,ATSI,OE,7731.119,True
6/24/2024 1:00:00 PM,6/24/2024 9:00:00 AM,RFC,WEST,ATSI,OE,8148.103,True
6/24/2024 2:00:00 PM,6/24/2024 10:00:00 AM,RFC,WEST,ATSI,OE,8473.206,True
6/24/2024 3:00:00 PM,6/24/2024 11:00:00 AM,RFC,WEST,ATSI,OE,8778.597,True
6/24/2024 4:00:00 PM,6/24/2024 12:00:00 PM,RFC,WEST,ATSI,OE,9094.101,True
6/24/2024 5:00:00 PM,6/24/2024 1:00:00 PM,RFC,WEST,ATSI,OE,9333.736,True
6/24/2024 6:00:00 PM,6/24/2024 2:00:00 PM,RFC,WEST,ATSI,OE,9520.872,True
6/24/2024 7:00:00 PM,6/24/2024 3:00:00 PM,RFC,WEST,ATSI,OE,9712.266,True
6/24/2024 8:00:00 PM,6/24/2024 4:00:00 PM,RFC,WEST,ATSI,OE,9870.903,True
6/24/2024 9:00:00 PM,6/24/2024 5:00:00 PM,RFC,WEST,ATSI,OE,9979.926,True
6/24/2024 10:00:00 PM,6/24/2024 6:00:00 PM,RFC,WEST,ATSI,OE,9905.963,True
6/24/2024 11:00:00 PM,6/24/2024 7:00:00 PM,RFC,WEST,ATSI,OE,9614.463,True
6/25/2024 12:00:00 AM,6/24/2024 8:00:00 PM,RFC,WEST,ATSI,OE,9096.427,True
6/25/2024 1:00:00 AM,6/24/2024 9:00:00 PM,RFC,WEST,ATSI,OE,8608.181,True
6/25/2024 2:00:00 AM,6/24/2024 10:00:00 PM,RFC,WEST,ATSI,OE,8033.613,True
6/25/2024 3:00:00 AM,6/24/2024 11:00:00 PM,RFC,WEST,ATSI,OE,7389.915,True
6/25/2024 4:00:00 AM,6/25/2024 12:00:00 AM,RFC,WEST,ATSI,OE,6893.856,True
6/25/2024 5:00:00 AM,6/25/2024 1:00:00 AM,RFC,WEST,ATSI,OE,6502.759,True
6/25/2024 6:00:00 AM,6/25/2024 2:00:00 AM,RFC,WEST,ATSI,OE,6189.339,True
6/25/2024 7:00:00 AM,6/25/2024 3:00:00 AM,RFC,WEST,ATSI,OE,6067.406,True
6/25/2024 8:00:00 AM,6/25/2024 4:00:00 AM,RFC,WEST,ATSI,OE,6108.151,True
6/25/2024 9:00:00 AM,6/25/2024 5:00:00 AM,RFC,WEST,ATSI,OE,6288.976,True
6/25/2024 10:00:00 AM,6/25/2024 6:00:00 AM,RFC,WEST,ATSI,OE,6593.012,True
6/25/2024 11:00:00 AM,6/25/2024 7:00:00 AM,RFC,WEST,ATSI,OE,7083.215,True
6/25/2024 12:00:00 PM,6/25/2024 8:00:00 AM,RFC,WEST,ATSI,OE,7482.692,True
6/25/2024 1:00:00 PM,6/25/2024 9:00:00 AM,RFC,WEST,ATSI,OE,7792.995,True
6/25/2024 2:00:00 PM,6/25/2024 10:00:00 AM,RFC,WEST,ATSI,OE,7983.200,True
6/25/2024 3:00:00 PM,6/25/2024 11:00:00 AM,RFC,WEST,ATSI,OE,8051.674,True
6/25/2024 4:00:00 PM,6/25/2024 12:00:00 PM,RFC,WEST,ATSI,OE,8204.782,True
6/25/2024 5:00:00 PM,6/25/2024 1:00:00 PM,RFC,WEST,ATSI,OE,8220.684,True
6/25/2024 6:00:00 PM,6/25/2024 2:00:00 PM,RFC,WEST,ATSI,OE,8397.519,True
6/25/2024 7:00:00 PM,6/25/2024 3:00:00 PM,RFC,WEST,ATSI,OE,8649.265,True
6/25/2024 8:00:00 PM,6/25/2024 4:00:00 PM,RFC,WEST,ATSI,OE,8980.253,True
6/25/2024 9:00:00 PM,6/25/2024 5:00:00 PM,RFC,WEST,ATSI,OE,9333.677,True
6/25/2024 10:00:00 PM,6/25/2024 6:00:00 PM,RFC,WEST,ATSI,OE,9440.812,True
6/25/2024 11:00:00 PM,6/25/2024 7:00:00 PM,RFC,WEST,ATSI,OE,9302.176,True
6/26/2024 12:00:00 AM,6/25/2024 8:00:00 PM,RFC,WEST,ATSI,OE,9036.992,True
6/26/2024 1:00:00 AM,6/25/2024 9:00:00 PM,RFC,WEST,ATSI,OE,8927.300,True
6/26/2024 2:00:00 AM,6/25/2024 10:00:00 PM,RFC,WEST,ATSI,OE,8519.219,True
6/26/2024 3:00:00 AM,6/25/2024 11:00:00 PM,RFC,WEST,ATSI,OE,7859.782,True
6/26/2024 4:00:00 AM,6/26/2024 12:00:00 AM,RFC,WEST,ATSI,OE,7412.251,True
6/26/2024 5:00:00 AM,6/26/2024 1:00:00 AM,RFC,WEST,ATSI,OE,7065.401,True
6/26/2024 6:00:00 AM,6/26/2024 2:00:00 AM,RFC,WEST,ATSI,OE,6871.811,True
6/26/2024 7:00:00 AM,6/26/2024 3:00:00 AM,RFC,WEST,ATSI,OE,6681.986,True
6/26/2024 8:00:00 AM,6/26/2024 4:00:00 AM,RFC,WEST,ATSI,OE,6688.868,True
6/26/2024 9:00:00 AM,6/26/2024 5:00:00 AM,RFC,WEST,ATSI,OE,6830.035,True
6/26/2024 10:00:00 AM,6/26/2024 6:00:00 AM,RFC,WEST,ATSI,OE,7094.007,True
6/26/2024 11:00:00 AM,6/26/2024 7:00:00 AM,RFC,WEST,ATSI,OE,7604.247,True
6/26/2024 12:00:00 PM,6/26/2024 8:00:00 AM,RFC,WEST,ATSI,OE,8118.179,True
6/26/2024 1:00:00 PM,6/26/2024 9:00:00 AM,RFC,WEST,ATSI,OE,8626.093,True
6/26/2024 2:00:00 PM,6/26/2024 10:00:00 AM,RFC,WEST,ATSI,OE,9069.587,True
6/26/2024 3:00:00 PM,6/26/2024 11:00:00 AM,RFC,WEST,ATSI,OE,9359.005,True
6/26/2024 4:00:00 PM,6/26/2024 12:00:00 PM,RFC,WEST,ATSI,OE,9495.288,True
6/26/2024 5:00:00 PM,6/26/2024 1:00:00 PM,RFC,WEST,ATSI,OE,9325.297,True
6/26/2024 6:00:00 PM,6/26/2024 2:00:00 PM,RFC,WEST,ATSI,OE,8987.788,True
6/26/2024 7:00:00 PM,6/26/2024 3:00:00 PM,RFC,WEST,ATSI,OE,8626.372,True
6/26/2024 8:00:00 PM,6/26/2024 4:00:00 PM,RFC,WEST,ATSI,OE,8432.704,True
6/26/2024 9:00:00 PM,6/26/2024 5:00:00 PM,RFC,WEST,ATSI,OE,8230.629,True
6/26/2024 10:00:00 PM,6/26/2024 6:00:00 PM,RFC,WEST,ATSI,OE,8084.193,True
6/26/2024 11:00:00 PM,6/26/2024 7:00:00 PM,RFC,WEST,ATSI,OE,7980.133,True
6/27/2024 12:00:00 AM,6/26/2024 8:00:00 PM,RFC,WEST,ATSI,OE,7847.485,True
6/27/2024 1:00:00 AM,6/26/2024 9:00:00 PM,RFC,WEST,ATSI,OE,7704.226,True
6/27/2024 2:00:00 AM,6/26/2024 10:00:00 PM,RFC,WEST,ATSI,OE,7396.247,True
6/27/2024 3:00:00 AM,6/26/2024 11:00:00 PM,RFC,WEST,ATSI,OE,6952.289,True
6/27/2024 4:00:00 AM,6/27/2024 12:00:00 AM,RFC,WEST,ATSI,OE,6439.412,True
6/27/2024 5:00:00 AM,6/27/2024 1:00:00 AM,RFC,WEST,ATSI,OE,6101.420,True
6/27/2024 6:00:00 AM,6/27/2024 2:00:00 AM,RFC,WEST,ATSI,OE,6089.710,True
6/27/2024 7:00:00 AM,6/27/2024 3:00:00 AM,RFC,WEST,ATSI,OE,6028.348,True
6/27/2024 8:00:00 AM,6/27/2024 4:00:00 AM,RFC,WEST,ATSI,OE,6065.875,True
6/27/2024 9:00:00 AM,6/27/2024 5:00:00 AM,RFC,WEST,ATSI,OE,6258.752,True
6/27/2024 10:00:00 AM,6/27/2024 6:00:00 AM,RFC,WEST,ATSI,OE,6556.608,True
6/27/2024 11:00:00 AM,6/27/2024 7:00:00 AM,RFC,WEST,ATSI,OE,6960.676,True
6/27/2024 12:00:00 PM,6/27/2024 8:00:00 AM,RFC,WEST,ATSI,OE,7321.570,True
6/27/2024 1:00:00 PM,6/27/2024 9:00:00 AM,RFC,WEST,ATSI,OE,7582.007,True
6/27/2024 2:00:00 PM,6/27/2024 10:00:00 AM,RFC,WEST,ATSI,OE,7809.619,True
6/27/2024 3:00:00 PM,6/27/2024 11:00:00 AM,RFC,WEST,ATSI,OE,7982.839,True
6/27/2024 4:00:00 PM,6/27/2024 12:00:00 PM,RFC,WEST,ATSI,OE,8188.955,True
6/27/2024 5:00:00 PM,6/27/2024 1:00:00 PM,RFC,WEST,ATSI,OE,8314.983,True
6/27/2024 6:00:00 PM,6/27/2024 2:00:00 PM,RFC,WEST,ATSI,OE,8447.102,True
6/27/2024 7:00:00 PM,6/27/2024 3:00:00 PM,RFC,WEST,ATSI,OE,8501.048,True
6/27/2024 8:00:00 PM,6/27/2024 4:00:00 PM,RFC,WEST,ATSI,OE,8573.466,True
6/27/2024 9:00:00 PM,6/27/2024 5:00:00 PM,RFC,WEST,ATSI,OE,8588.459,True
6/27/2024 10:00:00 PM,6/27/2024 6:00:00 PM,RFC,WEST,ATSI,OE,8489.633,True
6/27/2024 11:00:00 PM,6/27/2024 7:00:00 PM,RFC,WEST,ATSI,OE,8214.128,True
6/28/2024 12:00:00 AM,6/27/2024 8:00:00 PM,RFC,WEST,ATSI,OE,7854.667,True
6/28/2024 1:00:00 AM,6/27/2024 9:00:00 PM,RFC,WEST,ATSI,OE,7615.984,True
6/28/2024 2:00:00 AM,6/27/2024 10:00:00 PM,RFC,WEST,ATSI,OE,7142.683,True
6/28/2024 3:00:00 AM,6/27/2024 11:00:00 PM,RFC,WEST,ATSI,OE,6717.351,True
6/28/2024 4:00:00 AM,6/28/2024 12:00:00 AM,RFC,WEST,ATSI,OE,6273.649,True
6/28/2024 5:00:00 AM,6/28/2024 1:00:00 AM,RFC,WEST,ATSI,OE,5989.048,True
6/28/2024 6:00:00 AM,6/28/2024 2:00:00 AM,RFC,WEST,ATSI,OE,5773.577,True
6/28/2024 7:00:00 AM,6/28/2024 3:00:00 AM,RFC,WEST,ATSI,OE,5774.342,True
6/28/2024 8:00:00 AM,6/28/2024 4:00:00 AM,RFC,WEST,ATSI,OE,5772.546,True
6/28/2024 9:00:00 AM,6/28/2024 5:00:00 AM,RFC,WEST,ATSI,OE,5983.953,True
6/28/2024 10:00:00 AM,6/28/2024 6:00:00 AM,RFC,WEST,ATSI,OE,6198.044,True
6/28/2024 11:00:00 AM,6/28/2024 7:00:00 AM,RFC,WEST,ATSI,OE,6581.652,True
6/28/2024 12:00:00 PM,6/28/2024 8:00:00 AM,RFC,WEST,ATSI,OE,6928.270,True
6/28/2024 1:00:00 PM,6/28/2024 9:00:00 AM,RFC,WEST,ATSI,OE,7119.438,True
6/28/2024 2:00:00 PM,6/28/2024 10:00:00 AM,RFC,WEST,ATSI,OE,7425.385,True
6/28/2024 3:00:00 PM,6/28/2024 11:00:00 AM,RFC,WEST,ATSI,OE,7684.020,True
6/28/2024 4:00:00 PM,6/28/2024 12:00:00 PM,RFC,WEST,ATSI,OE,8067.301,True
6/28/2024 5:00:00 PM,6/28/2024 1:00:00 PM,RFC,WEST,ATSI,OE,8371.406,True
6/28/2024 6:00:00 PM,6/28/2024 2:00:00 PM,RFC,WEST,ATSI,OE,8778.849,True
6/28/2024 7:00:00 PM,6/28/2024 3:00:00 PM,RFC,WEST,ATSI,OE,9104.544,True
6/28/2024 8:00:00 PM,6/28/2024 4:00:00 PM,RFC,WEST,ATSI,OE,9207.883,True
6/28/2024 9:00:00 PM,6/28/2024 5:00:00 PM,RFC,WEST,ATSI,OE,9130.392,True
6/28/2024 10:00:00 PM,6/28/2024 6:00:00 PM,RFC,WEST,ATSI,OE,8982.402,True
6/28/2024 11:00:00 PM,6/28/2024 7:00:00 PM,RFC,WEST,ATSI,OE,8701.882,True
6/29/2024 12:00:00 AM,6/28/2024 8:00:00 PM,RFC,WEST,ATSI,OE,8468.038,True
6/29/2024 1:00:00 AM,6/28/2024 9:00:00 PM,RFC,WEST,ATSI,OE,8328.489,True
6/29/2024 2:00:00 AM,6/28/2024 10:00:00 PM,RFC,WEST,ATSI,OE,7908.976,True
6/29/2024 3:00:00 AM,6/28/2024 11:00:00 PM,RFC,WEST,ATSI,OE,7486.152,True
6/29/2024 4:00:00 AM,6/29/2024 12:00:00 AM,RFC,WEST,ATSI,OE,7110.900,True
6/29/2024 5:00:00 AM,6/29/2024 1:00:00 AM,RFC,WEST,ATSI,OE,6805.147,True
6/29/2024 6:00:00 AM,6/29/2024 2:00:00 AM,RFC,WEST,ATSI,OE,6671.758,True
6/29/2024 7:00:00 AM,6/29/2024 3:00:00 AM,RFC,WEST,ATSI,OE,6508.061,True
6/29/2024 8:00:00 AM,6/29/2024 4:00:00 AM,RFC,WEST,ATSI,OE,6531.414,True
6/29/2024 9:00:00 AM,6/29/2024 5:00:00 AM,RFC,WEST,ATSI,OE,6660.903,True
6/29/2024 10:00:00 AM,6/29/2024 6:00:00 AM,RFC,WEST,ATSI,OE,6679.462,True
6/29/2024 11:00:00 AM,6/29/2024 7:00:00 AM,RFC,WEST,ATSI,OE,7013.595,True
6/29/2024 12:00:00 PM,6/29/2024 8:00:00 AM,RFC,WEST,ATSI,OE,7370.184,True
6/29/2024 1:00:00 PM,6/29/2024 9:00:00 AM,RFC,WEST,ATSI,OE,7790.690,True
6/29/2024 2:00:00 PM,6/29/2024 10:00:00 AM,RFC,WEST,ATSI,OE,8167.459,True
6/29/2024 3:00:00 PM,6/29/2024 11:00:00 AM,RFC,WEST,ATSI,OE,8440.425,True
6/29/2024 4:00:00 PM,6/29/2024 12:00:00 PM,RFC,WEST,ATSI,OE,8461.560,True
6/29/2024 5:00:00 PM,6/29/2024 1:00:00 PM,RFC,WEST,ATSI,OE,8420.690,True
6/29/2024 6:00:00 PM,6/29/2024 2:00:00 PM,RFC,WEST,ATSI,OE,8511.112,True
6/29/2024 7:00:00 PM,6/29/2024 3:00:00 PM,RFC,WEST,ATSI,OE,8839.795,True
6/29/2024 8:00:00 PM,6/29/2024 4:00:00 PM,RFC,WEST,ATSI,OE,9250.943,True
6/29/2024 9:00:00 PM,6/29/2024 5:00:00 PM,RFC,WEST,ATSI,OE,9469.291,True
6/29/2024 10:00:00 PM,6/29/2024 6:00:00 PM,RFC,WEST,ATSI,OE,9377.914,True
6/29/2024 11:00:00 PM,6/29/2024 7:00:00 PM,RFC,WEST,ATSI,OE,9226.474,True
6/30/2024 12:00:00 AM,6/29/2024 8:00:00 PM,RFC,WEST,ATSI,OE,8942.533,True
6/30/2024 1:00:00 AM,6/29/2024 9:00:00 PM,RFC,WEST,ATSI,OE,8863.792,True
6/30/2024 2:00:00 AM,6/29/2024 10:00:00 PM,RFC,WEST,ATSI,OE,8541.606,True
6/30/2024 3:00:00 AM,6/29/2024 11:00:00 PM,RFC,WEST,ATSI,OE,8120.791,True
6/30/2024 4:00:00 AM,6/30/2024 12:00:00 AM,RFC,WEST,ATSI,OE,7639.131,True
6/30/2024 5:00:00 AM,6/30/2024 1:00:00 AM,RFC,WEST,ATSI,OE,7248.282,True
6/30/2024 6:00:00 AM,6/30/2024 2:00:00 AM,RFC,WEST,ATSI,OE,6980.528,True
6/30/2024 7:00:00 AM,6/30/2024 3:00:00 AM,RFC,WEST,ATSI,OE,6787.873,True
6/30/2024 8:00:00 AM,6/30/2024 4:00:00 AM,RFC,WEST,ATSI,OE,6695.170,True
6/30/2024 9:00:00 AM,6/30/2024 5:00:00 AM,RFC,WEST,ATSI,OE,6683.024,True
6/30/2024 10:00:00 AM,6/30/2024 6:00:00 AM,RFC,WEST,ATSI,OE,6602.188,True
6/30/2024 11:00:00 AM,6/30/2024 7:00:00 AM,RFC,WEST,ATSI,OE,6703.446,True
6/30/2024 12:00:00 PM,6/30/2024 8:00:00 AM,RFC,WEST,ATSI,OE,6986.055,True
6/30/2024 1:00:00 PM,6/30/2024 9:00:00 AM,RFC,WEST,ATSI,OE,7275.883,True
6/30/2024 2:00:00 PM,6/30/2024 10:00:00 AM,RFC,WEST,ATSI,OE,7468.471,True
6/30/2024 3:00:00 PM,6/30/2024 11:00:00 AM,RFC,WEST,ATSI,OE,7525.067,True
6/30/2024 4:00:00 PM,6/30/2024 12:00:00 PM,RFC,WEST,ATSI,OE,7555.737,True
6/30/2024 5:00:00 PM,6/30/2024 1:00:00 PM,RFC,WEST,ATSI,OE,7484.088,True
6/30/2024 6:00:00 PM,6/30/2024 2:00:00 PM,RFC,WEST,ATSI,OE,7380.484,True
6/30/2024 7:00:00 PM,6/30/2024 3:00:00 PM,RFC,WEST,ATSI,OE,7376.753,True
6/30/2024 8:00:00 PM,6/30/2024 4:00:00 PM,RFC,WEST,ATSI,OE,7369.945,True
6/30/2024 9:00:00 PM,6/30/2024 5:00:00 PM,RFC,WEST,ATSI,OE,7240.451,True
6/30/2024 10:00:00 PM,6/30/2024 6:00:00 PM,RFC,WEST,ATSI,OE,6966.742,True
6/30/2024 11:00:00 PM,6/30/2024 7:00:00 PM,RFC,WEST,ATSI,OE,6848.606,True
7/1/2024 12:00:00 AM,6/30/2024 8:00:00 PM,RFC,WEST,ATSI,OE,6687.976,True
7/1/2024 1:00:00 AM,6/30/2024 9:00:00 PM,RFC,WEST,ATSI,OE,6594.595,True
7/1/2024 2:00:00 AM,6/30/2024 10:00:00 PM,RFC,WEST,ATSI,OE,6360.102,True
7/1/2024 3:00:00 AM,6/30/2024 11:00:00 PM,RFC,WEST,ATSI,OE,6091.662,True
7/1/2024 4:00:00 AM,7/1/2024 12:00:00 AM,RFC,WEST,ATSI,OE,5791.080,True
7/1/2024 5:00:00 AM,7/1/2024 1:00:00 AM,RFC,WEST,ATSI,OE,5551.778,True
7/1/2024 6:00:00 AM,7/1/2024 2:00:00 AM,RFC,WEST,ATSI,OE,5462.219,True
7/1/2024 7:00:00 AM,7/1/2024 3:00:00 AM,RFC,WEST,ATSI,OE,5355.965,True
7/1/2024 8:00:00 AM,7/1/2024 4:00:00 AM,RFC,WEST,ATSI,OE,5411.456,True
7/1/2024 9:00:00 AM,7/1/2024 5:00:00 AM,RFC,WEST,ATSI,OE,5668.797,True
7/1/2024 10:00:00 AM,7/1/2024 6:00:00 AM,RFC,WEST,ATSI,OE,5948.550,True
7/1/2024 11:00:00 AM,7/1/2024 7:00:00 AM,RFC,WEST,ATSI,OE,6316.931,True
7/1/2024 12:00:00 PM,7/1/2024 8:00:00 AM,RFC,WEST,ATSI,OE,6678.750,True
7/1/2024 1:00:00 PM,7/1/2024 9:00:00 AM,RFC,WEST,ATSI,OE,6932.988,True
7/1/2024 2:00:00 PM,7/1/2024 10:00:00 AM,RFC,WEST,ATSI,OE,7091.608,True
7/1/2024 3:00:00 PM,7/1/2024 11:00:00 AM,RFC,WEST,ATSI,OE,7183.033,True
7/1/2024 4:00:00 PM,7/1/2024 12:00:00 PM,RFC,WEST,ATSI,OE,7304.464,True
7/1/2024 5:00:00 PM,7/1/2024 1:00:00 PM,RFC,WEST,ATSI,OE,7448.861,True
7/1/2024 6:00:00 PM,7/1/2024 2:00:00 PM,RFC,WEST,ATSI,OE,7581.968,True
7/1/2024 7:00:00 PM,7/1/2024 3:00:00 PM,RFC,WEST,ATSI,OE,7658.324,True
7/1/2024 8:00:00 PM,7/1/2024 4:00:00 PM,RFC,WEST,ATSI,OE,7803.896,True
7/1/2024 9:00:00 PM,7/1/2024 5:00:00 PM,RFC,WEST,ATSI,OE,7922.905,True
7/1/2024 10:00:00 PM,7/1/2024 6:00:00 PM,RFC,WEST,ATSI,OE,7888.318,True
7/1/2024 11:00:00 PM,7/1/2024 7:00:00 PM,RFC,WEST,ATSI,OE,7655.295,True
7/2/2024 12:00:00 AM,7/1/2024 8:00:00 PM,RFC,WEST,ATSI,OE,7353.221,True
7/2/2024 1:00:00 AM,7/1/2024 9:00:00 PM,RFC,WEST,ATSI,OE,7203.806,True
7/2/2024 2:00:00 AM,7/1/2024 10:00:00 PM,RFC,WEST,ATSI,OE,6820.744,True
7/2/2024 3:00:00 AM,7/1/2024 11:00:00 PM,RFC,WEST,ATSI,OE,6324.620,True
7/2/2024 4:00:00 AM,7/2/2024 12:00:00 AM,RFC,WEST,ATSI,OE,5987.271,True
7/2/2024 5:00:00 AM,7/2/2024 1:00:00 AM,RFC,WEST,ATSI,OE,5765.804,True
7/2/2024 6:00:00 AM,7/2/2024 2:00:00 AM,RFC,WEST,ATSI,OE,5604.226,True
7/2/2024 7:00:00 AM,7/2/2024 3:00:00 AM,RFC,WEST,ATSI,OE,5526.273,True
7/2/2024 8:00:00 AM,7/2/2024 4:00:00 AM,RFC,WEST,ATSI,OE,5584.398,True
7/2/2024 9:00:00 AM,7/2/2024 5:00:00 AM,RFC,WEST,ATSI,OE,5713.522,True
7/2/2024 10:00:00 AM,7/2/2024 6:00:00 AM,RFC,WEST,ATSI,OE,6054.270,True
7/2/2024 11:00:00 AM,7/2/2024 7:00:00 AM,RFC,WEST,ATSI,OE,6378.327,True
7/2/2024 12:00:00 PM,7/2/2024 8:00:00 AM,RFC,WEST,ATSI,OE,6747.520,True
7/2/2024 1:00:00 PM,7/2/2024 9:00:00 AM,RFC,WEST,ATSI,OE,7051.276,True
7/2/2024 2:00:00 PM,7/2/2024 10:00:00 AM,RFC,WEST,ATSI,OE,7427.432,True
7/2/2024 3:00:00 PM,7/2/2024 11:00:00 AM,RFC,WEST,ATSI,OE,7641.505,True
7/2/2024 4:00:00 PM,7/2/2024 12:00:00 PM,RFC,WEST,ATSI,OE,7871.882,True
7/2/2024 5:00:00 PM,7/2/2024 1:00:00 PM,RFC,WEST,ATSI,OE,8296.662,True
7/2/2024 6:00:00 PM,7/2/2024 2:00:00 PM,RFC,WEST,ATSI,OE,8594.657,True
7/2/2024 7:00:00 PM,7/2/2024 3:00:00 PM,RFC,WEST,ATSI,OE,8904.005,True
7/2/2024 8:00:00 PM,7/2/2024 4:00:00 PM,RFC,WEST,ATSI,OE,9240.069,True
7/2/2024 9:00:00 PM,7/2/2024 5:00:00 PM,RFC,WEST,ATSI,OE,9310.925,True
7/2/2024 10:00:00 PM,7/2/2024 6:00:00 PM,RFC,WEST,ATSI,OE,9119.216,True
7/2/2024 11:00:00 PM,7/2/2024 7:00:00 PM,RFC,WEST,ATSI,OE,8934.880,True
7/3/2024 12:00:00 AM,7/2/2024 8:00:00 PM,RFC,WEST,ATSI,OE,8706.263,True
7/3/2024 1:00:00 AM,7/2/2024 9:00:00 PM,RFC,WEST,ATSI,OE,8506.100,True
7/3/2024 2:00:00 AM,7/2/2024 10:00:00 PM,RFC,WEST,ATSI,OE,8051.050,True
7/3/2024 3:00:00 AM,7/2/2024 11:00:00 PM,RFC,WEST,ATSI,OE,7401.123,True
7/3/2024 4:00:00 AM,7/3/2024 12:00:00 AM,RFC,WEST,ATSI,OE,6954.327,True
7/3/2024 5:00:00 AM,7/3/2024 1:00:00 AM,RFC,WEST,ATSI,OE,6596.103,True
7/3/2024 6:00:00 AM,7/3/2024 2:00:00 AM,RFC,WEST,ATSI,OE,6398.278,True
7/3/2024 7:00:00 AM,7/3/2024 3:00:00 AM,RFC,WEST,ATSI,OE,6161.466,True
7/3/2024 8:00:00 AM,7/3/2024 4:00:00 AM,RFC,WEST,ATSI,OE,6144.922,True
7/3/2024 9:00:00 AM,7/3/2024 5:00:00 AM,RFC,WEST,ATSI,OE,6304.589,True
7/3/2024 10:00:00 AM,7/3/2024 6:00:00 AM,RFC,WEST,ATSI,OE,6697.377,True
7/3/2024 11:00:00 AM,7/3/2024 7:00:00 AM,RFC,WEST,ATSI,OE,7274.390,True
7/3/2024 12:00:00 PM,7/3/2024 8:00:00 AM,RFC,WEST,ATSI,OE,7875.071,True
7/3/2024 1:00:00 PM,7/3/2024 9:00:00 AM,RFC,WEST,ATSI,OE,8612.295,True
7/3/2024 2:00:00 PM,7/3/2024 10:00:00 AM,RFC,WEST,ATSI,OE,9278.099,True
7/3/2024 3:00:00 PM,7/3/2024 11:00:00 AM,RFC,WEST,ATSI,OE,9883.797,True
7/3/2024 4:00:00 PM,7/3/2024 12:00:00 PM,RFC,WEST,ATSI,OE,10392.341,True
7/3/2024 5:00:00 PM,7/3/2024 1:00:00 PM,RFC,WEST,ATSI,OE,10621.886,True
7/3/2024 6:00:00 PM,7/3/2024 2:00:00 PM,RFC,WEST,ATSI,OE,10777.881,True
7/3/2024 7:00:00 PM,7/3/2024 3:00:00 PM,RFC,WEST,ATSI,OE,10577.894,True
7/3/2024 8:00:00 PM,7/3/2024 4:00:00 PM,RFC,WEST,ATSI,OE,10289.733,True
7/3/2024 9:00:00 PM,7/3/2024 5:00:00 PM,RFC,WEST,ATSI,OE,10208.730,True
7/3/2024 10:00:00 PM,7/3/2024 6:00:00 PM,RFC,WEST,ATSI,OE,9978.746,True
7/3/2024 11:00:00 PM,7/3/2024 7:00:00 PM,RFC,WEST,ATSI,OE,9783.393,True
7/4/2024 12:00:00 AM,7/3/2024 8:00:00 PM,RFC,WEST,ATSI,OE,9490.588,True
7/4/2024 1:00:00 AM,7/3/2024 9:00:00 PM,RFC,WEST,ATSI,OE,9148.725,True
7/4/2024 2:00:00 AM,7/3/2024 10:00:00 PM,RFC,WEST,ATSI,OE,8668.642,True
7/4/2024 3:00:00 AM,7/3/2024 11:00:00 PM,RFC,WEST,ATSI,OE,8090.717,True
7/4/2024 4:00:00 AM,7/4/2024 12:00:00 AM,RFC,WEST,ATSI,OE,7582.311,True
7/4/2024 5:00:00 AM,7/4/2024 1:00:00 AM,RFC,WEST,ATSI,OE,7153.717,True
7/4/2024 6:00:00 AM,7/4/2024 2:00:00 AM,RFC,WEST,ATSI,OE,6801.650,True
7/4/2024 7:00:00 AM,7/4/2024 3:00:00 AM,RFC,WEST,ATSI,OE,6571.034,True
7/4/2024 8:00:00 AM,7/4/2024 4:00:00 AM,RFC,WEST,ATSI,OE,6494.772,True
7/4/2024 9:00:00 AM,7/4/2024 5:00:00 AM,RFC,WEST,ATSI,OE,6454.008,True
7/4/2024 10:00:00 AM,7/4/2024 6:00:00 AM,RFC,WEST,ATSI,OE,6361.150,True
7/4/2024 11:00:00 AM,7/4/2024 7:00:00 AM,RFC,WEST,ATSI,OE,6546.076,True
7/4/2024 12:00:00 PM,7/4/2024 8:00:00 AM,RFC,WEST,ATSI,OE,6984.499,True
7/4/2024 1:00:00 PM,7/4/2024 9:00:00 AM,RFC,WEST,ATSI,OE,7451.188,True
7/4/2024 2:00:00 PM,7/4/2024 10:00:00 AM,RFC,WEST,ATSI,OE,7966.421,True
7/4/2024 3:00:00 PM,7/4/2024 11:00:00 AM,RFC,WEST,ATSI,OE,8437.713,True
7/4/2024 4:00:00 PM,7/4/2024 12:00:00 PM,RFC,WEST,ATSI,OE,8731.803,True
7/4/2024 5:00:00 PM,7/4/2024 1:00:00 PM,RFC,WEST,ATSI,OE,8875.434,True
7/4/2024 6:00:00 PM,7/4/2024 2:00:00 PM,RFC,WEST,ATSI,OE,8835.471,True
7/4/2024 7:00:00 PM,7/4/2024 3:00:00 PM,RFC,WEST,ATSI,OE,8679.374,True
7/4/2024 8:00:00 PM,7/4/2024 4:00:00 PM,RFC,WEST,ATSI,OE,8510.120,True
7/4/2024 9:00:00 PM,7/4/2024 5:00:00 PM,RFC,WEST,ATSI,OE,8308.901,True
7/4/2024 10:00:00 PM,7/4/2024 6:00:00 PM,RFC,WEST,ATSI,OE,8016.691,True
7/4/2024 11:00:00 PM,7/4/2024 7:00:00 PM,RFC,WEST,ATSI,OE,7819.826,True
7/5/2024 12:00:00 AM,7/4/2024 8:00:00 PM,RFC,WEST,ATSI,OE,7585.576,True
7/5/2024 1:00:00 AM,7/4/2024 9:00:00 PM,RFC,WEST,ATSI,OE,7439.601,True
7/5/2024 2:00:00 AM,7/4/2024 10:00:00 PM,RFC,WEST,ATSI,OE,7227.995,True
7/5/2024 3:00:00 AM,7/4/2024 11:00:00 PM,RFC,WEST,ATSI,OE,6941.946,True
7/5/2024 4:00:00 AM,7/5/2024 12:00:00 AM,RFC,WEST,ATSI,OE,6540.756,True
7/5/2024 5:00:00 AM,7/5/2024 1:00:00 AM,RFC,WEST,ATSI,OE,6245.181,True
7/5/2024 6:00:00 AM,7/5/2024 2:00:00 AM,RFC,WEST,ATSI,OE,6048.421,True
7/5/2024 7:00:00 AM,7/5/2024 3:00:00 AM,RFC,WEST,ATSI,OE,5873.889,True
7/5/2024 8:00:00 AM,7/5/2024 4:00:00 AM,RFC,WEST,ATSI,OE,5815.630,True
7/5/2024 9:00:00 AM,7/5/2024 5:00:00 AM,RFC,WEST,ATSI,OE,5931.764,True
7/5/2024 10:00:00 AM,7/5/2024 6:00:00 AM,RFC,WEST,ATSI,OE,6052.429,True
7/5/2024 11:00:00 AM,7/5/2024 7:00:00 AM,RFC,WEST,ATSI,OE,6381.395,True
7/5/2024 12:00:00 PM,7/5/2024 8:00:00 AM,RFC,WEST,ATSI,OE,6923.420,True
7/5/2024 1:00:00 PM,7/5/2024 9:00:00 AM,RFC,WEST,ATSI,OE,7500.227,True
7/5/2024 2:00:00 PM,7/5/2024 10:00:00 AM,RFC,WEST,ATSI,OE,8029.575,True
7/5/2024 3:00:00 PM,7/5/2024 11:00:00 AM,RFC,WEST,ATSI,OE,8545.308,True
7/5/2024 4:00:00 PM,7/5/2024 12:00:00 PM,RFC,WEST,ATSI,OE,8946.396,True
7/5/2024 5:00:00 PM,7/5/2024 1:00:00 PM,RFC,WEST,ATSI,OE,9159.106,True
7/5/2024 6:00:00 PM,7/5/2024 2:00:00 PM,RFC,WEST,ATSI,OE,9182.989,True
7/5/2024 7:00:00 PM,7/5/2024 3:00:00 PM,RFC,WEST,ATSI,OE,8964.525,True
7/5/2024 8:00:00 PM,7/5/2024 4:00:00 PM,RFC,WEST,ATSI,OE,8893.533,True
7/5/2024 9:00:00 PM,7/5/2024 5:00:00 PM,RFC,WEST,ATSI,OE,8739.311,True
7/5/2024 10:00:00 PM,7/5/2024 6:00:00 PM,RFC,WEST,ATSI,OE,8542.463,True
7/5/2024 11:00:00 PM,7/5/2024 7:00:00 PM,RFC,WEST,ATSI,OE,8452.289,True
7/6/2024 12:00:00 AM,7/5/2024 8:00:00 PM,RFC,WEST,ATSI,OE,8160.304,True
7/6/2024 1:00:00 AM,7/5/2024 9:00:00 PM,RFC,WEST,ATSI,OE,7969.466,True
7/6/2024 2:00:00 AM,7/5/2024 10:00:00 PM,RFC,WEST,ATSI,OE,7642.675,True
7/6/2024 3:00:00 AM,7/5/2024 11:00:00 PM,RFC,WEST,ATSI,OE,7114.624,True
7/6/2024 4:00:00 AM,7/6/2024 12:00:00 AM,RFC,WEST,ATSI,OE,6704.146,True
7/6/2024 5:00:00 AM,7/6/2024 1:00:00 AM,RFC,WEST,ATSI,OE,6349.847,True
7/6/2024 6:00:00 AM,7/6/2024 2:00:00 AM,RFC,WEST,ATSI,OE,6072.277,True
7/6/2024 7:00:00 AM,7/6/2024 3:00:00 AM,RFC,WEST,ATSI,OE,5895.340,True
7/6/2024 8:00:00 AM,7/6/2024 4:00:00 AM,RFC,WEST,ATSI,OE,5833.002,True
7/6/2024 9:00:00 AM,7/6/2024 5:00:00 AM,RFC,WEST,ATSI,OE,5800.677,True
7/6/2024 10:00:00 AM,7/6/2024 6:00:00 AM,RFC,WEST,ATSI,OE,5818.651,True
7/6/2024 11:00:00 AM,7/6/2024 7:00:00 AM,RFC,WEST,ATSI,OE,6145.372,True
7/6/2024 12:00:00 PM,7/6/2024 8:00:00 AM,RFC,WEST,ATSI,OE,6645.311,True
7/6/2024 1:00:00 PM,7/6/2024 9:00:00 AM,RFC,WEST,ATSI,OE,7210.292,True
7/6/2024 2:00:00 PM,7/6/2024 10:00:00 AM,RFC,WEST,ATSI,OE,7656.611,True
7/6/2024 3:00:00 PM,7/6/2024 11:00:00 AM,RFC,WEST,ATSI,OE,7925.648,True
7/6/2024 4:00:00 PM,7/6/2024 12:00:00 PM,RFC,WEST,ATSI,OE,8181.892,True
7/6/2024 5:00:00 PM,7/6/2024 1:00:00 PM,RFC,WEST,ATSI,OE,8238.478,True
7/6/2024 6:00:00 PM,7/6/2024 2:00:00 PM,RFC,WEST,ATSI,OE,8486.190,True
7/6/2024 7:00:00 PM,7/6/2024 3:00:00 PM,RFC,WEST,ATSI,OE,8606.805,True
7/6/2024 8:00:00 PM,7/6/2024 4:00:00 PM,RFC,WEST,ATSI,OE,8801.612,True
7/6/2024 9:00:00 PM,7/6/2024 5:00:00 PM,RFC,WEST,ATSI,OE,8892.448,True
7/6/2024 10:00:00 PM,7/6/2024 6:00:00 PM,RFC,WEST,ATSI,OE,8802.881,True
7/6/2024 11:00:00 PM,7/6/2024 7:00:00 PM,RFC,WEST,ATSI,OE,8566.463,True
7/7/2024 12:00:00 AM,7/6/2024 8:00:00 PM,RFC,WEST,ATSI,OE,8156.370,True
7/7/2024 1:00:00 AM,7/6/2024 9:00:00 PM,RFC,WEST,ATSI,OE,7771.846,True
7/7/2024 2:00:00 AM,7/6/2024 10:00:00 PM,RFC,WEST,ATSI,OE,7364.322,True
7/7/2024 3:00:00 AM,7/6/2024 11:00:00 PM,RFC,WEST,ATSI,OE,6918.786,True
7/7/2024 4:00:00 AM,7/7/2024 12:00:00 AM,RFC,WEST,ATSI,OE,6423.084,True
7/7/2024 5:00:00 AM,7/7/2024 1:00:00 AM,RFC,WEST,ATSI,OE,5968.889,True
7/7/2024 6:00:00 AM,7/7/2024 2:00:00 AM,RFC,WEST,ATSI,OE,5798.453,True
7/7/2024 7:00:00 AM,7/7/2024 3:00:00 AM,RFC,WEST,ATSI,OE,5657.613,True
7/7/2024 8:00:00 AM,7/7/2024 4:00:00 AM,RFC,WEST,ATSI,OE,5487.692,True
7/7/2024 9:00:00 AM,7/7/2024 5:00:00 AM,RFC,WEST,ATSI,OE,5463.869,True
7/7/2024 10:00:00 AM,7/7/2024 6:00:00 AM,RFC,WEST,ATSI,OE,5448.674,True
7/7/2024 11:00:00 AM,7/7/2024 7:00:00 AM,RFC,WEST,ATSI,OE,5643.725,True
7/7/2024 12:00:00 PM,7/7/2024 8:00:00 AM,RFC,WEST,ATSI,OE,6153.834,True
7/7/2024 1:00:00 PM,7/7/2024 9:00:00 AM,RFC,WEST,ATSI,OE,6688.877,True
7/7/2024 2:00:00 PM,7/7/2024 10:00:00 AM,RFC,WEST,ATSI,OE,7237.582,True
7/7/2024 3:00:00 PM,7/7/2024 11:00:00 AM,RFC,WEST,ATSI,OE,7711.036,True
7/7/2024 4:00:00 PM,7/7/2024 12:00:00 PM,RFC,WEST,ATSI,OE,8082.647,True
7/7/2024 5:00:00 PM,7/7/2024 1:00:00 PM,RFC,WEST,ATSI,OE,8391.820,True
7/7/2024 6:00:00 PM,7/7/2024 2:00:00 PM,RFC,WEST,ATSI,OE,8726.695,True
7/7/2024 7:00:00 PM,7/7/2024 3:00:00 PM,RFC,WEST,ATSI,OE,9039.394,True
7/7/2024 8:00:00 PM,7/7/2024 4:00:00 PM,RFC,WEST,ATSI,OE,9300.503,True
7/7/2024 9:00:00 PM,7/7/2024 5:00:00 PM,RFC,WEST,ATSI,OE,9597.932,True
7/7/2024 10:00:00 PM,7/7/2024 6:00:00 PM,RFC,WEST,ATSI,OE,9508.101,True
7/7/2024 11:00:00 PM,7/7/2024 7:00:00 PM,RFC,WEST,ATSI,OE,9270.758,True
7/8/2024 12:00:00 AM,7/7/2024 8:00:00 PM,RFC,WEST,ATSI,OE,8838.791,True
7/8/2024 1:00:00 AM,7/7/2024 9:00:00 PM,RFC,WEST,ATSI,OE,8452.392,True
7/8/2024 2:00:00 AM,7/7/2024 10:00:00 PM,RFC,WEST,ATSI,OE,7889.578,True
7/8/2024 3:00:00 AM,7/7/2024 11:00:00 PM,RFC,WEST,ATSI,OE,7312.363,True
7/8/2024 4:00:00 AM,7/8/2024 12:00:00 AM,RFC,WEST,ATSI,OE,6857.482,True
7/8/2024 5:00:00 AM,7/8/2024 1:00:00 AM,RFC,WEST,ATSI,OE,6473.150,True
7/8/2024 6:00:00 AM,7/8/2024 2:00:00 AM,RFC,WEST,ATSI,OE,6198.323,True
7/8/2024 7:00:00 AM,7/8/2024 3:00:00 AM,RFC,WEST,ATSI,OE,6007.080,True
7/8/2024 8:00:00 AM,7/8/2024 4:00:00 AM,RFC,WEST,ATSI,OE,6089.683,True
7/8/2024 9:00:00 AM,7/8/2024 5:00:00 AM,RFC,WEST,ATSI,OE,6238.074,True
7/8/2024 10:00:00 AM,7/8/2024 6:00:00 AM,RFC,WEST,ATSI,OE,6536.926,True
7/8/2024 11:00:00 AM,7/8/2024 7:00:00 AM,RFC,WEST,ATSI,OE,7165.898,True
7/8/2024 12:00:00 PM,7/8/2024 8:00:00 AM,RFC,WEST,ATSI,OE,7743.476,True
7/8/2024 1:00:00 PM,7/8/2024 9:00:00 AM,RFC,WEST,ATSI,OE,8415.209,True
7/8/2024 2:00:00 PM,7/8/2024 10:00:00 AM,RFC,WEST,ATSI,OE,9116.921,True
7/8/2024 3:00:00 PM,7/8/2024 11:00:00 AM,RFC,WEST,ATSI,OE,9699.390,True
7/8/2024 4:00:00 PM,7/8/2024 12:00:00 PM,RFC,WEST,ATSI,OE,10163.002,True
7/8/2024 5:00:00 PM,7/8/2024 1:00:00 PM,RFC,WEST,ATSI,OE,10637.583,True
7/8/2024 6:00:00 PM,7/8/2024 2:00:00 PM,RFC,WEST,ATSI,OE,10841.093,True
7/8/2024 7:00:00 PM,7/8/2024 3:00:00 PM,RFC,WEST,ATSI,OE,10811.223,True
7/8/2024 8:00:00 PM,7/8/2024 4:00:00 PM,RFC,WEST,ATSI,OE,10809.890,True
7/8/2024 9:00:00 PM,7/8/2024 5:00:00 PM,RFC,WEST,ATSI,OE,10698.376,True
7/8/2024 10:00:00 PM,7/8/2024 6:00:00 PM,RFC,WEST,ATSI,OE,10859.552,True
7/8/2024 11:00:00 PM,7/8/2024 7:00:00 PM,RFC,WEST,ATSI,OE,10828.538,True
7/9/2024 12:00:00 AM,7/8/2024 8:00:00 PM,RFC,WEST,ATSI,OE,10357.550,True
7/9/2024 1:00:00 AM,7/8/2024 9:00:00 PM,RFC,WEST,ATSI,OE,9824.199,True
7/9/2024 2:00:00 AM,7/8/2024 10:00:00 PM,RFC,WEST,ATSI,OE,9076.378,True
7/9/2024 3:00:00 AM,7/8/2024 11:00:00 PM,RFC,WEST,ATSI,OE,8469.168,True
7/9/2024 4:00:00 AM,7/9/2024 12:00:00 AM,RFC,WEST,ATSI,OE,7900.954,True
7/9/2024 5:00:00 AM,7/9/2024 1:00:00 AM,RFC,WEST,ATSI,OE,7556.470,True
7/9/2024 6:00:00 AM,7/9/2024 2:00:00 AM,RFC,WEST,ATSI,OE,7178.620,True
7/9/2024 7:00:00 AM,7/9/2024 3:00:00 AM,RFC,WEST,ATSI,OE,7025.200,True
7/9/2024 8:00:00 AM,7/9/2024 4:00:00 AM,RFC,WEST,ATSI,OE,7056.008,True
7/9/2024 9:00:00 AM,7/9/2024 5:00:00 AM,RFC,WEST,ATSI,OE,7172.845,True
7/9/2024 10:00:00 AM,7/9/2024 6:00:00 AM,RFC,WEST,ATSI,OE,7469.394,True
7/9/2024 11:00:00 AM,7/9/2024 7:00:00 AM,RFC,WEST,ATSI,OE,7842.168,True
7/9/2024 12:00:00 PM,7/9/2024 8:00:00 AM,RFC,WEST,ATSI,OE,8286.399,True
7/9/2024 1:00:00 PM,7/9/2024 9:00:00 AM,RFC,WEST,ATSI,OE,8664.895,True
7/9/2024 2:00:00 PM,7/9/2024 10:00:00 AM,RFC,WEST,ATSI,OE,9199.617,True
7/9/2024 3:00:00 PM,7/9/2024 11:00:00 AM,RFC,WEST,ATSI,OE,9660.353,True
7/9/2024 4:00:00 PM,7/9/2024 12:00:00 PM,RFC,WEST,ATSI,OE,10075.176,True
7/9/2024 5:00:00 PM,7/9/2024 1:00:00 PM,RFC,WEST,ATSI,OE,10398.808,True
7/9/2024 6:00:00 PM,7/9/2024 2:00:00 PM,RFC,WEST,ATSI,OE,10448.597,True
7/9/2024 7:00:00 PM,7/9/2024 3:00:00 PM,RFC,WEST,ATSI,OE,10198.148,True
7/9/2024 8:00:00 PM,7/9/2024 4:00:00 PM,RFC,WEST,ATSI,OE,9990.208,True
7/9/2024 9:00:00 PM,7/9/2024 5:00:00 PM,RFC,WEST,ATSI,OE,9861.288,True
7/9/2024 10:00:00 PM,7/9/2024 6:00:00 PM,RFC,WEST,ATSI,OE,10103.983,True
7/9/2024 11:00:00 PM,7/9/2024 7:00:00 PM,RFC,WEST,ATSI,OE,10010.847,True
7/10/2024 12:00:00 AM,7/9/2024 8:00:00 PM,RFC,WEST,ATSI,OE,9736.885,True
7/10/2024 1:00:00 AM,7/9/2024 9:00:00 PM,RFC,WEST,ATSI,OE,9452.862,True
7/10/2024 2:00:00 AM,7/9/2024 10:00:00 PM,RFC,WEST,ATSI,OE,8851.448,True
7/10/2024 3:00:00 AM,7/9/2024 11:00:00 PM,RFC,WEST,ATSI,OE,8265.045,True
7/10/2024 4:00:00 AM,7/10/2024 12:00:00 AM,RFC,WEST,ATSI,OE,7819.191,True
7/10/2024 5:00:00 AM,7/10/2024 1:00:00 AM,RFC,WEST,ATSI,OE,7675.850,True
7/10/2024 6:00:00 AM,7/10/2024 2:00:00 AM,RFC,WEST,ATSI,OE,7334.498,True
7/10/2024 7:00:00 AM,7/10/2024 3:00:00 AM,RFC,WEST,ATSI,OE,7051.253,True
7/10/2024 8:00:00 AM,7/10/2024 4:00:00 AM,RFC,WEST,ATSI,OE,6995.334,True
7/10/2024 9:00:00 AM,7/10/2024 5:00:00 AM,RFC,WEST,ATSI,OE,7226.419,True
7/10/2024 10:00:00 AM,7/10/2024 6:00:00 AM,RFC,WEST,ATSI,OE,7570.199,True
7/10/2024 11:00:00 AM,7/10/2024 7:00:00 AM,RFC,WEST,ATSI,OE,8083.452,True
7/10/2024 12:00:00 PM,7/10/2024 8:00:00 AM,RFC,WEST,ATSI,OE,8528.191,True
7/10/2024 1:00:00 PM,7/10/2024 9:00:00 AM,RFC,WEST,ATSI,OE,8887.243,True
7/10/2024 2:00:00 PM,7/10/2024 10:00:00 AM,RFC,WEST,ATSI,OE,9146.701,True
7/10/2024 3:00:00 PM,7/10/2024 11:00:00 AM,RFC,WEST,ATSI,OE,9303.013,True
7/10/2024 4:00:00 PM,7/10/2024 12:00:00 PM,RFC,WEST,ATSI,OE,9401.183,True
7/10/2024 5:00:00 PM,7/10/2024 1:00:00 PM,RFC,WEST,ATSI,OE,9383.951,True
7/10/2024 6:00:00 PM,7/10/2024 2:00:00 PM,RFC,WEST,ATSI,OE,9244.038,True
7/10/2024 7:00:00 PM,7/10/2024 3:00:00 PM,RFC,WEST,ATSI,OE,8998.415,True
7/10/2024 8:00:00 PM,7/10/2024 4:00:00 PM,RFC,WEST,ATSI,OE,8784.127,True
7/10/2024 9:00:00 PM,7/10/2024 5:00:00 PM,RFC,WEST,ATSI,OE,8492.708,True
7/10/2024 10:00:00 PM,7/10/2024 6:00:00 PM,RFC,WEST,ATSI,OE,8403.101,True
7/10/2024 11:00:00 PM,7/10/2024 7:00:00 PM,RFC,WEST,ATSI,OE,8157.341,True
7/11/2024 12:00:00 AM,7/10/2024 8:00:00 PM,RFC,WEST,ATSI,OE,7948.651,True
7/11/2024 1:00:00 AM,7/10/2024 9:00:00 PM,RFC,WEST,ATSI,OE,7866.823,True
7/11/2024 2:00:00 AM,7/10/2024 10:00:00 PM,RFC,WEST,ATSI,OE,7508.137,True
7/11/2024 3:00:00 AM,7/10/2024 11:00:00 PM,RFC,WEST,ATSI,OE,6976.809,True
7/11/2024 4:00:00 AM,7/11/2024 12:00:00 AM,RFC,WEST,ATSI,OE,6641.245,True
7/11/2024 5:00:00 AM,7/11/2024 1:00:00 AM,RFC,WEST,ATSI,OE,6453.925,True
7/11/2024 6:00:00 AM,7/11/2024 2:00:00 AM,RFC,WEST,ATSI,OE,6324.647,True
7/11/2024 7:00:00 AM,7/11/2024 3:00:00 AM,RFC,WEST,ATSI,OE,6227.955,True
7/11/2024 8:00:00 AM,7/11/2024 4:00:00 AM,RFC,WEST,ATSI,OE,6252.492,True
7/11/2024 9:00:00 AM,7/11/2024 5:00:00 AM,RFC,WEST,ATSI,OE,6379.585,True
7/11/2024 10:00:00 AM,7/11/2024 6:00:00 AM,RFC,WEST,ATSI,OE,6556.851,True
7/11/2024 11:00:00 AM,7/11/2024 7:00:00 AM,RFC,WEST,ATSI,OE,6980.680,True
7/11/2024 12:00:00 PM,7/11/2024 8:00:00 AM,RFC,WEST,ATSI,OE,7409.217,True
7/11/2024 1:00:00 PM,7/11/2024 9:00:00 AM,RFC,WEST,ATSI,OE,7733.643,True
7/11/2024 2:00:00 PM,7/11/2024 10:00:00 AM,RFC,WEST,ATSI,OE,8096.972,True
7/11/2024 3:00:00 PM,7/11/2024 11:00:00 AM,RFC,WEST,ATSI,OE,8395.113,True
7/11/2024 4:00:00 PM,7/11/2024 12:00:00 PM,RFC,WEST,ATSI,OE,8799.285,True
7/11/2024 5:00:00 PM,7/11/2024 1:00:00 PM,RFC,WEST,ATSI,OE,9064.902,True
7/11/2024 6:00:00 PM,7/11/2024 2:00:00 PM,RFC,WEST,ATSI,OE,9208.090,True
7/11/2024 7:00:00 PM,7/11/2024 3:00:00 PM,RFC,WEST,ATSI,OE,9414.293,True
7/11/2024 8:00:00 PM,7/11/2024 4:00:00 PM,RFC,WEST,ATSI,OE,9631.653,True
7/11/2024 9:00:00 PM,7/11/2024 5:00:00 PM,RFC,WEST,ATSI,OE,9775.795,True
7/11/2024 10:00:00 PM,7/11/2024 6:00:00 PM,RFC,WEST,ATSI,OE,9704.887,True
7/11/2024 11:00:00 PM,7/11/2024 7:00:00 PM,RFC,WEST,ATSI,OE,9518.261,True
7/12/2024 12:00:00 AM,7/11/2024 8:00:00 PM,RFC,WEST,ATSI,OE,9093.554,True
7/12/2024 1:00:00 AM,7/11/2024 9:00:00 PM,RFC,WEST,ATSI,OE,8716.583,True
7/12/2024 2:00:00 AM,7/11/2024 10:00:00 PM,RFC,WEST,ATSI,OE,8185.030,True
7/12/2024 3:00:00 AM,7/11/2024 11:00:00 PM,RFC,WEST,ATSI,OE,7535.196,True
7/12/2024 4:00:00 AM,7/12/2024 12:00:00 AM,RFC,WEST,ATSI,OE,7017.826,True
7/12/2024 5:00:00 AM,7/12/2024 1:00:00 AM,RFC,WEST,ATSI,OE,6642.023,True
7/12/2024 6:00:00 AM,7/12/2024 2:00:00 AM,RFC,WEST,ATSI,OE,6402.807,True
7/12/2024 7:00:00 AM,7/12/2024 3:00:00 AM,RFC,WEST,ATSI,OE,6242.930,True
7/12/2024 8:00:00 AM,7/12/2024 4:00:00 AM,RFC,WEST,ATSI,OE,6096.792,True
7/12/2024 9:00:00 AM,7/12/2024 5:00:00 AM,RFC,WEST,ATSI,OE,6257.204,True
7/12/2024 10:00:00 AM,7/12/2024 6:00:00 AM,RFC,WEST,ATSI,OE,6645.518,True
7/12/2024 11:00:00 AM,7/12/2024 7:00:00 AM,RFC,WEST,ATSI,OE,7117.791,True
7/12/2024 12:00:00 PM,7/12/2024 8:00:00 AM,RFC,WEST,ATSI,OE,7577.942,True
7/12/2024 1:00:00 PM,7/12/2024 9:00:00 AM,RFC,WEST,ATSI,OE,8026.307,True
7/12/2024 2:00:00 PM,7/12/2024 10:00:00 AM,RFC,WEST,ATSI,OE,8509.835,True
7/12/2024 3:00:00 PM,7/12/2024 11:00:00 AM,RFC,WEST,ATSI,OE,9112.440,True
7/12/2024 4:00:00 PM,7/12/2024 12:00:00 PM,RFC,WEST,ATSI,OE,9487.717,True
7/12/2024 5:00:00 PM,7/12/2024 1:00:00 PM,RFC,WEST,ATSI,OE,9912.008,True
7/12/2024 6:00:00 PM,7/12/2024 2:00:00 PM,RFC,WEST,ATSI,OE,10174.253,True
7/12/2024 7:00:00 PM,7/12/2024 3:00:00 PM,RFC,WEST,ATSI,OE,10319.251,True
7/12/2024 8:00:00 PM,7/12/2024 4:00:00 PM,RFC,WEST,ATSI,OE,10378.681,True
7/12/2024 9:00:00 PM,7/12/2024 5:00:00 PM,RFC,WEST,ATSI,OE,10479.859,True
7/12/2024 10:00:00 PM,7/12/2024 6:00:00 PM,RFC,WEST,ATSI,OE,10322.506,True
7/12/2024 11:00:00 PM,7/12/2024 7:00:00 PM,RFC,WEST,ATSI,OE,10039.905,True
7/13/2024 12:00:00 AM,7/12/2024 8:00:00 PM,RFC,WEST,ATSI,OE,9526.425,True
7/13/2024 1:00:00 AM,7/12/2024 9:00:00 PM,RFC,WEST,ATSI,OE,9116.729,True
7/13/2024 2:00:00 AM,7/12/2024 10:00:00 PM,RFC,WEST,ATSI,OE,8417.441,True
7/13/2024 3:00:00 AM,7/12/2024 11:00:00 PM,RFC,WEST,ATSI,OE,7937.693,True
7/13/2024 4:00:00 AM,7/13/2024 12:00:00 AM,RFC,WEST,ATSI,OE,7403.690,True
7/13/2024 5:00:00 AM,7/13/2024 1:00:00 AM,RFC,WEST,ATSI,OE,6957.850,True
7/13/2024 6:00:00 AM,7/13/2024 2:00:00 AM,RFC,WEST,ATSI,OE,6641.709,True
7/13/2024 7:00:00 AM,7/13/2024 3:00:00 AM,RFC,WEST,ATSI,OE,6424.342,True
7/13/2024 8:00:00 AM,7/13/2024 4:00:00 AM,RFC,WEST,ATSI,OE,6254.470,True
7/13/2024 9:00:00 AM,7/13/2024 5:00:00 AM,RFC,WEST,ATSI,OE,6219.155,True
7/13/2024 10:00:00 AM,7/13/2024 6:00:00 AM,RFC,WEST,ATSI,OE,6247.795,True
7/13/2024 11:00:00 AM,7/13/2024 7:00:00 AM,RFC,WEST,ATSI,OE,6538.545,True
7/13/2024 12:00:00 PM,7/13/2024 8:00:00 AM,RFC,WEST,ATSI,OE,7118.298,True
7/13/2024 1:00:00 PM,7/13/2024 9:00:00 AM,RFC,WEST,ATSI,OE,7826.503,True
7/13/2024 2:00:00 PM,7/13/2024 10:00:00 AM,RFC,WEST,ATSI,OE,8550.645,True
7/13/2024 3:00:00 PM,7/13/2024 11:00:00 AM,RFC,WEST,ATSI,OE,9142.920,True
7/13/2024 4:00:00 PM,7/13/2024 12:00:00 PM,RFC,WEST,ATSI,OE,9613.249,True
7/13/2024 5:00:00 PM,7/13/2024 1:00:00 PM,RFC,WEST,ATSI,OE,9885.951,True
7/13/2024 6:00:00 PM,7/13/2024 2:00:00 PM,RFC,WEST,ATSI,OE,10094.888,True
7/13/2024 7:00:00 PM,7/13/2024 3:00:00 PM,RFC,WEST,ATSI,OE,10267.610,True
7/13/2024 8:00:00 PM,7/13/2024 4:00:00 PM,RFC,WEST,ATSI,OE,10417.788,True
7/13/2024 9:00:00 PM,7/13/2024 5:00:00 PM,RFC,WEST,ATSI,OE,10358.007,True
7/13/2024 10:00:00 PM,7/13/2024 6:00:00 PM,RFC,WEST,ATSI,OE,10178.940,True
7/13/2024 11:00:00 PM,7/13/2024 7:00:00 PM,RFC,WEST,ATSI,OE,9953.995,True
7/14/2024 12:00:00 AM,7/13/2024 8:00:00 PM,RFC,WEST,ATSI,OE,9461.178,True
7/14/2024 1:00:00 AM,7/13/2024 9:00:00 PM,RFC,WEST,ATSI,OE,9035.419,True
7/14/2024 2:00:00 AM,7/13/2024 10:00:00 PM,RFC,WEST,ATSI,OE,8440.667,True
7/14/2024 3:00:00 AM,7/13/2024 11:00:00 PM,RFC,WEST,ATSI,OE,7887.618,True
7/14/2024 4:00:00 AM,7/14/2024 12:00:00 AM,RFC,WEST,ATSI,OE,7238.623,True
7/14/2024 5:00:00 AM,7/14/2024 1:00:00 AM,RFC,WEST,ATSI,OE,6825.691,True
7/14/2024 6:00:00 AM,7/14/2024 2:00:00 AM,RFC,WEST,ATSI,OE,6480.835,True
7/14/2024 7:00:00 AM,7/14/2024 3:00:00 AM,RFC,WEST,ATSI,OE,6298.472,True
7/14/2024 8:00:00 AM,7/14/2024 4:00:00 AM,RFC,WEST,ATSI,OE,6225.179,True
7/14/2024 9:00:00 AM,7/14/2024 5:00:00 AM,RFC,WEST,ATSI,OE,6168.824,True
7/14/2024 10:00:00 AM,7/14/2024 6:00:00 AM,RFC,WEST,ATSI,OE,6053.586,True
7/14/2024 11:00:00 AM,7/14/2024 7:00:00 AM,RFC,WEST,ATSI,OE,6410.493,True
7/14/2024 12:00:00 PM,7/14/2024 8:00:00 AM,RFC,WEST,ATSI,OE,7008.476,True
7/14/2024 1:00:00 PM,7/14/2024 9:00:00 AM,RFC,WEST,ATSI,OE,7625.723,True
7/14/2024 2:00:00 PM,7/14/2024 10:00:00 AM,RFC,WEST,ATSI,OE,8333.029,True
7/14/2024 3:00:00 PM,7/14/2024 11:00:00 AM,RFC,WEST,ATSI,OE,8867.266,True
7/14/2024 4:00:00 PM,7/14/2024 12:00:00 PM,RFC,WEST,ATSI,OE,9080.905,True
7/14/2024 5:00:00 PM,7/14/2024 1:00:00 PM,RFC,WEST,ATSI,OE,9516.560,True
7/14/2024 6:00:00 PM,7/14/2024 2:00:00 PM,RFC,WEST,ATSI,OE,9671.864,True
7/14/2024 7:00:00 PM,7/14/2024 3:00:00 PM,RFC,WEST,ATSI,OE,9682.262,True
7/14/2024 8:00:00 PM,7/14/2024 4:00:00 PM,RFC,WEST,ATSI,OE,9719.860,True
7/14/2024 9:00:00 PM,7/14/2024 5:00:00 PM,RFC,WEST,ATSI,OE,9814.060,True
7/14/2024 10:00:00 PM,7/14/2024 6:00:00 PM,RFC,WEST,ATSI,OE,9537.096,True
7/14/2024 11:00:00 PM,7/14/2024 7:00:00 PM,RFC,WEST,ATSI,OE,9115.472,True
7/15/2024 12:00:00 AM,7/14/2024 8:00:00 PM,RFC,WEST,ATSI,OE,8774.624,True
7/15/2024 1:00:00 AM,7/14/2024 9:00:00 PM,RFC,WEST,ATSI,OE,8590.029,True
7/15/2024 2:00:00 AM,7/14/2024 10:00:00 PM,RFC,WEST,ATSI,OE,8128.389,True
7/15/2024 3:00:00 AM,7/14/2024 11:00:00 PM,RFC,WEST,ATSI,OE,7467.914,True
7/15/2024 4:00:00 AM,7/15/2024 12:00:00 AM,RFC,WEST,ATSI,OE,7121.133,True
7/15/2024 5:00:00 AM,7/15/2024 1:00:00 AM,RFC,WEST,ATSI,OE,6817.253,True
7/15/2024 6:00:00 AM,7/15/2024 2:00:00 AM,RFC,WEST,ATSI,OE,6610.593,True
7/15/2024 7:00:00 AM,7/15/2024 3:00:00 AM,RFC,WEST,ATSI,OE,6526.498,True
7/15/2024 8:00:00 AM,7/15/2024 4:00:00 AM,RFC,WEST,ATSI,OE,6529.906,True
7/15/2024 9:00:00 AM,7/15/2024 5:00:00 AM,RFC,WEST,ATSI,OE,6844.950,True
7/15/2024 10:00:00 AM,7/15/2024 6:00:00 AM,RFC,WEST,ATSI,OE,7291.137,True
7/15/2024 11:00:00 AM,7/15/2024 7:00:00 AM,RFC,WEST,ATSI,OE,7757.101,True
7/15/2024 12:00:00 PM,7/15/2024 8:00:00 AM,RFC,WEST,ATSI,OE,8289.751,True
7/15/2024 1:00:00 PM,7/15/2024 9:00:00 AM,RFC,WEST,ATSI,OE,8736.872,True
7/15/2024 2:00:00 PM,7/15/2024 10:00:00 AM,RFC,WEST,ATSI,OE,9175.884,True
7/15/2024 3:00:00 PM,7/15/2024 11:00:00 AM,RFC,WEST,ATSI,OE,9623.456,True
7/15/2024 4:00:00 PM,7/15/2024 12:00:00 PM,RFC,WEST,ATSI,OE,10077.765,True
7/15/2024 5:00:00 PM,7/15/2024 1:00:00 PM,RFC,WEST,ATSI,OE,10234.533,True
7/15/2024 6:00:00 PM,7/15/2024 2:00:00 PM,RFC,WEST,ATSI,OE,10371.095,True
7/15/2024 7:00:00 PM,7/15/2024 3:00:00 PM,RFC,WEST,ATSI,OE,10637.117,True
7/15/2024 8:00:00 PM,7/15/2024 4:00:00 PM,RFC,WEST,ATSI,OE,10628.175,True
7/15/2024 9:00:00 PM,7/15/2024 5:00:00 PM,RFC,WEST,ATSI,OE,10687.211,True
7/15/2024 10:00:00 PM,7/15/2024 6:00:00 PM,RFC,WEST,ATSI,OE,10890.696,True
7/15/2024 11:00:00 PM,7/15/2024 7:00:00 PM,RFC,WEST,ATSI,OE,10917.616,True
7/16/2024 12:00:00 AM,7/15/2024 8:00:00 PM,RFC,WEST,ATSI,OE,10530.087,True
7/16/2024 1:00:00 AM,7/15/2024 9:00:00 PM,RFC,WEST,ATSI,OE,10122.136,True
7/16/2024 2:00:00 AM,7/15/2024 10:00:00 PM,RFC,WEST,ATSI,OE,9394.215,True
7/16/2024 3:00:00 AM,7/15/2024 11:00:00 PM,RFC,WEST,ATSI,OE,8766.433,True
7/16/2024 4:00:00 AM,7/16/2024 12:00:00 AM,RFC,WEST,ATSI,OE,8278.173,True
7/16/2024 5:00:00 AM,7/16/2024 1:00:00 AM,RFC,WEST,ATSI,OE,7852.086,True
7/16/2024 6:00:00 AM,7/16/2024 2:00:00 AM,RFC,WEST,ATSI,OE,7495.682,True
7/16/2024 7:00:00 AM,7/16/2024 3:00:00 AM,RFC,WEST,ATSI,OE,7418.810,True
7/16/2024 8:00:00 AM,7/16/2024 4:00:00 AM,RFC,WEST,ATSI,OE,7431.408,True
7/16/2024 9:00:00 AM,7/16/2024 5:00:00 AM,RFC,WEST,ATSI,OE,7612.262,True
7/16/2024 10:00:00 AM,7/16/2024 6:00:00 AM,RFC,WEST,ATSI,OE,7855.576,True
7/16/2024 11:00:00 AM,7/16/2024 7:00:00 AM,RFC,WEST,ATSI,OE,8346.052,True
7/16/2024 12:00:00 PM,7/16/2024 8:00:00 AM,RFC,WEST,ATSI,OE,8815.457,True
7/16/2024 1:00:00 PM,7/16/2024 9:00:00 AM,RFC,WEST,ATSI,OE,9070.288,True
7/16/2024 2:00:00 PM,7/16/2024 10:00:00 AM,RFC,WEST,ATSI,OE,9470.807,True
7/16/2024 3:00:00 PM,7/16/2024 11:00:00 AM,RFC,WEST,ATSI,OE,9850.703,True
7/16/2024 4:00:00 PM,7/16/2024 12:00:00 PM,RFC,WEST,ATSI,OE,10184.304,True
7/16/2024 5:00:00 PM,7/16/2024 1:00:00 PM,RFC,WEST,ATSI,OE,10529.806,True
7/16/2024 6:00:00 PM,7/16/2024 2:00:00 PM,RFC,WEST,ATSI,OE,10695.148,True
7/16/2024 7:00:00 PM,7/16/2024 3:00:00 PM,RFC,WEST,ATSI,OE,10747.670,True
7/16/2024 8:00:00 PM,7/16/2024 4:00:00 PM,RFC,WEST,ATSI,OE,10931.137,True
7/16/2024 9:00:00 PM,7/16/2024 5:00:00 PM,RFC,WEST,ATSI,OE,11002.518,True
7/16/2024 10:00:00 PM,7/16/2024 6:00:00 PM,RFC,WEST,ATSI,OE,11133.634,True
7/16/2024 11:00:00 PM,7/16/2024 7:00:00 PM,RFC,WEST,ATSI,OE,10935.389,True
7/17/2024 12:00:00 AM,7/16/2024 8:00:00 PM,RFC,WEST,ATSI,OE,10423.817,True
7/17/2024 1:00:00 AM,7/16/2024 9:00:00 PM,RFC,WEST,ATSI,OE,10061.664,True
7/17/2024 2:00:00 AM,7/16/2024 10:00:00 PM,RFC,WEST,ATSI,OE,9330.906,True
7/17/2024 3:00:00 AM,7/16/2024 11:00:00 PM,RFC,WEST,ATSI,OE,8671.169,True
7/17/2024 4:00:00 AM,7/17/2024 12:00:00 AM,RFC,WEST,ATSI,OE,8273.061,True
7/17/2024 5:00:00 AM,7/17/2024 1:00:00 AM,RFC,WEST,ATSI,OE,7821.319,True
7/17/2024 6:00:00 AM,7/17/2024 2:00:00 AM,RFC,WEST,ATSI,OE,7534.427,True
7/17/2024 7:00:00 AM,7/17/2024 3:00:00 AM,RFC,WEST,ATSI,OE,7363.076,True
7/17/2024 8:00:00 AM,7/17/2024 4:00:00 AM,RFC,WEST,ATSI,OE,7367.299,True
7/17/2024 9:00:00 AM,7/17/2024 5:00:00 AM,RFC,WEST,ATSI,OE,7512.890,True
7/17/2024 10:00:00 AM,7/17/2024 6:00:00 AM,RFC,WEST,ATSI,OE,7859.037,True
7/17/2024 11:00:00 AM,7/17/2024 7:00:00 AM,RFC,WEST,ATSI,OE,8150.332,True
7/17/2024 12:00:00 PM,7/17/2024 8:00:00 AM,RFC,WEST,ATSI,OE,8416.420,True
7/17/2024 1:00:00 PM,7/17/2024 9:00:00 AM,RFC,WEST,ATSI,OE,8741.321,True
7/17/2024 2:00:00 PM,7/17/2024 10:00:00 AM,RFC,WEST,ATSI,OE,9024.703,True
7/17/2024 3:00:00 PM,7/17/2024 11:00:00 AM,RFC,WEST,ATSI,OE,9247.221,True
7/17/2024 4:00:00 PM,7/17/2024 12:00:00 PM,RFC,WEST,ATSI,OE,9668.036,True
7/17/2024 5:00:00 PM,7/17/2024 1:00:00 PM,RFC,WEST,ATSI,OE,10007.326,True
7/17/2024 6:00:00 PM,7/17/2024 2:00:00 PM,RFC,WEST,ATSI,OE,10072.327,True
7/17/2024 7:00:00 PM,7/17/2024 3:00:00 PM,RFC,WEST,ATSI,OE,10095.111,True
7/17/2024 8:00:00 PM,7/17/2024 4:00:00 PM,RFC,WEST,ATSI,OE,10220.033,True
7/17/2024 9:00:00 PM,7/17/2024 5:00:00 PM,RFC,WEST,ATSI,OE,10400.726,True
7/17/2024 10:00:00 PM,7/17/2024 6:00:00 PM,RFC,WEST,ATSI,OE,10236.227,True
7/17/2024 11:00:00 PM,7/17/2024 7:00:00 PM,RFC,WEST,ATSI,OE,9750.802,True
7/18/2024 12:00:00 AM,7/17/2024 8:00:00 PM,RFC,WEST,ATSI,OE,9105.102,True
7/18/2024 1:00:00 AM,7/17/2024 9:00:00 PM,RFC,WEST,ATSI,OE,8688.548,True
7/18/2024 2:00:00 AM,7/17/2024 10:00:00 PM,RFC,WEST,ATSI,OE,8119.410,True
7/18/2024 3:00:00 AM,7/17/2024 11:00:00 PM,RFC,WEST,ATSI,OE,7542.218,True
7/18/2024 4:00:00 AM,7/18/2024 12:00:00 AM,RFC,WEST,ATSI,OE,7041.090,True
7/18/2024 5:00:00 AM,7/18/2024 1:00:00 AM,RFC,WEST,ATSI,OE,6706.772,True
7/18/2024 6:00:00 AM,7/18/2024 2:00:00 AM,RFC,WEST,ATSI,OE,6408.047,True
7/18/2024 7:00:00 AM,7/18/2024 3:00:00 AM,RFC,WEST,ATSI,OE,6243.236,True
7/18/2024 8:00:00 AM,7/18/2024 4:00:00 AM,RFC,WEST,ATSI,OE,6196.355,True
7/18/2024 9:00:00 AM,7/18/2024 5:00:00 AM,RFC,WEST,ATSI,OE,6395.254,True
7/18/2024 10:00:00 AM,7/18/2024 6:00:00 AM,RFC,WEST,ATSI,OE,6646.687,True
7/18/2024 11:00:00 AM,7/18/2024 7:00:00 AM,RFC,WEST,ATSI,OE,7084.788,True
7/18/2024 12:00:00 PM,7/18/2024 8:00:00 AM,RFC,WEST,ATSI,OE,7432.258,True
7/18/2024 1:00:00 PM,7/18/2024 9:00:00 AM,RFC,WEST,ATSI,OE,7666.129,True
7/18/2024 2:00:00 PM,7/18/2024 10:00:00 AM,RFC,WEST,ATSI,OE,7853.663,True
7/18/2024 3:00:00 PM,7/18/2024 11:00:00 AM,RFC,WEST,ATSI,OE,8160.898,True
7/18/2024 4:00:00 PM,7/18/2024 12:00:00 PM,RFC,WEST,ATSI,OE,8398.555,True
7/18/2024 5:00:00 PM,7/18/2024 1:00:00 PM,RFC,WEST,ATSI,OE,8662.806,True
7/18/2024 6:00:00 PM,7/18/2024 2:00:00 PM,RFC,WEST,ATSI,OE,8785.142,True
7/18/2024 7:00:00 PM,7/18/2024 3:00:00 PM,RFC,WEST,ATSI,OE,8958.746,True
7/18/2024 8:00:00 PM,7/18/2024 4:00:00 PM,RFC,WEST,ATSI,OE,8946.982,True
7/18/2024 9:00:00 PM,7/18/2024 5:00:00 PM,RFC,WEST,ATSI,OE,8890.314,True
7/18/2024 10:00:00 PM,7/18/2024 6:00:00 PM,RFC,WEST,ATSI,OE,8687.300,True
7/18/2024 11:00:00 PM,7/18/2024 7:00:00 PM,RFC,WEST,ATSI,OE,8430.566,True
7/19/2024 12:00:00 AM,7/18/2024 8:00:00 PM,RFC,WEST,ATSI,OE,8024.640,True
7/19/2024 1:00:00 AM,7/18/2024 9:00:00 PM,RFC,WEST,ATSI,OE,7787.593,True
7/19/2024 2:00:00 AM,7/18/2024 10:00:00 PM,RFC,WEST,ATSI,OE,7250.218,True
7/19/2024 3:00:00 AM,7/18/2024 11:00:00 PM,RFC,WEST,ATSI,OE,6731.303,True
7/19/2024 4:00:00 AM,7/19/2024 12:00:00 AM,RFC,WEST,ATSI,OE,6367.727,True
7/19/2024 5:00:00 AM,7/19/2024 1:00:00 AM,RFC,WEST,ATSI,OE,6083.121,True
7/19/2024 6:00:00 AM,7/19/2024 2:00:00 AM,RFC,WEST,ATSI,OE,5892.901,True
7/19/2024 7:00:00 AM,7/19/2024 3:00:00 AM,RFC,WEST,ATSI,OE,5745.600,True
7/19/2024 8:00:00 AM,7/19/2024 4:00:00 AM,RFC,WEST,ATSI,OE,5743.080,True
7/19/2024 9:00:00 AM,7/19/2024 5:00:00 AM,RFC,WEST,ATSI,OE,5848.797,True
7/19/2024 10:00:00 AM,7/19/2024 6:00:00 AM,RFC,WEST,ATSI,OE,6070.614,True
7/19/2024 11:00:00 AM,7/19/2024 7:00:00 AM,RFC,WEST,ATSI,OE,6394.387,True
7/19/2024 12:00:00 PM,7/19/2024 8:00:00 AM,RFC,WEST,ATSI,OE,6770.783,True
7/19/2024 1:00:00 PM,7/19/2024 9:00:00 AM,RFC,WEST,ATSI,OE,7165.611,True
7/19/2024 2:00:00 PM,7/19/2024 10:00:00 AM,RFC,WEST,ATSI,OE,7445.841,True
7/19/2024 3:00:00 PM,7/19/2024 11:00:00 AM,RFC,WEST,ATSI,OE,7718.058,True
7/19/2024 4:00:00 PM,7/19/2024 12:00:00 PM,RFC,WEST,ATSI,OE,7931.257,True
7/19/2024 5:00:00 PM,7/19/2024 1:00:00 PM,RFC,WEST,ATSI,OE,8213.410,True
7/19/2024 6:00:00 PM,7/19/2024 2:00:00 PM,RFC,WEST,ATSI,OE,8279.292,True
7/19/2024 7:00:00 PM,7/19/2024 3:00:00 PM,RFC,WEST,ATSI,OE,8474.121,True
7/19/2024 8:00:00 PM,7/19/2024 4:00:00 PM,RFC,WEST,ATSI,OE,8799.154,True
7/19/2024 9:00:00 PM,7/19/2024 5:00:00 PM,RFC,WEST,ATSI,OE,8918.398,True
7/19/2024 10:00:00 PM,7/19/2024 6:00:00 PM,RFC,WEST,ATSI,OE,8792.094,True
7/19/2024 11:00:00 PM,7/19/2024 7:00:00 PM,RFC,WEST,ATSI,OE,8448.707,True
7/20/2024 12:00:00 AM,7/19/2024 8:00:00 PM,RFC,WEST,ATSI,OE,7953.505,True
7/20/2024 1:00:00 AM,7/19/2024 9:00:00 PM,RFC,WEST,ATSI,OE,7546.842,True
7/20/2024 2:00:00 AM,7/19/2024 10:00:00 PM,RFC,WEST,ATSI,OE,7091.872,True
7/20/2024 3:00:00 AM,7/19/2024 11:00:00 PM,RFC,WEST,ATSI,OE,6601.941,True
7/20/2024 4:00:00 AM,7/20/2024 12:00:00 AM,RFC,WEST,ATSI,OE,6108.087,True
7/20/2024 5:00:00 AM,7/20/2024 1:00:00 AM,RFC,WEST,ATSI,OE,5824.354,True
7/20/2024 6:00:00 AM,7/20/2024 2:00:00 AM,RFC,WEST,ATSI,OE,5614.375,True
7/20/2024 7:00:00 AM,7/20/2024 3:00:00 AM,RFC,WEST,ATSI,OE,5478.744,True
7/20/2024 8:00:00 AM,7/20/2024 4:00:00 AM,RFC,WEST,ATSI,OE,5418.602,True
7/20/2024 9:00:00 AM,7/20/2024 5:00:00 AM,RFC,WEST,ATSI,OE,5461.760,True
7/20/2024 10:00:00 AM,7/20/2024 6:00:00 AM,RFC,WEST,ATSI,OE,5429.612,True
7/20/2024 11:00:00 AM,7/20/2024 7:00:00 AM,RFC,WEST,ATSI,OE,5626.837,True
7/20/2024 12:00:00 PM,7/20/2024 8:00:00 AM,RFC,WEST,ATSI,OE,5989.477,True
7/20/2024 1:00:00 PM,7/20/2024 9:00:00 AM,RFC,WEST,ATSI,OE,6450.028,True
7/20/2024 2:00:00 PM,7/20/2024 10:00:00 AM,RFC,WEST,ATSI,OE,6829.259,True
7/20/2024 3:00:00 PM,7/20/2024 11:00:00 AM,RFC,WEST,ATSI,OE,7181.106,True
7/20/2024 4:00:00 PM,7/20/2024 12:00:00 PM,RFC,WEST,ATSI,OE,7500.073,True
7/20/2024 5:00:00 PM,7/20/2024 1:00:00 PM,RFC,WEST,ATSI,OE,7827.048,True
7/20/2024 6:00:00 PM,7/20/2024 2:00:00 PM,RFC,WEST,ATSI,OE,8111.053,True
7/20/2024 7:00:00 PM,7/20/2024 3:00:00 PM,RFC,WEST,ATSI,OE,8395.193,True
7/20/2024 8:00:00 PM,7/20/2024 4:00:00 PM,RFC,WEST,ATSI,OE,8625.450,True
7/20/2024 9:00:00 PM,7/20/2024 5:00:00 PM,RFC,WEST,ATSI,OE,8762.723,True
7/20/2024 10:00:00 PM,7/20/2024 6:00:00 PM,RFC,WEST,ATSI,OE,8670.665,True
7/20/2024 11:00:00 PM,7/20/2024 7:00:00 PM,RFC,WEST,ATSI,OE,8310.944,True
7/21/2024 12:00:00 AM,7/20/2024 8:00:00 PM,RFC,WEST,ATSI,OE,7847.535,True
7/21/2024 1:00:00 AM,7/20/2024 9:00:00 PM,RFC,WEST,ATSI,OE,7580.278,True
7/21/2024 2:00:00 AM,7/20/2024 10:00:00 PM,RFC,WEST,ATSI,OE,7071.326,True
7/21/2024 3:00:00 AM,7/20/2024 11:00:00 PM,RFC,WEST,ATSI,OE,6560.995,True
7/21/2024 4:00:00 AM,7/21/2024 12:00:00 AM,RFC,WEST,ATSI,OE,6194.376,True
7/21/2024 5:00:00 AM,7/21/2024 1:00:00 AM,RFC,WEST,ATSI,OE,5865.087,True
7/21/2024 6:00:00 AM,7/21/2024 2:00:00 AM,RFC,WEST,ATSI,OE,5641.578,True
7/21/2024 7:00:00 AM,7/21/2024 3:00:00 AM,RFC,WEST,ATSI,OE,5500.065,True
7/21/2024 8:00:00 AM,7/21/2024 4:00:00 AM,RFC,WEST,ATSI,OE,5407.085,True
7/21/2024 9:00:00 AM,7/21/2024 5:00:00 AM,RFC,WEST,ATSI,OE,5344.703,True
7/21/2024 10:00:00 AM,7/21/2024 6:00:00 AM,RFC,WEST,ATSI,OE,5332.555,True
7/21/2024 11:00:00 AM,7/21/2024 7:00:00 AM,RFC,WEST,ATSI,OE,5537.361,True
7/21/2024 12:00:00 PM,7/21/2024 8:00:00 AM,RFC,WEST,ATSI,OE,5888.932,True
7/21/2024 1:00:00 PM,7/21/2024 9:00:00 AM,RFC,WEST,ATSI,OE,6299.210,True
7/21/2024 2:00:00 PM,7/21/2024 10:00:00 AM,RFC,WEST,ATSI,OE,6736.677,True
7/21/2024 3:00:00 PM,7/21/2024 11:00:00 AM,RFC,WEST,ATSI,OE,7193.292,True
7/21/2024 4:00:00 PM,7/21/2024 12:00:00 PM,RFC,WEST,ATSI,OE,7609.118,True
7/21/2024 5:00:00 PM,7/21/2024 1:00:00 PM,RFC,WEST,ATSI,OE,8001.833,True
7/21/2024 6:00:00 PM,7/21/2024 2:00:00 PM,RFC,WEST,ATSI,OE,8349.050,True
7/21/2024 7:00:00 PM,7/21/2024 3:00:00 PM,RFC,WEST,ATSI,OE,8497.954,True
7/21/2024 8:00:00 PM,7/21/2024 4:00:00 PM,RFC,WEST,ATSI,OE,8717.305,True
7/21/2024 9:00:00 PM,7/21/2024 5:00:00 PM,RFC,WEST,ATSI,OE,8915.610,True
7/21/2024 10:00:00 PM,7/21/2024 6:00:00 PM,RFC,WEST,ATSI,OE,8787.193,True
7/21/2024 11:00:00 PM,7/21/2024 7:00:00 PM,RFC,WEST,ATSI,OE,8574.543,True
7/22/2024 12:00:00 AM,7/21/2024 8:00:00 PM,RFC,WEST,ATSI,OE,8236.849,True
7/22/2024 1:00:00 AM,7/21/2024 9:00:00 PM,RFC,WEST,ATSI,OE,7995.822,True
7/22/2024 2:00:00 AM,7/21/2024 10:00:00 PM,RFC,WEST,ATSI,OE,7489.418,True
7/22/2024 3:00:00 AM,7/21/2024 11:00:00 PM,RFC,WEST,ATSI,OE,6999.147,True
7/22/2024 4:00:00 AM,7/22/2024 12:00:00 AM,RFC,WEST,ATSI,OE,6627.072,True
7/22/2024 5:00:00 AM,7/22/2024 1:00:00 AM,RFC,WEST,ATSI,OE,6250.705,True
7/22/2024 6:00:00 AM,7/22/2024 2:00:00 AM,RFC,WEST,ATSI,OE,6063.632,True
7/22/2024 7:00:00 AM,7/22/2024 3:00:00 AM,RFC,WEST,ATSI,OE,6010.069,True
7/22/2024 8:00:00 AM,7/22/2024 4:00:00 AM,RFC,WEST,ATSI,OE,6085.502,True
7/22/2024 9:00:00 AM,7/22/2024 5:00:00 AM,RFC,WEST,ATSI,OE,6355.690,True
7/22/2024 10:00:00 AM,7/22/2024 6:00:00 AM,RFC,WEST,ATSI,OE,6686.387,True
7/22/2024 11:00:00 AM,7/22/2024 7:00:00 AM,RFC,WEST,ATSI,OE,7039.656,True
7/22/2024 12:00:00 PM,7/22/2024 8:00:00 AM,RFC,WEST,ATSI,OE,7366.587,True
7/22/2024 1:00:00 PM,7/22/2024 9:00:00 AM,RFC,WEST,ATSI,OE,7839.749,True
7/22/2024 2:00:00 PM,7/22/2024 10:00:00 AM,RFC,WEST,ATSI,OE,8224.829,True
7/22/2024 3:00:00 PM,7/22/2024 11:00:00 AM,RFC,WEST,ATSI,OE,8521.137,True
7/22/2024 4:00:00 PM,7/22/2024 12:00:00 PM,RFC,WEST,ATSI,OE,8754.884,True
7/22/2024 5:00:00 PM,7/22/2024 1:00:00 PM,RFC,WEST,ATSI,OE,9020.148,True
7/22/2024 6:00:00 PM,7/22/2024 2:00:00 PM,RFC,WEST,ATSI,OE,9199.777,True
7/22/2024 7:00:00 PM,7/22/2024 3:00:00 PM,RFC,WEST,ATSI,OE,9139.640,True
7/22/2024 8:00:00 PM,7/22/2024 4:00:00 PM,RFC,WEST,ATSI,OE,9009.852,True
7/22/2024 9:00:00 PM,7/22/2024 5:00:00 PM,RFC,WEST,ATSI,OE,8926.788,True
7/22/2024 10:00:00 PM,7/22/2024 6:00:00 PM,RFC,WEST,ATSI,OE,8779.154,True
7/22/2024 11:00:00 PM,7/22/2024 7:00:00 PM,RFC,WEST,ATSI,OE,8625.549,True
7/23/2024 12:00:00 AM,7/22/2024 8:00:00 PM,RFC,WEST,ATSI,OE,8406.442,True
7/23/2024 1:00:00 AM,7/22/2024 9:00:00 PM,RFC,WEST,ATSI,OE,8254.262,True
7/23/2024 2:00:00 AM,7/22/2024 10:00:00 PM,RFC,WEST,ATSI,OE,7757.287,True
7/23/2024 3:00:00 AM,7/22/2024 11:00:00 PM,RFC,WEST,ATSI,OE,7292.057,True
7/23/2024 4:00:00 AM,7/23/2024 12:00:00 AM,RFC,WEST,ATSI,OE,6928.462,True
7/23/2024 5:00:00 AM,7/23/2024 1:00:00 AM,RFC,WEST,ATSI,OE,6594.869,True
7/23/2024 6:00:00 AM,7/23/2024 2:00:00 AM,RFC,WEST,ATSI,OE,6387.864,True
7/23/2024 7:00:00 AM,7/23/2024 3:00:00 AM,RFC,WEST,ATSI,OE,6184.510,True
7/23/2024 8:00:00 AM,7/23/2024 4:00:00 AM,RFC,WEST,ATSI,OE,6305.915,True
7/23/2024 9:00:00 AM,7/23/2024 5:00:00 AM,RFC,WEST,ATSI,OE,6431.277,True
7/23/2024 10:00:00 AM,7/23/2024 6:00:00 AM,RFC,WEST,ATSI,OE,6780.500,True
7/23/2024 11:00:00 AM,7/23/2024 7:00:00 AM,RFC,WEST,ATSI,OE,7176.535,True
7/23/2024 12:00:00 PM,7/23/2024 8:00:00 AM,RFC,WEST,ATSI,OE,7708.487,True
7/23/2024 1:00:00 PM,7/23/2024 9:00:00 AM,RFC,WEST,ATSI,OE,8234.342,True
7/23/2024 2:00:00 PM,7/23/2024 10:00:00 AM,RFC,WEST,ATSI,OE,8754.504,True
7/23/2024 3:00:00 PM,7/23/2024 11:00:00 AM,RFC,WEST,ATSI,OE,9220.081,True
7/23/2024 4:00:00 PM,7/23/2024 12:00:00 PM,RFC,WEST,ATSI,OE,9729.492,True
7/23/2024 5:00:00 PM,7/23/2024 1:00:00 PM,RFC,WEST,ATSI,OE,10110.172,True
7/23/2024 6:00:00 PM,7/23/2024 2:00:00 PM,RFC,WEST,ATSI,OE,10263.012,True
7/23/2024 7:00:00 PM,7/23/2024 3:00:00 PM,RFC,WEST,ATSI,OE,10156.752,True
7/23/2024 8:00:00 PM,7/23/2024 4:00:00 PM,RFC,WEST,ATSI,OE,10090.153,True
7/23/2024 9:00:00 PM,7/23/2024 5:00:00 PM,RFC,WEST,ATSI,OE,9959.929,True
7/23/2024 10:00:00 PM,7/23/2024 6:00:00 PM,RFC,WEST,ATSI,OE,9905.649,True
7/23/2024 11:00:00 PM,7/23/2024 7:00:00 PM,RFC,WEST,ATSI,OE,9667.007,True
7/24/2024 12:00:00 AM,7/23/2024 8:00:00 PM,RFC,WEST,ATSI,OE,9216.523,True
7/24/2024 1:00:00 AM,7/23/2024 9:00:00 PM,RFC,WEST,ATSI,OE,8948.045,True
7/24/2024 2:00:00 AM,7/23/2024 10:00:00 PM,RFC,WEST,ATSI,OE,8359.796,True
7/24/2024 3:00:00 AM,7/23/2024 11:00:00 PM,RFC,WEST,ATSI,OE,7761.984,True
7/24/2024 4:00:00 AM,7/24/2024 12:00:00 AM,RFC,WEST,ATSI,OE,7281.819,True
7/24/2024 5:00:00 AM,7/24/2024 1:00:00 AM,RFC,WEST,ATSI,OE,6949.490,True
7/24/2024 6:00:00 AM,7/24/2024 2:00:00 AM,RFC,WEST,ATSI,OE,6637.736,True
7/24/2024 7:00:00 AM,7/24/2024 3:00:00 AM,RFC,WEST,ATSI,OE,6492.497,True
7/24/2024 8:00:00 AM,7/24/2024 4:00:00 AM,RFC,WEST,ATSI,OE,6483.099,True
7/24/2024 9:00:00 AM,7/24/2024 5:00:00 AM,RFC,WEST,ATSI,OE,6720.742,True
7/24/2024 10:00:00 AM,7/24/2024 6:00:00 AM,RFC,WEST,ATSI,OE,6993.052,True
7/24/2024 11:00:00 AM,7/24/2024 7:00:00 AM,RFC,WEST,ATSI,OE,7421.777,True
7/24/2024 12:00:00 PM,7/24/2024 8:00:00 AM,RFC,WEST,ATSI,OE,8001.070,True
7/24/2024 1:00:00 PM,7/24/2024 9:00:00 AM,RFC,WEST,ATSI,OE,8435.998,True
7/24/2024 2:00:00 PM,7/24/2024 10:00:00 AM,RFC,WEST,ATSI,OE,9021.941,True
7/24/2024 3:00:00 PM,7/24/2024 11:00:00 AM,RFC,WEST,ATSI,OE,9547.332,True
7/24/2024 4:00:00 PM,7/24/2024 12:00:00 PM,RFC,WEST,ATSI,OE,9961.176,True
7/24/2024 5:00:00 PM,7/24/2024 1:00:00 PM,RFC,WEST,ATSI,OE,10227.081,True
7/24/2024 6:00:00 PM,7/24/2024 2:00:00 PM,RFC,WEST,ATSI,OE,10172.866,True
7/24/2024 7:00:00 PM,7/24/2024 3:00:00 PM,RFC,WEST,ATSI,OE,10064.865,True
7/24/2024 8:00:00 PM,7/24/2024 4:00:00 PM,RFC,WEST,ATSI,OE,9999.242,True
7/24/2024 9:00:00 PM,7/24/2024 5:00:00 PM,RFC,WEST,ATSI,OE,9799.420,True
7/24/2024 10:00:00 PM,7/24/2024 6:00:00 PM,RFC,WEST,ATSI,OE,9611.447,True
7/24/2024 11:00:00 PM,7/24/2024 7:00:00 PM,RFC,WEST,ATSI,OE,9229.779,True
7/25/2024 12:00:00 AM,7/24/2024 8:00:00 PM,RFC,WEST,ATSI,OE,8713.413,True
7/25/2024 1:00:00 AM,7/24/2024 9:00:00 PM,RFC,WEST,ATSI,OE,8472.794,True
7/25/2024 2:00:00 AM,7/24/2024 10:00:00 PM,RFC,WEST,ATSI,OE,7930.645,True
7/25/2024 3:00:00 AM,7/24/2024 11:00:00 PM,RFC,WEST,ATSI,OE,7473.123,True
7/25/2024 4:00:00 AM,7/25/2024 12:00:00 AM,RFC,WEST,ATSI,OE,7042.026,True
7/25/2024 5:00:00 AM,7/25/2024 1:00:00 AM,RFC,WEST,ATSI,OE,6756.072,True
7/25/2024 6:00:00 AM,7/25/2024 2:00:00 AM,RFC,WEST,ATSI,OE,6494.824,True
7/25/2024 7:00:00 AM,7/25/2024 3:00:00 AM,RFC,WEST,ATSI,OE,6359.865,True
7/25/2024 8:00:00 AM,7/25/2024 4:00:00 AM,RFC,WEST,ATSI,OE,6361.521,True
7/25/2024 9:00:00 AM,7/25/2024 5:00:00 AM,RFC,WEST,ATSI,OE,6417.012,True
7/25/2024 10:00:00 AM,7/25/2024 6:00:00 AM,RFC,WEST,ATSI,OE,6749.113,True
7/25/2024 11:00:00 AM,7/25/2024 7:00:00 AM,RFC,WEST,ATSI,OE,7169.739,True
7/25/2024 12:00:00 PM,7/25/2024 8:00:00 AM,RFC,WEST,ATSI,OE,7599.525,True
7/25/2024 1:00:00 PM,7/25/2024 9:00:00 AM,RFC,WEST,ATSI,OE,8013.726,True
7/25/2024 2:00:00 PM,7/25/2024 10:00:00 AM,RFC,WEST,ATSI,OE,8400.116,True
7/25/2024 3:00:00 PM,7/25/2024 11:00:00 AM,RFC,WEST,ATSI,OE,8615.032,True
7/25/2024 4:00:00 PM,7/25/2024 12:00:00 PM,RFC,WEST,ATSI,OE,8871.971,True
7/25/2024 5:00:00 PM,7/25/2024 1:00:00 PM,RFC,WEST,ATSI,OE,9142.833,True
7/25/2024 6:00:00 PM,7/25/2024 2:00:00 PM,RFC,WEST,ATSI,OE,9205.046,True
7/25/2024 7:00:00 PM,7/25/2024 3:00:00 PM,RFC,WEST,ATSI,OE,9245.146,True
7/25/2024 8:00:00 PM,7/25/2024 4:00:00 PM,RFC,WEST,ATSI,OE,9262.258,True
7/25/2024 9:00:00 PM,7/25/2024 5:00:00 PM,RFC,WEST,ATSI,OE,9284.357,True
7/25/2024 10:00:00 PM,7/25/2024 6:00:00 PM,RFC,WEST,ATSI,OE,9248.572,True
7/25/2024 11:00:00 PM,7/25/2024 7:00:00 PM,RFC,WEST,ATSI,OE,8851.775,True
7/26/2024 12:00:00 AM,7/25/2024 8:00:00 PM,RFC,WEST,ATSI,OE,8387.283,True
7/26/2024 1:00:00 AM,7/25/2024 9:00:00 PM,RFC,WEST,ATSI,OE,8144.783,True
7/26/2024 2:00:00 AM,7/25/2024 10:00:00 PM,RFC,WEST,ATSI,OE,7498.087,True
7/26/2024 3:00:00 AM,7/25/2024 11:00:00 PM,RFC,WEST,ATSI,OE,7021.390,True
7/26/2024 4:00:00 AM,7/26/2024 12:00:00 AM,RFC,WEST,ATSI,OE,6537.767,True
7/26/2024 5:00:00 AM,7/26/2024 1:00:00 AM,RFC,WEST,ATSI,OE,6240.483,True
7/26/2024 6:00:00 AM,7/26/2024 2:00:00 AM,RFC,WEST,ATSI,OE,5987.947,True
7/26/2024 7:00:00 AM,7/26/2024 3:00:00 AM,RFC,WEST,ATSI,OE,5899.902,True
7/26/2024 8:00:00 AM,7/26/2024 4:00:00 AM,RFC,WEST,ATSI,OE,5986.769,True
7/26/2024 9:00:00 AM,7/26/2024 5:00:00 AM,RFC,WEST,ATSI,OE,6140.864,True
7/26/2024 10:00:00 AM,7/26/2024 6:00:00 AM,RFC,WEST,ATSI,OE,6390.862,True
7/26/2024 11:00:00 AM,7/26/2024 7:00:00 AM,RFC,WEST,ATSI,OE,6727.710,True
7/26/2024 12:00:00 PM,7/26/2024 8:00:00 AM,RFC,WEST,ATSI,OE,7197.665,True
7/26/2024 1:00:00 PM,7/26/2024 9:00:00 AM,RFC,WEST,ATSI,OE,7550.081,True
7/26/2024 2:00:00 PM,7/26/2024 10:00:00 AM,RFC,WEST,ATSI,OE,7870.038,True
7/26/2024 3:00:00 PM,7/26/2024 11:00:00 AM,RFC,WEST,ATSI,OE,8136.310,True
7/26/2024 4:00:00 PM,7/26/2024 12:00:00 PM,RFC,WEST,ATSI,OE,8365.678,True
7/26/2024 5:00:00 PM,7/26/2024 1:00:00 PM,RFC,WEST,ATSI,OE,8614.245,True
7/26/2024 6:00:00 PM,7/26/2024 2:00:00 PM,RFC,WEST,ATSI,OE,8871.092,True
7/26/2024 7:00:00 PM,7/26/2024 3:00:00 PM,RFC,WEST,ATSI,OE,9000.283,True
7/26/2024 8:00:00 PM,7/26/2024 4:00:00 PM,RFC,WEST,ATSI,OE,9115.756,True
7/26/2024 9:00:00 PM,7/26/2024 5:00:00 PM,RFC,WEST,ATSI,OE,9156.332,True
7/26/2024 10:00:00 PM,7/26/2024 6:00:00 PM,RFC,WEST,ATSI,OE,8966.586,True
7/26/2024 11:00:00 PM,7/26/2024 7:00:00 PM,RFC,WEST,ATSI,OE,8537.914,True
7/27/2024 12:00:00 AM,7/26/2024 8:00:00 PM,RFC,WEST,ATSI,OE,8037.907,True
7/27/2024 1:00:00 AM,7/26/2024 9:00:00 PM,RFC,WEST,ATSI,OE,7772.621,True
7/27/2024 2:00:00 AM,7/26/2024 10:00:00 PM,RFC,WEST,ATSI,OE,7216.264,True
7/27/2024 3:00:00 AM,7/26/2024 11:00:00 PM,RFC,WEST,ATSI,OE,6703.898,True
7/27/2024 4:00:00 AM,7/27/2024 12:00:00 AM,RFC,WEST,ATSI,OE,6284.773,True
7/27/2024 5:00:00 AM,7/27/2024 1:00:00 AM,RFC,WEST,ATSI,OE,6017.018,True
7/27/2024 6:00:00 AM,7/27/2024 2:00:00 AM,RFC,WEST,ATSI,OE,5783.199,True
7/27/2024 7:00:00 AM,7/27/2024 3:00:00 AM,RFC,WEST,ATSI,OE,5629.324,True
7/27/2024 8:00:00 AM,7/27/2024 4:00:00 AM,RFC,WEST,ATSI,OE,5547.860,True
7/27/2024 9:00:00 AM,7/27/2024 5:00:00 AM,RFC,WEST,ATSI,OE,5651.041,True
7/27/2024 10:00:00 AM,7/27/2024 6:00:00 AM,RFC,WEST,ATSI,OE,5620.531,True
7/27/2024 11:00:00 AM,7/27/2024 7:00:00 AM,RFC,WEST,ATSI,OE,5815.288,True
7/27/2024 12:00:00 PM,7/27/2024 8:00:00 AM,RFC,WEST,ATSI,OE,6132.047,True
7/27/2024 1:00:00 PM,7/27/2024 9:00:00 AM,RFC,WEST,ATSI,OE,6592.771,True
7/27/2024 2:00:00 PM,7/27/2024 10:00:00 AM,RFC,WEST,ATSI,OE,7049.709,True
7/27/2024 3:00:00 PM,7/27/2024 11:00:00 AM,RFC,WEST,ATSI,OE,7403.755,True
7/27/2024 4:00:00 PM,7/27/2024 12:00:00 PM,RFC,WEST,ATSI,OE,7647.417,True
7/27/2024 5:00:00 PM,7/27/2024 1:00:00 PM,RFC,WEST,ATSI,OE,8199.098,True
7/27/2024 6:00:00 PM,7/27/2024 2:00:00 PM,RFC,WEST,ATSI,OE,8599.095,True
7/27/2024 7:00:00 PM,7/27/2024 3:00:00 PM,RFC,WEST,ATSI,OE,8937.715,True
7/27/2024 8:00:00 PM,7/27/2024 4:00:00 PM,RFC,WEST,ATSI,OE,9219.300,True
7/27/2024 9:00:00 PM,7/27/2024 5:00:00 PM,RFC,WEST,ATSI,OE,9272.725,True
7/27/2024 10:00:00 PM,7/27/2024 6:00:00 PM,RFC,WEST,ATSI,OE,9320.505,True
7/27/2024 11:00:00 PM,7/27/2024 7:00:00 PM,RFC,WEST,ATSI,OE,9043.475,True
7/28/2024 12:00:00 AM,7/27/2024 8:00:00 PM,RFC,WEST,ATSI,OE,8557.814,True
7/28/2024 1:00:00 AM,7/27/2024 9:00:00 PM,RFC,WEST,ATSI,OE,8244.682,True
7/28/2024 2:00:00 AM,7/27/2024 10:00:00 PM,RFC,WEST,ATSI,OE,7599.375,True
7/28/2024 3:00:00 AM,7/27/2024 11:00:00 PM,RFC,WEST,ATSI,OE,7078.655,True
7/28/2024 4:00:00 AM,7/28/2024 12:00:00 AM,RFC,WEST,ATSI,OE,6575.323,True
7/28/2024 5:00:00 AM,7/28/2024 1:00:00 AM,RFC,WEST,ATSI,OE,6237.940,True
7/28/2024 6:00:00 AM,7/28/2024 2:00:00 AM,RFC,WEST,ATSI,OE,5949.022,True
7/28/2024 7:00:00 AM,7/28/2024 3:00:00 AM,RFC,WEST,ATSI,OE,5723.504,True
7/28/2024 8:00:00 AM,7/28/2024 4:00:00 AM,RFC,WEST,ATSI,OE,5641.826,True
7/28/2024 9:00:00 AM,7/28/2024 5:00:00 AM,RFC,WEST,ATSI,OE,5581.743,True
7/28/2024 10:00:00 AM,7/28/2024 6:00:00 AM,RFC,WEST,ATSI,OE,5444.120,True
7/28/2024 11:00:00 AM,7/28/2024 7:00:00 AM,RFC,WEST,ATSI,OE,5712.988,True
7/28/2024 12:00:00 PM,7/28/2024 8:00:00 AM,RFC,WEST,ATSI,OE,6143.315,True
7/28/2024 1:00:00 PM,7/28/2024 9:00:00 AM,RFC,WEST,ATSI,OE,6735.884,True
7/28/2024 2:00:00 PM,7/28/2024 10:00:00 AM,RFC,WEST,ATSI,OE,7411.407,True
7/28/2024 3:00:00 PM,7/28/2024 11:00:00 AM,RFC,WEST,ATSI,OE,7992.551,True
7/28/2024 4:00:00 PM,7/28/2024 12:00:00 PM,RFC,WEST,ATSI,OE,8642.248,True
7/28/2024 5:00:00 PM,7/28/2024 1:00:00 PM,RFC,WEST,ATSI,OE,9122.479,True
7/28/2024 6:00:00 PM,7/28/2024 2:00:00 PM,RFC,WEST,ATSI,OE,9573.065,True
7/28/2024 7:00:00 PM,7/28/2024 3:00:00 PM,RFC,WEST,ATSI,OE,9963.877,True
7/28/2024 8:00:00 PM,7/28/2024 4:00:00 PM,RFC,WEST,ATSI,OE,10261.925,True
7/28/2024 9:00:00 PM,7/28/2024 5:00:00 PM,RFC,WEST,ATSI,OE,10427.016,True
7/28/2024 10:00:00 PM,7/28/2024 6:00:00 PM,RFC,WEST,ATSI,OE,10304.428,True
7/28/2024 11:00:00 PM,7/28/2024 7:00:00 PM,RFC,WEST,ATSI,OE,10004.251,True
7/29/2024 12:00:00 AM,7/28/2024 8:00:00 PM,RFC,WEST,ATSI,OE,9538.140,True
7/29/2024 1:00:00 AM,7/28/2024 9:00:00 PM,RFC,WEST,ATSI,OE,9256.932,True
7/29/2024 2:00:00 AM,7/28/2024 10:00:00 PM,RFC,WEST,ATSI,OE,8653.107,True
7/29/2024 3:00:00 AM,7/28/2024 11:00:00 PM,RFC,WEST,ATSI,OE,8021.732,True
7/29/2024 4:00:00 AM,7/29/2024 12:00:00 AM,RFC,WEST,ATSI,OE,7473.457,True
7/29/2024 5:00:00 AM,7/29/2024 1:00:00 AM,RFC,WEST,ATSI,OE,7027.009,True
7/29/2024 6:00:00 AM,7/29/2024 2:00:00 AM,RFC,WEST,ATSI,OE,6848.476,True
7/29/2024 7:00:00 AM,7/29/2024 3:00:00 AM,RFC,WEST,ATSI,OE,6702.910,True
7/29/2024 8:00:00 AM,7/29/2024 4:00:00 AM,RFC,WEST,ATSI,OE,6712.903,True
7/29/2024 9:00:00 AM,7/29/2024 5:00:00 AM,RFC,WEST,ATSI,OE,6932.043,True
7/29/2024 10:00:00 AM,7/29/2024 6:00:00 AM,RFC,WEST,ATSI,OE,7268.927,True
7/29/2024 11:00:00 AM,7/29/2024 7:00:00 AM,RFC,WEST,ATSI,OE,7729.988,True
7/29/2024 12:00:00 PM,7/29/2024 8:00:00 AM,RFC,WEST,ATSI,OE,8238.001,True
7/29/2024 1:00:00 PM,7/29/2024 9:00:00 AM,RFC,WEST,ATSI,OE,8760.811,True
7/29/2024 2:00:00 PM,7/29/2024 10:00:00 AM,RFC,WEST,ATSI,OE,9358.104,True
7/29/2024 3:00:00 PM,7/29/2024 11:00:00 AM,RFC,WEST,ATSI,OE,9747.864,True
7/29/2024 4:00:00 PM,7/29/2024 12:00:00 PM,RFC,WEST,ATSI,OE,10010.970,True
7/29/2024 5:00:00 PM,7/29/2024 1:00:00 PM,RFC,WEST,ATSI,OE,10193.287,True
7/29/2024 6:00:00 PM,7/29/2024 2:00:00 PM,RFC,WEST,ATSI,OE,10137.730,True
7/29/2024 7:00:00 PM,7/29/2024 3:00:00 PM,RFC,WEST,ATSI,OE,10038.362,True
7/29/2024 8:00:00 PM,7/29/2024 4:00:00 PM,RFC,WEST,ATSI,OE,10051.396,True
7/29/2024 9:00:00 PM,7/29/2024 5:00:00 PM,RFC,WEST,ATSI,OE,10055.374,True
7/29/2024 10:00:00 PM,7/29/2024 6:00:00 PM,RFC,WEST,ATSI,OE,10031.158,True
7/29/2024 11:00:00 PM,7/29/2024 7:00:00 PM,RFC,WEST,ATSI,OE,9849.722,True
7/30/2024 12:00:00 AM,7/29/2024 8:00:00 PM,RFC,WEST,ATSI,OE,9554.222,True
7/30/2024 1:00:00 AM,7/29/2024 9:00:00 PM,RFC,WEST,ATSI,OE,9320.755,True
7/30/2024 2:00:00 AM,7/29/2024 10:00:00 PM,RFC,WEST,ATSI,OE,8752.554,True
7/30/2024 3:00:00 AM,7/29/2024 11:00:00 PM,RFC,WEST,ATSI,OE,8204.235,True
7/30/2024 4:00:00 AM,7/30/2024 12:00:00 AM,RFC,WEST,ATSI,OE,7842.587,True
7/30/2024 5:00:00 AM,7/30/2024 1:00:00 AM,RFC,WEST,ATSI,OE,7401.093,True
7/30/2024 6:00:00 AM,7/30/2024 2:00:00 AM,RFC,WEST,ATSI,OE,7070.198,True
7/30/2024 7:00:00 AM,7/30/2024 3:00:00 AM,RFC,WEST,ATSI,OE,6976.211,True
7/30/2024 8:00:00 AM,7/30/2024 4:00:00 AM,RFC,WEST,ATSI,OE,6970.966,True
7/30/2024 9:00:00 AM,7/30/2024 5:00:00 AM,RFC,WEST,ATSI,OE,7218.630,True
7/30/2024 10:00:00 AM,7/30/2024 6:00:00 AM,RFC,WEST,ATSI,OE,7525.812,True
7/30/2024 11:00:00 AM,7/30/2024 7:00:00 AM,RFC,WEST,ATSI,OE,7951.051,True
7/30/2024 12:00:00 PM,7/30/2024 8:00:00 AM,RFC,WEST,ATSI,OE,8343.606,True
7/30/2024 1:00:00 PM,7/30/2024 9:00:00 AM,RFC,WEST,ATSI,OE,8561.041,True
7/30/2024 2:00:00 PM,7/30/2024 10:00:00 AM,RFC,WEST,ATSI,OE,8851.126,True
7/30/2024 3:00:00 PM,7/30/2024 11:00:00 AM,RFC,WEST,ATSI,OE,9364.955,True
7/30/2024 4:00:00 PM,7/30/2024 12:00:00 PM,RFC,WEST,ATSI,OE,9743.273,True
7/30/2024 5:00:00 PM,7/30/2024 1:00:00 PM,RFC,WEST,ATSI,OE,10098.227,True
7/30/2024 6:00:00 PM,7/30/2024 2:00:00 PM,RFC,WEST,ATSI,OE,10198.954,True
7/30/2024 7:00:00 PM,7/30/2024 3:00:00 PM,RFC,WEST,ATSI,OE,10168.182,True
7/30/2024 8:00:00 PM,7/30/2024 4:00:00 PM,RFC,WEST,ATSI,OE,10208.148,True
7/30/2024 9:00:00 PM,7/30/2024 5:00:00 PM,RFC,WEST,ATSI,OE,10273.169,True
7/30/2024 10:00:00 PM,7/30/2024 6:00:00 PM,RFC,WEST,ATSI,OE,10153.054,True
7/30/2024 11:00:00 PM,7/30/2024 7:00:00 PM,RFC,WEST,ATSI,OE,9820.821,True
7/31/2024 12:00:00 AM,7/30/2024 8:00:00 PM,RFC,WEST,ATSI,OE,9552.871,True
7/31/2024 1:00:00 AM,7/30/2024 9:00:00 PM,RFC,WEST,ATSI,OE,9261.789,True
7/31/2024 2:00:00 AM,7/30/2024 10:00:00 PM,RFC,WEST,ATSI,OE,8620.647,True
7/31/2024 3:00:00 AM,7/30/2024 11:00:00 PM,RFC,WEST,ATSI,OE,8172.220,True
7/31/2024 4:00:00 AM,7/31/2024 12:00:00 AM,RFC,WEST,ATSI,OE,7754.822,True
7/31/2024 5:00:00 AM,7/31/2024 1:00:00 AM,RFC,WEST,ATSI,OE,7289.364,True
7/31/2024 6:00:00 AM,7/31/2024 2:00:00 AM,RFC,WEST,ATSI,OE,6832.070,True
7/31/2024 7:00:00 AM,7/31/2024 3:00:00 AM,RFC,WEST,ATSI,OE,6669.625,True
7/31/2024 8:00:00 AM,7/31/2024 4:00:00 AM,RFC,WEST,ATSI,OE,6666.500,True
7/31/2024 9:00:00 AM,7/31/2024 5:00:00 AM,RFC,WEST,ATSI,OE,6875.919,True
7/31/2024 10:00:00 AM,7/31/2024 6:00:00 AM,RFC,WEST,ATSI,OE,7157.377,True
7/31/2024 11:00:00 AM,7/31/2024 7:00:00 AM,RFC,WEST,ATSI,OE,7614.940,True
7/31/2024 12:00:00 PM,7/31/2024 8:00:00 AM,RFC,WEST,ATSI,OE,8167.242,True
7/31/2024 1:00:00 PM,7/31/2024 9:00:00 AM,RFC,WEST,ATSI,OE,8827.728,True
7/31/2024 2:00:00 PM,7/31/2024 10:00:00 AM,RFC,WEST,ATSI,OE,9462.725,True
7/31/2024 3:00:00 PM,7/31/2024 11:00:00 AM,RFC,WEST,ATSI,OE,10100.947,True
7/31/2024 4:00:00 PM,7/31/2024 12:00:00 PM,RFC,WEST,ATSI,OE,10672.979,True
7/31/2024 5:00:00 PM,7/31/2024 1:00:00 PM,RFC,WEST,ATSI,OE,11145.218,True
7/31/2024 6:00:00 PM,7/31/2024 2:00:00 PM,RFC,WEST,ATSI,OE,11354.855,True
7/31/2024 7:00:00 PM,7/31/2024 3:00:00 PM,RFC,WEST,ATSI,OE,11388.886,True
7/31/2024 8:00:00 PM,7/31/2024 4:00:00 PM,RFC,WEST,ATSI,OE,11369.331,True
7/31/2024 9:00:00 PM,7/31/2024 5:00:00 PM,RFC,WEST,ATSI,OE,11309.082,True
7/31/2024 10:00:00 PM,7/31/2024 6:00:00 PM,RFC,WEST,ATSI,OE,11327.383,True
7/31/2024 11:00:00 PM,7/31/2024 7:00:00 PM,RFC,WEST,ATSI,OE,11023.733,True
8/1/2024 12:00:00 AM,7/31/2024 8:00:00 PM,RFC,WEST,ATSI,OE,10716.985,True
8/1/2024 1:00:00 AM,7/31/2024 9:00:00 PM,RFC,WEST,ATSI,OE,10363.761,True
8/1/2024 2:00:00 AM,7/31/2024 10:00:00 PM,RFC,WEST,ATSI,OE,9660.860,True
8/1/2024 3:00:00 AM,7/31/2024 11:00:00 PM,RFC,WEST,ATSI,OE,8845.720,True
8/1/2024 4:00:00 AM,8/1/2024 12:00:00 AM,RFC,WEST,ATSI,OE,8271.793,True
8/1/2024 5:00:00 AM,8/1/2024 1:00:00 AM,RFC,WEST,ATSI,OE,7833.176,True
8/1/2024 6:00:00 AM,8/1/2024 2:00:00 AM,RFC,WEST,ATSI,OE,7508.996,True
8/1/2024 7:00:00 AM,8/1/2024 3:00:00 AM,RFC,WEST,ATSI,OE,7339.617,True
8/1/2024 8:00:00 AM,8/1/2024 4:00:00 AM,RFC,WEST,ATSI,OE,7264.095,True
8/1/2024 9:00:00 AM,8/1/2024 5:00:00 AM,RFC,WEST,ATSI,OE,7305.223,True
8/1/2024 10:00:00 AM,8/1/2024 6:00:00 AM,RFC,WEST,ATSI,OE,7547.269,True
8/1/2024 11:00:00 AM,8/1/2024 7:00:00 AM,RFC,WEST,ATSI,OE,8031.066,True
8/1/2024 12:00:00 PM,8/1/2024 8:00:00 AM,RFC,WEST,ATSI,OE,8558.167,True
8/1/2024 1:00:00 PM,8/1/2024 9:00:00 AM,RFC,WEST,ATSI,OE,9329.807,True
8/1/2024 2:00:00 PM,8/1/2024 10:00:00 AM,RFC,WEST,ATSI,OE,10017.455,True
8/1/2024 3:00:00 PM,8/1/2024 11:00:00 AM,RFC,WEST,ATSI,OE,10627.038,True
8/1/2024 4:00:00 PM,8/1/2024 12:00:00 PM,RFC,WEST,ATSI,OE,11152.835,True
8/1/2024 5:00:00 PM,8/1/2024 1:00:00 PM,RFC,WEST,ATSI,OE,11318.539,True
8/1/2024 6:00:00 PM,8/1/2024 2:00:00 PM,RFC,WEST,ATSI,OE,11383.850,True
8/1/2024 7:00:00 PM,8/1/2024 3:00:00 PM,RFC,WEST,ATSI,OE,11347.761,True
8/1/2024 8:00:00 PM,8/1/2024 4:00:00 PM,RFC,WEST,ATSI,OE,11403.666,True
8/1/2024 9:00:00 PM,8/1/2024 5:00:00 PM,RFC,WEST,ATSI,OE,11300.992,True
8/1/2024 10:00:00 PM,8/1/2024 6:00:00 PM,RFC,WEST,ATSI,OE,11190.219,True
8/1/2024 11:00:00 PM,8/1/2024 7:00:00 PM,RFC,WEST,ATSI,OE,11113.319,True
8/2/2024 12:00:00 AM,8/1/2024 8:00:00 PM,RFC,WEST,ATSI,OE,10712.972,True
8/2/2024 1:00:00 AM,8/1/2024 9:00:00 PM,RFC,WEST,ATSI,OE,10332.081,True
8/2/2024 2:00:00 AM,8/1/2024 10:00:00 PM,RFC,WEST,ATSI,OE,9574.860,True
8/2/2024 3:00:00 AM,8/1/2024 11:00:00 PM,RFC,WEST,ATSI,OE,8798.139,True
8/2/2024 4:00:00 AM,8/2/2024 12:00:00 AM,RFC,WEST,ATSI,OE,8203.076,True
8/2/2024 5:00:00 AM,8/2/2024 1:00:00 AM,RFC,WEST,ATSI,OE,7766.365,True
8/2/2024 6:00:00 AM,8/2/2024 2:00:00 AM,RFC,WEST,ATSI,OE,7438.870,True
8/2/2024 7:00:00 AM,8/2/2024 3:00:00 AM,RFC,WEST,ATSI,OE,7247.900,True
8/2/2024 8:00:00 AM,8/2/2024 4:00:00 AM,RFC,WEST,ATSI,OE,7253.592,True
8/2/2024 9:00:00 AM,8/2/2024 5:00:00 AM,RFC,WEST,ATSI,OE,7408.831,True
8/2/2024 10:00:00 AM,8/2/2024 6:00:00 AM,RFC,WEST,ATSI,OE,7719.461,True
8/2/2024 11:00:00 AM,8/2/2024 7:00:00 AM,RFC,WEST,ATSI,OE,8023.670,True
8/2/2024 12:00:00 PM,8/2/2024 8:00:00 AM,RFC,WEST,ATSI,OE,8316.932,True
8/2/2024 1:00:00 PM,8/2/2024 9:00:00 AM,RFC,WEST,ATSI,OE,8746.314,True
8/2/2024 2:00:00 PM,8/2/2024 10:00:00 AM,RFC,WEST,ATSI,OE,9160.361,True
8/2/2024 3:00:00 PM,8/2/2024 11:00:00 AM,RFC,WEST,ATSI,OE,9566.333,True
8/2/2024 4:00:00 PM,8/2/2024 12:00:00 PM,RFC,WEST,ATSI,OE,9995.023,True
8/2/2024 5:00:00 PM,8/2/2024 1:00:00 PM,RFC,WEST,ATSI,OE,10367.288,True
8/2/2024 6:00:00 PM,8/2/2024 2:00:00 PM,RFC,WEST,ATSI,OE,10572.289,True
8/2/2024 7:00:00 PM,8/2/2024 3:00:00 PM,RFC,WEST,ATSI,OE,10435.361,True
8/2/2024 8:00:00 PM,8/2/2024 4:00:00 PM,RFC,WEST,ATSI,OE,10317.107,True
8/2/2024 9:00:00 PM,8/2/2024 5:00:00 PM,RFC,WEST,ATSI,OE,10077.250,True
8/2/2024 10:00:00 PM,8/2/2024 6:00:00 PM,RFC,WEST,ATSI,OE,9736.826,True
8/2/2024 11:00:00 PM,8/2/2024 7:00:00 PM,RFC,WEST,ATSI,OE,9339.187,True
8/3/2024 12:00:00 AM,8/2/2024 8:00:00 PM,RFC,WEST,ATSI,OE,8991.322,True
8/3/2024 1:00:00 AM,8/2/2024 9:00:00 PM,RFC,WEST,ATSI,OE,8709.996,True
8/3/2024 2:00:00 AM,8/2/2024 10:00:00 PM,RFC,WEST,ATSI,OE,8216.195,True
8/3/2024 3:00:00 AM,8/2/2024 11:00:00 PM,RFC,WEST,ATSI,OE,7673.539,True
8/3/2024 4:00:00 AM,8/3/2024 12:00:00 AM,RFC,WEST,ATSI,OE,7252.922,True
8/3/2024 5:00:00 AM,8/3/2024 1:00:00 AM,RFC,WEST,ATSI,OE,6921.684,True
8/3/2024 6:00:00 AM,8/3/2024 2:00:00 AM,RFC,WEST,ATSI,OE,6765.671,True
8/3/2024 7:00:00 AM,8/3/2024 3:00:00 AM,RFC,WEST,ATSI,OE,6613.905,True
8/3/2024 8:00:00 AM,8/3/2024 4:00:00 AM,RFC,WEST,ATSI,OE,6509.772,True
8/3/2024 9:00:00 AM,8/3/2024 5:00:00 AM,RFC,WEST,ATSI,OE,6538.761,True
8/3/2024 10:00:00 AM,8/3/2024 6:00:00 AM,RFC,WEST,ATSI,OE,6628.361,True
8/3/2024 11:00:00 AM,8/3/2024 7:00:00 AM,RFC,WEST,ATSI,OE,6809.177,True
8/3/2024 12:00:00 PM,8/3/2024 8:00:00 AM,RFC,WEST,ATSI,OE,7209.385,True
8/3/2024 1:00:00 PM,8/3/2024 9:00:00 AM,RFC,WEST,ATSI,OE,7623.791,True
8/3/2024 2:00:00 PM,8/3/2024 10:00:00 AM,RFC,WEST,ATSI,OE,8089.693,True
8/3/2024 3:00:00 PM,8/3/2024 11:00:00 AM,RFC,WEST,ATSI,OE,8389.279,True
8/3/2024 4:00:00 PM,8/3/2024 12:00:00 PM,RFC,WEST,ATSI,OE,8516.717,True
8/3/2024 5:00:00 PM,8/3/2024 1:00:00 PM,RFC,WEST,ATSI,OE,8740.766,True
8/3/2024 6:00:00 PM,8/3/2024 2:00:00 PM,RFC,WEST,ATSI,OE,8938.826,True
8/3/2024 7:00:00 PM,8/3/2024 3:00:00 PM,RFC,WEST,ATSI,OE,9195.418,True
8/3/2024 8:00:00 PM,8/3/2024 4:00:00 PM,RFC,WEST,ATSI,OE,9445.312,True
8/3/2024 9:00:00 PM,8/3/2024 5:00:00 PM,RFC,WEST,ATSI,OE,9558.783,True
8/3/2024 10:00:00 PM,8/3/2024 6:00:00 PM,RFC,WEST,ATSI,OE,9537.205,True
8/3/2024 11:00:00 PM,8/3/2024 7:00:00 PM,RFC,WEST,ATSI,OE,9284.496,True
8/4/2024 12:00:00 AM,8/3/2024 8:00:00 PM,RFC,WEST,ATSI,OE,8899.482,True
8/4/2024 1:00:00 AM,8/3/2024 9:00:00 PM,RFC,WEST,ATSI,OE,8543.103,True
8/4/2024 2:00:00 AM,8/3/2024 10:00:00 PM,RFC,WEST,ATSI,OE,8023.001,True
8/4/2024 3:00:00 AM,8/3/2024 11:00:00 PM,RFC,WEST,ATSI,OE,7419.689,True
8/4/2024 4:00:00 AM,8/4/2024 12:00:00 AM,RFC,WEST,ATSI,OE,6871.153,True
8/4/2024 5:00:00 AM,8/4/2024 1:00:00 AM,RFC,WEST,ATSI,OE,6596.479,True
8/4/2024 6:00:00 AM,8/4/2024 2:00:00 AM,RFC,WEST,ATSI,OE,6283.118,True
8/4/2024 7:00:00 AM,8/4/2024 3:00:00 AM,RFC,WEST,ATSI,OE,6110.632,True
8/4/2024 8:00:00 AM,8/4/2024 4:00:00 AM,RFC,WEST,ATSI,OE,5973.971,True
8/4/2024 9:00:00 AM,8/4/2024 5:00:00 AM,RFC,WEST,ATSI,OE,5978.457,True
8/4/2024 10:00:00 AM,8/4/2024 6:00:00 AM,RFC,WEST,ATSI,OE,5832.248,True
8/4/2024 11:00:00 AM,8/4/2024 7:00:00 AM,RFC,WEST,ATSI,OE,6015.135,True
8/4/2024 12:00:00 PM,8/4/2024 8:00:00 AM,RFC,WEST,ATSI,OE,6575.212,True
8/4/2024 1:00:00 PM,8/4/2024 9:00:00 AM,RFC,WEST,ATSI,OE,7305.419,True
8/4/2024 2:00:00 PM,8/4/2024 10:00:00 AM,RFC,WEST,ATSI,OE,7871.765,True
8/4/2024 3:00:00 PM,8/4/2024 11:00:00 AM,RFC,WEST,ATSI,OE,8474.894,True
8/4/2024 4:00:00 PM,8/4/2024 12:00:00 PM,RFC,WEST,ATSI,OE,8955.935,True
8/4/2024 5:00:00 PM,8/4/2024 1:00:00 PM,RFC,WEST,ATSI,OE,9410.747,True
8/4/2024 6:00:00 PM,8/4/2024 2:00:00 PM,RFC,WEST,ATSI,OE,9740.270,True
8/4/2024 7:00:00 PM,8/4/2024 3:00:00 PM,RFC,WEST,ATSI,OE,10074.380,True
8/4/2024 8:00:00 PM,8/4/2024 4:00:00 PM,RFC,WEST,ATSI,OE,10341.095,True
8/4/2024 9:00:00 PM,8/4/2024 5:00:00 PM,RFC,WEST,ATSI,OE,10405.246,True
8/4/2024 10:00:00 PM,8/4/2024 6:00:00 PM,RFC,WEST,ATSI,OE,10298.765,True
8/4/2024 11:00:00 PM,8/4/2024 7:00:00 PM,RFC,WEST,ATSI,OE,9956.247,True
8/5/2024 12:00:00 AM,8/4/2024 8:00:00 PM,RFC,WEST,ATSI,OE,9497.362,True
8/5/2024 1:00:00 AM,8/4/2024 9:00:00 PM,RFC,WEST,ATSI,OE,9154.277,True
8/5/2024 2:00:00 AM,8/4/2024 10:00:00 PM,RFC,WEST,ATSI,OE,8563.444,True
8/5/2024 3:00:00 AM,8/4/2024 11:00:00 PM,RFC,WEST,ATSI,OE,7960.308,True
8/5/2024 4:00:00 AM,8/5/2024 12:00:00 AM,RFC,WEST,ATSI,OE,7453.303,True
8/5/2024 5:00:00 AM,8/5/2024 1:00:00 AM,RFC,WEST,ATSI,OE,7137.724,True
8/5/2024 6:00:00 AM,8/5/2024 2:00:00 AM,RFC,WEST,ATSI,OE,6911.647,True
8/5/2024 7:00:00 AM,8/5/2024 3:00:00 AM,RFC,WEST,ATSI,OE,6718.094,True
8/5/2024 8:00:00 AM,8/5/2024 4:00:00 AM,RFC,WEST,ATSI,OE,6727.786,True
8/5/2024 9:00:00 AM,8/5/2024 5:00:00 AM,RFC,WEST,ATSI,OE,6928.624,True
8/5/2024 10:00:00 AM,8/5/2024 6:00:00 AM,RFC,WEST,ATSI,OE,7281.023,True
8/5/2024 11:00:00 AM,8/5/2024 7:00:00 AM,RFC,WEST,ATSI,OE,7683.623,True
8/5/2024 12:00:00 PM,8/5/2024 8:00:00 AM,RFC,WEST,ATSI,OE,8257.869,True
8/5/2024 1:00:00 PM,8/5/2024 9:00:00 AM,RFC,WEST,ATSI,OE,8919.014,True
8/5/2024 2:00:00 PM,8/5/2024 10:00:00 AM,RFC,WEST,ATSI,OE,9716.405,True
8/5/2024 3:00:00 PM,8/5/2024 11:00:00 AM,RFC,WEST,ATSI,OE,10219.596,True
8/5/2024 4:00:00 PM,8/5/2024 12:00:00 PM,RFC,WEST,ATSI,OE,10631.575,True
8/5/2024 5:00:00 PM,8/5/2024 1:00:00 PM,RFC,WEST,ATSI,OE,10753.884,True
8/5/2024 6:00:00 PM,8/5/2024 2:00:00 PM,RFC,WEST,ATSI,OE,10726.260,True
8/5/2024 7:00:00 PM,8/5/2024 3:00:00 PM,RFC,WEST,ATSI,OE,10693.777,True
8/5/2024 8:00:00 PM,8/5/2024 4:00:00 PM,RFC,WEST,ATSI,OE,10635.900,True
8/5/2024 9:00:00 PM,8/5/2024 5:00:00 PM,RFC,WEST,ATSI,OE,10636.885,True
8/5/2024 10:00:00 PM,8/5/2024 6:00:00 PM,RFC,WEST,ATSI,OE,10790.099,True
8/5/2024 11:00:00 PM,8/5/2024 7:00:00 PM,RFC,WEST,ATSI,OE,10574.347,True
8/6/2024 12:00:00 AM,8/5/2024 8:00:00 PM,RFC,WEST,ATSI,OE,10147.929,True
8/6/2024 1:00:00 AM,8/5/2024 9:00:00 PM,RFC,WEST,ATSI,OE,9665.734,True
8/6/2024 2:00:00 AM,8/5/2024 10:00:00 PM,RFC,WEST,ATSI,OE,9070.321,True
8/6/2024 3:00:00 AM,8/5/2024 11:00:00 PM,RFC,WEST,ATSI,OE,8577.740,True
8/6/2024 4:00:00 AM,8/6/2024 12:00:00 AM,RFC,WEST,ATSI,OE,8043.551,True
8/6/2024 5:00:00 AM,8/6/2024 1:00:00 AM,RFC,WEST,ATSI,OE,7724.074,True
8/6/2024 6:00:00 AM,8/6/2024 2:00:00 AM,RFC,WEST,ATSI,OE,7396.738,True
8/6/2024 7:00:00 AM,8/6/2024 3:00:00 AM,RFC,WEST,ATSI,OE,7187.468,True
8/6/2024 8:00:00 AM,8/6/2024 4:00:00 AM,RFC,WEST,ATSI,OE,7149.491,True
8/6/2024 9:00:00 AM,8/6/2024 5:00:00 AM,RFC,WEST,ATSI,OE,7398.865,True
8/6/2024 10:00:00 AM,8/6/2024 6:00:00 AM,RFC,WEST,ATSI,OE,7736.854,True
8/6/2024 11:00:00 AM,8/6/2024 7:00:00 AM,RFC,WEST,ATSI,OE,8069.851,True
8/6/2024 12:00:00 PM,8/6/2024 8:00:00 AM,RFC,WEST,ATSI,OE,8485.557,True
8/6/2024 1:00:00 PM,8/6/2024 9:00:00 AM,RFC,WEST,ATSI,OE,8892.822,True
8/6/2024 2:00:00 PM,8/6/2024 10:00:00 AM,RFC,WEST,ATSI,OE,9246.842,True
8/6/2024 3:00:00 PM,8/6/2024 11:00:00 AM,RFC,WEST,ATSI,OE,9547.371,True
8/6/2024 4:00:00 PM,8/6/2024 12:00:00 PM,RFC,WEST,ATSI,OE,9899.840,True
8/6/2024 5:00:00 PM,8/6/2024 1:00:00 PM,RFC,WEST,ATSI,OE,10218.244,True
8/6/2024 6:00:00 PM,8/6/2024 2:00:00 PM,RFC,WEST,ATSI,OE,10479.518,True
8/6/2024 7:00:00 PM,8/6/2024 3:00:00 PM,RFC,WEST,ATSI,OE,10525.911,True
8/6/2024 8:00:00 PM,8/6/2024 4:00:00 PM,RFC,WEST,ATSI,OE,9266.506,True
8/6/2024 9:00:00 PM,8/6/2024 5:00:00 PM,RFC,WEST,ATSI,OE,8317.581,True
8/6/2024 10:00:00 PM,8/6/2024 6:00:00 PM,RFC,WEST,ATSI,OE,7967.005,True
8/6/2024 11:00:00 PM,8/6/2024 7:00:00 PM,RFC,WEST,ATSI,OE,7788.785,True
8/7/2024 12:00:00 AM,8/6/2024 8:00:00 PM,RFC,WEST,ATSI,OE,7564.788,True
8/7/2024 1:00:00 AM,8/6/2024 9:00:00 PM,RFC,WEST,ATSI,OE,7379.780,True
8/7/2024 2:00:00 AM,8/6/2024 10:00:00 PM,RFC,WEST,ATSI,OE,7040.509,True
8/7/2024 3:00:00 AM,8/6/2024 11:00:00 PM,RFC,WEST,ATSI,OE,6668.617,True
8/7/2024 4:00:00 AM,8/7/2024 12:00:00 AM,RFC,WEST,ATSI,OE,6330.931,True
8/7/2024 5:00:00 AM,8/7/2024 1:00:00 AM,RFC,WEST,ATSI,OE,6100.473,True
8/7/2024 6:00:00 AM,8/7/2024 2:00:00 AM,RFC,WEST,ATSI,OE,5917.762,True
8/7/2024 7:00:00 AM,8/7/2024 3:00:00 AM,RFC,WEST,ATSI,OE,5827.040,True
8/7/2024 8:00:00 AM,8/7/2024 4:00:00 AM,RFC,WEST,ATSI,OE,5826.509,True
8/7/2024 9:00:00 AM,8/7/2024 5:00:00 AM,RFC,WEST,ATSI,OE,6051.205,True
8/7/2024 10:00:00 AM,8/7/2024 6:00:00 AM,RFC,WEST,ATSI,OE,6405.063,True
8/7/2024 11:00:00 AM,8/7/2024 7:00:00 AM,RFC,WEST,ATSI,OE,6618.172,True
8/7/2024 12:00:00 PM,8/7/2024 8:00:00 AM,RFC,WEST,ATSI,OE,6909.556,True
8/7/2024 1:00:00 PM,8/7/2024 9:00:00 AM,RFC,WEST,ATSI,OE,7141.086,True
8/7/2024 2:00:00 PM,8/7/2024 10:00:00 AM,RFC,WEST,ATSI,OE,7378.454,True
8/7/2024 3:00:00 PM,8/7/2024 11:00:00 AM,RFC,WEST,ATSI,OE,7580.949,True
8/7/2024 4:00:00 PM,8/7/2024 12:00:00 PM,RFC,WEST,ATSI,OE,7881.063,True
8/7/2024 5:00:00 PM,8/7/2024 1:00:00 PM,RFC,WEST,ATSI,OE,8033.995,True
8/7/2024 6:00:00 PM,8/7/2024 2:00:00 PM,RFC,WEST,ATSI,OE,8153.321,True
8/7/2024 7:00:00 PM,8/7/2024 3:00:00 PM,RFC,WEST,ATSI,OE,8078.686,True
8/7/2024 8:00:00 PM,8/7/2024 4:00:00 PM,RFC,WEST,ATSI,OE,8070.314,True
8/7/2024 9:00:00 PM,8/7/2024 5:00:00 PM,RFC,WEST,ATSI,OE,8162.378,True
8/7/2024 10:00:00 PM,8/7/2024 6:00:00 PM,RFC,WEST,ATSI,OE,8152.030,True
8/7/2024 11:00:00 PM,8/7/2024 7:00:00 PM,RFC,WEST,ATSI,OE,7988.643,True
8/8/2024 12:00:00 AM,8/7/2024 8:00:00 PM,RFC,WEST,ATSI,OE,7911.811,True
8/8/2024 1:00:00 AM,8/7/2024 9:00:00 PM,RFC,WEST,ATSI,OE,7790.029,True
8/8/2024 2:00:00 AM,8/7/2024 10:00:00 PM,RFC,WEST,ATSI,OE,7391.222,True
8/8/2024 3:00:00 AM,8/7/2024 11:00:00 PM,RFC,WEST,ATSI,OE,6969.121,True
8/8/2024 4:00:00 AM,8/8/2024 12:00:00 AM,RFC,WEST,ATSI,OE,6578.198,True
8/8/2024 5:00:00 AM,8/8/2024 1:00:00 AM,RFC,WEST,ATSI,OE,6263.049,True
8/8/2024 6:00:00 AM,8/8/2024 2:00:00 AM,RFC,WEST,ATSI,OE,6121.142,True
8/8/2024 7:00:00 AM,8/8/2024 3:00:00 AM,RFC,WEST,ATSI,OE,6066.746,True
8/8/2024 8:00:00 AM,8/8/2024 4:00:00 AM,RFC,WEST,ATSI,OE,6036.323,True
8/8/2024 9:00:00 AM,8/8/2024 5:00:00 AM,RFC,WEST,ATSI,OE,6290.234,True
8/8/2024 10:00:00 AM,8/8/2024 6:00:00 AM,RFC,WEST,ATSI,OE,6599.545,True
8/8/2024 11:00:00 AM,8/8/2024 7:00:00 AM,RFC,WEST,ATSI,OE,7008.892,True
8/8/2024 12:00:00 PM,8/8/2024 8:00:00 AM,RFC,WEST,ATSI,OE,7347.528,True
8/8/2024 1:00:00 PM,8/8/2024 9:00:00 AM,RFC,WEST,ATSI,OE,7747.165,True
8/8/2024 2:00:00 PM,8/8/2024 10:00:00 AM,RFC,WEST,ATSI,OE,8194.720,True
8/8/2024 3:00:00 PM,8/8/2024 11:00:00 AM,RFC,WEST,ATSI,OE,8643.386,True
8/8/2024 4:00:00 PM,8/8/2024 12:00:00 PM,RFC,WEST,ATSI,OE,9050.893,True
8/8/2024 5:00:00 PM,8/8/2024 1:00:00 PM,RFC,WEST,ATSI,OE,9377.407,True
8/8/2024 6:00:00 PM,8/8/2024 2:00:00 PM,RFC,WEST,ATSI,OE,9624.919,True
8/8/2024 7:00:00 PM,8/8/2024 3:00:00 PM,RFC,WEST,ATSI,OE,9885.801,True
8/8/2024 8:00:00 PM,8/8/2024 4:00:00 PM,RFC,WEST,ATSI,OE,9924.906,True
8/8/2024 9:00:00 PM,8/8/2024 5:00:00 PM,RFC,WEST,ATSI,OE,9862.831,True
8/8/2024 10:00:00 PM,8/8/2024 6:00:00 PM,RFC,WEST,ATSI,OE,9665.942,True
8/8/2024 11:00:00 PM,8/8/2024 7:00:00 PM,RFC,WEST,ATSI,OE,9406.968,True
8/9/2024 12:00:00 AM,8/8/2024 8:00:00 PM,RFC,WEST,ATSI,OE,9128.203,True
8/9/2024 1:00:00 AM,8/8/2024 9:00:00 PM,RFC,WEST,ATSI,OE,8914.783,True
8/9/2024 2:00:00 AM,8/8/2024 10:00:00 PM,RFC,WEST,ATSI,OE,8356.225,True
8/9/2024 3:00:00 AM,8/8/2024 11:00:00 PM,RFC,WEST,ATSI,OE,7860.218,True
8/9/2024 4:00:00 AM,8/9/2024 12:00:00 AM,RFC,WEST,ATSI,OE,7340.694,True
8/9/2024 5:00:00 AM,8/9/2024 1:00:00 AM,RFC,WEST,ATSI,OE,7037.574,True
8/9/2024 6:00:00 AM,8/9/2024 2:00:00 AM,RFC,WEST,ATSI,OE,6817.797,True
8/9/2024 7:00:00 AM,8/9/2024 3:00:00 AM,RFC,WEST,ATSI,OE,6673.694,True
8/9/2024 8:00:00 AM,8/9/2024 4:00:00 AM,RFC,WEST,ATSI,OE,6627.861,True
8/9/2024 9:00:00 AM,8/9/2024 5:00:00 AM,RFC,WEST,ATSI,OE,6861.184,True
8/9/2024 10:00:00 AM,8/9/2024 6:00:00 AM,RFC,WEST,ATSI,OE,7147.828,True
8/9/2024 11:00:00 AM,8/9/2024 7:00:00 AM,RFC,WEST,ATSI,OE,7507.234,True
8/9/2024 12:00:00 PM,8/9/2024 8:00:00 AM,RFC,WEST,ATSI,OE,7782.084,True
8/9/2024 1:00:00 PM,8/9/2024 9:00:00 AM,RFC,WEST,ATSI,OE,7899.939,True
8/9/2024 2:00:00 PM,8/9/2024 10:00:00 AM,RFC,WEST,ATSI,OE,8390.171,True
8/9/2024 3:00:00 PM,8/9/2024 11:00:00 AM,RFC,WEST,ATSI,OE,8700.928,True
8/9/2024 4:00:00 PM,8/9/2024 12:00:00 PM,RFC,WEST,ATSI,OE,9099.897,True
8/9/2024 5:00:00 PM,8/9/2024 1:00:00 PM,RFC,WEST,ATSI,OE,9386.215,True
8/9/2024 6:00:00 PM,8/9/2024 2:00:00 PM,RFC,WEST,ATSI,OE,9547.717,True
8/9/2024 7:00:00 PM,8/9/2024 3:00:00 PM,RFC,WEST,ATSI,OE,9595.535,True
8/9/2024 8:00:00 PM,8/9/2024 4:00:00 PM,RFC,WEST,ATSI,OE,9600.440,True
8/9/2024 9:00:00 PM,8/9/2024 5:00:00 PM,RFC,WEST,ATSI,OE,9509.012,True
8/9/2024 10:00:00 PM,8/9/2024 6:00:00 PM,RFC,WEST,ATSI,OE,9263.486,True
8/9/2024 11:00:00 PM,8/9/2024 7:00:00 PM,RFC,WEST,ATSI,OE,8801.293,True
8/10/2024 12:00:00 AM,8/9/2024 8:00:00 PM,RFC,WEST,ATSI,OE,8335.363,True
8/10/2024 1:00:00 AM,8/9/2024 9:00:00 PM,RFC,WEST,ATSI,OE,8070.240,True
8/10/2024 2:00:00 AM,8/9/2024 10:00:00 PM,RFC,WEST,ATSI,OE,7459.875,True
8/10/2024 3:00:00 AM,8/9/2024 11:00:00 PM,RFC,WEST,ATSI,OE,6958.777,True
8/10/2024 4:00:00 AM,8/10/2024 12:00:00 AM,RFC,WEST,ATSI,OE,6461.238,True
8/10/2024 5:00:00 AM,8/10/2024 1:00:00 AM,RFC,WEST,ATSI,OE,6209.388,True
8/10/2024 6:00:00 AM,8/10/2024 2:00:00 AM,RFC,WEST,ATSI,OE,5914.421,True
8/10/2024 7:00:00 AM,8/10/2024 3:00:00 AM,RFC,WEST,ATSI,OE,5717.557,True
8/10/2024 8:00:00 AM,8/10/2024 4:00:00 AM,RFC,WEST,ATSI,OE,5629.287,True
8/10/2024 9:00:00 AM,8/10/2024 5:00:00 AM,RFC,WEST,ATSI,OE,5645.812,True
8/10/2024 10:00:00 AM,8/10/2024 6:00:00 AM,RFC,WEST,ATSI,OE,5720.816,True
8/10/2024 11:00:00 AM,8/10/2024 7:00:00 AM,RFC,WEST,ATSI,OE,5848.395,True
8/10/2024 12:00:00 PM,8/10/2024 8:00:00 AM,RFC,WEST,ATSI,OE,6128.355,True
8/10/2024 1:00:00 PM,8/10/2024 9:00:00 AM,RFC,WEST,ATSI,OE,6479.069,True
8/10/2024 2:00:00 PM,8/10/2024 10:00:00 AM,RFC,WEST,ATSI,OE,6742.074,True
8/10/2024 3:00:00 PM,8/10/2024 11:00:00 AM,RFC,WEST,ATSI,OE,6821.070,True
8/10/2024 4:00:00 PM,8/10/2024 12:00:00 PM,RFC,WEST,ATSI,OE,7045.214,True
8/10/2024 5:00:00 PM,8/10/2024 1:00:00 PM,RFC,WEST,ATSI,OE,7187.803,True
8/10/2024 6:00:00 PM,8/10/2024 2:00:00 PM,RFC,WEST,ATSI,OE,7370.527,True
8/10/2024 7:00:00 PM,8/10/2024 3:00:00 PM,RFC,WEST,ATSI,OE,7481.605,True
8/10/2024 8:00:00 PM,8/10/2024 4:00:00 PM,RFC,WEST,ATSI,OE,7625.803,True
8/10/2024 9:00:00 PM,8/10/2024 5:00:00 PM,RFC,WEST,ATSI,OE,7589.420,True
8/10/2024 10:00:00 PM,8/10/2024 6:00:00 PM,RFC,WEST,ATSI,OE,7431.008,True
8/10/2024 11:00:00 PM,8/10/2024 7:00:00 PM,RFC,WEST,ATSI,OE,7165.319,True
8/11/2024 12:00:00 AM,8/10/2024 8:00:00 PM,RFC,WEST,ATSI,OE,6967.754,True
8/11/2024 1:00:00 AM,8/10/2024 9:00:00 PM,RFC,WEST,ATSI,OE,6818.989,True
8/11/2024 2:00:00 AM,8/10/2024 10:00:00 PM,RFC,WEST,ATSI,OE,6564.366,True
8/11/2024 3:00:00 AM,8/10/2024 11:00:00 PM,RFC,WEST,ATSI,OE,6204.465,True
8/11/2024 4:00:00 AM,8/11/2024 12:00:00 AM,RFC,WEST,ATSI,OE,5833.180,True
8/11/2024 5:00:00 AM,8/11/2024 1:00:00 AM,RFC,WEST,ATSI,OE,5619.775,True
8/11/2024 6:00:00 AM,8/11/2024 2:00:00 AM,RFC,WEST,ATSI,OE,5446.807,True
8/11/2024 7:00:00 AM,8/11/2024 3:00:00 AM,RFC,WEST,ATSI,OE,5352.746,True
8/11/2024 8:00:00 AM,8/11/2024 4:00:00 AM,RFC,WEST,ATSI,OE,5197.056,True
8/11/2024 9:00:00 AM,8/11/2024 5:00:00 AM,RFC,WEST,ATSI,OE,5268.719,True
8/11/2024 10:00:00 AM,8/11/2024 6:00:00 AM,RFC,WEST,ATSI,OE,5285.898,True
8/11/2024 11:00:00 AM,8/11/2024 7:00:00 AM,RFC,WEST,ATSI,OE,5343.553,True
8/11/2024 12:00:00 PM,8/11/2024 8:00:00 AM,RFC,WEST,ATSI,OE,5598.218,True
8/11/2024 1:00:00 PM,8/11/2024 9:00:00 AM,RFC,WEST,ATSI,OE,5937.274,True
8/11/2024 2:00:00 PM,8/11/2024 10:00:00 AM,RFC,WEST,ATSI,OE,6239.740,True
8/11/2024 3:00:00 PM,8/11/2024 11:00:00 AM,RFC,WEST,ATSI,OE,6500.344,True
8/11/2024 4:00:00 PM,8/11/2024 12:00:00 PM,RFC,WEST,ATSI,OE,6756.351,True
8/11/2024 5:00:00 PM,8/11/2024 1:00:00 PM,RFC,WEST,ATSI,OE,6969.986,True
8/11/2024 6:00:00 PM,8/11/2024 2:00:00 PM,RFC,WEST,ATSI,OE,7151.528,True
8/11/2024 7:00:00 PM,8/11/2024 3:00:00 PM,RFC,WEST,ATSI,OE,7271.788,True
8/11/2024 8:00:00 PM,8/11/2024 4:00:00 PM,RFC,WEST,ATSI,OE,7436.849,True
8/11/2024 9:00:00 PM,8/11/2024 5:00:00 PM,RFC,WEST,ATSI,OE,7644.455,True
8/11/2024 10:00:00 PM,8/11/2024 6:00:00 PM,RFC,WEST,ATSI,OE,7643.561,True
8/11/2024 11:00:00 PM,8/11/2024 7:00:00 PM,RFC,WEST,ATSI,OE,7467.901,True
8/12/2024 12:00:00 AM,8/11/2024 8:00:00 PM,RFC,WEST,ATSI,OE,7298.165,True
8/12/2024 1:00:00 AM,8/11/2024 9:00:00 PM,RFC,WEST,ATSI,OE,7196.089,True
8/12/2024 2:00:00 AM,8/11/2024 10:00:00 PM,RFC,WEST,ATSI,OE,6815.824,True
8/12/2024 3:00:00 AM,8/11/2024 11:00:00 PM,RFC,WEST,ATSI,OE,6438.089,True
8/12/2024 4:00:00 AM,8/12/2024 12:00:00 AM,RFC,WEST,ATSI,OE,6151.960,True
8/12/2024 5:00:00 AM,8/12/2024 1:00:00 AM,RFC,WEST,ATSI,OE,5881.351,True
8/12/2024 6:00:00 AM,8/12/2024 2:00:00 AM,RFC,WEST,ATSI,OE,5747.017,True
8/12/2024 7:00:00 AM,8/12/2024 3:00:00 AM,RFC,WEST,ATSI,OE,5676.127,True
8/12/2024 8:00:00 AM,8/12/2024 4:00:00 AM,RFC,WEST,ATSI,OE,5633.260,True
8/12/2024 9:00:00 AM,8/12/2024 5:00:00 AM,RFC,WEST,ATSI,OE,5916.556,True
8/12/2024 10:00:00 AM,8/12/2024 6:00:00 AM,RFC,WEST,ATSI,OE,6249.451,True
8/12/2024 11:00:00 AM,8/12/2024 7:00:00 AM,RFC,WEST,ATSI,OE,6610.205,True
8/12/2024 12:00:00 PM,8/12/2024 8:00:00 AM,RFC,WEST,ATSI,OE,6916.300,True
8/12/2024 1:00:00 PM,8/12/2024 9:00:00 AM,RFC,WEST,ATSI,OE,7307.434,True
8/12/2024 2:00:00 PM,8/12/2024 10:00:00 AM,RFC,WEST,ATSI,OE,7681.296,True
8/12/2024 3:00:00 PM,8/12/2024 11:00:00 AM,RFC,WEST,ATSI,OE,7985.513,True
8/12/2024 4:00:00 PM,8/12/2024 12:00:00 PM,RFC,WEST,ATSI,OE,8225.855,True
8/12/2024 5:00:00 PM,8/12/2024 1:00:00 PM,RFC,WEST,ATSI,OE,8547.258,True
8/12/2024 6:00:00 PM,8/12/2024 2:00:00 PM,RFC,WEST,ATSI,OE,8707.648,True
8/12/2024 7:00:00 PM,8/12/2024 3:00:00 PM,RFC,WEST,ATSI,OE,8829.837,True
8/12/2024 8:00:00 PM,8/12/2024 4:00:00 PM,RFC,WEST,ATSI,OE,8932.735,True
8/12/2024 9:00:00 PM,8/12/2024 5:00:00 PM,RFC,WEST,ATSI,OE,8890.955,True
8/12/2024 10:00:00 PM,8/12/2024 6:00:00 PM,RFC,WEST,ATSI,OE,8864.256,True
8/12/2024 11:00:00 PM,8/12/2024 7:00:00 PM,RFC,WEST,ATSI,OE,8571.014,True
8/13/2024 12:00:00 AM,8/12/2024 8:00:00 PM,RFC,WEST,ATSI,OE,8186.215,True
8/13/2024 1:00:00 AM,8/12/2024 9:00:00 PM,RFC,WEST,ATSI,OE,7904.472,True
8/13/2024 2:00:00 AM,8/12/2024 10:00:00 PM,RFC,WEST,ATSI,OE,7408.868,True
8/13/2024 3:00:00 AM,8/12/2024 11:00:00 PM,RFC,WEST,ATSI,OE,6880.262,True
8/13/2024 4:00:00 AM,8/13/2024 12:00:00 AM,RFC,WEST,ATSI,OE,6502.764,True
8/13/2024 5:00:00 AM,8/13/2024 1:00:00 AM,RFC,WEST,ATSI,OE,6270.289,True
8/13/2024 6:00:00 AM,8/13/2024 2:00:00 AM,RFC,WEST,ATSI,OE,6029.401,True
8/13/2024 7:00:00 AM,8/13/2024 3:00:00 AM,RFC,WEST,ATSI,OE,5961.013,True
8/13/2024 8:00:00 AM,8/13/2024 4:00:00 AM,RFC,WEST,ATSI,OE,5950.141,True
8/13/2024 9:00:00 AM,8/13/2024 5:00:00 AM,RFC,WEST,ATSI,OE,6165.654,True
8/13/2024 10:00:00 AM,8/13/2024 6:00:00 AM,RFC,WEST,ATSI,OE,6500.624,True
8/13/2024 11:00:00 AM,8/13/2024 7:00:00 AM,RFC,WEST,ATSI,OE,6832.281,True
8/13/2024 12:00:00 PM,8/13/2024 8:00:00 AM,RFC,WEST,ATSI,OE,7259.654,True
8/13/2024 1:00:00 PM,8/13/2024 9:00:00 AM,RFC,WEST,ATSI,OE,7654.840,True
8/13/2024 2:00:00 PM,8/13/2024 10:00:00 AM,RFC,WEST,ATSI,OE,7936.514,True
8/13/2024 3:00:00 PM,8/13/2024 11:00:00 AM,RFC,WEST,ATSI,OE,8276.551,True
8/13/2024 4:00:00 PM,8/13/2024 12:00:00 PM,RFC,WEST,ATSI,OE,8664.847,True
8/13/2024 5:00:00 PM,8/13/2024 1:00:00 PM,RFC,WEST,ATSI,OE,9009.146,True
8/13/2024 6:00:00 PM,8/13/2024 2:00:00 PM,RFC,WEST,ATSI,OE,9243.004,True
8/13/2024 7:00:00 PM,8/13/2024 3:00:00 PM,RFC,WEST,ATSI,OE,9378.662,True
8/13/2024 8:00:00 PM,8/13/2024 4:00:00 PM,RFC,WEST,ATSI,OE,9522.329,True
8/13/2024 9:00:00 PM,8/13/2024 5:00:00 PM,RFC,WEST,ATSI,OE,9461.034,True
8/13/2024 10:00:00 PM,8/13/2024 6:00:00 PM,RFC,WEST,ATSI,OE,9390.640,True
8/13/2024 11:00:00 PM,8/13/2024 7:00:00 PM,RFC,WEST,ATSI,OE,8999.777,True
8/14/2024 12:00:00 AM,8/13/2024 8:00:00 PM,RFC,WEST,ATSI,OE,8632.401,True
8/14/2024 1:00:00 AM,8/13/2024 9:00:00 PM,RFC,WEST,ATSI,OE,8317.975,True
8/14/2024 2:00:00 AM,8/13/2024 10:00:00 PM,RFC,WEST,ATSI,OE,7663.646,True
8/14/2024 3:00:00 AM,8/13/2024 11:00:00 PM,RFC,WEST,ATSI,OE,7171.056,True
8/14/2024 4:00:00 AM,8/14/2024 12:00:00 AM,RFC,WEST,ATSI,OE,6736.411,True
8/14/2024 5:00:00 AM,8/14/2024 1:00:00 AM,RFC,WEST,ATSI,OE,6367.940,True
8/14/2024 6:00:00 AM,8/14/2024 2:00:00 AM,RFC,WEST,ATSI,OE,6110.890,True
8/14/2024 7:00:00 AM,8/14/2024 3:00:00 AM,RFC,WEST,ATSI,OE,6019.572,True
8/14/2024 8:00:00 AM,8/14/2024 4:00:00 AM,RFC,WEST,ATSI,OE,6039.730,True
8/14/2024 9:00:00 AM,8/14/2024 5:00:00 AM,RFC,WEST,ATSI,OE,6232.333,True
8/14/2024 10:00:00 AM,8/14/2024 6:00:00 AM,RFC,WEST,ATSI,OE,6510.330,True
8/14/2024 11:00:00 AM,8/14/2024 7:00:00 AM,RFC,WEST,ATSI,OE,6808.315,True
8/14/2024 12:00:00 PM,8/14/2024 8:00:00 AM,RFC,WEST,ATSI,OE,7176.407,True
8/14/2024 1:00:00 PM,8/14/2024 9:00:00 AM,RFC,WEST,ATSI,OE,7506.319,True
8/14/2024 2:00:00 PM,8/14/2024 10:00:00 AM,RFC,WEST,ATSI,OE,7900.964,True
8/14/2024 3:00:00 PM,8/14/2024 11:00:00 AM,RFC,WEST,ATSI,OE,8307.964,True
8/14/2024 4:00:00 PM,8/14/2024 12:00:00 PM,RFC,WEST,ATSI,OE,8674.760,True
8/14/2024 5:00:00 PM,8/14/2024 1:00:00 PM,RFC,WEST,ATSI,OE,9062.462,True
8/14/2024 6:00:00 PM,8/14/2024 2:00:00 PM,RFC,WEST,ATSI,OE,9337.244,True
8/14/2024 7:00:00 PM,8/14/2024 3:00:00 PM,RFC,WEST,ATSI,OE,9519.879,True
8/14/2024 8:00:00 PM,8/14/2024 4:00:00 PM,RFC,WEST,ATSI,OE,9691.986,True
8/14/2024 9:00:00 PM,8/14/2024 5:00:00 PM,RFC,WEST,ATSI,OE,9690.516,True
8/14/2024 10:00:00 PM,8/14/2024 6:00:00 PM,RFC,WEST,ATSI,OE,9515.185,True
8/14/2024 11:00:00 PM,8/14/2024 7:00:00 PM,RFC,WEST,ATSI,OE,9176.342,True
8/15/2024 12:00:00 AM,8/14/2024 8:00:00 PM,RFC,WEST,ATSI,OE,8812.458,True
8/15/2024 1:00:00 AM,8/14/2024 9:00:00 PM,RFC,WEST,ATSI,OE,8449.610,True
8/15/2024 2:00:00 AM,8/14/2024 10:00:00 PM,RFC,WEST,ATSI,OE,7855.255,True
8/15/2024 3:00:00 AM,8/14/2024 11:00:00 PM,RFC,WEST,ATSI,OE,7201.531,True
8/15/2024 4:00:00 AM,8/15/2024 12:00:00 AM,RFC,WEST,ATSI,OE,6820.404,True
8/15/2024 5:00:00 AM,8/15/2024 1:00:00 AM,RFC,WEST,ATSI,OE,6469.538,True
8/15/2024 6:00:00 AM,8/15/2024 2:00:00 AM,RFC,WEST,ATSI,OE,6238.214,True
8/15/2024 7:00:00 AM,8/15/2024 3:00:00 AM,RFC,WEST,ATSI,OE,6026.196,True
8/15/2024 8:00:00 AM,8/15/2024 4:00:00 AM,RFC,WEST,ATSI,OE,6069.382,True
8/15/2024 9:00:00 AM,8/15/2024 5:00:00 AM,RFC,WEST,ATSI,OE,6232.421,True
8/15/2024 10:00:00 AM,8/15/2024 6:00:00 AM,RFC,WEST,ATSI,OE,6573.537,True
8/15/2024 11:00:00 AM,8/15/2024 7:00:00 AM,RFC,WEST,ATSI,OE,6920.205,True
8/15/2024 12:00:00 PM,8/15/2024 8:00:00 AM,RFC,WEST,ATSI,OE,7326.021,True
8/15/2024 1:00:00 PM,8/15/2024 9:00:00 AM,RFC,WEST,ATSI,OE,7711.915,True
8/15/2024 2:00:00 PM,8/15/2024 10:00:00 AM,RFC,WEST,ATSI,OE,8109.401,True
8/15/2024 3:00:00 PM,8/15/2024 11:00:00 AM,RFC,WEST,ATSI,OE,8565.675,True
8/15/2024 4:00:00 PM,8/15/2024 12:00:00 PM,RFC,WEST,ATSI,OE,8943.062,True
8/15/2024 5:00:00 PM,8/15/2024 1:00:00 PM,RFC,WEST,ATSI,OE,9402.673,True
8/15/2024 6:00:00 PM,8/15/2024 2:00:00 PM,RFC,WEST,ATSI,OE,9675.428,True
8/15/2024 7:00:00 PM,8/15/2024 3:00:00 PM,RFC,WEST,ATSI,OE,9635.344,True
8/15/2024 8:00:00 PM,8/15/2024 4:00:00 PM,RFC,WEST,ATSI,OE,9680.328,True
8/15/2024 9:00:00 PM,8/15/2024 5:00:00 PM,RFC,WEST,ATSI,OE,9619.595,True
8/15/2024 10:00:00 PM,8/15/2024 6:00:00 PM,RFC,WEST,ATSI,OE,9328.891,True
8/15/2024 11:00:00 PM,8/15/2024 7:00:00 PM,RFC,WEST,ATSI,OE,9000.131,True
8/16/2024 12:00:00 AM,8/15/2024 8:00:00 PM,RFC,WEST,ATSI,OE,8814.964,True
8/16/2024 1:00:00 AM,8/15/2024 9:00:00 PM,RFC,WEST,ATSI,OE,8466.302,True
8/16/2024 2:00:00 AM,8/15/2024 10:00:00 PM,RFC,WEST,ATSI,OE,7924.841,True
8/16/2024 3:00:00 AM,8/15/2024 11:00:00 PM,RFC,WEST,ATSI,OE,7539.610,True
8/16/2024 4:00:00 AM,8/16/2024 12:00:00 AM,RFC,WEST,ATSI,OE,7182.249,True
8/16/2024 5:00:00 AM,8/16/2024 1:00:00 AM,RFC,WEST,ATSI,OE,6851.464,True
8/16/2024 6:00:00 AM,8/16/2024 2:00:00 AM,RFC,WEST,ATSI,OE,6601.827,True
8/16/2024 7:00:00 AM,8/16/2024 3:00:00 AM,RFC,WEST,ATSI,OE,6474.869,True
8/16/2024 8:00:00 AM,8/16/2024 4:00:00 AM,RFC,WEST,ATSI,OE,6530.186,True
8/16/2024 9:00:00 AM,8/16/2024 5:00:00 AM,RFC,WEST,ATSI,OE,6709.146,True
8/16/2024 10:00:00 AM,8/16/2024 6:00:00 AM,RFC,WEST,ATSI,OE,7076.243,True
8/16/2024 11:00:00 AM,8/16/2024 7:00:00 AM,RFC,WEST,ATSI,OE,7328.239,True
8/16/2024 12:00:00 PM,8/16/2024 8:00:00 AM,RFC,WEST,ATSI,OE,7601.581,True
8/16/2024 1:00:00 PM,8/16/2024 9:00:00 AM,RFC,WEST,ATSI,OE,7825.130,True
8/16/2024 2:00:00 PM,8/16/2024 10:00:00 AM,RFC,WEST,ATSI,OE,8238.552,True
8/16/2024 3:00:00 PM,8/16/2024 11:00:00 AM,RFC,WEST,ATSI,OE,8441.690,True
8/16/2024 4:00:00 PM,8/16/2024 12:00:00 PM,RFC,WEST,ATSI,OE,8696.820,True
8/16/2024 5:00:00 PM,8/16/2024 1:00:00 PM,RFC,WEST,ATSI,OE,9045.274,True
8/16/2024 6:00:00 PM,8/16/2024 2:00:00 PM,RFC,WEST,ATSI,OE,9223.607,True
8/16/2024 7:00:00 PM,8/16/2024 3:00:00 PM,RFC,WEST,ATSI,OE,9480.016,True
8/16/2024 8:00:00 PM,8/16/2024 4:00:00 PM,RFC,WEST,ATSI,OE,9743.913,True
8/16/2024 9:00:00 PM,8/16/2024 5:00:00 PM,RFC,WEST,ATSI,OE,9802.445,True
8/16/2024 10:00:00 PM,8/16/2024 6:00:00 PM,RFC,WEST,ATSI,OE,9685.660,True
8/16/2024 11:00:00 PM,8/16/2024 7:00:00 PM,RFC,WEST,ATSI,OE,9374.702,True
8/17/2024 12:00:00 AM,8/16/2024 8:00:00 PM,RFC,WEST,ATSI,OE,9054.051,True
8/17/2024 1:00:00 AM,8/16/2024 9:00:00 PM,RFC,WEST,ATSI,OE,8729.865,True
8/17/2024 2:00:00 AM,8/16/2024 10:00:00 PM,RFC,WEST,ATSI,OE,8277.448,True
8/17/2024 3:00:00 AM,8/16/2024 11:00:00 PM,RFC,WEST,ATSI,OE,7754.632,True
8/17/2024 4:00:00 AM,8/17/2024 12:00:00 AM,RFC,WEST,ATSI,OE,7262.479,True
8/17/2024 5:00:00 AM,8/17/2024 1:00:00 AM,RFC,WEST,ATSI,OE,6921.428,True
8/17/2024 6:00:00 AM,8/17/2024 2:00:00 AM,RFC,WEST,ATSI,OE,6722.623,True
8/17/2024 7:00:00 AM,8/17/2024 3:00:00 AM,RFC,WEST,ATSI,OE,6492.291,True
8/17/2024 8:00:00 AM,8/17/2024 4:00:00 AM,RFC,WEST,ATSI,OE,6388.748,True
8/17/2024 9:00:00 AM,8/17/2024 5:00:00 AM,RFC,WEST,ATSI,OE,6406.998,True
8/17/2024 10:00:00 AM,8/17/2024 6:00:00 AM,RFC,WEST,ATSI,OE,6523.017,True
8/17/2024 11:00:00 AM,8/17/2024 7:00:00 AM,RFC,WEST,ATSI,OE,6650.813,True
8/17/2024 12:00:00 PM,8/17/2024 8:00:00 AM,RFC,WEST,ATSI,OE,7035.088,True
8/17/2024 1:00:00 PM,8/17/2024 9:00:00 AM,RFC,WEST,ATSI,OE,7590.035,True
8/17/2024 2:00:00 PM,8/17/2024 10:00:00 AM,RFC,WEST,ATSI,OE,8153.996,True
8/17/2024 3:00:00 PM,8/17/2024 11:00:00 AM,RFC,WEST,ATSI,OE,8690.559,True
8/17/2024 4:00:00 PM,8/17/2024 12:00:00 PM,RFC,WEST,ATSI,OE,9141.626,True
8/17/2024 5:00:00 PM,8/17/2024 1:00:00 PM,RFC,WEST,ATSI,OE,9405.635,True
8/17/2024 6:00:00 PM,8/17/2024 2:00:00 PM,RFC,WEST,ATSI,OE,9522.662,True
8/17/2024 7:00:00 PM,8/17/2024 3:00:00 PM,RFC,WEST,ATSI,OE,9626.433,True
8/17/2024 8:00:00 PM,8/17/2024 4:00:00 PM,RFC,WEST,ATSI,OE,9456.593,True
8/17/2024 9:00:00 PM,8/17/2024 5:00:00 PM,RFC,WEST,ATSI,OE,9385.512,True
8/17/2024 10:00:00 PM,8/17/2024 6:00:00 PM,RFC,WEST,ATSI,OE,9023.923,True
8/17/2024 11:00:00 PM,8/17/2024 7:00:00 PM,RFC,WEST,ATSI,OE,8533.729,True
8/18/2024 12:00:00 AM,8/17/2024 8:00:00 PM,RFC,WEST,ATSI,OE,8140.358,True
8/18/2024 1:00:00 AM,8/17/2024 9:00:00 PM,RFC,WEST,ATSI,OE,7903.055,True
8/18/2024 2:00:00 AM,8/17/2024 10:00:00 PM,RFC,WEST,ATSI,OE,7400.310,True
8/18/2024 3:00:00 AM,8/17/2024 11:00:00 PM,RFC,WEST,ATSI,OE,7012.055,True
8/18/2024 4:00:00 AM,8/18/2024 12:00:00 AM,RFC,WEST,ATSI,OE,6625.776,True
8/18/2024 5:00:00 AM,8/18/2024 1:00:00 AM,RFC,WEST,ATSI,OE,6275.479,True
8/18/2024 6:00:00 AM,8/18/2024 2:00:00 AM,RFC,WEST,ATSI,OE,6078.340,True
8/18/2024 7:00:00 AM,8/18/2024 3:00:00 AM,RFC,WEST,ATSI,OE,5871.718,True
8/18/2024 8:00:00 AM,8/18/2024 4:00:00 AM,RFC,WEST,ATSI,OE,5852.421,True
8/18/2024 9:00:00 AM,8/18/2024 5:00:00 AM,RFC,WEST,ATSI,OE,5840.922,True
8/18/2024 10:00:00 AM,8/18/2024 6:00:00 AM,RFC,WEST,ATSI,OE,5916.223,True
8/18/2024 11:00:00 AM,8/18/2024 7:00:00 AM,RFC,WEST,ATSI,OE,5968.813,True
8/18/2024 12:00:00 PM,8/18/2024 8:00:00 AM,RFC,WEST,ATSI,OE,6289.652,True
8/18/2024 1:00:00 PM,8/18/2024 9:00:00 AM,RFC,WEST,ATSI,OE,6614.760,True
8/18/2024 2:00:00 PM,8/18/2024 10:00:00 AM,RFC,WEST,ATSI,OE,6892.200,True
8/18/2024 3:00:00 PM,8/18/2024 11:00:00 AM,RFC,WEST,ATSI,OE,7217.542,True
8/18/2024 4:00:00 PM,8/18/2024 12:00:00 PM,RFC,WEST,ATSI,OE,7496.870,True
8/18/2024 5:00:00 PM,8/18/2024 1:00:00 PM,RFC,WEST,ATSI,OE,7718.004,True
8/18/2024 6:00:00 PM,8/18/2024 2:00:00 PM,RFC,WEST,ATSI,OE,8026.877,True
8/18/2024 7:00:00 PM,8/18/2024 3:00:00 PM,RFC,WEST,ATSI,OE,8357.530,True
8/18/2024 8:00:00 PM,8/18/2024 4:00:00 PM,RFC,WEST,ATSI,OE,8488.033,True
8/18/2024 9:00:00 PM,8/18/2024 5:00:00 PM,RFC,WEST,ATSI,OE,8684.839,True
8/18/2024 10:00:00 PM,8/18/2024 6:00:00 PM,RFC,WEST,ATSI,OE,8542.227,True
8/18/2024 11:00:00 PM,8/18/2024 7:00:00 PM,RFC,WEST,ATSI,OE,8302.752,True
8/19/2024 12:00:00 AM,8/18/2024 8:00:00 PM,RFC,WEST,ATSI,OE,8060.277,True
8/19/2024 1:00:00 AM,8/18/2024 9:00:00 PM,RFC,WEST,ATSI,OE,7823.930,True
8/19/2024 2:00:00 AM,8/18/2024 10:00:00 PM,RFC,WEST,ATSI,OE,7428.534,True
8/19/2024 3:00:00 AM,8/18/2024 11:00:00 PM,RFC,WEST,ATSI,OE,6948.829,True
8/19/2024 4:00:00 AM,8/19/2024 12:00:00 AM,RFC,WEST,ATSI,OE,6575.305,True
8/19/2024 5:00:00 AM,8/19/2024 1:00:00 AM,RFC,WEST,ATSI,OE,6273.020,True
8/19/2024 6:00:00 AM,8/19/2024 2:00:00 AM,RFC,WEST,ATSI,OE,6101.613,True
8/19/2024 7:00:00 AM,8/19/2024 3:00:00 AM,RFC,WEST,ATSI,OE,5985.649,True
8/19/2024 8:00:00 AM,8/19/2024 4:00:00 AM,RFC,WEST,ATSI,OE,6108.731,True
8/19/2024 9:00:00 AM,8/19/2024 5:00:00 AM,RFC,WEST,ATSI,OE,6304.605,True
8/19/2024 10:00:00 AM,8/19/2024 6:00:00 AM,RFC,WEST,ATSI,OE,6761.708,True
8/19/2024 11:00:00 AM,8/19/2024 7:00:00 AM,RFC,WEST,ATSI,OE,7113.939,True
8/19/2024 12:00:00 PM,8/19/2024 8:00:00 AM,RFC,WEST,ATSI,OE,7374.970,True
8/19/2024 1:00:00 PM,8/19/2024 9:00:00 AM,RFC,WEST,ATSI,OE,7503.238,True
8/19/2024 2:00:00 PM,8/19/2024 10:00:00 AM,RFC,WEST,ATSI,OE,7680.633,True
8/19/2024 3:00:00 PM,8/19/2024 11:00:00 AM,RFC,WEST,ATSI,OE,7644.254,True
8/19/2024 4:00:00 PM,8/19/2024 12:00:00 PM,RFC,WEST,ATSI,OE,7686.615,True
8/19/2024 5:00:00 PM,8/19/2024 1:00:00 PM,RFC,WEST,ATSI,OE,7740.883,True
8/19/2024 6:00:00 PM,8/19/2024 2:00:00 PM,RFC,WEST,ATSI,OE,7797.851,True
8/19/2024 7:00:00 PM,8/19/2024 3:00:00 PM,RFC,WEST,ATSI,OE,7729.979,True
8/19/2024 8:00:00 PM,8/19/2024 4:00:00 PM,RFC,WEST,ATSI,OE,7707.784,True
8/19/2024 9:00:00 PM,8/19/2024 5:00:00 PM,RFC,WEST,ATSI,OE,7582.492,True
8/19/2024 10:00:00 PM,8/19/2024 6:00:00 PM,RFC,WEST,ATSI,OE,7452.820,True
8/19/2024 11:00:00 PM,8/19/2024 7:00:00 PM,RFC,WEST,ATSI,OE,7283.798,True
8/20/2024 12:00:00 AM,8/19/2024 8:00:00 PM,RFC,WEST,ATSI,OE,7277.736,True
8/20/2024 1:00:00 AM,8/19/2024 9:00:00 PM,RFC,WEST,ATSI,OE,7098.039,True
8/20/2024 2:00:00 AM,8/19/2024 10:00:00 PM,RFC,WEST,ATSI,OE,6661.774,True
8/20/2024 3:00:00 AM,8/19/2024 11:00:00 PM,RFC,WEST,ATSI,OE,6276.342,True
8/20/2024 4:00:00 AM,8/20/2024 12:00:00 AM,RFC,WEST,ATSI,OE,5995.579,True
8/20/2024 5:00:00 AM,8/20/2024 1:00:00 AM,RFC,WEST,ATSI,OE,5747.757,True
8/20/2024 6:00:00 AM,8/20/2024 2:00:00 AM,RFC,WEST,ATSI,OE,5673.284,True
8/20/2024 7:00:00 AM,8/20/2024 3:00:00 AM,RFC,WEST,ATSI,OE,5636.441,True
8/20/2024 8:00:00 AM,8/20/2024 4:00:00 AM,RFC,WEST,ATSI,OE,5720.271,True
8/20/2024 9:00:00 AM,8/20/2024 5:00:00 AM,RFC,WEST,ATSI,OE,5941.803,True
8/20/2024 10:00:00 AM,8/20/2024 6:00:00 AM,RFC,WEST,ATSI,OE,6271.673,True
8/20/2024 11:00:00 AM,8/20/2024 7:00:00 AM,RFC,WEST,ATSI,OE,6626.653,True
8/20/2024 12:00:00 PM,8/20/2024 8:00:00 AM,RFC,WEST,ATSI,OE,6859.375,True
8/20/2024 1:00:00 PM,8/20/2024 9:00:00 AM,RFC,WEST,ATSI,OE,6999.874,True
8/20/2024 2:00:00 PM,8/20/2024 10:00:00 AM,RFC,WEST,ATSI,OE,7139.533,True
8/20/2024 3:00:00 PM,8/20/2024 11:00:00 AM,RFC,WEST,ATSI,OE,7188.482,True
8/20/2024 4:00:00 PM,8/20/2024 12:00:00 PM,RFC,WEST,ATSI,OE,7276.518,True
8/20/2024 5:00:00 PM,8/20/2024 1:00:00 PM,RFC,WEST,ATSI,OE,7405.386,True
8/20/2024 6:00:00 PM,8/20/2024 2:00:00 PM,RFC,WEST,ATSI,OE,7427.810,True
8/20/2024 7:00:00 PM,8/20/2024 3:00:00 PM,RFC,WEST,ATSI,OE,7343.425,True
8/20/2024 8:00:00 PM,8/20/2024 4:00:00 PM,RFC,WEST,ATSI,OE,7391.951,True
8/20/2024 9:00:00 PM,8/20/2024 5:00:00 PM,RFC,WEST,ATSI,OE,7352.672,True
8/20/2024 10:00:00 PM,8/20/2024 6:00:00 PM,RFC,WEST,ATSI,OE,7260.532,True
8/20/2024 11:00:00 PM,8/20/2024 7:00:00 PM,RFC,WEST,ATSI,OE,7168.426,True
8/21/2024 12:00:00 AM,8/20/2024 8:00:00 PM,RFC,WEST,ATSI,OE,7171.800,True
8/21/2024 1:00:00 AM,8/20/2024 9:00:00 PM,RFC,WEST,ATSI,OE,6953.789,True
8/21/2024 2:00:00 AM,8/20/2024 10:00:00 PM,RFC,WEST,ATSI,OE,6571.172,True
8/21/2024 3:00:00 AM,8/20/2024 11:00:00 PM,RFC,WEST,ATSI,OE,6171.820,True
8/21/2024 4:00:00 AM,8/21/2024 12:00:00 AM,RFC,WEST,ATSI,OE,5912.234,True
8/21/2024 5:00:00 AM,8/21/2024 1:00:00 AM,RFC,WEST,ATSI,OE,5709.345,True
8/21/2024 6:00:00 AM,8/21/2024 2:00:00 AM,RFC,WEST,ATSI,OE,5579.343,True
8/21/2024 7:00:00 AM,8/21/2024 3:00:00 AM,RFC,WEST,ATSI,OE,5439.061,True
8/21/2024 8:00:00 AM,8/21/2024 4:00:00 AM,RFC,WEST,ATSI,OE,5498.125,True
8/21/2024 9:00:00 AM,8/21/2024 5:00:00 AM,RFC,WEST,ATSI,OE,5710.745,True
8/21/2024 10:00:00 AM,8/21/2024 6:00:00 AM,RFC,WEST,ATSI,OE,6084.910,True
8/21/2024 11:00:00 AM,8/21/2024 7:00:00 AM,RFC,WEST,ATSI,OE,6366.847,True
8/21/2024 12:00:00 PM,8/21/2024 8:00:00 AM,RFC,WEST,ATSI,OE,6604.119,True
8/21/2024 1:00:00 PM,8/21/2024 9:00:00 AM,RFC,WEST,ATSI,OE,6772.498,True
8/21/2024 2:00:00 PM,8/21/2024 10:00:00 AM,RFC,WEST,ATSI,OE,6922.611,True
8/21/2024 3:00:00 PM,8/21/2024 11:00:00 AM,RFC,WEST,ATSI,OE,6983.304,True
8/21/2024 4:00:00 PM,8/21/2024 12:00:00 PM,RFC,WEST,ATSI,OE,7090.219,True
8/21/2024 5:00:00 PM,8/21/2024 1:00:00 PM,RFC,WEST,ATSI,OE,7184.648,True
8/21/2024 6:00:00 PM,8/21/2024 2:00:00 PM,RFC,WEST,ATSI,OE,7171.855,True
8/21/2024 7:00:00 PM,8/21/2024 3:00:00 PM,RFC,WEST,ATSI,OE,7169.882,True
8/21/2024 8:00:00 PM,8/21/2024 4:00:00 PM,RFC,WEST,ATSI,OE,7269.198,True
8/21/2024 9:00:00 PM,8/21/2024 5:00:00 PM,RFC,WEST,ATSI,OE,7248.868,True
8/21/2024 10:00:00 PM,8/21/2024 6:00:00 PM,RFC,WEST,ATSI,OE,7189.188,True
8/21/2024 11:00:00 PM,8/21/2024 7:00:00 PM,RFC,WEST,ATSI,OE,7098.774,True
8/22/2024 12:00:00 AM,8/21/2024 8:00:00 PM,RFC,WEST,ATSI,OE,7179.881,True
8/22/2024 1:00:00 AM,8/21/2024 9:00:00 PM,RFC,WEST,ATSI,OE,6983.155,True
8/22/2024 2:00:00 AM,8/21/2024 10:00:00 PM,RFC,WEST,ATSI,OE,6618.628,True
8/22/2024 3:00:00 AM,8/21/2024 11:00:00 PM,RFC,WEST,ATSI,OE,6222.450,True
8/22/2024 4:00:00 AM,8/22/2024 12:00:00 AM,RFC,WEST,ATSI,OE,5976.013,True
8/22/2024 5:00:00 AM,8/22/2024 1:00:00 AM,RFC,WEST,ATSI,OE,5773.926,True
8/22/2024 6:00:00 AM,8/22/2024 2:00:00 AM,RFC,WEST,ATSI,OE,5621.141,True
8/22/2024 7:00:00 AM,8/22/2024 3:00:00 AM,RFC,WEST,ATSI,OE,5529.197,True
8/22/2024 8:00:00 AM,8/22/2024 4:00:00 AM,RFC,WEST,ATSI,OE,5649.156,True
8/22/2024 9:00:00 AM,8/22/2024 5:00:00 AM,RFC,WEST,ATSI,OE,5824.444,True
8/22/2024 10:00:00 AM,8/22/2024 6:00:00 AM,RFC,WEST,ATSI,OE,6248.286,True
8/22/2024 11:00:00 AM,8/22/2024 7:00:00 AM,RFC,WEST,ATSI,OE,6508.904,True
8/22/2024 12:00:00 PM,8/22/2024 8:00:00 AM,RFC,WEST,ATSI,OE,6722.381,True
8/22/2024 1:00:00 PM,8/22/2024 9:00:00 AM,RFC,WEST,ATSI,OE,6968.322,True
8/22/2024 2:00:00 PM,8/22/2024 10:00:00 AM,RFC,WEST,ATSI,OE,7165.977,True
8/22/2024 3:00:00 PM,8/22/2024 11:00:00 AM,RFC,WEST,ATSI,OE,7192.121,True
8/22/2024 4:00:00 PM,8/22/2024 12:00:00 PM,RFC,WEST,ATSI,OE,7309.669,True
8/22/2024 5:00:00 PM,8/22/2024 1:00:00 PM,RFC,WEST,ATSI,OE,7498.938,True
8/22/2024 6:00:00 PM,8/22/2024 2:00:00 PM,RFC,WEST,ATSI,OE,7583.739,True
8/22/2024 7:00:00 PM,8/22/2024 3:00:00 PM,RFC,WEST,ATSI,OE,7695.625,True
8/22/2024 8:00:00 PM,8/22/2024 4:00:00 PM,RFC,WEST,ATSI,OE,7847.670,True
8/22/2024 9:00:00 PM,8/22/2024 5:00:00 PM,RFC,WEST,ATSI,OE,7885.316,True
8/22/2024 10:00:00 PM,8/22/2024 6:00:00 PM,RFC,WEST,ATSI,OE,7846.731,True
8/22/2024 11:00:00 PM,8/22/2024 7:00:00 PM,RFC,WEST,ATSI,OE,7536.669,True
8/23/2024 12:00:00 AM,8/22/2024 8:00:00 PM,RFC,WEST,ATSI,OE,7478.168,True
8/23/2024 1:00:00 AM,8/22/2024 9:00:00 PM,RFC,WEST,ATSI,OE,7219.342,True
8/23/2024 2:00:00 AM,8/22/2024 10:00:00 PM,RFC,WEST,ATSI,OE,6807.529,True
8/23/2024 3:00:00 AM,8/22/2024 11:00:00 PM,RFC,WEST,ATSI,OE,6352.804,True
8/23/2024 4:00:00 AM,8/23/2024 12:00:00 AM,RFC,WEST,ATSI,OE,6022.514,True
8/23/2024 5:00:00 AM,8/23/2024 1:00:00 AM,RFC,WEST,ATSI,OE,5766.146,True
8/23/2024 6:00:00 AM,8/23/2024 2:00:00 AM,RFC,WEST,ATSI,OE,5682.621,True
8/23/2024 7:00:00 AM,8/23/2024 3:00:00 AM,RFC,WEST,ATSI,OE,5567.119,True
8/23/2024 8:00:00 AM,8/23/2024 4:00:00 AM,RFC,WEST,ATSI,OE,5640.726,True
8/23/2024 9:00:00 AM,8/23/2024 5:00:00 AM,RFC,WEST,ATSI,OE,5844.067,True
8/23/2024 10:00:00 AM,8/23/2024 6:00:00 AM,RFC,WEST,ATSI,OE,6196.685,True
8/23/2024 11:00:00 AM,8/23/2024 7:00:00 AM,RFC,WEST,ATSI,OE,6532.055,True
8/23/2024 12:00:00 PM,8/23/2024 8:00:00 AM,RFC,WEST,ATSI,OE,6800.179,True
8/23/2024 1:00:00 PM,8/23/2024 9:00:00 AM,RFC,WEST,ATSI,OE,7031.604,True
8/23/2024 2:00:00 PM,8/23/2024 10:00:00 AM,RFC,WEST,ATSI,OE,7250.531,True
8/23/2024 3:00:00 PM,8/23/2024 11:00:00 AM,RFC,WEST,ATSI,OE,7439.044,True
8/23/2024 4:00:00 PM,8/23/2024 12:00:00 PM,RFC,WEST,ATSI,OE,7631.304,True
8/23/2024 5:00:00 PM,8/23/2024 1:00:00 PM,RFC,WEST,ATSI,OE,7845.647,True
8/23/2024 6:00:00 PM,8/23/2024 2:00:00 PM,RFC,WEST,ATSI,OE,8015.589,True
8/23/2024 7:00:00 PM,8/23/2024 3:00:00 PM,RFC,WEST,ATSI,OE,8103.756,True
8/23/2024 8:00:00 PM,8/23/2024 4:00:00 PM,RFC,WEST,ATSI,OE,8301.076,True
8/23/2024 9:00:00 PM,8/23/2024 5:00:00 PM,RFC,WEST,ATSI,OE,8395.232,True
8/23/2024 10:00:00 PM,8/23/2024 6:00:00 PM,RFC,WEST,ATSI,OE,8154.790,True
8/23/2024 11:00:00 PM,8/23/2024 7:00:00 PM,RFC,WEST,ATSI,OE,7732.357,True
8/24/2024 12:00:00 AM,8/23/2024 8:00:00 PM,RFC,WEST,ATSI,OE,7518.028,True
8/24/2024 1:00:00 AM,8/23/2024 9:00:00 PM,RFC,WEST,ATSI,OE,7193.581,True
8/24/2024 2:00:00 AM,8/23/2024 10:00:00 PM,RFC,WEST,ATSI,OE,6778.032,True
8/24/2024 3:00:00 AM,8/23/2024 11:00:00 PM,RFC,WEST,ATSI,OE,6345.194,True
8/24/2024 4:00:00 AM,8/24/2024 12:00:00 AM,RFC,WEST,ATSI,OE,6033.418,True
8/24/2024 5:00:00 AM,8/24/2024 1:00:00 AM,RFC,WEST,ATSI,OE,5774.741,True
8/24/2024 6:00:00 AM,8/24/2024 2:00:00 AM,RFC,WEST,ATSI,OE,5498.856,True
8/24/2024 7:00:00 AM,8/24/2024 3:00:00 AM,RFC,WEST,ATSI,OE,5467.734,True
8/24/2024 8:00:00 AM,8/24/2024 4:00:00 AM,RFC,WEST,ATSI,OE,5417.610,True
8/24/2024 9:00:00 AM,8/24/2024 5:00:00 AM,RFC,WEST,ATSI,OE,5512.034,True
8/24/2024 10:00:00 AM,8/24/2024 6:00:00 AM,RFC,WEST,ATSI,OE,5555.504,True
8/24/2024 11:00:00 AM,8/24/2024 7:00:00 AM,RFC,WEST,ATSI,OE,5695.632,True
8/24/2024 12:00:00 PM,8/24/2024 8:00:00 AM,RFC,WEST,ATSI,OE,6040.329,True
8/24/2024 1:00:00 PM,8/24/2024 9:00:00 AM,RFC,WEST,ATSI,OE,6370.874,True
8/24/2024 2:00:00 PM,8/24/2024 10:00:00 AM,RFC,WEST,ATSI,OE,6702.726,True
8/24/2024 3:00:00 PM,8/24/2024 11:00:00 AM,RFC,WEST,ATSI,OE,7045.035,True
8/24/2024 4:00:00 PM,8/24/2024 12:00:00 PM,RFC,WEST,ATSI,OE,7485.769,True
8/24/2024 5:00:00 PM,8/24/2024 1:00:00 PM,RFC,WEST,ATSI,OE,7847.821,True
8/24/2024 6:00:00 PM,8/24/2024 2:00:00 PM,RFC,WEST,ATSI,OE,8233.672,True
8/24/2024 7:00:00 PM,8/24/2024 3:00:00 PM,RFC,WEST,ATSI,OE,8660.563,True
8/24/2024 8:00:00 PM,8/24/2024 4:00:00 PM,RFC,WEST,ATSI,OE,8859.137,True
8/24/2024 9:00:00 PM,8/24/2024 5:00:00 PM,RFC,WEST,ATSI,OE,8855.384,True
8/24/2024 10:00:00 PM,8/24/2024 6:00:00 PM,RFC,WEST,ATSI,OE,8712.870,True
8/24/2024 11:00:00 PM,8/24/2024 7:00:00 PM,RFC,WEST,ATSI,OE,8277.547,True
8/25/2024 12:00:00 AM,8/24/2024 8:00:00 PM,RFC,WEST,ATSI,OE,7962.064,True
8/25/2024 1:00:00 AM,8/24/2024 9:00:00 PM,RFC,WEST,ATSI,OE,7662.685,True
8/25/2024 2:00:00 AM,8/24/2024 10:00:00 PM,RFC,WEST,ATSI,OE,7194.258,True
8/25/2024 3:00:00 AM,8/24/2024 11:00:00 PM,RFC,WEST,ATSI,OE,6710.272,True
8/25/2024 4:00:00 AM,8/25/2024 12:00:00 AM,RFC,WEST,ATSI,OE,6324.334,True
8/25/2024 5:00:00 AM,8/25/2024 1:00:00 AM,RFC,WEST,ATSI,OE,5930.056,True
8/25/2024 6:00:00 AM,8/25/2024 2:00:00 AM,RFC,WEST,ATSI,OE,5697.186,True
8/25/2024 7:00:00 AM,8/25/2024 3:00:00 AM,RFC,WEST,ATSI,OE,5722.869,True
8/25/2024 8:00:00 AM,8/25/2024 4:00:00 AM,RFC,WEST,ATSI,OE,5594.248,True
8/25/2024 9:00:00 AM,8/25/2024 5:00:00 AM,RFC,WEST,ATSI,OE,5591.028,True
8/25/2024 10:00:00 AM,8/25/2024 6:00:00 AM,RFC,WEST,ATSI,OE,5674.331,True
8/25/2024 11:00:00 AM,8/25/2024 7:00:00 AM,RFC,WEST,ATSI,OE,5648.367,True
8/25/2024 12:00:00 PM,8/25/2024 8:00:00 AM,RFC,WEST,ATSI,OE,6029.773,True
8/25/2024 1:00:00 PM,8/25/2024 9:00:00 AM,RFC,WEST,ATSI,OE,6486.003,True
8/25/2024 2:00:00 PM,8/25/2024 10:00:00 AM,RFC,WEST,ATSI,OE,7002.722,True
8/25/2024 3:00:00 PM,8/25/2024 11:00:00 AM,RFC,WEST,ATSI,OE,7473.410,True
8/25/2024 4:00:00 PM,8/25/2024 12:00:00 PM,RFC,WEST,ATSI,OE,7973.214,True
8/25/2024 5:00:00 PM,8/25/2024 1:00:00 PM,RFC,WEST,ATSI,OE,8439.809,True
8/25/2024 6:00:00 PM,8/25/2024 2:00:00 PM,RFC,WEST,ATSI,OE,8906.359,True
8/25/2024 7:00:00 PM,8/25/2024 3:00:00 PM,RFC,WEST,ATSI,OE,9354.287,True
8/25/2024 8:00:00 PM,8/25/2024 4:00:00 PM,RFC,WEST,ATSI,OE,9657.007,True
8/25/2024 9:00:00 PM,8/25/2024 5:00:00 PM,RFC,WEST,ATSI,OE,9827.375,True
8/25/2024 10:00:00 PM,8/25/2024 6:00:00 PM,RFC,WEST,ATSI,OE,9782.890,True
8/25/2024 11:00:00 PM,8/25/2024 7:00:00 PM,RFC,WEST,ATSI,OE,9526.815,True
8/26/2024 12:00:00 AM,8/25/2024 8:00:00 PM,RFC,WEST,ATSI,OE,9179.540,True
8/26/2024 1:00:00 AM,8/25/2024 9:00:00 PM,RFC,WEST,ATSI,OE,8815.272,True
8/26/2024 2:00:00 AM,8/25/2024 10:00:00 PM,RFC,WEST,ATSI,OE,8268.468,True
8/26/2024 3:00:00 AM,8/25/2024 11:00:00 PM,RFC,WEST,ATSI,OE,7723.142,True
8/26/2024 4:00:00 AM,8/26/2024 12:00:00 AM,RFC,WEST,ATSI,OE,7231.211,True
8/26/2024 5:00:00 AM,8/26/2024 1:00:00 AM,RFC,WEST,ATSI,OE,6796.041,True
8/26/2024 6:00:00 AM,8/26/2024 2:00:00 AM,RFC,WEST,ATSI,OE,6598.095,True
8/26/2024 7:00:00 AM,8/26/2024 3:00:00 AM,RFC,WEST,ATSI,OE,6468.371,True
8/26/2024 8:00:00 AM,8/26/2024 4:00:00 AM,RFC,WEST,ATSI,OE,6541.511,True
8/26/2024 9:00:00 AM,8/26/2024 5:00:00 AM,RFC,WEST,ATSI,OE,6840.108,True
8/26/2024 10:00:00 AM,8/26/2024 6:00:00 AM,RFC,WEST,ATSI,OE,7353.690,True
8/26/2024 11:00:00 AM,8/26/2024 7:00:00 AM,RFC,WEST,ATSI,OE,7707.249,True
8/26/2024 12:00:00 PM,8/26/2024 8:00:00 AM,RFC,WEST,ATSI,OE,8141.845,True
8/26/2024 1:00:00 PM,8/26/2024 9:00:00 AM,RFC,WEST,ATSI,OE,8628.216,True
8/26/2024 2:00:00 PM,8/26/2024 10:00:00 AM,RFC,WEST,ATSI,OE,9317.044,True
8/26/2024 3:00:00 PM,8/26/2024 11:00:00 AM,RFC,WEST,ATSI,OE,9973.414,True
8/26/2024 4:00:00 PM,8/26/2024 12:00:00 PM,RFC,WEST,ATSI,OE,10479.443,True
8/26/2024 5:00:00 PM,8/26/2024 1:00:00 PM,RFC,WEST,ATSI,OE,11001.365,True
8/26/2024 6:00:00 PM,8/26/2024 2:00:00 PM,RFC,WEST,ATSI,OE,11058.324,True
8/26/2024 7:00:00 PM,8/26/2024 3:00:00 PM,RFC,WEST,ATSI,OE,11302.908,True
8/26/2024 8:00:00 PM,8/26/2024 4:00:00 PM,RFC,WEST,ATSI,OE,11366.593,True
8/26/2024 9:00:00 PM,8/26/2024 5:00:00 PM,RFC,WEST,ATSI,OE,11285.679,True
8/26/2024 10:00:00 PM,8/26/2024 6:00:00 PM,RFC,WEST,ATSI,OE,11328.493,True
8/26/2024 11:00:00 PM,8/26/2024 7:00:00 PM,RFC,WEST,ATSI,OE,10950.220,True
8/27/2024 12:00:00 AM,8/26/2024 8:00:00 PM,RFC,WEST,ATSI,OE,10538.929,True
8/27/2024 1:00:00 AM,8/26/2024 9:00:00 PM,RFC,WEST,ATSI,OE,10057.319,True
8/27/2024 2:00:00 AM,8/26/2024 10:00:00 PM,RFC,WEST,ATSI,OE,9225.129,True
8/27/2024 3:00:00 AM,8/26/2024 11:00:00 PM,RFC,WEST,ATSI,OE,8574.704,True
8/27/2024 4:00:00 AM,8/27/2024 12:00:00 AM,RFC,WEST,ATSI,OE,8001.118,True
8/27/2024 5:00:00 AM,8/27/2024 1:00:00 AM,RFC,WEST,ATSI,OE,7596.288,True
8/27/2024 6:00:00 AM,8/27/2024 2:00:00 AM,RFC,WEST,ATSI,OE,7325.495,True
8/27/2024 7:00:00 AM,8/27/2024 3:00:00 AM,RFC,WEST,ATSI,OE,7162.147,True
8/27/2024 8:00:00 AM,8/27/2024 4:00:00 AM,RFC,WEST,ATSI,OE,7153.980,True
8/27/2024 9:00:00 AM,8/27/2024 5:00:00 AM,RFC,WEST,ATSI,OE,7340.248,True
8/27/2024 10:00:00 AM,8/27/2024 6:00:00 AM,RFC,WEST,ATSI,OE,7781.724,True
8/27/2024 11:00:00 AM,8/27/2024 7:00:00 AM,RFC,WEST,ATSI,OE,8120.974,True
8/27/2024 12:00:00 PM,8/27/2024 8:00:00 AM,RFC,WEST,ATSI,OE,8444.662,True
8/27/2024 1:00:00 PM,8/27/2024 9:00:00 AM,RFC,WEST,ATSI,OE,8867.952,True
8/27/2024 2:00:00 PM,8/27/2024 10:00:00 AM,RFC,WEST,ATSI,OE,9369.729,True
8/27/2024 3:00:00 PM,8/27/2024 11:00:00 AM,RFC,WEST,ATSI,OE,9969.693,True
8/27/2024 4:00:00 PM,8/27/2024 12:00:00 PM,RFC,WEST,ATSI,OE,10663.479,True
8/27/2024 5:00:00 PM,8/27/2024 1:00:00 PM,RFC,WEST,ATSI,OE,11081.193,True
8/27/2024 6:00:00 PM,8/27/2024 2:00:00 PM,RFC,WEST,ATSI,OE,11207.544,True
8/27/2024 7:00:00 PM,8/27/2024 3:00:00 PM,RFC,WEST,ATSI,OE,11349.954,True
8/27/2024 8:00:00 PM,8/27/2024 4:00:00 PM,RFC,WEST,ATSI,OE,11488.911,True
8/27/2024 9:00:00 PM,8/27/2024 5:00:00 PM,RFC,WEST,ATSI,OE,11486.574,True
8/27/2024 10:00:00 PM,8/27/2024 6:00:00 PM,RFC,WEST,ATSI,OE,11385.550,True
8/27/2024 11:00:00 PM,8/27/2024 7:00:00 PM,RFC,WEST,ATSI,OE,11092.455,True
8/28/2024 12:00:00 AM,8/27/2024 8:00:00 PM,RFC,WEST,ATSI,OE,10688.288,True
8/28/2024 1:00:00 AM,8/27/2024 9:00:00 PM,RFC,WEST,ATSI,OE,9919.755,True
8/28/2024 2:00:00 AM,8/27/2024 10:00:00 PM,RFC,WEST,ATSI,OE,9082.594,True
8/28/2024 3:00:00 AM,8/27/2024 11:00:00 PM,RFC,WEST,ATSI,OE,8405.095,True
8/28/2024 4:00:00 AM,8/28/2024 12:00:00 AM,RFC,WEST,ATSI,OE,7860.745,True
8/28/2024 5:00:00 AM,8/28/2024 1:00:00 AM,RFC,WEST,ATSI,OE,7442.916,True
8/28/2024 6:00:00 AM,8/28/2024 2:00:00 AM,RFC,WEST,ATSI,OE,7125.040,True
8/28/2024 7:00:00 AM,8/28/2024 3:00:00 AM,RFC,WEST,ATSI,OE,7037.006,True
8/28/2024 8:00:00 AM,8/28/2024 4:00:00 AM,RFC,WEST,ATSI,OE,7059.172,True
8/28/2024 9:00:00 AM,8/28/2024 5:00:00 AM,RFC,WEST,ATSI,OE,7301.848,True
8/28/2024 10:00:00 AM,8/28/2024 6:00:00 AM,RFC,WEST,ATSI,OE,7710.440,True
8/28/2024 11:00:00 AM,8/28/2024 7:00:00 AM,RFC,WEST,ATSI,OE,7989.083,True
8/28/2024 12:00:00 PM,8/28/2024 8:00:00 AM,RFC,WEST,ATSI,OE,8374.863,True
8/28/2024 1:00:00 PM,8/28/2024 9:00:00 AM,RFC,WEST,ATSI,OE,8664.165,True
8/28/2024 2:00:00 PM,8/28/2024 10:00:00 AM,RFC,WEST,ATSI,OE,9087.762,True
8/28/2024 3:00:00 PM,8/28/2024 11:00:00 AM,RFC,WEST,ATSI,OE,9531.036,True
8/28/2024 4:00:00 PM,8/28/2024 12:00:00 PM,RFC,WEST,ATSI,OE,10124.636,True
8/28/2024 5:00:00 PM,8/28/2024 1:00:00 PM,RFC,WEST,ATSI,OE,10640.563,True
8/28/2024 6:00:00 PM,8/28/2024 2:00:00 PM,RFC,WEST,ATSI,OE,10777.517,True
8/28/2024 7:00:00 PM,8/28/2024 3:00:00 PM,RFC,WEST,ATSI,OE,10946.142,True
8/28/2024 8:00:00 PM,8/28/2024 4:00:00 PM,RFC,WEST,ATSI,OE,10938.395,True
8/28/2024 9:00:00 PM,8/28/2024 5:00:00 PM,RFC,WEST,ATSI,OE,10732.702,True
8/28/2024 10:00:00 PM,8/28/2024 6:00:00 PM,RFC,WEST,ATSI,OE,10747.320,True
8/28/2024 11:00:00 PM,8/28/2024 7:00:00 PM,RFC,WEST,ATSI,OE,10595.593,True
8/29/2024 12:00:00 AM,8/28/2024 8:00:00 PM,RFC,WEST,ATSI,OE,10286.077,True
8/29/2024 1:00:00 AM,8/28/2024 9:00:00 PM,RFC,WEST,ATSI,OE,9779.549,True
8/29/2024 2:00:00 AM,8/28/2024 10:00:00 PM,RFC,WEST,ATSI,OE,9060.077,True
8/29/2024 3:00:00 AM,8/28/2024 11:00:00 PM,RFC,WEST,ATSI,OE,8393.608,True
8/29/2024 4:00:00 AM,8/29/2024 12:00:00 AM,RFC,WEST,ATSI,OE,7872.024,True
8/29/2024 5:00:00 AM,8/29/2024 1:00:00 AM,RFC,WEST,ATSI,OE,7457.940,True
8/29/2024 6:00:00 AM,8/29/2024 2:00:00 AM,RFC,WEST,ATSI,OE,7197.263,True
8/29/2024 7:00:00 AM,8/29/2024 3:00:00 AM,RFC,WEST,ATSI,OE,7020.817,True
8/29/2024 8:00:00 AM,8/29/2024 4:00:00 AM,RFC,WEST,ATSI,OE,7030.091,True
8/29/2024 9:00:00 AM,8/29/2024 5:00:00 AM,RFC,WEST,ATSI,OE,7288.715,True
8/29/2024 10:00:00 AM,8/29/2024 6:00:00 AM,RFC,WEST,ATSI,OE,7665.323,True
8/29/2024 11:00:00 AM,8/29/2024 7:00:00 AM,RFC,WEST,ATSI,OE,8028.873,True
8/29/2024 12:00:00 PM,8/29/2024 8:00:00 AM,RFC,WEST,ATSI,OE,8365.313,True
8/29/2024 1:00:00 PM,8/29/2024 9:00:00 AM,RFC,WEST,ATSI,OE,8669.249,True
8/29/2024 2:00:00 PM,8/29/2024 10:00:00 AM,RFC,WEST,ATSI,OE,8991.476,True
8/29/2024 3:00:00 PM,8/29/2024 11:00:00 AM,RFC,WEST,ATSI,OE,9361.804,True
8/29/2024 4:00:00 PM,8/29/2024 12:00:00 PM,RFC,WEST,ATSI,OE,9846.764,True
8/29/2024 5:00:00 PM,8/29/2024 1:00:00 PM,RFC,WEST,ATSI,OE,10255.122,True
8/29/2024 6:00:00 PM,8/29/2024 2:00:00 PM,RFC,WEST,ATSI,OE,10527.504,True
8/29/2024 7:00:00 PM,8/29/2024 3:00:00 PM,RFC,WEST,ATSI,OE,10732.671,True
8/29/2024 8:00:00 PM,8/29/2024 4:00:00 PM,RFC,WEST,ATSI,OE,10817.458,True
8/29/2024 9:00:00 PM,8/29/2024 5:00:00 PM,RFC,WEST,ATSI,OE,10728.914,True
8/29/2024 10:00:00 PM,8/29/2024 6:00:00 PM,RFC,WEST,ATSI,OE,10461.650,True
8/29/2024 11:00:00 PM,8/29/2024 7:00:00 PM,RFC,WEST,ATSI,OE,9953.765,True
8/30/2024 12:00:00 AM,8/29/2024 8:00:00 PM,RFC,WEST,ATSI,OE,9626.126,True
8/30/2024 1:00:00 AM,8/29/2024 9:00:00 PM,RFC,WEST,ATSI,OE,9189.170,True
8/30/2024 2:00:00 AM,8/29/2024 10:00:00 PM,RFC,WEST,ATSI,OE,8449.087,True
8/30/2024 3:00:00 AM,8/29/2024 11:00:00 PM,RFC,WEST,ATSI,OE,7817.146,True
8/30/2024 4:00:00 AM,8/30/2024 12:00:00 AM,RFC,WEST,ATSI,OE,7312.345,True
8/30/2024 5:00:00 AM,8/30/2024 1:00:00 AM,RFC,WEST,ATSI,OE,6913.583,True
8/30/2024 6:00:00 AM,8/30/2024 2:00:00 AM,RFC,WEST,ATSI,OE,6692.596,True
8/30/2024 7:00:00 AM,8/30/2024 3:00:00 AM,RFC,WEST,ATSI,OE,6541.003,True
8/30/2024 8:00:00 AM,8/30/2024 4:00:00 AM,RFC,WEST,ATSI,OE,6465.453,True
8/30/2024 9:00:00 AM,8/30/2024 5:00:00 AM,RFC,WEST,ATSI,OE,6658.734,True
8/30/2024 10:00:00 AM,8/30/2024 6:00:00 AM,RFC,WEST,ATSI,OE,7060.308,True
8/30/2024 11:00:00 AM,8/30/2024 7:00:00 AM,RFC,WEST,ATSI,OE,7393.918,True
8/30/2024 12:00:00 PM,8/30/2024 8:00:00 AM,RFC,WEST,ATSI,OE,7852.910,True
8/30/2024 1:00:00 PM,8/30/2024 9:00:00 AM,RFC,WEST,ATSI,OE,8424.206,True
8/30/2024 2:00:00 PM,8/30/2024 10:00:00 AM,RFC,WEST,ATSI,OE,9148.516,True
8/30/2024 3:00:00 PM,8/30/2024 11:00:00 AM,RFC,WEST,ATSI,OE,9862.559,True
8/30/2024 4:00:00 PM,8/30/2024 12:00:00 PM,RFC,WEST,ATSI,OE,10625.249,True
8/30/2024 5:00:00 PM,8/30/2024 1:00:00 PM,RFC,WEST,ATSI,OE,11145.384,True
8/30/2024 6:00:00 PM,8/30/2024 2:00:00 PM,RFC,WEST,ATSI,OE,11252.574,True
8/30/2024 7:00:00 PM,8/30/2024 3:00:00 PM,RFC,WEST,ATSI,OE,11092.989,True
8/30/2024 8:00:00 PM,8/30/2024 4:00:00 PM,RFC,WEST,ATSI,OE,10819.322,True
8/30/2024 9:00:00 PM,8/30/2024 5:00:00 PM,RFC,WEST,ATSI,OE,10811.281,True
8/30/2024 10:00:00 PM,8/30/2024 6:00:00 PM,RFC,WEST,ATSI,OE,10431.196,True
8/30/2024 11:00:00 PM,8/30/2024 7:00:00 PM,RFC,WEST,ATSI,OE,10080.608,True
8/31/2024 12:00:00 AM,8/30/2024 8:00:00 PM,RFC,WEST,ATSI,OE,9695.397,True
8/31/2024 1:00:00 AM,8/30/2024 9:00:00 PM,RFC,WEST,ATSI,OE,9282.241,True
8/31/2024 2:00:00 AM,8/30/2024 10:00:00 PM,RFC,WEST,ATSI,OE,8675.790,True
8/31/2024 3:00:00 AM,8/30/2024 11:00:00 PM,RFC,WEST,ATSI,OE,8099.157,True
8/31/2024 4:00:00 AM,8/31/2024 12:00:00 AM,RFC,WEST,ATSI,OE,7591.175,True
8/31/2024 5:00:00 AM,8/31/2024 1:00:00 AM,RFC,WEST,ATSI,OE,7204.762,True
8/31/2024 6:00:00 AM,8/31/2024 2:00:00 AM,RFC,WEST,ATSI,OE,6956.320,True
8/31/2024 7:00:00 AM,8/31/2024 3:00:00 AM,RFC,WEST,ATSI,OE,6740.614,True
8/31/2024 8:00:00 AM,8/31/2024 4:00:00 AM,RFC,WEST,ATSI,OE,6540.082,True
8/31/2024 9:00:00 AM,8/31/2024 5:00:00 AM,RFC,WEST,ATSI,OE,6537.554,True
8/31/2024 10:00:00 AM,8/31/2024 6:00:00 AM,RFC,WEST,ATSI,OE,6542.371,True
8/31/2024 11:00:00 AM,8/31/2024 7:00:00 AM,RFC,WEST,ATSI,OE,6573.687,True
8/31/2024 12:00:00 PM,8/31/2024 8:00:00 AM,RFC,WEST,ATSI,OE,6927.539,True
8/31/2024 1:00:00 PM,8/31/2024 9:00:00 AM,RFC,WEST,ATSI,OE,7273.308,True
8/31/2024 2:00:00 PM,8/31/2024 10:00:00 AM,RFC,WEST,ATSI,OE,7553.946,True
8/31/2024 3:00:00 PM,8/31/2024 11:00:00 AM,RFC,WEST,ATSI,OE,7955.248,True
8/31/2024 4:00:00 PM,8/31/2024 12:00:00 PM,RFC,WEST,ATSI,OE,8273.643,True
8/31/2024 5:00:00 PM,8/31/2024 1:00:00 PM,RFC,WEST,ATSI,OE,8472.979,True
8/31/2024 6:00:00 PM,8/31/2024 2:00:00 PM,RFC,WEST,ATSI,OE,8616.361,True
8/31/2024 7:00:00 PM,8/31/2024 3:00:00 PM,RFC,WEST,ATSI,OE,8706.265,True
8/31/2024 8:00:00 PM,8/31/2024 4:00:00 PM,RFC,WEST,ATSI,OE,8784.305,True
8/31/2024 9:00:00 PM,8/31/2024 5:00:00 PM,RFC,WEST,ATSI,OE,8816.025,True
8/31/2024 10:00:00 PM,8/31/2024 6:00:00 PM,RFC,WEST,ATSI,OE,8603.176,True
8/31/2024 11:00:00 PM,8/31/2024 7:00:00 PM,RFC,WEST,ATSI,OE,8309.553,True
9/1/2024 12:00:00 AM,8/31/2024 8:00:00 PM,RFC,WEST,ATSI,OE,8060.870,True
9/1/2024 1:00:00 AM,8/31/2024 9:00:00 PM,RFC,WEST,ATSI,OE,7617.250,True
9/1/2024 2:00:00 AM,8/31/2024 10:00:00 PM,RFC,WEST,ATSI,OE,7104.459,True
9/1/2024 3:00:00 AM,8/31/2024 11:00:00 PM,RFC,WEST,ATSI,OE,6613.640,True
9/1/2024 4:00:00 AM,9/1/2024 12:00:00 AM,RFC,WEST,ATSI,OE,6390.028,True
9/1/2024 5:00:00 AM,9/1/2024 1:00:00 AM,RFC,WEST,ATSI,OE,6060.653,True
9/1/2024 6:00:00 AM,9/1/2024 2:00:00 AM,RFC,WEST,ATSI,OE,5843.006,True
9/1/2024 7:00:00 AM,9/1/2024 3:00:00 AM,RFC,WEST,ATSI,OE,5689.045,True
9/1/2024 8:00:00 AM,9/1/2024 4:00:00 AM,RFC,WEST,ATSI,OE,5639.659,True
9/1/2024 9:00:00 AM,9/1/2024 5:00:00 AM,RFC,WEST,ATSI,OE,5559.740,True
9/1/2024 10:00:00 AM,9/1/2024 6:00:00 AM,RFC,WEST,ATSI,OE,5502.856,True
9/1/2024 11:00:00 AM,9/1/2024 7:00:00 AM,RFC,WEST,ATSI,OE,5573.230,True
9/1/2024 12:00:00 PM,9/1/2024 8:00:00 AM,RFC,WEST,ATSI,OE,5922.200,True
9/1/2024 1:00:00 PM,9/1/2024 9:00:00 AM,RFC,WEST,ATSI,OE,6424.248,True
9/1/2024 2:00:00 PM,9/1/2024 10:00:00 AM,RFC,WEST,ATSI,OE,6944.210,True
9/1/2024 3:00:00 PM,9/1/2024 11:00:00 AM,RFC,WEST,ATSI,OE,7417.486,True
9/1/2024 4:00:00 PM,9/1/2024 12:00:00 PM,RFC,WEST,ATSI,OE,7801.860,True
9/1/2024 5:00:00 PM,9/1/2024 1:00:00 PM,RFC,WEST,ATSI,OE,8078.391,True
9/1/2024 6:00:00 PM,9/1/2024 2:00:00 PM,RFC,WEST,ATSI,OE,8256.153,True
9/1/2024 7:00:00 PM,9/1/2024 3:00:00 PM,RFC,WEST,ATSI,OE,8459.481,True
9/1/2024 8:00:00 PM,9/1/2024 4:00:00 PM,RFC,WEST,ATSI,OE,8402.842,True
9/1/2024 9:00:00 PM,9/1/2024 5:00:00 PM,RFC,WEST,ATSI,OE,8140.348,True
9/1/2024 10:00:00 PM,9/1/2024 6:00:00 PM,RFC,WEST,ATSI,OE,7782.830,True
9/1/2024 11:00:00 PM,9/1/2024 7:00:00 PM,RFC,WEST,ATSI,OE,7316.654,True
9/2/2024 12:00:00 AM,9/1/2024 8:00:00 PM,RFC,WEST,ATSI,OE,7120.182,True
9/2/2024 1:00:00 AM,9/1/2024 9:00:00 PM,RFC,WEST,ATSI,OE,6835.081,True
9/2/2024 2:00:00 AM,9/1/2024 10:00:00 PM,RFC,WEST,ATSI,OE,6453.559,True
9/2/2024 3:00:00 AM,9/1/2024 11:00:00 PM,RFC,WEST,ATSI,OE,6023.328,True
9/2/2024 4:00:00 AM,9/2/2024 12:00:00 AM,RFC,WEST,ATSI,OE,5694.664,True
9/2/2024 5:00:00 AM,9/2/2024 1:00:00 AM,RFC,WEST,ATSI,OE,5442.423,True
9/2/2024 6:00:00 AM,9/2/2024 2:00:00 AM,RFC,WEST,ATSI,OE,5196.062,True
9/2/2024 7:00:00 AM,9/2/2024 3:00:00 AM,RFC,WEST,ATSI,OE,5111.004,True
9/2/2024 8:00:00 AM,9/2/2024 4:00:00 AM,RFC,WEST,ATSI,OE,5114.033,True
9/2/2024 9:00:00 AM,9/2/2024 5:00:00 AM,RFC,WEST,ATSI,OE,5104.255,True
9/2/2024 10:00:00 AM,9/2/2024 6:00:00 AM,RFC,WEST,ATSI,OE,5120.915,True
9/2/2024 11:00:00 AM,9/2/2024 7:00:00 AM,RFC,WEST,ATSI,OE,5129.510,True
9/2/2024 12:00:00 PM,9/2/2024 8:00:00 AM,RFC,WEST,ATSI,OE,5337.985,True
9/2/2024 1:00:00 PM,9/2/2024 9:00:00 AM,RFC,WEST,ATSI,OE,5669.511,True
9/2/2024 2:00:00 PM,9/2/2024 10:00:00 AM,RFC,WEST,ATSI,OE,5915.205,True
9/2/2024 3:00:00 PM,9/2/2024 11:00:00 AM,RFC,WEST,ATSI,OE,6086.575,True
9/2/2024 4:00:00 PM,9/2/2024 12:00:00 PM,RFC,WEST,ATSI,OE,6265.987,True
9/2/2024 5:00:00 PM,9/2/2024 1:00:00 PM,RFC,WEST,ATSI,OE,6332.331,True
9/2/2024 6:00:00 PM,9/2/2024 2:00:00 PM,RFC,WEST,ATSI,OE,6468.851,True
9/2/2024 7:00:00 PM,9/2/2024 3:00:00 PM,RFC,WEST,ATSI,OE,6589.903,True
9/2/2024 8:00:00 PM,9/2/2024 4:00:00 PM,RFC,WEST,ATSI,OE,6686.268,True
9/2/2024 9:00:00 PM,9/2/2024 5:00:00 PM,RFC,WEST,ATSI,OE,6728.877,True
9/2/2024 10:00:00 PM,9/2/2024 6:00:00 PM,RFC,WEST,ATSI,OE,6685.458,True
9/2/2024 11:00:00 PM,9/2/2024 7:00:00 PM,RFC,WEST,ATSI,OE,6523.505,True
9/3/2024 12:00:00 AM,9/2/2024 8:00:00 PM,RFC,WEST,ATSI,OE,6505.426,True
9/3/2024 1:00:00 AM,9/2/2024 9:00:00 PM,RFC,WEST,ATSI,OE,6267.610,True
9/3/2024 2:00:00 AM,9/2/2024 10:00:00 PM,RFC,WEST,ATSI,OE,5908.443,True
9/3/2024 3:00:00 AM,9/2/2024 11:00:00 PM,RFC,WEST,ATSI,OE,5579.914,True
9/3/2024 4:00:00 AM,9/3/2024 12:00:00 AM,RFC,WEST,ATSI,OE,5366.725,True
9/3/2024 5:00:00 AM,9/3/2024 1:00:00 AM,RFC,WEST,ATSI,OE,5184.706,True
9/3/2024 6:00:00 AM,9/3/2024 2:00:00 AM,RFC,WEST,ATSI,OE,5099.267,True
9/3/2024 7:00:00 AM,9/3/2024 3:00:00 AM,RFC,WEST,ATSI,OE,5099.992,True
9/3/2024 8:00:00 AM,9/3/2024 4:00:00 AM,RFC,WEST,ATSI,OE,5167.927,True
9/3/2024 9:00:00 AM,9/3/2024 5:00:00 AM,RFC,WEST,ATSI,OE,5437.264,True
9/3/2024 10:00:00 AM,9/3/2024 6:00:00 AM,RFC,WEST,ATSI,OE,5960.442,True
9/3/2024 11:00:00 AM,9/3/2024 7:00:00 AM,RFC,WEST,ATSI,OE,6278.625,True
9/3/2024 12:00:00 PM,9/3/2024 8:00:00 AM,RFC,WEST,ATSI,OE,6573.543,True
9/3/2024 1:00:00 PM,9/3/2024 9:00:00 AM,RFC,WEST,ATSI,OE,6769.298,True
9/3/2024 2:00:00 PM,9/3/2024 10:00:00 AM,RFC,WEST,ATSI,OE,6955.623,True
9/3/2024 3:00:00 PM,9/3/2024 11:00:00 AM,RFC,WEST,ATSI,OE,7106.233,True
9/3/2024 4:00:00 PM,9/3/2024 12:00:00 PM,RFC,WEST,ATSI,OE,7174.705,True
9/3/2024 5:00:00 PM,9/3/2024 1:00:00 PM,RFC,WEST,ATSI,OE,7289.246,True
9/3/2024 6:00:00 PM,9/3/2024 2:00:00 PM,RFC,WEST,ATSI,OE,7383.498,True
9/3/2024 7:00:00 PM,9/3/2024 3:00:00 PM,RFC,WEST,ATSI,OE,7466.522,True
9/3/2024 8:00:00 PM,9/3/2024 4:00:00 PM,RFC,WEST,ATSI,OE,7555.260,True
9/3/2024 9:00:00 PM,9/3/2024 5:00:00 PM,RFC,WEST,ATSI,OE,7617.233,True
9/3/2024 10:00:00 PM,9/3/2024 6:00:00 PM,RFC,WEST,ATSI,OE,7498.141,True
9/3/2024 11:00:00 PM,9/3/2024 7:00:00 PM,RFC,WEST,ATSI,OE,7347.846,True
9/4/2024 12:00:00 AM,9/3/2024 8:00:00 PM,RFC,WEST,ATSI,OE,7328.231,True
9/4/2024 1:00:00 AM,9/3/2024 9:00:00 PM,RFC,WEST,ATSI,OE,7020.310,True
9/4/2024 2:00:00 AM,9/3/2024 10:00:00 PM,RFC,WEST,ATSI,OE,6563.871,True
9/4/2024 3:00:00 AM,9/3/2024 11:00:00 PM,RFC,WEST,ATSI,OE,6086.119,True
9/4/2024 4:00:00 AM,9/4/2024 12:00:00 AM,RFC,WEST,ATSI,OE,5826.640,True
9/4/2024 5:00:00 AM,9/4/2024 1:00:00 AM,RFC,WEST,ATSI,OE,5641.950,True
9/4/2024 6:00:00 AM,9/4/2024 2:00:00 AM,RFC,WEST,ATSI,OE,5516.924,True
9/4/2024 7:00:00 AM,9/4/2024 3:00:00 AM,RFC,WEST,ATSI,OE,5459.222,True
9/4/2024 8:00:00 AM,9/4/2024 4:00:00 AM,RFC,WEST,ATSI,OE,5495.118,True
9/4/2024 9:00:00 AM,9/4/2024 5:00:00 AM,RFC,WEST,ATSI,OE,5690.220,True
9/4/2024 10:00:00 AM,9/4/2024 6:00:00 AM,RFC,WEST,ATSI,OE,6158.810,True
9/4/2024 11:00:00 AM,9/4/2024 7:00:00 AM,RFC,WEST,ATSI,OE,6418.113,True
9/4/2024 12:00:00 PM,9/4/2024 8:00:00 AM,RFC,WEST,ATSI,OE,6611.149,True
9/4/2024 1:00:00 PM,9/4/2024 9:00:00 AM,RFC,WEST,ATSI,OE,6790.686,True
9/4/2024 2:00:00 PM,9/4/2024 10:00:00 AM,RFC,WEST,ATSI,OE,7024.362,True
9/4/2024 3:00:00 PM,9/4/2024 11:00:00 AM,RFC,WEST,ATSI,OE,7179.077,True
9/4/2024 4:00:00 PM,9/4/2024 12:00:00 PM,RFC,WEST,ATSI,OE,7300.682,True
9/4/2024 5:00:00 PM,9/4/2024 1:00:00 PM,RFC,WEST,ATSI,OE,7590.771,True
9/4/2024 6:00:00 PM,9/4/2024 2:00:00 PM,RFC,WEST,ATSI,OE,7782.057,True
9/4/2024 7:00:00 PM,9/4/2024 3:00:00 PM,RFC,WEST,ATSI,OE,7887.285,True
9/4/2024 8:00:00 PM,9/4/2024 4:00:00 PM,RFC,WEST,ATSI,OE,8102.969,True
9/4/2024 9:00:00 PM,9/4/2024 5:00:00 PM,RFC,WEST,ATSI,OE,8184.535,True
9/4/2024 10:00:00 PM,9/4/2024 6:00:00 PM,RFC,WEST,ATSI,OE,8148.963,True
9/4/2024 11:00:00 PM,9/4/2024 7:00:00 PM,RFC,WEST,ATSI,OE,7892.707,True
9/5/2024 12:00:00 AM,9/4/2024 8:00:00 PM,RFC,WEST,ATSI,OE,7763.821,True
9/5/2024 1:00:00 AM,9/4/2024 9:00:00 PM,RFC,WEST,ATSI,OE,7359.027,True
9/5/2024 2:00:00 AM,9/4/2024 10:00:00 PM,RFC,WEST,ATSI,OE,6896.547,True
9/5/2024 3:00:00 AM,9/4/2024 11:00:00 PM,RFC,WEST,ATSI,OE,6418.483,True
9/5/2024 4:00:00 AM,9/5/2024 12:00:00 AM,RFC,WEST,ATSI,OE,6122.010,True
9/5/2024 5:00:00 AM,9/5/2024 1:00:00 AM,RFC,WEST,ATSI,OE,5918.874,True
9/5/2024 6:00:00 AM,9/5/2024 2:00:00 AM,RFC,WEST,ATSI,OE,5709.918,True
9/5/2024 7:00:00 AM,9/5/2024 3:00:00 AM,RFC,WEST,ATSI,OE,5643.616,True
9/5/2024 8:00:00 AM,9/5/2024 4:00:00 AM,RFC,WEST,ATSI,OE,5679.437,True
9/5/2024 9:00:00 AM,9/5/2024 5:00:00 AM,RFC,WEST,ATSI,OE,5911.430,True
9/5/2024 10:00:00 AM,9/5/2024 6:00:00 AM,RFC,WEST,ATSI,OE,6352.310,True
9/5/2024 11:00:00 AM,9/5/2024 7:00:00 AM,RFC,WEST,ATSI,OE,6617.834,True
9/5/2024 12:00:00 PM,9/5/2024 8:00:00 AM,RFC,WEST,ATSI,OE,6828.724,True
9/5/2024 1:00:00 PM,9/5/2024 9:00:00 AM,RFC,WEST,ATSI,OE,7031.586,True
9/5/2024 2:00:00 PM,9/5/2024 10:00:00 AM,RFC,WEST,ATSI,OE,7360.111,True
9/5/2024 3:00:00 PM,9/5/2024 11:00:00 AM,RFC,WEST,ATSI,OE,7638.431,True
9/5/2024 4:00:00 PM,9/5/2024 12:00:00 PM,RFC,WEST,ATSI,OE,8061.399,True
9/5/2024 5:00:00 PM,9/5/2024 1:00:00 PM,RFC,WEST,ATSI,OE,8441.992,True
9/5/2024 6:00:00 PM,9/5/2024 2:00:00 PM,RFC,WEST,ATSI,OE,8740.951,True
9/5/2024 7:00:00 PM,9/5/2024 3:00:00 PM,RFC,WEST,ATSI,OE,8989.096,True
9/5/2024 8:00:00 PM,9/5/2024 4:00:00 PM,RFC,WEST,ATSI,OE,9211.584,True
9/5/2024 9:00:00 PM,9/5/2024 5:00:00 PM,RFC,WEST,ATSI,OE,9288.884,True
9/5/2024 10:00:00 PM,9/5/2024 6:00:00 PM,RFC,WEST,ATSI,OE,9161.310,True
9/5/2024 11:00:00 PM,9/5/2024 7:00:00 PM,RFC,WEST,ATSI,OE,8824.173,True
9/6/2024 12:00:00 AM,9/5/2024 8:00:00 PM,RFC,WEST,ATSI,OE,8581.665,True
9/6/2024 1:00:00 AM,9/5/2024 9:00:00 PM,RFC,WEST,ATSI,OE,8074.826,True
9/6/2024 2:00:00 AM,9/5/2024 10:00:00 PM,RFC,WEST,ATSI,OE,7392.207,True
9/6/2024 3:00:00 AM,9/5/2024 11:00:00 PM,RFC,WEST,ATSI,OE,6983.339,True
9/6/2024 4:00:00 AM,9/6/2024 12:00:00 AM,RFC,WEST,ATSI,OE,6455.235,True
9/6/2024 5:00:00 AM,9/6/2024 1:00:00 AM,RFC,WEST,ATSI,OE,6222.134,True
9/6/2024 6:00:00 AM,9/6/2024 2:00:00 AM,RFC,WEST,ATSI,OE,6112.656,True
9/6/2024 7:00:00 AM,9/6/2024 3:00:00 AM,RFC,WEST,ATSI,OE,5982.473,True
9/6/2024 8:00:00 AM,9/6/2024 4:00:00 AM,RFC,WEST,ATSI,OE,5970.452,True
9/6/2024 9:00:00 AM,9/6/2024 5:00:00 AM,RFC,WEST,ATSI,OE,6207.664,True
9/6/2024 10:00:00 AM,9/6/2024 6:00:00 AM,RFC,WEST,ATSI,OE,6647.421,True
9/6/2024 11:00:00 AM,9/6/2024 7:00:00 AM,RFC,WEST,ATSI,OE,6886.791,True
9/6/2024 12:00:00 PM,9/6/2024 8:00:00 AM,RFC,WEST,ATSI,OE,7178.932,True
9/6/2024 1:00:00 PM,9/6/2024 9:00:00 AM,RFC,WEST,ATSI,OE,7468.135,True
9/6/2024 2:00:00 PM,9/6/2024 10:00:00 AM,RFC,WEST,ATSI,OE,7745.812,True
9/6/2024 3:00:00 PM,9/6/2024 11:00:00 AM,RFC,WEST,ATSI,OE,7789.214,True
9/6/2024 4:00:00 PM,9/6/2024 12:00:00 PM,RFC,WEST,ATSI,OE,8065.839,True
9/6/2024 5:00:00 PM,9/6/2024 1:00:00 PM,RFC,WEST,ATSI,OE,8276.271,True
9/6/2024 6:00:00 PM,9/6/2024 2:00:00 PM,RFC,WEST,ATSI,OE,8402.367,True
9/6/2024 7:00:00 PM,9/6/2024 3:00:00 PM,RFC,WEST,ATSI,OE,8266.372,True
9/6/2024 8:00:00 PM,9/6/2024 4:00:00 PM,RFC,WEST,ATSI,OE,8029.823,True
9/6/2024 9:00:00 PM,9/6/2024 5:00:00 PM,RFC,WEST,ATSI,OE,7873.916,True
9/6/2024 10:00:00 PM,9/6/2024 6:00:00 PM,RFC,WEST,ATSI,OE,7635.937,True
9/6/2024 11:00:00 PM,9/6/2024 7:00:00 PM,RFC,WEST,ATSI,OE,7386.619,True
9/7/2024 12:00:00 AM,9/6/2024 8:00:00 PM,RFC,WEST,ATSI,OE,7214.584,True
9/7/2024 1:00:00 AM,9/6/2024 9:00:00 PM,RFC,WEST,ATSI,OE,6976.898,True
9/7/2024 2:00:00 AM,9/6/2024 10:00:00 PM,RFC,WEST,ATSI,OE,6644.809,True
9/7/2024 3:00:00 AM,9/6/2024 11:00:00 PM,RFC,WEST,ATSI,OE,6204.749,True
9/7/2024 4:00:00 AM,9/7/2024 12:00:00 AM,RFC,WEST,ATSI,OE,5908.853,True
9/7/2024 5:00:00 AM,9/7/2024 1:00:00 AM,RFC,WEST,ATSI,OE,5705.299,True
9/7/2024 6:00:00 AM,9/7/2024 2:00:00 AM,RFC,WEST,ATSI,OE,5556.439,True
9/7/2024 7:00:00 AM,9/7/2024 3:00:00 AM,RFC,WEST,ATSI,OE,5382.276,True
9/7/2024 8:00:00 AM,9/7/2024 4:00:00 AM,RFC,WEST,ATSI,OE,5430.199,True
9/7/2024 9:00:00 AM,9/7/2024 5:00:00 AM,RFC,WEST,ATSI,OE,5402.984,True
9/7/2024 10:00:00 AM,9/7/2024 6:00:00 AM,RFC,WEST,ATSI,OE,5481.684,True
9/7/2024 11:00:00 AM,9/7/2024 7:00:00 AM,RFC,WEST,ATSI,OE,5636.091,True
9/7/2024 12:00:00 PM,9/7/2024 8:00:00 AM,RFC,WEST,ATSI,OE,5905.711,True
9/7/2024 1:00:00 PM,9/7/2024 9:00:00 AM,RFC,WEST,ATSI,OE,6031.194,True
9/7/2024 2:00:00 PM,9/7/2024 10:00:00 AM,RFC,WEST,ATSI,OE,6094.927,True
9/7/2024 3:00:00 PM,9/7/2024 11:00:00 AM,RFC,WEST,ATSI,OE,6184.695,True
9/7/2024 4:00:00 PM,9/7/2024 12:00:00 PM,RFC,WEST,ATSI,OE,6174.717,True
9/7/2024 5:00:00 PM,9/7/2024 1:00:00 PM,RFC,WEST,ATSI,OE,6182.227,True
9/7/2024 6:00:00 PM,9/7/2024 2:00:00 PM,RFC,WEST,ATSI,OE,6204.238,True
9/7/2024 7:00:00 PM,9/7/2024 3:00:00 PM,RFC,WEST,ATSI,OE,6124.948,True
9/7/2024 8:00:00 PM,9/7/2024 4:00:00 PM,RFC,WEST,ATSI,OE,6088.378,True
9/7/2024 9:00:00 PM,9/7/2024 5:00:00 PM,RFC,WEST,ATSI,OE,6160.281,True
9/7/2024 10:00:00 PM,9/7/2024 6:00:00 PM,RFC,WEST,ATSI,OE,6055.883,True
9/7/2024 11:00:00 PM,9/7/2024 7:00:00 PM,RFC,WEST,ATSI,OE,6073.405,True
9/8/2024 12:00:00 AM,9/7/2024 8:00:00 PM,RFC,WEST,ATSI,OE,6179.796,True
9/8/2024 1:00:00 AM,9/7/2024 9:00:00 PM,RFC,WEST,ATSI,OE,6008.017,True
9/8/2024 2:00:00 AM,9/7/2024 10:00:00 PM,RFC,WEST,ATSI,OE,5831.767,True
9/8/2024 3:00:00 AM,9/7/2024 11:00:00 PM,RFC,WEST,ATSI,OE,5520.573,True
9/8/2024 4:00:00 AM,9/8/2024 12:00:00 AM,RFC,WEST,ATSI,OE,5348.955,True
9/8/2024 5:00:00 AM,9/8/2024 1:00:00 AM,RFC,WEST,ATSI,OE,5173.720,True
9/8/2024 6:00:00 AM,9/8/2024 2:00:00 AM,RFC,WEST,ATSI,OE,5058.928,True
9/8/2024 7:00:00 AM,9/8/2024 3:00:00 AM,RFC,WEST,ATSI,OE,5029.934,True
9/8/2024 8:00:00 AM,9/8/2024 4:00:00 AM,RFC,WEST,ATSI,OE,5023.594,True
9/8/2024 9:00:00 AM,9/8/2024 5:00:00 AM,RFC,WEST,ATSI,OE,5048.344,True
9/8/2024 10:00:00 AM,9/8/2024 6:00:00 AM,RFC,WEST,ATSI,OE,5065.978,True
9/8/2024 11:00:00 AM,9/8/2024 7:00:00 AM,RFC,WEST,ATSI,OE,5074.490,True
9/8/2024 12:00:00 PM,9/8/2024 8:00:00 AM,RFC,WEST,ATSI,OE,5421.814,True
9/8/2024 1:00:00 PM,9/8/2024 9:00:00 AM,RFC,WEST,ATSI,OE,5618.030,True
9/8/2024 2:00:00 PM,9/8/2024 10:00:00 AM,RFC,WEST,ATSI,OE,5604.548,True
9/8/2024 3:00:00 PM,9/8/2024 11:00:00 AM,RFC,WEST,ATSI,OE,5760.333,True
9/8/2024 4:00:00 PM,9/8/2024 12:00:00 PM,RFC,WEST,ATSI,OE,5989.759,True
9/8/2024 5:00:00 PM,9/8/2024 1:00:00 PM,RFC,WEST,ATSI,OE,6024.172,True
9/8/2024 6:00:00 PM,9/8/2024 2:00:00 PM,RFC,WEST,ATSI,OE,6050.946,True
9/8/2024 7:00:00 PM,9/8/2024 3:00:00 PM,RFC,WEST,ATSI,OE,6048.247,True
9/8/2024 8:00:00 PM,9/8/2024 4:00:00 PM,RFC,WEST,ATSI,OE,6181.131,True
9/8/2024 9:00:00 PM,9/8/2024 5:00:00 PM,RFC,WEST,ATSI,OE,6293.644,True
9/8/2024 10:00:00 PM,9/8/2024 6:00:00 PM,RFC,WEST,ATSI,OE,6385.636,True
9/8/2024 11:00:00 PM,9/8/2024 7:00:00 PM,RFC,WEST,ATSI,OE,6285.298,True
9/9/2024 12:00:00 AM,9/8/2024 8:00:00 PM,RFC,WEST,ATSI,OE,6498.866,True
9/9/2024 1:00:00 AM,9/8/2024 9:00:00 PM,RFC,WEST,ATSI,OE,6289.482,True
9/9/2024 2:00:00 AM,9/8/2024 10:00:00 PM,RFC,WEST,ATSI,OE,5969.736,True
9/9/2024 3:00:00 AM,9/8/2024 11:00:00 PM,RFC,WEST,ATSI,OE,5650.701,True
9/9/2024 4:00:00 AM,9/9/2024 12:00:00 AM,RFC,WEST,ATSI,OE,5509.606,True
9/9/2024 5:00:00 AM,9/9/2024 1:00:00 AM,RFC,WEST,ATSI,OE,5370.259,True
9/9/2024 6:00:00 AM,9/9/2024 2:00:00 AM,RFC,WEST,ATSI,OE,5278.919,True
9/9/2024 7:00:00 AM,9/9/2024 3:00:00 AM,RFC,WEST,ATSI,OE,5250.254,True
9/9/2024 8:00:00 AM,9/9/2024 4:00:00 AM,RFC,WEST,ATSI,OE,5341.682,True
9/9/2024 9:00:00 AM,9/9/2024 5:00:00 AM,RFC,WEST,ATSI,OE,5621.561,True
9/9/2024 10:00:00 AM,9/9/2024 6:00:00 AM,RFC,WEST,ATSI,OE,6147.144,True
9/9/2024 11:00:00 AM,9/9/2024 7:00:00 AM,RFC,WEST,ATSI,OE,6448.081,True
9/9/2024 12:00:00 PM,9/9/2024 8:00:00 AM,RFC,WEST,ATSI,OE,6645.697,True
9/9/2024 1:00:00 PM,9/9/2024 9:00:00 AM,RFC,WEST,ATSI,OE,6789.008,True
9/9/2024 2:00:00 PM,9/9/2024 10:00:00 AM,RFC,WEST,ATSI,OE,7036.983,True
9/9/2024 3:00:00 PM,9/9/2024 11:00:00 AM,RFC,WEST,ATSI,OE,7100.890,True
9/9/2024 4:00:00 PM,9/9/2024 12:00:00 PM,RFC,WEST,ATSI,OE,7296.090,True
9/9/2024 5:00:00 PM,9/9/2024 1:00:00 PM,RFC,WEST,ATSI,OE,7419.837,True
9/9/2024 6:00:00 PM,9/9/2024 2:00:00 PM,RFC,WEST,ATSI,OE,7473.807,True
9/9/2024 7:00:00 PM,9/9/2024 3:00:00 PM,RFC,WEST,ATSI,OE,7517.919,True
9/9/2024 8:00:00 PM,9/9/2024 4:00:00 PM,RFC,WEST,ATSI,OE,7484.514,True
9/9/2024 9:00:00 PM,9/9/2024 5:00:00 PM,RFC,WEST,ATSI,OE,7547.908,True
9/9/2024 10:00:00 PM,9/9/2024 6:00:00 PM,RFC,WEST,ATSI,OE,7470.936,True
9/9/2024 11:00:00 PM,9/9/2024 7:00:00 PM,RFC,WEST,ATSI,OE,7397.264,True
9/10/2024 12:00:00 AM,9/9/2024 8:00:00 PM,RFC,WEST,ATSI,OE,7399.772,True
9/10/2024 1:00:00 AM,9/9/2024 9:00:00 PM,RFC,WEST,ATSI,OE,6993.651,True
9/10/2024 2:00:00 AM,9/9/2024 10:00:00 PM,RFC,WEST,ATSI,OE,6614.551,True
9/10/2024 3:00:00 AM,9/9/2024 11:00:00 PM,RFC,WEST,ATSI,OE,6185.571,True
9/10/2024 4:00:00 AM,9/10/2024 12:00:00 AM,RFC,WEST,ATSI,OE,5904.547,True
9/10/2024 5:00:00 AM,9/10/2024 1:00:00 AM,RFC,WEST,ATSI,OE,5652.730,True
9/10/2024 6:00:00 AM,9/10/2024 2:00:00 AM,RFC,WEST,ATSI,OE,5457.058,True
9/10/2024 7:00:00 AM,9/10/2024 3:00:00 AM,RFC,WEST,ATSI,OE,5492.116,True
9/10/2024 8:00:00 AM,9/10/2024 4:00:00 AM,RFC,WEST,ATSI,OE,5583.095,True
9/10/2024 9:00:00 AM,9/10/2024 5:00:00 AM,RFC,WEST,ATSI,OE,5856.302,True
9/10/2024 10:00:00 AM,9/10/2024 6:00:00 AM,RFC,WEST,ATSI,OE,6358.434,True
9/10/2024 11:00:00 AM,9/10/2024 7:00:00 AM,RFC,WEST,ATSI,OE,6591.667,True
9/10/2024 12:00:00 PM,9/10/2024 8:00:00 AM,RFC,WEST,ATSI,OE,6842.563,True
9/10/2024 1:00:00 PM,9/10/2024 9:00:00 AM,RFC,WEST,ATSI,OE,7117.273,True
9/10/2024 2:00:00 PM,9/10/2024 10:00:00 AM,RFC,WEST,ATSI,OE,7432.815,True
9/10/2024 3:00:00 PM,9/10/2024 11:00:00 AM,RFC,WEST,ATSI,OE,7652.027,True
9/10/2024 4:00:00 PM,9/10/2024 12:00:00 PM,RFC,WEST,ATSI,OE,7840.653,True
9/10/2024 5:00:00 PM,9/10/2024 1:00:00 PM,RFC,WEST,ATSI,OE,8151.707,True
9/10/2024 6:00:00 PM,9/10/2024 2:00:00 PM,RFC,WEST,ATSI,OE,8347.600,True
9/10/2024 7:00:00 PM,9/10/2024 3:00:00 PM,RFC,WEST,ATSI,OE,8526.465,True
9/10/2024 8:00:00 PM,9/10/2024 4:00:00 PM,RFC,WEST,ATSI,OE,8580.210,True
9/10/2024 9:00:00 PM,9/10/2024 5:00:00 PM,RFC,WEST,ATSI,OE,8638.006,True
9/10/2024 10:00:00 PM,9/10/2024 6:00:00 PM,RFC,WEST,ATSI,OE,8560.134,True
9/10/2024 11:00:00 PM,9/10/2024 7:00:00 PM,RFC,WEST,ATSI,OE,8322.613,True
9/11/2024 12:00:00 AM,9/10/2024 8:00:00 PM,RFC,WEST,ATSI,OE,8147.545,True
9/11/2024 1:00:00 AM,9/10/2024 9:00:00 PM,RFC,WEST,ATSI,OE,7665.731,True
9/11/2024 2:00:00 AM,9/10/2024 10:00:00 PM,RFC,WEST,ATSI,OE,7095.516,True
9/11/2024 3:00:00 AM,9/10/2024 11:00:00 PM,RFC,WEST,ATSI,OE,6664.340,True
9/11/2024 4:00:00 AM,9/11/2024 12:00:00 AM,RFC,WEST,ATSI,OE,6266.949,True
9/11/2024 5:00:00 AM,9/11/2024 1:00:00 AM,RFC,WEST,ATSI,OE,6013.845,True
9/11/2024 6:00:00 AM,9/11/2024 2:00:00 AM,RFC,WEST,ATSI,OE,5776.850,True
9/11/2024 7:00:00 AM,9/11/2024 3:00:00 AM,RFC,WEST,ATSI,OE,5600.995,True
9/11/2024 8:00:00 AM,9/11/2024 4:00:00 AM,RFC,WEST,ATSI,OE,5621.985,True
9/11/2024 9:00:00 AM,9/11/2024 5:00:00 AM,RFC,WEST,ATSI,OE,5844.270,True
9/11/2024 10:00:00 AM,9/11/2024 6:00:00 AM,RFC,WEST,ATSI,OE,6281.434,True
9/11/2024 11:00:00 AM,9/11/2024 7:00:00 AM,RFC,WEST,ATSI,OE,6582.590,True
9/11/2024 12:00:00 PM,9/11/2024 8:00:00 AM,RFC,WEST,ATSI,OE,6774.424,True
9/11/2024 1:00:00 PM,9/11/2024 9:00:00 AM,RFC,WEST,ATSI,OE,7049.596,True
9/11/2024 2:00:00 PM,9/11/2024 10:00:00 AM,RFC,WEST,ATSI,OE,7359.962,True
9/11/2024 3:00:00 PM,9/11/2024 11:00:00 AM,RFC,WEST,ATSI,OE,7689.014,True
9/11/2024 4:00:00 PM,9/11/2024 12:00:00 PM,RFC,WEST,ATSI,OE,8003.310,True
9/11/2024 5:00:00 PM,9/11/2024 1:00:00 PM,RFC,WEST,ATSI,OE,8389.492,True
9/11/2024 6:00:00 PM,9/11/2024 2:00:00 PM,RFC,WEST,ATSI,OE,8627.573,True
9/11/2024 7:00:00 PM,9/11/2024 3:00:00 PM,RFC,WEST,ATSI,OE,8990.034,True
9/11/2024 8:00:00 PM,9/11/2024 4:00:00 PM,RFC,WEST,ATSI,OE,9127.983,True
9/11/2024 9:00:00 PM,9/11/2024 5:00:00 PM,RFC,WEST,ATSI,OE,9123.910,True
9/11/2024 10:00:00 PM,9/11/2024 6:00:00 PM,RFC,WEST,ATSI,OE,8845.984,True
9/11/2024 11:00:00 PM,9/11/2024 7:00:00 PM,RFC,WEST,ATSI,OE,8523.403,True
9/12/2024 12:00:00 AM,9/11/2024 8:00:00 PM,RFC,WEST,ATSI,OE,8359.237,True
9/12/2024 1:00:00 AM,9/11/2024 9:00:00 PM,RFC,WEST,ATSI,OE,7822.426,True
9/12/2024 2:00:00 AM,9/11/2024 10:00:00 PM,RFC,WEST,ATSI,OE,7283.149,True
9/12/2024 3:00:00 AM,9/11/2024 11:00:00 PM,RFC,WEST,ATSI,OE,6728.910,True
9/12/2024 4:00:00 AM,9/12/2024 12:00:00 AM,RFC,WEST,ATSI,OE,6386.151,True
9/12/2024 5:00:00 AM,9/12/2024 1:00:00 AM,RFC,WEST,ATSI,OE,6163.397,True
9/12/2024 6:00:00 AM,9/12/2024 2:00:00 AM,RFC,WEST,ATSI,OE,5950.722,True
9/12/2024 7:00:00 AM,9/12/2024 3:00:00 AM,RFC,WEST,ATSI,OE,5831.897,True
9/12/2024 8:00:00 AM,9/12/2024 4:00:00 AM,RFC,WEST,ATSI,OE,5866.446,True
9/12/2024 9:00:00 AM,9/12/2024 5:00:00 AM,RFC,WEST,ATSI,OE,6063.210,True
9/12/2024 10:00:00 AM,9/12/2024 6:00:00 AM,RFC,WEST,ATSI,OE,6541.480,True
9/12/2024 11:00:00 AM,9/12/2024 7:00:00 AM,RFC,WEST,ATSI,OE,6820.446,True
9/12/2024 12:00:00 PM,9/12/2024 8:00:00 AM,RFC,WEST,ATSI,OE,7059.256,True
9/12/2024 1:00:00 PM,9/12/2024 9:00:00 AM,RFC,WEST,ATSI,OE,7369.912,True
9/12/2024 2:00:00 PM,9/12/2024 10:00:00 AM,RFC,WEST,ATSI,OE,7668.298,True
9/12/2024 3:00:00 PM,9/12/2024 11:00:00 AM,RFC,WEST,ATSI,OE,8004.004,True
9/12/2024 4:00:00 PM,9/12/2024 12:00:00 PM,RFC,WEST,ATSI,OE,8375.716,True
9/12/2024 5:00:00 PM,9/12/2024 1:00:00 PM,RFC,WEST,ATSI,OE,8788.302,True
9/12/2024 6:00:00 PM,9/12/2024 2:00:00 PM,RFC,WEST,ATSI,OE,9072.116,True
9/12/2024 7:00:00 PM,9/12/2024 3:00:00 PM,RFC,WEST,ATSI,OE,9292.451,True
9/12/2024 8:00:00 PM,9/12/2024 4:00:00 PM,RFC,WEST,ATSI,OE,9503.759,True
9/12/2024 9:00:00 PM,9/12/2024 5:00:00 PM,RFC,WEST,ATSI,OE,9385.217,True
9/12/2024 10:00:00 PM,9/12/2024 6:00:00 PM,RFC,WEST,ATSI,OE,9107.372,True
9/12/2024 11:00:00 PM,9/12/2024 7:00:00 PM,RFC,WEST,ATSI,OE,8801.546,True
9/13/2024 12:00:00 AM,9/12/2024 8:00:00 PM,RFC,WEST,ATSI,OE,8586.961,True
9/13/2024 1:00:00 AM,9/12/2024 9:00:00 PM,RFC,WEST,ATSI,OE,8078.714,True
9/13/2024 2:00:00 AM,9/12/2024 10:00:00 PM,RFC,WEST,ATSI,OE,7478.056,True
9/13/2024 3:00:00 AM,9/12/2024 11:00:00 PM,RFC,WEST,ATSI,OE,6965.285,True
9/13/2024 4:00:00 AM,9/13/2024 12:00:00 AM,RFC,WEST,ATSI,OE,6546.378,True
9/13/2024 5:00:00 AM,9/13/2024 1:00:00 AM,RFC,WEST,ATSI,OE,6236.027,True
9/13/2024 6:00:00 AM,9/13/2024 2:00:00 AM,RFC,WEST,ATSI,OE,6055.555,True
9/13/2024 7:00:00 AM,9/13/2024 3:00:00 AM,RFC,WEST,ATSI,OE,5914.841,True
9/13/2024 8:00:00 AM,9/13/2024 4:00:00 AM,RFC,WEST,ATSI,OE,5941.196,True
9/13/2024 9:00:00 AM,9/13/2024 5:00:00 AM,RFC,WEST,ATSI,OE,6145.827,True
9/13/2024 10:00:00 AM,9/13/2024 6:00:00 AM,RFC,WEST,ATSI,OE,6585.015,True
9/13/2024 11:00:00 AM,9/13/2024 7:00:00 AM,RFC,WEST,ATSI,OE,6762.916,True
9/13/2024 12:00:00 PM,9/13/2024 8:00:00 AM,RFC,WEST,ATSI,OE,7080.275,True
9/13/2024 1:00:00 PM,9/13/2024 9:00:00 AM,RFC,WEST,ATSI,OE,7434.927,True
9/13/2024 2:00:00 PM,9/13/2024 10:00:00 AM,RFC,WEST,ATSI,OE,7764.838,True
9/13/2024 3:00:00 PM,9/13/2024 11:00:00 AM,RFC,WEST,ATSI,OE,8060.816,True
9/13/2024 4:00:00 PM,9/13/2024 12:00:00 PM,RFC,WEST,ATSI,OE,8434.883,True
9/13/2024 5:00:00 PM,9/13/2024 1:00:00 PM,RFC,WEST,ATSI,OE,8751.603,True
9/13/2024 6:00:00 PM,9/13/2024 2:00:00 PM,RFC,WEST,ATSI,OE,8969.721,True
9/13/2024 7:00:00 PM,9/13/2024 3:00:00 PM,RFC,WEST,ATSI,OE,9115.894,True
9/13/2024 8:00:00 PM,9/13/2024 4:00:00 PM,RFC,WEST,ATSI,OE,9257.820,True
9/13/2024 9:00:00 PM,9/13/2024 5:00:00 PM,RFC,WEST,ATSI,OE,9165.183,True
9/13/2024 10:00:00 PM,9/13/2024 6:00:00 PM,RFC,WEST,ATSI,OE,8844.150,True
9/13/2024 11:00:00 PM,9/13/2024 7:00:00 PM,RFC,WEST,ATSI,OE,8262.737,True
9/14/2024 12:00:00 AM,9/13/2024 8:00:00 PM,RFC,WEST,ATSI,OE,8070.085,True
9/14/2024 1:00:00 AM,9/13/2024 9:00:00 PM,RFC,WEST,ATSI,OE,7593.174,True
9/14/2024 2:00:00 AM,9/13/2024 10:00:00 PM,RFC,WEST,ATSI,OE,7142.902,True
9/14/2024 3:00:00 AM,9/13/2024 11:00:00 PM,RFC,WEST,ATSI,OE,6709.679,True
9/14/2024 4:00:00 AM,9/14/2024 12:00:00 AM,RFC,WEST,ATSI,OE,6290.202,True
9/14/2024 5:00:00 AM,9/14/2024 1:00:00 AM,RFC,WEST,ATSI,OE,5971.997,True
9/14/2024 6:00:00 AM,9/14/2024 2:00:00 AM,RFC,WEST,ATSI,OE,5777.583,True
9/14/2024 7:00:00 AM,9/14/2024 3:00:00 AM,RFC,WEST,ATSI,OE,5644.377,True
9/14/2024 8:00:00 AM,9/14/2024 4:00:00 AM,RFC,WEST,ATSI,OE,5560.552,True
9/14/2024 9:00:00 AM,9/14/2024 5:00:00 AM,RFC,WEST,ATSI,OE,5606.202,True
9/14/2024 10:00:00 AM,9/14/2024 6:00:00 AM,RFC,WEST,ATSI,OE,5787.695,True
9/14/2024 11:00:00 AM,9/14/2024 7:00:00 AM,RFC,WEST,ATSI,OE,5864.877,True
9/14/2024 12:00:00 PM,9/14/2024 8:00:00 AM,RFC,WEST,ATSI,OE,6084.402,True
9/14/2024 1:00:00 PM,9/14/2024 9:00:00 AM,RFC,WEST,ATSI,OE,6424.039,True
9/14/2024 2:00:00 PM,9/14/2024 10:00:00 AM,RFC,WEST,ATSI,OE,6845.791,True
9/14/2024 3:00:00 PM,9/14/2024 11:00:00 AM,RFC,WEST,ATSI,OE,7257.867,True
9/14/2024 4:00:00 PM,9/14/2024 12:00:00 PM,RFC,WEST,ATSI,OE,7672.358,True
9/14/2024 5:00:00 PM,9/14/2024 1:00:00 PM,RFC,WEST,ATSI,OE,8040.431,True
9/14/2024 6:00:00 PM,9/14/2024 2:00:00 PM,RFC,WEST,ATSI,OE,8349.886,True
9/14/2024 7:00:00 PM,9/14/2024 3:00:00 PM,RFC,WEST,ATSI,OE,8701.018,True
9/14/2024 8:00:00 PM,9/14/2024 4:00:00 PM,RFC,WEST,ATSI,OE,8859.674,True
9/14/2024 9:00:00 PM,9/14/2024 5:00:00 PM,RFC,WEST,ATSI,OE,8846.344,True
9/14/2024 10:00:00 PM,9/14/2024 6:00:00 PM,RFC,WEST,ATSI,OE,8615.886,True
9/14/2024 11:00:00 PM,9/14/2024 7:00:00 PM,RFC,WEST,ATSI,OE,8110.253,True
9/15/2024 12:00:00 AM,9/14/2024 8:00:00 PM,RFC,WEST,ATSI,OE,7851.071,True
9/15/2024 1:00:00 AM,9/14/2024 9:00:00 PM,RFC,WEST,ATSI,OE,7374.299,True
9/15/2024 2:00:00 AM,9/14/2024 10:00:00 PM,RFC,WEST,ATSI,OE,6956.808,True
9/15/2024 3:00:00 AM,9/14/2024 11:00:00 PM,RFC,WEST,ATSI,OE,6547.961,True
9/15/2024 4:00:00 AM,9/15/2024 12:00:00 AM,RFC,WEST,ATSI,OE,6186.471,True
9/15/2024 5:00:00 AM,9/15/2024 1:00:00 AM,RFC,WEST,ATSI,OE,5912.424,True
9/15/2024 6:00:00 AM,9/15/2024 2:00:00 AM,RFC,WEST,ATSI,OE,5656.139,True
9/15/2024 7:00:00 AM,9/15/2024 3:00:00 AM,RFC,WEST,ATSI,OE,5480.154,True
9/15/2024 8:00:00 AM,9/15/2024 4:00:00 AM,RFC,WEST,ATSI,OE,5409.725,True
9/15/2024 9:00:00 AM,9/15/2024 5:00:00 AM,RFC,WEST,ATSI,OE,5405.216,True
9/15/2024 10:00:00 AM,9/15/2024 6:00:00 AM,RFC,WEST,ATSI,OE,5444.629,True
9/15/2024 11:00:00 AM,9/15/2024 7:00:00 AM,RFC,WEST,ATSI,OE,5527.523,True
9/15/2024 12:00:00 PM,9/15/2024 8:00:00 AM,RFC,WEST,ATSI,OE,5886.765,True
9/15/2024 1:00:00 PM,9/15/2024 9:00:00 AM,RFC,WEST,ATSI,OE,6232.531,True
9/15/2024 2:00:00 PM,9/15/2024 10:00:00 AM,RFC,WEST,ATSI,OE,6722.392,True
9/15/2024 3:00:00 PM,9/15/2024 11:00:00 AM,RFC,WEST,ATSI,OE,7150.081,True
9/15/2024 4:00:00 PM,9/15/2024 12:00:00 PM,RFC,WEST,ATSI,OE,7634.756,True
9/15/2024 5:00:00 PM,9/15/2024 1:00:00 PM,RFC,WEST,ATSI,OE,8088.721,True
9/15/2024 6:00:00 PM,9/15/2024 2:00:00 PM,RFC,WEST,ATSI,OE,8441.281,True
9/15/2024 7:00:00 PM,9/15/2024 3:00:00 PM,RFC,WEST,ATSI,OE,8710.582,True
9/15/2024 8:00:00 PM,9/15/2024 4:00:00 PM,RFC,WEST,ATSI,OE,8902.131,True
9/15/2024 9:00:00 PM,9/15/2024 5:00:00 PM,RFC,WEST,ATSI,OE,8889.792,True
9/15/2024 10:00:00 PM,9/15/2024 6:00:00 PM,RFC,WEST,ATSI,OE,8701.208,True
9/15/2024 11:00:00 PM,9/15/2024 7:00:00 PM,RFC,WEST,ATSI,OE,8315.014,True
9/16/2024 12:00:00 AM,9/15/2024 8:00:00 PM,RFC,WEST,ATSI,OE,8078.311,True
9/16/2024 1:00:00 AM,9/15/2024 9:00:00 PM,RFC,WEST,ATSI,OE,7481.775,True
9/16/2024 2:00:00 AM,9/15/2024 10:00:00 PM,RFC,WEST,ATSI,OE,7020.424,True
9/16/2024 3:00:00 AM,9/15/2024 11:00:00 PM,RFC,WEST,ATSI,OE,6489.871,True
9/16/2024 4:00:00 AM,9/16/2024 12:00:00 AM,RFC,WEST,ATSI,OE,6140.912,True
9/16/2024 5:00:00 AM,9/16/2024 1:00:00 AM,RFC,WEST,ATSI,OE,5862.441,True
9/16/2024 6:00:00 AM,9/16/2024 2:00:00 AM,RFC,WEST,ATSI,OE,5702.322,True
9/16/2024 7:00:00 AM,9/16/2024 3:00:00 AM,RFC,WEST,ATSI,OE,5636.440,True
9/16/2024 8:00:00 AM,9/16/2024 4:00:00 AM,RFC,WEST,ATSI,OE,5692.914,True
9/16/2024 9:00:00 AM,9/16/2024 5:00:00 AM,RFC,WEST,ATSI,OE,5960.834,True
9/16/2024 10:00:00 AM,9/16/2024 6:00:00 AM,RFC,WEST,ATSI,OE,6473.742,True
9/16/2024 11:00:00 AM,9/16/2024 7:00:00 AM,RFC,WEST,ATSI,OE,6738.250,True
9/16/2024 12:00:00 PM,9/16/2024 8:00:00 AM,RFC,WEST,ATSI,OE,6985.968,True
9/16/2024 1:00:00 PM,9/16/2024 9:00:00 AM,RFC,WEST,ATSI,OE,7323.097,True
9/16/2024 2:00:00 PM,9/16/2024 10:00:00 AM,RFC,WEST,ATSI,OE,7679.466,True
9/16/2024 3:00:00 PM,9/16/2024 11:00:00 AM,RFC,WEST,ATSI,OE,7953.293,True
9/16/2024 4:00:00 PM,9/16/2024 12:00:00 PM,RFC,WEST,ATSI,OE,8348.893,True
9/16/2024 5:00:00 PM,9/16/2024 1:00:00 PM,RFC,WEST,ATSI,OE,8643.865,True
9/16/2024 6:00:00 PM,9/16/2024 2:00:00 PM,RFC,WEST,ATSI,OE,8835.904,True
9/16/2024 7:00:00 PM,9/16/2024 3:00:00 PM,RFC,WEST,ATSI,OE,9003.392,True
9/16/2024 8:00:00 PM,9/16/2024 4:00:00 PM,RFC,WEST,ATSI,OE,9112.696,True
9/16/2024 9:00:00 PM,9/16/2024 5:00:00 PM,RFC,WEST,ATSI,OE,9141.154,True
9/16/2024 10:00:00 PM,9/16/2024 6:00:00 PM,RFC,WEST,ATSI,OE,8844.257,True
9/16/2024 11:00:00 PM,9/16/2024 7:00:00 PM,RFC,WEST,ATSI,OE,8457.169,True
9/17/2024 12:00:00 AM,9/16/2024 8:00:00 PM,RFC,WEST,ATSI,OE,8173.400,True
9/17/2024 1:00:00 AM,9/16/2024 9:00:00 PM,RFC,WEST,ATSI,OE,7630.013,True
9/17/2024 2:00:00 AM,9/16/2024 10:00:00 PM,RFC,WEST,ATSI,OE,7031.452,True
9/17/2024 3:00:00 AM,9/16/2024 11:00:00 PM,RFC,WEST,ATSI,OE,6511.222,True
9/17/2024 4:00:00 AM,9/17/2024 12:00:00 AM,RFC,WEST,ATSI,OE,6161.712,True
9/17/2024 5:00:00 AM,9/17/2024 1:00:00 AM,RFC,WEST,ATSI,OE,5925.594,True
9/17/2024 6:00:00 AM,9/17/2024 2:00:00 AM,RFC,WEST,ATSI,OE,5778.222,True
9/17/2024 7:00:00 AM,9/17/2024 3:00:00 AM,RFC,WEST,ATSI,OE,5811.230,True
9/17/2024 8:00:00 AM,9/17/2024 4:00:00 AM,RFC,WEST,ATSI,OE,5716.085,True
9/17/2024 9:00:00 AM,9/17/2024 5:00:00 AM,RFC,WEST,ATSI,OE,5894.814,True
9/17/2024 10:00:00 AM,9/17/2024 6:00:00 AM,RFC,WEST,ATSI,OE,6329.391,True
9/17/2024 11:00:00 AM,9/17/2024 7:00:00 AM,RFC,WEST,ATSI,OE,6624.907,True
9/17/2024 12:00:00 PM,9/17/2024 8:00:00 AM,RFC,WEST,ATSI,OE,6869.032,True
9/17/2024 1:00:00 PM,9/17/2024 9:00:00 AM,RFC,WEST,ATSI,OE,7086.177,True
9/17/2024 2:00:00 PM,9/17/2024 10:00:00 AM,RFC,WEST,ATSI,OE,7389.265,True
9/17/2024 3:00:00 PM,9/17/2024 11:00:00 AM,RFC,WEST,ATSI,OE,7577.179,True
9/17/2024 4:00:00 PM,9/17/2024 12:00:00 PM,RFC,WEST,ATSI,OE,7843.753,True
9/17/2024 5:00:00 PM,9/17/2024 1:00:00 PM,RFC,WEST,ATSI,OE,8253.571,True
9/17/2024 6:00:00 PM,9/17/2024 2:00:00 PM,RFC,WEST,ATSI,OE,8471.188,True
9/17/2024 7:00:00 PM,9/17/2024 3:00:00 PM,RFC,WEST,ATSI,OE,8599.817,True
9/17/2024 8:00:00 PM,9/17/2024 4:00:00 PM,RFC,WEST,ATSI,OE,8647.682,True
9/17/2024 9:00:00 PM,9/17/2024 5:00:00 PM,RFC,WEST,ATSI,OE,8606.869,True
9/17/2024 10:00:00 PM,9/17/2024 6:00:00 PM,RFC,WEST,ATSI,OE,8602.202,True
9/17/2024 11:00:00 PM,9/17/2024 7:00:00 PM,RFC,WEST,ATSI,OE,8469.235,True
9/18/2024 12:00:00 AM,9/17/2024 8:00:00 PM,RFC,WEST,ATSI,OE,8354.798,True
9/18/2024 1:00:00 AM,9/17/2024 9:00:00 PM,RFC,WEST,ATSI,OE,7941.619,True
9/18/2024 2:00:00 AM,9/17/2024 10:00:00 PM,RFC,WEST,ATSI,OE,7440.782,True
9/18/2024 3:00:00 AM,9/17/2024 11:00:00 PM,RFC,WEST,ATSI,OE,7012.125,True
9/18/2024 4:00:00 AM,9/18/2024 12:00:00 AM,RFC,WEST,ATSI,OE,6592.869,True
9/18/2024 5:00:00 AM,9/18/2024 1:00:00 AM,RFC,WEST,ATSI,OE,6278.285,True
9/18/2024 6:00:00 AM,9/18/2024 2:00:00 AM,RFC,WEST,ATSI,OE,5993.863,True
9/18/2024 7:00:00 AM,9/18/2024 3:00:00 AM,RFC,WEST,ATSI,OE,5950.469,True
9/18/2024 8:00:00 AM,9/18/2024 4:00:00 AM,RFC,WEST,ATSI,OE,5964.257,True
9/18/2024 9:00:00 AM,9/18/2024 5:00:00 AM,RFC,WEST,ATSI,OE,6119.989,True
9/18/2024 10:00:00 AM,9/18/2024 6:00:00 AM,RFC,WEST,ATSI,OE,6617.437,True
9/18/2024 11:00:00 AM,9/18/2024 7:00:00 AM,RFC,WEST,ATSI,OE,6804.053,True
9/18/2024 12:00:00 PM,9/18/2024 8:00:00 AM,RFC,WEST,ATSI,OE,7110.433,True
9/18/2024 1:00:00 PM,9/18/2024 9:00:00 AM,RFC,WEST,ATSI,OE,7363.176,True
9/18/2024 2:00:00 PM,9/18/2024 10:00:00 AM,RFC,WEST,ATSI,OE,7735.859,True
9/18/2024 3:00:00 PM,9/18/2024 11:00:00 AM,RFC,WEST,ATSI,OE,8169.785,True
9/18/2024 4:00:00 PM,9/18/2024 12:00:00 PM,RFC,WEST,ATSI,OE,8542.429,True
9/18/2024 5:00:00 PM,9/18/2024 1:00:00 PM,RFC,WEST,ATSI,OE,8938.788,True
9/18/2024 6:00:00 PM,9/18/2024 2:00:00 PM,RFC,WEST,ATSI,OE,9089.204,True
9/18/2024 7:00:00 PM,9/18/2024 3:00:00 PM,RFC,WEST,ATSI,OE,9312.930,True
9/18/2024 8:00:00 PM,9/18/2024 4:00:00 PM,RFC,WEST,ATSI,OE,9198.044,True
9/18/2024 9:00:00 PM,9/18/2024 5:00:00 PM,RFC,WEST,ATSI,OE,9140.643,True
9/18/2024 10:00:00 PM,9/18/2024 6:00:00 PM,RFC,WEST,ATSI,OE,8860.831,True
9/18/2024 11:00:00 PM,9/18/2024 7:00:00 PM,RFC,WEST,ATSI,OE,8635.209,True
9/19/2024 12:00:00 AM,9/18/2024 8:00:00 PM,RFC,WEST,ATSI,OE,8405.685,True
9/19/2024 1:00:00 AM,9/18/2024 9:00:00 PM,RFC,WEST,ATSI,OE,7981.945,True
9/19/2024 2:00:00 AM,9/18/2024 10:00:00 PM,RFC,WEST,ATSI,OE,7456.359,True
9/19/2024 3:00:00 AM,9/18/2024 11:00:00 PM,RFC,WEST,ATSI,OE,7041.469,True
9/19/2024 4:00:00 AM,9/19/2024 12:00:00 AM,RFC,WEST,ATSI,OE,6623.885,True
9/19/2024 5:00:00 AM,9/19/2024 1:00:00 AM,RFC,WEST,ATSI,OE,6348.631,True
9/19/2024 6:00:00 AM,9/19/2024 2:00:00 AM,RFC,WEST,ATSI,OE,6012.943,True
9/19/2024 7:00:00 AM,9/19/2024 3:00:00 AM,RFC,WEST,ATSI,OE,5872.020,True
9/19/2024 8:00:00 AM,9/19/2024 4:00:00 AM,RFC,WEST,ATSI,OE,5867.800,True
9/19/2024 9:00:00 AM,9/19/2024 5:00:00 AM,RFC,WEST,ATSI,OE,6176.692,True
9/19/2024 10:00:00 AM,9/19/2024 6:00:00 AM,RFC,WEST,ATSI,OE,6718.384,True
9/19/2024 11:00:00 AM,9/19/2024 7:00:00 AM,RFC,WEST,ATSI,OE,7020.393,True
9/19/2024 12:00:00 PM,9/19/2024 8:00:00 AM,RFC,WEST,ATSI,OE,7252.191,True
9/19/2024 1:00:00 PM,9/19/2024 9:00:00 AM,RFC,WEST,ATSI,OE,7576.040,True
9/19/2024 2:00:00 PM,9/19/2024 10:00:00 AM,RFC,WEST,ATSI,OE,7888.410,True
9/19/2024 3:00:00 PM,9/19/2024 11:00:00 AM,RFC,WEST,ATSI,OE,8233.346,True
9/19/2024 4:00:00 PM,9/19/2024 12:00:00 PM,RFC,WEST,ATSI,OE,8660.658,True
9/19/2024 5:00:00 PM,9/19/2024 1:00:00 PM,RFC,WEST,ATSI,OE,9091.989,True
9/19/2024 6:00:00 PM,9/19/2024 2:00:00 PM,RFC,WEST,ATSI,OE,9329.257,True
9/19/2024 7:00:00 PM,9/19/2024 3:00:00 PM,RFC,WEST,ATSI,OE,9481.533,True
9/19/2024 8:00:00 PM,9/19/2024 4:00:00 PM,RFC,WEST,ATSI,OE,9550.747,True
9/19/2024 9:00:00 PM,9/19/2024 5:00:00 PM,RFC,WEST,ATSI,OE,9504.301,True
9/19/2024 10:00:00 PM,9/19/2024 6:00:00 PM,RFC,WEST,ATSI,OE,9241.350,True
9/19/2024 11:00:00 PM,9/19/2024 7:00:00 PM,RFC,WEST,ATSI,OE,8886.953,True
9/20/2024 12:00:00 AM,9/19/2024 8:00:00 PM,RFC,WEST,ATSI,OE,8619.394,True
9/20/2024 1:00:00 AM,9/19/2024 9:00:00 PM,RFC,WEST,ATSI,OE,8073.022,True
9/20/2024 2:00:00 AM,9/19/2024 10:00:00 PM,RFC,WEST,ATSI,OE,7509.388,True
9/20/2024 3:00:00 AM,9/19/2024 11:00:00 PM,RFC,WEST,ATSI,OE,6990.305,True
9/20/2024 4:00:00 AM,9/20/2024 12:00:00 AM,RFC,WEST,ATSI,OE,6575.615,True
9/20/2024 5:00:00 AM,9/20/2024 1:00:00 AM,RFC,WEST,ATSI,OE,6223.982,True
9/20/2024 6:00:00 AM,9/20/2024 2:00:00 AM,RFC,WEST,ATSI,OE,5989.619,True
9/20/2024 7:00:00 AM,9/20/2024 3:00:00 AM,RFC,WEST,ATSI,OE,5867.467,True
9/20/2024 8:00:00 AM,9/20/2024 4:00:00 AM,RFC,WEST,ATSI,OE,5960.653,True
9/20/2024 9:00:00 AM,9/20/2024 5:00:00 AM,RFC,WEST,ATSI,OE,6112.754,True
9/20/2024 10:00:00 AM,9/20/2024 6:00:00 AM,RFC,WEST,ATSI,OE,6596.090,True
9/20/2024 11:00:00 AM,9/20/2024 7:00:00 AM,RFC,WEST,ATSI,OE,6826.620,True
9/20/2024 12:00:00 PM,9/20/2024 8:00:00 AM,RFC,WEST,ATSI,OE,7187.446,True
9/20/2024 1:00:00 PM,9/20/2024 9:00:00 AM,RFC,WEST,ATSI,OE,7500.698,True
9/20/2024 2:00:00 PM,9/20/2024 10:00:00 AM,RFC,WEST,ATSI,OE,7891.527,True
9/20/2024 3:00:00 PM,9/20/2024 11:00:00 AM,RFC,WEST,ATSI,OE,8231.985,True
9/20/2024 4:00:00 PM,9/20/2024 12:00:00 PM,RFC,WEST,ATSI,OE,8675.018,True
9/20/2024 5:00:00 PM,9/20/2024 1:00:00 PM,RFC,WEST,ATSI,OE,8944.155,True
9/20/2024 6:00:00 PM,9/20/2024 2:00:00 PM,RFC,WEST,ATSI,OE,9174.294,True
9/20/2024 7:00:00 PM,9/20/2024 3:00:00 PM,RFC,WEST,ATSI,OE,9407.696,True
9/20/2024 8:00:00 PM,9/20/2024 4:00:00 PM,RFC,WEST,ATSI,OE,9500.246,True
9/20/2024 9:00:00 PM,9/20/2024 5:00:00 PM,RFC,WEST,ATSI,OE,9382.005,True
9/20/2024 10:00:00 PM,9/20/2024 6:00:00 PM,RFC,WEST,ATSI,OE,8962.659,True
9/20/2024 11:00:00 PM,9/20/2024 7:00:00 PM,RFC,WEST,ATSI,OE,8601.869,True
9/21/2024 12:00:00 AM,9/20/2024 8:00:00 PM,RFC,WEST,ATSI,OE,8340.427,True
9/21/2024 1:00:00 AM,9/20/2024 9:00:00 PM,RFC,WEST,ATSI,OE,7941.080,True
9/21/2024 2:00:00 AM,9/20/2024 10:00:00 PM,RFC,WEST,ATSI,OE,7495.892,True
9/21/2024 3:00:00 AM,9/20/2024 11:00:00 PM,RFC,WEST,ATSI,OE,6968.739,True
9/21/2024 4:00:00 AM,9/21/2024 12:00:00 AM,RFC,WEST,ATSI,OE,6542.600,True
9/21/2024 5:00:00 AM,9/21/2024 1:00:00 AM,RFC,WEST,ATSI,OE,6278.442,True
9/21/2024 6:00:00 AM,9/21/2024 2:00:00 AM,RFC,WEST,ATSI,OE,6100.231,True
9/21/2024 7:00:00 AM,9/21/2024 3:00:00 AM,RFC,WEST,ATSI,OE,5967.449,True
9/21/2024 8:00:00 AM,9/21/2024 4:00:00 AM,RFC,WEST,ATSI,OE,5898.798,True
9/21/2024 9:00:00 AM,9/21/2024 5:00:00 AM,RFC,WEST,ATSI,OE,5840.113,True
9/21/2024 10:00:00 AM,9/21/2024 6:00:00 AM,RFC,WEST,ATSI,OE,5997.400,True
9/21/2024 11:00:00 AM,9/21/2024 7:00:00 AM,RFC,WEST,ATSI,OE,6143.948,True
9/21/2024 12:00:00 PM,9/21/2024 8:00:00 AM,RFC,WEST,ATSI,OE,6457.020,True
9/21/2024 1:00:00 PM,9/21/2024 9:00:00 AM,RFC,WEST,ATSI,OE,6888.685,True
9/21/2024 2:00:00 PM,9/21/2024 10:00:00 AM,RFC,WEST,ATSI,OE,7486.156,True
9/21/2024 3:00:00 PM,9/21/2024 11:00:00 AM,RFC,WEST,ATSI,OE,7924.766,True
9/21/2024 4:00:00 PM,9/21/2024 12:00:00 PM,RFC,WEST,ATSI,OE,8354.386,True
9/21/2024 5:00:00 PM,9/21/2024 1:00:00 PM,RFC,WEST,ATSI,OE,8625.537,True
9/21/2024 6:00:00 PM,9/21/2024 2:00:00 PM,RFC,WEST,ATSI,OE,8970.056,True
9/21/2024 7:00:00 PM,9/21/2024 3:00:00 PM,RFC,WEST,ATSI,OE,9205.954,True
9/21/2024 8:00:00 PM,9/21/2024 4:00:00 PM,RFC,WEST,ATSI,OE,9323.867,True
9/21/2024 9:00:00 PM,9/21/2024 5:00:00 PM,RFC,WEST,ATSI,OE,9240.663,True
9/21/2024 10:00:00 PM,9/21/2024 6:00:00 PM,RFC,WEST,ATSI,OE,8861.658,True
9/21/2024 11:00:00 PM,9/21/2024 7:00:00 PM,RFC,WEST,ATSI,OE,8368.707,True
9/22/2024 12:00:00 AM,9/21/2024 8:00:00 PM,RFC,WEST,ATSI,OE,8006.279,True
9/22/2024 1:00:00 AM,9/21/2024 9:00:00 PM,RFC,WEST,ATSI,OE,7472.723,True
9/22/2024 2:00:00 AM,9/21/2024 10:00:00 PM,RFC,WEST,ATSI,OE,7000.341,True
9/22/2024 3:00:00 AM,9/21/2024 11:00:00 PM,RFC,WEST,ATSI,OE,6479.210,True
9/22/2024 4:00:00 AM,9/22/2024 12:00:00 AM,RFC,WEST,ATSI,OE,6103.473,True
9/22/2024 5:00:00 AM,9/22/2024 1:00:00 AM,RFC,WEST,ATSI,OE,5783.224,True
9/22/2024 6:00:00 AM,9/22/2024 2:00:00 AM,RFC,WEST,ATSI,OE,5595.571,True
9/22/2024 7:00:00 AM,9/22/2024 3:00:00 AM,RFC,WEST,ATSI,OE,5475.206,True
9/22/2024 8:00:00 AM,9/22/2024 4:00:00 AM,RFC,WEST,ATSI,OE,5368.123,True
9/22/2024 9:00:00 AM,9/22/2024 5:00:00 AM,RFC,WEST,ATSI,OE,5335.833,True
9/22/2024 10:00:00 AM,9/22/2024 6:00:00 AM,RFC,WEST,ATSI,OE,5396.561,True
9/22/2024 11:00:00 AM,9/22/2024 7:00:00 AM,RFC,WEST,ATSI,OE,5462.791,True
9/22/2024 12:00:00 PM,9/22/2024 8:00:00 AM,RFC,WEST,ATSI,OE,5763.056,True
9/22/2024 1:00:00 PM,9/22/2024 9:00:00 AM,RFC,WEST,ATSI,OE,6216.511,True
9/22/2024 2:00:00 PM,9/22/2024 10:00:00 AM,RFC,WEST,ATSI,OE,6592.923,True
9/22/2024 3:00:00 PM,9/22/2024 11:00:00 AM,RFC,WEST,ATSI,OE,7002.056,True
9/22/2024 4:00:00 PM,9/22/2024 12:00:00 PM,RFC,WEST,ATSI,OE,7479.705,True
9/22/2024 5:00:00 PM,9/22/2024 1:00:00 PM,RFC,WEST,ATSI,OE,7993.368,True
9/22/2024 6:00:00 PM,9/22/2024 2:00:00 PM,RFC,WEST,ATSI,OE,8422.830,True
9/22/2024 7:00:00 PM,9/22/2024 3:00:00 PM,RFC,WEST,ATSI,OE,8704.664,True
9/22/2024 8:00:00 PM,9/22/2024 4:00:00 PM,RFC,WEST,ATSI,OE,8660.271,True
9/22/2024 9:00:00 PM,9/22/2024 5:00:00 PM,RFC,WEST,ATSI,OE,8560.694,True
9/22/2024 10:00:00 PM,9/22/2024 6:00:00 PM,RFC,WEST,ATSI,OE,8344.902,True
9/22/2024 11:00:00 PM,9/22/2024 7:00:00 PM,RFC,WEST,ATSI,OE,8252.861,True
9/23/2024 12:00:00 AM,9/22/2024 8:00:00 PM,RFC,WEST,ATSI,OE,8059.519,True
9/23/2024 1:00:00 AM,9/22/2024 9:00:00 PM,RFC,WEST,ATSI,OE,7647.627,True
9/23/2024 2:00:00 AM,9/22/2024 10:00:00 PM,RFC,WEST,ATSI,OE,7260.945,True
9/23/2024 3:00:00 AM,9/22/2024 11:00:00 PM,RFC,WEST,ATSI,OE,6793.273,True
9/23/2024 4:00:00 AM,9/23/2024 12:00:00 AM,RFC,WEST,ATSI,OE,6455.855,True
9/23/2024 5:00:00 AM,9/23/2024 1:00:00 AM,RFC,WEST,ATSI,OE,6244.933,True
9/23/2024 6:00:00 AM,9/23/2024 2:00:00 AM,RFC,WEST,ATSI,OE,6078.306,True
9/23/2024 7:00:00 AM,9/23/2024 3:00:00 AM,RFC,WEST,ATSI,OE,6057.735,True
9/23/2024 8:00:00 AM,9/23/2024 4:00:00 AM,RFC,WEST,ATSI,OE,6033.437,True
9/23/2024 9:00:00 AM,9/23/2024 5:00:00 AM,RFC,WEST,ATSI,OE,6344.851,True
9/23/2024 10:00:00 AM,9/23/2024 6:00:00 AM,RFC,WEST,ATSI,OE,6898.334,True
9/23/2024 11:00:00 AM,9/23/2024 7:00:00 AM,RFC,WEST,ATSI,OE,7277.296,True
9/23/2024 12:00:00 PM,9/23/2024 8:00:00 AM,RFC,WEST,ATSI,OE,7410.568,True
9/23/2024 1:00:00 PM,9/23/2024 9:00:00 AM,RFC,WEST,ATSI,OE,7619.981,True
9/23/2024 2:00:00 PM,9/23/2024 10:00:00 AM,RFC,WEST,ATSI,OE,7835.445,True
9/23/2024 3:00:00 PM,9/23/2024 11:00:00 AM,RFC,WEST,ATSI,OE,7943.565,True
9/23/2024 4:00:00 PM,9/23/2024 12:00:00 PM,RFC,WEST,ATSI,OE,7996.472,True
9/23/2024 5:00:00 PM,9/23/2024 1:00:00 PM,RFC,WEST,ATSI,OE,8037.899,True
9/23/2024 6:00:00 PM,9/23/2024 2:00:00 PM,RFC,WEST,ATSI,OE,8016.447,True
9/23/2024 7:00:00 PM,9/23/2024 3:00:00 PM,RFC,WEST,ATSI,OE,7932.617,True
9/23/2024 8:00:00 PM,9/23/2024 4:00:00 PM,RFC,WEST,ATSI,OE,7807.333,True
9/23/2024 9:00:00 PM,9/23/2024 5:00:00 PM,RFC,WEST,ATSI,OE,7801.798,True
9/23/2024 10:00:00 PM,9/23/2024 6:00:00 PM,RFC,WEST,ATSI,OE,7677.268,True
9/23/2024 11:00:00 PM,9/23/2024 7:00:00 PM,RFC,WEST,ATSI,OE,7771.768,True
9/24/2024 12:00:00 AM,9/23/2024 8:00:00 PM,RFC,WEST,ATSI,OE,7734.346,True
9/24/2024 1:00:00 AM,9/23/2024 9:00:00 PM,RFC,WEST,ATSI,OE,7407.766,True
9/24/2024 2:00:00 AM,9/23/2024 10:00:00 PM,RFC,WEST,ATSI,OE,6965.450,True
9/24/2024 3:00:00 AM,9/23/2024 11:00:00 PM,RFC,WEST,ATSI,OE,6518.094,True
9/24/2024 4:00:00 AM,9/24/2024 12:00:00 AM,RFC,WEST,ATSI,OE,6192.467,True
9/24/2024 5:00:00 AM,9/24/2024 1:00:00 AM,RFC,WEST,ATSI,OE,6074.295,True
9/24/2024 6:00:00 AM,9/24/2024 2:00:00 AM,RFC,WEST,ATSI,OE,5874.508,True
9/24/2024 7:00:00 AM,9/24/2024 3:00:00 AM,RFC,WEST,ATSI,OE,5839.133,True
9/24/2024 8:00:00 AM,9/24/2024 4:00:00 AM,RFC,WEST,ATSI,OE,5878.677,True
9/24/2024 9:00:00 AM,9/24/2024 5:00:00 AM,RFC,WEST,ATSI,OE,6144.629,True
9/24/2024 10:00:00 AM,9/24/2024 6:00:00 AM,RFC,WEST,ATSI,OE,6700.343,True
9/24/2024 11:00:00 AM,9/24/2024 7:00:00 AM,RFC,WEST,ATSI,OE,7148.989,True
9/24/2024 12:00:00 PM,9/24/2024 8:00:00 AM,RFC,WEST,ATSI,OE,7321.378,True
9/24/2024 1:00:00 PM,9/24/2024 9:00:00 AM,RFC,WEST,ATSI,OE,7458.766,True
9/24/2024 2:00:00 PM,9/24/2024 10:00:00 AM,RFC,WEST,ATSI,OE,7629.078,True
9/24/2024 3:00:00 PM,9/24/2024 11:00:00 AM,RFC,WEST,ATSI,OE,7580.717,True
9/24/2024 4:00:00 PM,9/24/2024 12:00:00 PM,RFC,WEST,ATSI,OE,7655.598,True
9/24/2024 5:00:00 PM,9/24/2024 1:00:00 PM,RFC,WEST,ATSI,OE,7920.261,True
9/24/2024 6:00:00 PM,9/24/2024 2:00:00 PM,RFC,WEST,ATSI,OE,7976.828,True
9/24/2024 7:00:00 PM,9/24/2024 3:00:00 PM,RFC,WEST,ATSI,OE,7973.207,True
9/24/2024 8:00:00 PM,9/24/2024 4:00:00 PM,RFC,WEST,ATSI,OE,8010.176,True
9/24/2024 9:00:00 PM,9/24/2024 5:00:00 PM,RFC,WEST,ATSI,OE,7990.910,True
9/24/2024 10:00:00 PM,9/24/2024 6:00:00 PM,RFC,WEST,ATSI,OE,7950.484,True
9/24/2024 11:00:00 PM,9/24/2024 7:00:00 PM,RFC,WEST,ATSI,OE,8000.045,True
9/25/2024 12:00:00 AM,9/24/2024 8:00:00 PM,RFC,WEST,ATSI,OE,7918.536,True
9/25/2024 1:00:00 AM,9/24/2024 9:00:00 PM,RFC,WEST,ATSI,OE,7609.927,True
9/25/2024 2:00:00 AM,9/24/2024 10:00:00 PM,RFC,WEST,ATSI,OE,7140.290,True
9/25/2024 3:00:00 AM,9/24/2024 11:00:00 PM,RFC,WEST,ATSI,OE,6753.667,True
9/25/2024 4:00:00 AM,9/25/2024 12:00:00 AM,RFC,WEST,ATSI,OE,6490.065,True
9/25/2024 5:00:00 AM,9/25/2024 1:00:00 AM,RFC,WEST,ATSI,OE,6261.930,True
9/25/2024 6:00:00 AM,9/25/2024 2:00:00 AM,RFC,WEST,ATSI,OE,6022.410,True
9/25/2024 7:00:00 AM,9/25/2024 3:00:00 AM,RFC,WEST,ATSI,OE,5947.009,True
9/25/2024 8:00:00 AM,9/25/2024 4:00:00 AM,RFC,WEST,ATSI,OE,6002.519,True
9/25/2024 9:00:00 AM,9/25/2024 5:00:00 AM,RFC,WEST,ATSI,OE,6320.443,True
9/25/2024 10:00:00 AM,9/25/2024 6:00:00 AM,RFC,WEST,ATSI,OE,6822.534,True
9/25/2024 11:00:00 AM,9/25/2024 7:00:00 AM,RFC,WEST,ATSI,OE,7229.952,True
9/25/2024 12:00:00 PM,9/25/2024 8:00:00 AM,RFC,WEST,ATSI,OE,7360.407,True
9/25/2024 1:00:00 PM,9/25/2024 9:00:00 AM,RFC,WEST,ATSI,OE,7635.999,True
9/25/2024 2:00:00 PM,9/25/2024 10:00:00 AM,RFC,WEST,ATSI,OE,7734.918,True
9/25/2024 3:00:00 PM,9/25/2024 11:00:00 AM,RFC,WEST,ATSI,OE,7836.629,True
9/25/2024 4:00:00 PM,9/25/2024 12:00:00 PM,RFC,WEST,ATSI,OE,7996.361,True
9/25/2024 5:00:00 PM,9/25/2024 1:00:00 PM,RFC,WEST,ATSI,OE,8199.852,True
9/25/2024 6:00:00 PM,9/25/2024 2:00:00 PM,RFC,WEST,ATSI,OE,8172.140,True
9/25/2024 7:00:00 PM,9/25/2024 3:00:00 PM,RFC,WEST,ATSI,OE,8215.033,True
9/25/2024 8:00:00 PM,9/25/2024 4:00:00 PM,RFC,WEST,ATSI,OE,8171.910,True
9/25/2024 9:00:00 PM,9/25/2024 5:00:00 PM,RFC,WEST,ATSI,OE,8150.753,True
9/25/2024 10:00:00 PM,9/25/2024 6:00:00 PM,RFC,WEST,ATSI,OE,7937.983,True
9/25/2024 11:00:00 PM,9/25/2024 7:00:00 PM,RFC,WEST,ATSI,OE,7958.509,True
9/26/2024 12:00:00 AM,9/25/2024 8:00:00 PM,RFC,WEST,ATSI,OE,7915.906,True
9/26/2024 1:00:00 AM,9/25/2024 9:00:00 PM,RFC,WEST,ATSI,OE,7610.549,True
9/26/2024 2:00:00 AM,9/25/2024 10:00:00 PM,RFC,WEST,ATSI,OE,7181.820,True
9/26/2024 3:00:00 AM,9/25/2024 11:00:00 PM,RFC,WEST,ATSI,OE,6790.145,True
9/26/2024 4:00:00 AM,9/26/2024 12:00:00 AM,RFC,WEST,ATSI,OE,6555.467,True
9/26/2024 5:00:00 AM,9/26/2024 1:00:00 AM,RFC,WEST,ATSI,OE,6198.557,True
9/26/2024 6:00:00 AM,9/26/2024 2:00:00 AM,RFC,WEST,ATSI,OE,6098.271,True
9/26/2024 7:00:00 AM,9/26/2024 3:00:00 AM,RFC,WEST,ATSI,OE,5925.220,True
9/26/2024 8:00:00 AM,9/26/2024 4:00:00 AM,RFC,WEST,ATSI,OE,5983.125,True
9/26/2024 9:00:00 AM,9/26/2024 5:00:00 AM,RFC,WEST,ATSI,OE,6208.845,True
9/26/2024 10:00:00 AM,9/26/2024 6:00:00 AM,RFC,WEST,ATSI,OE,6664.884,True
9/26/2024 11:00:00 AM,9/26/2024 7:00:00 AM,RFC,WEST,ATSI,OE,7130.284,True
9/26/2024 12:00:00 PM,9/26/2024 8:00:00 AM,RFC,WEST,ATSI,OE,7230.053,True
9/26/2024 1:00:00 PM,9/26/2024 9:00:00 AM,RFC,WEST,ATSI,OE,7438.797,True
9/26/2024 2:00:00 PM,9/26/2024 10:00:00 AM,RFC,WEST,ATSI,OE,7616.168,True
9/26/2024 3:00:00 PM,9/26/2024 11:00:00 AM,RFC,WEST,ATSI,OE,7737.293,True
9/26/2024 4:00:00 PM,9/26/2024 12:00:00 PM,RFC,WEST,ATSI,OE,7797.446,True
9/26/2024 5:00:00 PM,9/26/2024 1:00:00 PM,RFC,WEST,ATSI,OE,7927.856,True
9/26/2024 6:00:00 PM,9/26/2024 2:00:00 PM,RFC,WEST,ATSI,OE,7972.800,True
9/26/2024 7:00:00 PM,9/26/2024 3:00:00 PM,RFC,WEST,ATSI,OE,7869.816,True
9/26/2024 8:00:00 PM,9/26/2024 4:00:00 PM,RFC,WEST,ATSI,OE,7856.303,True
9/26/2024 9:00:00 PM,9/26/2024 5:00:00 PM,RFC,WEST,ATSI,OE,7774.723,True
9/26/2024 10:00:00 PM,9/26/2024 6:00:00 PM,RFC,WEST,ATSI,OE,7736.468,True
9/26/2024 11:00:00 PM,9/26/2024 7:00:00 PM,RFC,WEST,ATSI,OE,7778.800,True
9/27/2024 12:00:00 AM,9/26/2024 8:00:00 PM,RFC,WEST,ATSI,OE,7721.125,True
9/27/2024 1:00:00 AM,9/26/2024 9:00:00 PM,RFC,WEST,ATSI,OE,7387.189,True
9/27/2024 2:00:00 AM,9/26/2024 10:00:00 PM,RFC,WEST,ATSI,OE,7009.981,True
9/27/2024 3:00:00 AM,9/26/2024 11:00:00 PM,RFC,WEST,ATSI,OE,6603.799,True
9/27/2024 4:00:00 AM,9/27/2024 12:00:00 AM,RFC,WEST,ATSI,OE,6212.324,True
9/27/2024 5:00:00 AM,9/27/2024 1:00:00 AM,RFC,WEST,ATSI,OE,6114.671,True
9/27/2024 6:00:00 AM,9/27/2024 2:00:00 AM,RFC,WEST,ATSI,OE,6061.878,True
9/27/2024 7:00:00 AM,9/27/2024 3:00:00 AM,RFC,WEST,ATSI,OE,5914.761,True
9/27/2024 8:00:00 AM,9/27/2024 4:00:00 AM,RFC,WEST,ATSI,OE,5916.198,True
9/27/2024 9:00:00 AM,9/27/2024 5:00:00 AM,RFC,WEST,ATSI,OE,6178.350,True
9/27/2024 10:00:00 AM,9/27/2024 6:00:00 AM,RFC,WEST,ATSI,OE,6559.221,True
9/27/2024 11:00:00 AM,9/27/2024 7:00:00 AM,RFC,WEST,ATSI,OE,6906.951,True
9/27/2024 12:00:00 PM,9/27/2024 8:00:00 AM,RFC,WEST,ATSI,OE,7093.353,True
9/27/2024 1:00:00 PM,9/27/2024 9:00:00 AM,RFC,WEST,ATSI,OE,7310.594,True
9/27/2024 2:00:00 PM,9/27/2024 10:00:00 AM,RFC,WEST,ATSI,OE,7478.711,True
9/27/2024 3:00:00 PM,9/27/2024 11:00:00 AM,RFC,WEST,ATSI,OE,7589.277,True
9/27/2024 4:00:00 PM,9/27/2024 12:00:00 PM,RFC,WEST,ATSI,OE,7684.202,True
9/27/2024 5:00:00 PM,9/27/2024 1:00:00 PM,RFC,WEST,ATSI,OE,7718.236,True
9/27/2024 6:00:00 PM,9/27/2024 2:00:00 PM,RFC,WEST,ATSI,OE,7715.863,True
9/27/2024 7:00:00 PM,9/27/2024 3:00:00 PM,RFC,WEST,ATSI,OE,7656.019,True
9/27/2024 8:00:00 PM,9/27/2024 4:00:00 PM,RFC,WEST,ATSI,OE,7562.802,True
9/27/2024 9:00:00 PM,9/27/2024 5:00:00 PM,RFC,WEST,ATSI,OE,7465.289,True
9/27/2024 10:00:00 PM,9/27/2024 6:00:00 PM,RFC,WEST,ATSI,OE,7376.810,True
9/27/2024 11:00:00 PM,9/27/2024 7:00:00 PM,RFC,WEST,ATSI,OE,7437.875,True
9/28/2024 12:00:00 AM,9/27/2024 8:00:00 PM,RFC,WEST,ATSI,OE,7296.013,True
9/28/2024 1:00:00 AM,9/27/2024 9:00:00 PM,RFC,WEST,ATSI,OE,7144.233,True
9/28/2024 2:00:00 AM,9/27/2024 10:00:00 PM,RFC,WEST,ATSI,OE,6842.662,True
9/28/2024 3:00:00 AM,9/27/2024 11:00:00 PM,RFC,WEST,ATSI,OE,6559.591,True
9/28/2024 4:00:00 AM,9/28/2024 12:00:00 AM,RFC,WEST,ATSI,OE,6337.037,True
9/28/2024 5:00:00 AM,9/28/2024 1:00:00 AM,RFC,WEST,ATSI,OE,6020.265,True
9/28/2024 6:00:00 AM,9/28/2024 2:00:00 AM,RFC,WEST,ATSI,OE,5823.276,True
9/28/2024 7:00:00 AM,9/28/2024 3:00:00 AM,RFC,WEST,ATSI,OE,5667.700,True
9/28/2024 8:00:00 AM,9/28/2024 4:00:00 AM,RFC,WEST,ATSI,OE,5664.110,True
9/28/2024 9:00:00 AM,9/28/2024 5:00:00 AM,RFC,WEST,ATSI,OE,5774.153,True
9/28/2024 10:00:00 AM,9/28/2024 6:00:00 AM,RFC,WEST,ATSI,OE,5940.116,True
9/28/2024 11:00:00 AM,9/28/2024 7:00:00 AM,RFC,WEST,ATSI,OE,6148.115,True
9/28/2024 12:00:00 PM,9/28/2024 8:00:00 AM,RFC,WEST,ATSI,OE,6348.101,True
9/28/2024 1:00:00 PM,9/28/2024 9:00:00 AM,RFC,WEST,ATSI,OE,6629.523,True
9/28/2024 2:00:00 PM,9/28/2024 10:00:00 AM,RFC,WEST,ATSI,OE,6806.961,True
9/28/2024 3:00:00 PM,9/28/2024 11:00:00 AM,RFC,WEST,ATSI,OE,7047.756,True
9/28/2024 4:00:00 PM,9/28/2024 12:00:00 PM,RFC,WEST,ATSI,OE,7129.161,True
9/28/2024 5:00:00 PM,9/28/2024 1:00:00 PM,RFC,WEST,ATSI,OE,7271.523,True
9/28/2024 6:00:00 PM,9/28/2024 2:00:00 PM,RFC,WEST,ATSI,OE,7336.575,True
9/28/2024 7:00:00 PM,9/28/2024 3:00:00 PM,RFC,WEST,ATSI,OE,7317.897,True
9/28/2024 8:00:00 PM,9/28/2024 4:00:00 PM,RFC,WEST,ATSI,OE,7338.030,True
9/28/2024 9:00:00 PM,9/28/2024 5:00:00 PM,RFC,WEST,ATSI,OE,7317.907,True
9/28/2024 10:00:00 PM,9/28/2024 6:00:00 PM,RFC,WEST,ATSI,OE,7247.776,True
9/28/2024 11:00:00 PM,9/28/2024 7:00:00 PM,RFC,WEST,ATSI,OE,7320.430,True
9/29/2024 12:00:00 AM,9/28/2024 8:00:00 PM,RFC,WEST,ATSI,OE,7141.837,True
9/29/2024 1:00:00 AM,9/28/2024 9:00:00 PM,RFC,WEST,ATSI,OE,6894.672,True
9/29/2024 2:00:00 AM,9/28/2024 10:00:00 PM,RFC,WEST,ATSI,OE,6645.596,True
9/29/2024 3:00:00 AM,9/28/2024 11:00:00 PM,RFC,WEST,ATSI,OE,6297.403,True
9/29/2024 4:00:00 AM,9/29/2024 12:00:00 AM,RFC,WEST,ATSI,OE,6010.468,True
9/29/2024 5:00:00 AM,9/29/2024 1:00:00 AM,RFC,WEST,ATSI,OE,5684.600,True
9/29/2024 6:00:00 AM,9/29/2024 2:00:00 AM,RFC,WEST,ATSI,OE,5670.146,True
9/29/2024 7:00:00 AM,9/29/2024 3:00:00 AM,RFC,WEST,ATSI,OE,5547.544,True
9/29/2024 8:00:00 AM,9/29/2024 4:00:00 AM,RFC,WEST,ATSI,OE,5493.541,True
9/29/2024 9:00:00 AM,9/29/2024 5:00:00 AM,RFC,WEST,ATSI,OE,5499.171,True
9/29/2024 10:00:00 AM,9/29/2024 6:00:00 AM,RFC,WEST,ATSI,OE,5547.079,True
9/29/2024 11:00:00 AM,9/29/2024 7:00:00 AM,RFC,WEST,ATSI,OE,5737.601,True
9/29/2024 12:00:00 PM,9/29/2024 8:00:00 AM,RFC,WEST,ATSI,OE,5981.002,True
9/29/2024 1:00:00 PM,9/29/2024 9:00:00 AM,RFC,WEST,ATSI,OE,6302.272,True
9/29/2024 2:00:00 PM,9/29/2024 10:00:00 AM,RFC,WEST,ATSI,OE,6556.990,True
9/29/2024 3:00:00 PM,9/29/2024 11:00:00 AM,RFC,WEST,ATSI,OE,6700.783,True
9/29/2024 4:00:00 PM,9/29/2024 12:00:00 PM,RFC,WEST,ATSI,OE,6873.925,True
9/29/2024 5:00:00 PM,9/29/2024 1:00:00 PM,RFC,WEST,ATSI,OE,6947.429,True
9/29/2024 6:00:00 PM,9/29/2024 2:00:00 PM,RFC,WEST,ATSI,OE,6903.858,True
9/29/2024 7:00:00 PM,9/29/2024 3:00:00 PM,RFC,WEST,ATSI,OE,6931.227,True
9/29/2024 8:00:00 PM,9/29/2024 4:00:00 PM,RFC,WEST,ATSI,OE,6993.593,True
9/29/2024 9:00:00 PM,9/29/2024 5:00:00 PM,RFC,WEST,ATSI,OE,7036.182,True
9/29/2024 10:00:00 PM,9/29/2024 6:00:00 PM,RFC,WEST,ATSI,OE,6989.561,True
9/29/2024 11:00:00 PM,9/29/2024 7:00:00 PM,RFC,WEST,ATSI,OE,7146.542,True
9/30/2024 12:00:00 AM,9/29/2024 8:00:00 PM,RFC,WEST,ATSI,OE,7060.064,True
9/30/2024 1:00:00 AM,9/29/2024 9:00:00 PM,RFC,WEST,ATSI,OE,6871.168,True
9/30/2024 2:00:00 AM,9/29/2024 10:00:00 PM,RFC,WEST,ATSI,OE,6611.338,True
9/30/2024 3:00:00 AM,9/29/2024 11:00:00 PM,RFC,WEST,ATSI,OE,6222.961,True
9/30/2024 4:00:00 AM,9/30/2024 12:00:00 AM,RFC,WEST,ATSI,OE,5992.812,True
9/30/2024 5:00:00 AM,9/30/2024 1:00:00 AM,RFC,WEST,ATSI,OE,5782.333,True
9/30/2024 6:00:00 AM,9/30/2024 2:00:00 AM,RFC,WEST,ATSI,OE,5692.714,True
9/30/2024 7:00:00 AM,9/30/2024 3:00:00 AM,RFC,WEST,ATSI,OE,5638.623,True
9/30/2024 8:00:00 AM,9/30/2024 4:00:00 AM,RFC,WEST,ATSI,OE,5756.370,True
9/30/2024 9:00:00 AM,9/30/2024 5:00:00 AM,RFC,WEST,ATSI,OE,5983.621,True
9/30/2024 10:00:00 AM,9/30/2024 6:00:00 AM,RFC,WEST,ATSI,OE,6509.494,True
9/30/2024 11:00:00 AM,9/30/2024 7:00:00 AM,RFC,WEST,ATSI,OE,6932.880,True
9/30/2024 12:00:00 PM,9/30/2024 8:00:00 AM,RFC,WEST,ATSI,OE,7106.984,True
9/30/2024 1:00:00 PM,9/30/2024 9:00:00 AM,RFC,WEST,ATSI,OE,7239.859,True
9/30/2024 2:00:00 PM,9/30/2024 10:00:00 AM,RFC,WEST,ATSI,OE,7463.232,True
9/30/2024 3:00:00 PM,9/30/2024 11:00:00 AM,RFC,WEST,ATSI,OE,7542.873,True
9/30/2024 4:00:00 PM,9/30/2024 12:00:00 PM,RFC,WEST,ATSI,OE,7625.198,True
9/30/2024 5:00:00 PM,9/30/2024 1:00:00 PM,RFC,WEST,ATSI,OE,7764.805,True
9/30/2024 6:00:00 PM,9/30/2024 2:00:00 PM,RFC,WEST,ATSI,OE,7743.977,True
9/30/2024 7:00:00 PM,9/30/2024 3:00:00 PM,RFC,WEST,ATSI,OE,7565.609,True
9/30/2024 8:00:00 PM,9/30/2024 4:00:00 PM,RFC,WEST,ATSI,OE,7671.073,True
9/30/2024 9:00:00 PM,9/30/2024 5:00:00 PM,RFC,WEST,ATSI,OE,7556.161,True
9/30/2024 10:00:00 PM,9/30/2024 6:00:00 PM,RFC,WEST,ATSI,OE,7540.489,True
9/30/2024 11:00:00 PM,9/30/2024 7:00:00 PM,RFC,WEST,ATSI,OE,7649.505,True
10/1/2024 12:00:00 AM,9/30/2024 8:00:00 PM,RFC,WEST,ATSI,OE,7507.940,True
10/1/2024 1:00:00 AM,9/30/2024 9:00:00 PM,RFC,WEST,ATSI,OE,7216.085,True
10/1/2024 2:00:00 AM,9/30/2024 10:00:00 PM,RFC,WEST,ATSI,OE,6774.620,True
10/1/2024 3:00:00 AM,9/30/2024 11:00:00 PM,RFC,WEST,ATSI,OE,6369.336,True
10/1/2024 4:00:00 AM,10/1/2024 12:00:00 AM,RFC,WEST,ATSI,OE,6120.031,True
10/1/2024 5:00:00 AM,10/1/2024 1:00:00 AM,RFC,WEST,ATSI,OE,5965.866,True
10/1/2024 6:00:00 AM,10/1/2024 2:00:00 AM,RFC,WEST,ATSI,OE,5799.681,True
10/1/2024 7:00:00 AM,10/1/2024 3:00:00 AM,RFC,WEST,ATSI,OE,5718.241,True
10/1/2024 8:00:00 AM,10/1/2024 4:00:00 AM,RFC,WEST,ATSI,OE,5804.523,True
10/1/2024 9:00:00 AM,10/1/2024 5:00:00 AM,RFC,WEST,ATSI,OE,6097.362,True
10/1/2024 10:00:00 AM,10/1/2024 6:00:00 AM,RFC,WEST,ATSI,OE,6624.130,True
10/1/2024 11:00:00 AM,10/1/2024 7:00:00 AM,RFC,WEST,ATSI,OE,6935.599,True
10/1/2024 12:00:00 PM,10/1/2024 8:00:00 AM,RFC,WEST,ATSI,OE,7132.900,True
10/1/2024 1:00:00 PM,10/1/2024 9:00:00 AM,RFC,WEST,ATSI,OE,7304.662,True
10/1/2024 2:00:00 PM,10/1/2024 10:00:00 AM,RFC,WEST,ATSI,OE,7436.314,True
10/1/2024 3:00:00 PM,10/1/2024 11:00:00 AM,RFC,WEST,ATSI,OE,7492.472,True
10/1/2024 4:00:00 PM,10/1/2024 12:00:00 PM,RFC,WEST,ATSI,OE,7596.592,True
10/1/2024 5:00:00 PM,10/1/2024 1:00:00 PM,RFC,WEST,ATSI,OE,7740.866,True
10/1/2024 6:00:00 PM,10/1/2024 2:00:00 PM,RFC,WEST,ATSI,OE,7693.465,True
10/1/2024 7:00:00 PM,10/1/2024 3:00:00 PM,RFC,WEST,ATSI,OE,7727.013,True
10/1/2024 8:00:00 PM,10/1/2024 4:00:00 PM,RFC,WEST,ATSI,OE,7684.593,True
10/1/2024 9:00:00 PM,10/1/2024 5:00:00 PM,RFC,WEST,ATSI,OE,7591.971,True
10/1/2024 10:00:00 PM,10/1/2024 6:00:00 PM,RFC,WEST,ATSI,OE,7499.739,True
10/1/2024 11:00:00 PM,10/1/2024 7:00:00 PM,RFC,WEST,ATSI,OE,7509.842,True
10/2/2024 12:00:00 AM,10/1/2024 8:00:00 PM,RFC,WEST,ATSI,OE,7387.808,True
10/2/2024 1:00:00 AM,10/1/2024 9:00:00 PM,RFC,WEST,ATSI,OE,7033.325,True
10/2/2024 2:00:00 AM,10/1/2024 10:00:00 PM,RFC,WEST,ATSI,OE,6634.486,True
10/2/2024 3:00:00 AM,10/1/2024 11:00:00 PM,RFC,WEST,ATSI,OE,6238.627,True
10/2/2024 4:00:00 AM,10/2/2024 12:00:00 AM,RFC,WEST,ATSI,OE,5914.540,True
10/2/2024 5:00:00 AM,10/2/2024 1:00:00 AM,RFC,WEST,ATSI,OE,5657.867,True
10/2/2024 6:00:00 AM,10/2/2024 2:00:00 AM,RFC,WEST,ATSI,OE,5483.053,True
10/2/2024 7:00:00 AM,10/2/2024 3:00:00 AM,RFC,WEST,ATSI,OE,5364.739,True
10/2/2024 8:00:00 AM,10/2/2024 4:00:00 AM,RFC,WEST,ATSI,OE,5375.647,True
10/2/2024 9:00:00 AM,10/2/2024 5:00:00 AM,RFC,WEST,ATSI,OE,5621.691,True
10/2/2024 10:00:00 AM,10/2/2024 6:00:00 AM,RFC,WEST,ATSI,OE,6136.883,True
10/2/2024 11:00:00 AM,10/2/2024 7:00:00 AM,RFC,WEST,ATSI,OE,6415.734,True
10/2/2024 12:00:00 PM,10/2/2024 8:00:00 AM,RFC,WEST,ATSI,OE,6617.732,True
10/2/2024 1:00:00 PM,10/2/2024 9:00:00 AM,RFC,WEST,ATSI,OE,6712.943,True
10/2/2024 2:00:00 PM,10/2/2024 10:00:00 AM,RFC,WEST,ATSI,OE,6753.220,True
10/2/2024 3:00:00 PM,10/2/2024 11:00:00 AM,RFC,WEST,ATSI,OE,6787.241,True
10/2/2024 4:00:00 PM,10/2/2024 12:00:00 PM,RFC,WEST,ATSI,OE,6798.210,True
10/2/2024 5:00:00 PM,10/2/2024 1:00:00 PM,RFC,WEST,ATSI,OE,6895.396,True
10/2/2024 6:00:00 PM,10/2/2024 2:00:00 PM,RFC,WEST,ATSI,OE,6891.367,True
10/2/2024 7:00:00 PM,10/2/2024 3:00:00 PM,RFC,WEST,ATSI,OE,6922.288,True
10/2/2024 8:00:00 PM,10/2/2024 4:00:00 PM,RFC,WEST,ATSI,OE,6917.788,True
10/2/2024 9:00:00 PM,10/2/2024 5:00:00 PM,RFC,WEST,ATSI,OE,6814.714,True
10/2/2024 10:00:00 PM,10/2/2024 6:00:00 PM,RFC,WEST,ATSI,OE,6854.265,True
10/2/2024 11:00:00 PM,10/2/2024 7:00:00 PM,RFC,WEST,ATSI,OE,6950.703,True
10/3/2024 12:00:00 AM,10/2/2024 8:00:00 PM,RFC,WEST,ATSI,OE,6817.230,True
10/3/2024 1:00:00 AM,10/2/2024 9:00:00 PM,RFC,WEST,ATSI,OE,6600.979,True
10/3/2024 2:00:00 AM,10/2/2024 10:00:00 PM,RFC,WEST,ATSI,OE,6206.208,True
10/3/2024 3:00:00 AM,10/2/2024 11:00:00 PM,RFC,WEST,ATSI,OE,5842.501,True
10/3/2024 4:00:00 AM,10/3/2024 12:00:00 AM,RFC,WEST,ATSI,OE,5693.237,True
10/3/2024 5:00:00 AM,10/3/2024 1:00:00 AM,RFC,WEST,ATSI,OE,5548.703,True
10/3/2024 6:00:00 AM,10/3/2024 2:00:00 AM,RFC,WEST,ATSI,OE,5454.063,True
10/3/2024 7:00:00 AM,10/3/2024 3:00:00 AM,RFC,WEST,ATSI,OE,5422.008,True
10/3/2024 8:00:00 AM,10/3/2024 4:00:00 AM,RFC,WEST,ATSI,OE,5433.350,True
10/3/2024 9:00:00 AM,10/3/2024 5:00:00 AM,RFC,WEST,ATSI,OE,5774.545,True
10/3/2024 10:00:00 AM,10/3/2024 6:00:00 AM,RFC,WEST,ATSI,OE,6164.186,True
10/3/2024 11:00:00 AM,10/3/2024 7:00:00 AM,RFC,WEST,ATSI,OE,6571.241,True
10/3/2024 12:00:00 PM,10/3/2024 8:00:00 AM,RFC,WEST,ATSI,OE,6678.761,True
10/3/2024 1:00:00 PM,10/3/2024 9:00:00 AM,RFC,WEST,ATSI,OE,6815.248,True
10/3/2024 2:00:00 PM,10/3/2024 10:00:00 AM,RFC,WEST,ATSI,OE,6849.571,True
10/3/2024 3:00:00 PM,10/3/2024 11:00:00 AM,RFC,WEST,ATSI,OE,7005.281,True
10/3/2024 4:00:00 PM,10/3/2024 12:00:00 PM,RFC,WEST,ATSI,OE,7146.856,True
10/3/2024 5:00:00 PM,10/3/2024 1:00:00 PM,RFC,WEST,ATSI,OE,7261.094,True
10/3/2024 6:00:00 PM,10/3/2024 2:00:00 PM,RFC,WEST,ATSI,OE,7304.822,True
10/3/2024 7:00:00 PM,10/3/2024 3:00:00 PM,RFC,WEST,ATSI,OE,7324.571,True
10/3/2024 8:00:00 PM,10/3/2024 4:00:00 PM,RFC,WEST,ATSI,OE,7374.237,True
10/3/2024 9:00:00 PM,10/3/2024 5:00:00 PM,RFC,WEST,ATSI,OE,7398.289,True
10/3/2024 10:00:00 PM,10/3/2024 6:00:00 PM,RFC,WEST,ATSI,OE,7300.618,True
10/3/2024 11:00:00 PM,10/3/2024 7:00:00 PM,RFC,WEST,ATSI,OE,7302.410,True
10/4/2024 12:00:00 AM,10/3/2024 8:00:00 PM,RFC,WEST,ATSI,OE,7170.024,True
10/4/2024 1:00:00 AM,10/3/2024 9:00:00 PM,RFC,WEST,ATSI,OE,6830.137,True
10/4/2024 2:00:00 AM,10/3/2024 10:00:00 PM,RFC,WEST,ATSI,OE,6416.362,True
10/4/2024 3:00:00 AM,10/3/2024 11:00:00 PM,RFC,WEST,ATSI,OE,6035.795,True
10/4/2024 4:00:00 AM,10/4/2024 12:00:00 AM,RFC,WEST,ATSI,OE,5713.881,True
10/4/2024 5:00:00 AM,10/4/2024 1:00:00 AM,RFC,WEST,ATSI,OE,5567.184,True
10/4/2024 6:00:00 AM,10/4/2024 2:00:00 AM,RFC,WEST,ATSI,OE,5418.243,True
10/4/2024 7:00:00 AM,10/4/2024 3:00:00 AM,RFC,WEST,ATSI,OE,5327.321,True
10/4/2024 8:00:00 AM,10/4/2024 4:00:00 AM,RFC,WEST,ATSI,OE,5445.224,True
10/4/2024 9:00:00 AM,10/4/2024 5:00:00 AM,RFC,WEST,ATSI,OE,5653.084,True
10/4/2024 10:00:00 AM,10/4/2024 6:00:00 AM,RFC,WEST,ATSI,OE,6138.239,True
10/4/2024 11:00:00 AM,10/4/2024 7:00:00 AM,RFC,WEST,ATSI,OE,6486.776,True
10/4/2024 12:00:00 PM,10/4/2024 8:00:00 AM,RFC,WEST,ATSI,OE,6696.001,True
10/4/2024 1:00:00 PM,10/4/2024 9:00:00 AM,RFC,WEST,ATSI,OE,6791.516,True
10/4/2024 2:00:00 PM,10/4/2024 10:00:00 AM,RFC,WEST,ATSI,OE,6895.537,True
10/4/2024 3:00:00 PM,10/4/2024 11:00:00 AM,RFC,WEST,ATSI,OE,7100.743,True
10/4/2024 4:00:00 PM,10/4/2024 12:00:00 PM,RFC,WEST,ATSI,OE,7214.420,True
10/4/2024 5:00:00 PM,10/4/2024 1:00:00 PM,RFC,WEST,ATSI,OE,7454.190,True
10/4/2024 6:00:00 PM,10/4/2024 2:00:00 PM,RFC,WEST,ATSI,OE,7525.012,True
10/4/2024 7:00:00 PM,10/4/2024 3:00:00 PM,RFC,WEST,ATSI,OE,7480.014,True
10/4/2024 8:00:00 PM,10/4/2024 4:00:00 PM,RFC,WEST,ATSI,OE,7353.862,True
10/4/2024 9:00:00 PM,10/4/2024 5:00:00 PM,RFC,WEST,ATSI,OE,7222.079,True
10/4/2024 10:00:00 PM,10/4/2024 6:00:00 PM,RFC,WEST,ATSI,OE,7069.756,True
10/4/2024 11:00:00 PM,10/4/2024 7:00:00 PM,RFC,WEST,ATSI,OE,7014.288,True
10/5/2024 12:00:00 AM,10/4/2024 8:00:00 PM,RFC,WEST,ATSI,OE,6910.168,True
10/5/2024 1:00:00 AM,10/4/2024 9:00:00 PM,RFC,WEST,ATSI,OE,6666.737,True
10/5/2024 2:00:00 AM,10/4/2024 10:00:00 PM,RFC,WEST,ATSI,OE,6283.852,True
10/5/2024 3:00:00 AM,10/4/2024 11:00:00 PM,RFC,WEST,ATSI,OE,5928.141,True
10/5/2024 4:00:00 AM,10/5/2024 12:00:00 AM,RFC,WEST,ATSI,OE,5583.131,True
10/5/2024 5:00:00 AM,10/5/2024 1:00:00 AM,RFC,WEST,ATSI,OE,5395.027,True
10/5/2024 6:00:00 AM,10/5/2024 2:00:00 AM,RFC,WEST,ATSI,OE,5316.262,True
10/5/2024 7:00:00 AM,10/5/2024 3:00:00 AM,RFC,WEST,ATSI,OE,5270.705,True
10/5/2024 8:00:00 AM,10/5/2024 4:00:00 AM,RFC,WEST,ATSI,OE,5259.915,True
10/5/2024 9:00:00 AM,10/5/2024 5:00:00 AM,RFC,WEST,ATSI,OE,5287.238,True
10/5/2024 10:00:00 AM,10/5/2024 6:00:00 AM,RFC,WEST,ATSI,OE,5480.953,True
10/5/2024 11:00:00 AM,10/5/2024 7:00:00 AM,RFC,WEST,ATSI,OE,5595.384,True
10/5/2024 12:00:00 PM,10/5/2024 8:00:00 AM,RFC,WEST,ATSI,OE,5810.933,True
10/5/2024 1:00:00 PM,10/5/2024 9:00:00 AM,RFC,WEST,ATSI,OE,6011.039,True
10/5/2024 2:00:00 PM,10/5/2024 10:00:00 AM,RFC,WEST,ATSI,OE,6028.667,True
10/5/2024 3:00:00 PM,10/5/2024 11:00:00 AM,RFC,WEST,ATSI,OE,6035.731,True
10/5/2024 4:00:00 PM,10/5/2024 12:00:00 PM,RFC,WEST,ATSI,OE,6091.102,True
10/5/2024 5:00:00 PM,10/5/2024 1:00:00 PM,RFC,WEST,ATSI,OE,6231.847,True
10/5/2024 6:00:00 PM,10/5/2024 2:00:00 PM,RFC,WEST,ATSI,OE,6361.685,True
10/5/2024 7:00:00 PM,10/5/2024 3:00:00 PM,RFC,WEST,ATSI,OE,6465.110,True
10/5/2024 8:00:00 PM,10/5/2024 4:00:00 PM,RFC,WEST,ATSI,OE,6566.840,True
10/5/2024 9:00:00 PM,10/5/2024 5:00:00 PM,RFC,WEST,ATSI,OE,6553.527,True
10/5/2024 10:00:00 PM,10/5/2024 6:00:00 PM,RFC,WEST,ATSI,OE,6368.376,True
10/5/2024 11:00:00 PM,10/5/2024 7:00:00 PM,RFC,WEST,ATSI,OE,6390.661,True
10/6/2024 12:00:00 AM,10/5/2024 8:00:00 PM,RFC,WEST,ATSI,OE,6322.971,True
10/6/2024 1:00:00 AM,10/5/2024 9:00:00 PM,RFC,WEST,ATSI,OE,6127.661,True
10/6/2024 2:00:00 AM,10/5/2024 10:00:00 PM,RFC,WEST,ATSI,OE,5876.898,True
10/6/2024 3:00:00 AM,10/5/2024 11:00:00 PM,RFC,WEST,ATSI,OE,5517.103,True
10/6/2024 4:00:00 AM,10/6/2024 12:00:00 AM,RFC,WEST,ATSI,OE,5316.453,True
10/6/2024 5:00:00 AM,10/6/2024 1:00:00 AM,RFC,WEST,ATSI,OE,5213.513,True
10/6/2024 6:00:00 AM,10/6/2024 2:00:00 AM,RFC,WEST,ATSI,OE,5105.361,True
10/6/2024 7:00:00 AM,10/6/2024 3:00:00 AM,RFC,WEST,ATSI,OE,5051.020,True
10/6/2024 8:00:00 AM,10/6/2024 4:00:00 AM,RFC,WEST,ATSI,OE,5018.904,True
10/6/2024 9:00:00 AM,10/6/2024 5:00:00 AM,RFC,WEST,ATSI,OE,5072.909,True
10/6/2024 10:00:00 AM,10/6/2024 6:00:00 AM,RFC,WEST,ATSI,OE,5125.648,True
10/6/2024 11:00:00 AM,10/6/2024 7:00:00 AM,RFC,WEST,ATSI,OE,5302.935,True
10/6/2024 12:00:00 PM,10/6/2024 8:00:00 AM,RFC,WEST,ATSI,OE,5511.643,True
10/6/2024 1:00:00 PM,10/6/2024 9:00:00 AM,RFC,WEST,ATSI,OE,5685.568,True
10/6/2024 2:00:00 PM,10/6/2024 10:00:00 AM,RFC,WEST,ATSI,OE,5918.343,True
10/6/2024 3:00:00 PM,10/6/2024 11:00:00 AM,RFC,WEST,ATSI,OE,6204.517,True
10/6/2024 4:00:00 PM,10/6/2024 12:00:00 PM,RFC,WEST,ATSI,OE,6518.220,True
10/6/2024 5:00:00 PM,10/6/2024 1:00:00 PM,RFC,WEST,ATSI,OE,6766.050,True
10/6/2024 6:00:00 PM,10/6/2024 2:00:00 PM,RFC,WEST,ATSI,OE,6937.597,True
10/6/2024 7:00:00 PM,10/6/2024 3:00:00 PM,RFC,WEST,ATSI,OE,7224.488,True
10/6/2024 8:00:00 PM,10/6/2024 4:00:00 PM,RFC,WEST,ATSI,OE,7340.222,True
10/6/2024 9:00:00 PM,10/6/2024 5:00:00 PM,RFC,WEST,ATSI,OE,7354.228,True
10/6/2024 10:00:00 PM,10/6/2024 6:00:00 PM,RFC,WEST,ATSI,OE,7257.880,True
10/6/2024 11:00:00 PM,10/6/2024 7:00:00 PM,RFC,WEST,ATSI,OE,7172.244,True
10/7/2024 12:00:00 AM,10/6/2024 8:00:00 PM,RFC,WEST,ATSI,OE,7001.615,True
10/7/2024 1:00:00 AM,10/6/2024 9:00:00 PM,RFC,WEST,ATSI,OE,6572.400,True
10/7/2024 2:00:00 AM,10/6/2024 10:00:00 PM,RFC,WEST,ATSI,OE,6191.281,True
10/7/2024 3:00:00 AM,10/6/2024 11:00:00 PM,RFC,WEST,ATSI,OE,5837.017,True
10/7/2024 4:00:00 AM,10/7/2024 12:00:00 AM,RFC,WEST,ATSI,OE,5576.065,True
10/7/2024 5:00:00 AM,10/7/2024 1:00:00 AM,RFC,WEST,ATSI,OE,5387.559,True
10/7/2024 6:00:00 AM,10/7/2024 2:00:00 AM,RFC,WEST,ATSI,OE,5213.693,True
10/7/2024 7:00:00 AM,10/7/2024 3:00:00 AM,RFC,WEST,ATSI,OE,5291.328,True
10/7/2024 8:00:00 AM,10/7/2024 4:00:00 AM,RFC,WEST,ATSI,OE,5363.315,True
10/7/2024 9:00:00 AM,10/7/2024 5:00:00 AM,RFC,WEST,ATSI,OE,5635.205,True
10/7/2024 10:00:00 AM,10/7/2024 6:00:00 AM,RFC,WEST,ATSI,OE,6170.856,True
10/7/2024 11:00:00 AM,10/7/2024 7:00:00 AM,RFC,WEST,ATSI,OE,6616.418,True
10/7/2024 12:00:00 PM,10/7/2024 8:00:00 AM,RFC,WEST,ATSI,OE,6731.741,True
10/7/2024 1:00:00 PM,10/7/2024 9:00:00 AM,RFC,WEST,ATSI,OE,6828.648,True
10/7/2024 2:00:00 PM,10/7/2024 10:00:00 AM,RFC,WEST,ATSI,OE,6882.379,True
10/7/2024 3:00:00 PM,10/7/2024 11:00:00 AM,RFC,WEST,ATSI,OE,6911.190,True
10/7/2024 4:00:00 PM,10/7/2024 12:00:00 PM,RFC,WEST,ATSI,OE,6998.441,True
10/7/2024 5:00:00 PM,10/7/2024 1:00:00 PM,RFC,WEST,ATSI,OE,6974.835,True
10/7/2024 6:00:00 PM,10/7/2024 2:00:00 PM,RFC,WEST,ATSI,OE,6891.494,True
10/7/2024 7:00:00 PM,10/7/2024 3:00:00 PM,RFC,WEST,ATSI,OE,6829.255,True
10/7/2024 8:00:00 PM,10/7/2024 4:00:00 PM,RFC,WEST,ATSI,OE,6738.803,True
10/7/2024 9:00:00 PM,10/7/2024 5:00:00 PM,RFC,WEST,ATSI,OE,6841.457,True
10/7/2024 10:00:00 PM,10/7/2024 6:00:00 PM,RFC,WEST,ATSI,OE,6837.091,True
10/7/2024 11:00:00 PM,10/7/2024 7:00:00 PM,RFC,WEST,ATSI,OE,6917.365,True
10/8/2024 12:00:00 AM,10/7/2024 8:00:00 PM,RFC,WEST,ATSI,OE,6818.534,True
10/8/2024 1:00:00 AM,10/7/2024 9:00:00 PM,RFC,WEST,ATSI,OE,6448.924,True
10/8/2024 2:00:00 AM,10/7/2024 10:00:00 PM,RFC,WEST,ATSI,OE,6208.615,True
10/8/2024 3:00:00 AM,10/7/2024 11:00:00 PM,RFC,WEST,ATSI,OE,5858.914,True
10/8/2024 4:00:00 AM,10/8/2024 12:00:00 AM,RFC,WEST,ATSI,OE,5621.929,True
10/8/2024 5:00:00 AM,10/8/2024 1:00:00 AM,RFC,WEST,ATSI,OE,5518.051,True
10/8/2024 6:00:00 AM,10/8/2024 2:00:00 AM,RFC,WEST,ATSI,OE,5426.079,True
10/8/2024 7:00:00 AM,10/8/2024 3:00:00 AM,RFC,WEST,ATSI,OE,5446.213,True
10/8/2024 8:00:00 AM,10/8/2024 4:00:00 AM,RFC,WEST,ATSI,OE,5582.906,True
10/8/2024 9:00:00 AM,10/8/2024 5:00:00 AM,RFC,WEST,ATSI,OE,5820.004,True
10/8/2024 10:00:00 AM,10/8/2024 6:00:00 AM,RFC,WEST,ATSI,OE,6342.467,True
10/8/2024 11:00:00 AM,10/8/2024 7:00:00 AM,RFC,WEST,ATSI,OE,6672.111,True
10/8/2024 12:00:00 PM,10/8/2024 8:00:00 AM,RFC,WEST,ATSI,OE,6789.645,True
10/8/2024 1:00:00 PM,10/8/2024 9:00:00 AM,RFC,WEST,ATSI,OE,6791.555,True
10/8/2024 2:00:00 PM,10/8/2024 10:00:00 AM,RFC,WEST,ATSI,OE,6704.876,True
10/8/2024 3:00:00 PM,10/8/2024 11:00:00 AM,RFC,WEST,ATSI,OE,6579.332,True
10/8/2024 4:00:00 PM,10/8/2024 12:00:00 PM,RFC,WEST,ATSI,OE,6602.609,True
10/8/2024 5:00:00 PM,10/8/2024 1:00:00 PM,RFC,WEST,ATSI,OE,6799.134,True
10/8/2024 6:00:00 PM,10/8/2024 2:00:00 PM,RFC,WEST,ATSI,OE,6764.865,True
10/8/2024 7:00:00 PM,10/8/2024 3:00:00 PM,RFC,WEST,ATSI,OE,6793.985,True
10/8/2024 8:00:00 PM,10/8/2024 4:00:00 PM,RFC,WEST,ATSI,OE,6751.202,True
10/8/2024 9:00:00 PM,10/8/2024 5:00:00 PM,RFC,WEST,ATSI,OE,6706.020,True
10/8/2024 10:00:00 PM,10/8/2024 6:00:00 PM,RFC,WEST,ATSI,OE,6775.991,True
10/8/2024 11:00:00 PM,10/8/2024 7:00:00 PM,RFC,WEST,ATSI,OE,6846.534,True
10/9/2024 12:00:00 AM,10/8/2024 8:00:00 PM,RFC,WEST,ATSI,OE,6786.356,True
10/9/2024 1:00:00 AM,10/8/2024 9:00:00 PM,RFC,WEST,ATSI,OE,6492.583,True
10/9/2024 2:00:00 AM,10/8/2024 10:00:00 PM,RFC,WEST,ATSI,OE,6199.595,True
10/9/2024 3:00:00 AM,10/8/2024 11:00:00 PM,RFC,WEST,ATSI,OE,5876.703,True
10/9/2024 4:00:00 AM,10/9/2024 12:00:00 AM,RFC,WEST,ATSI,OE,5656.721,True
10/9/2024 5:00:00 AM,10/9/2024 1:00:00 AM,RFC,WEST,ATSI,OE,5536.420,True
10/9/2024 6:00:00 AM,10/9/2024 2:00:00 AM,RFC,WEST,ATSI,OE,5486.548,True
10/9/2024 7:00:00 AM,10/9/2024 3:00:00 AM,RFC,WEST,ATSI,OE,5432.768,True
10/9/2024 8:00:00 AM,10/9/2024 4:00:00 AM,RFC,WEST,ATSI,OE,5559.175,True
10/9/2024 9:00:00 AM,10/9/2024 5:00:00 AM,RFC,WEST,ATSI,OE,5783.431,True
10/9/2024 10:00:00 AM,10/9/2024 6:00:00 AM,RFC,WEST,ATSI,OE,6284.220,True
10/9/2024 11:00:00 AM,10/9/2024 7:00:00 AM,RFC,WEST,ATSI,OE,6659.661,True
10/9/2024 12:00:00 PM,10/9/2024 8:00:00 AM,RFC,WEST,ATSI,OE,6693.655,True
10/9/2024 1:00:00 PM,10/9/2024 9:00:00 AM,RFC,WEST,ATSI,OE,6756.277,True
10/9/2024 2:00:00 PM,10/9/2024 10:00:00 AM,RFC,WEST,ATSI,OE,6776.510,True
10/9/2024 3:00:00 PM,10/9/2024 11:00:00 AM,RFC,WEST,ATSI,OE,6829.798,True
10/9/2024 4:00:00 PM,10/9/2024 12:00:00 PM,RFC,WEST,ATSI,OE,6792.715,True
10/9/2024 5:00:00 PM,10/9/2024 1:00:00 PM,RFC,WEST,ATSI,OE,6847.765,True
10/9/2024 6:00:00 PM,10/9/2024 2:00:00 PM,RFC,WEST,ATSI,OE,6769.828,True
10/9/2024 7:00:00 PM,10/9/2024 3:00:00 PM,RFC,WEST,ATSI,OE,6649.382,True
10/9/2024 8:00:00 PM,10/9/2024 4:00:00 PM,RFC,WEST,ATSI,OE,6625.963,True
10/9/2024 9:00:00 PM,10/9/2024 5:00:00 PM,RFC,WEST,ATSI,OE,6626.018,True
10/9/2024 10:00:00 PM,10/9/2024 6:00:00 PM,RFC,WEST,ATSI,OE,6648.723,True
10/9/2024 11:00:00 PM,10/9/2024 7:00:00 PM,RFC,WEST,ATSI,OE,6816.773,True
10/10/2024 12:00:00 AM,10/9/2024 8:00:00 PM,RFC,WEST,ATSI,OE,6755.566,True
10/10/2024 1:00:00 AM,10/9/2024 9:00:00 PM,RFC,WEST,ATSI,OE,6480.312,True
10/10/2024 2:00:00 AM,10/9/2024 10:00:00 PM,RFC,WEST,ATSI,OE,6161.617,True
10/10/2024 3:00:00 AM,10/9/2024 11:00:00 PM,RFC,WEST,ATSI,OE,5868.822,True
10/10/2024 4:00:00 AM,10/10/2024 12:00:00 AM,RFC,WEST,ATSI,OE,5643.303,True
10/10/2024 5:00:00 AM,10/10/2024 1:00:00 AM,RFC,WEST,ATSI,OE,5378.149,True
10/10/2024 6:00:00 AM,10/10/2024 2:00:00 AM,RFC,WEST,ATSI,OE,5268.269,True
10/10/2024 7:00:00 AM,10/10/2024 3:00:00 AM,RFC,WEST,ATSI,OE,5412.385,True
10/10/2024 8:00:00 AM,10/10/2024 4:00:00 AM,RFC,WEST,ATSI,OE,5536.133,True
10/10/2024 9:00:00 AM,10/10/2024 5:00:00 AM,RFC,WEST,ATSI,OE,5756.535,True
10/10/2024 10:00:00 AM,10/10/2024 6:00:00 AM,RFC,WEST,ATSI,OE,6347.462,True
10/10/2024 11:00:00 AM,10/10/2024 7:00:00 AM,RFC,WEST,ATSI,OE,6805.428,True
10/10/2024 12:00:00 PM,10/10/2024 8:00:00 AM,RFC,WEST,ATSI,OE,6877.046,True
10/10/2024 1:00:00 PM,10/10/2024 9:00:00 AM,RFC,WEST,ATSI,OE,6871.335,True
10/10/2024 2:00:00 PM,10/10/2024 10:00:00 AM,RFC,WEST,ATSI,OE,6871.133,True
10/10/2024 3:00:00 PM,10/10/2024 11:00:00 AM,RFC,WEST,ATSI,OE,6833.411,True
10/10/2024 4:00:00 PM,10/10/2024 12:00:00 PM,RFC,WEST,ATSI,OE,6855.450,True
10/10/2024 5:00:00 PM,10/10/2024 1:00:00 PM,RFC,WEST,ATSI,OE,6813.343,True
10/10/2024 6:00:00 PM,10/10/2024 2:00:00 PM,RFC,WEST,ATSI,OE,6738.329,True
10/10/2024 7:00:00 PM,10/10/2024 3:00:00 PM,RFC,WEST,ATSI,OE,6685.912,True
10/10/2024 8:00:00 PM,10/10/2024 4:00:00 PM,RFC,WEST,ATSI,OE,6588.654,True
10/10/2024 9:00:00 PM,10/10/2024 5:00:00 PM,RFC,WEST,ATSI,OE,6606.472,True
10/10/2024 10:00:00 PM,10/10/2024 6:00:00 PM,RFC,WEST,ATSI,OE,6656.836,True
10/10/2024 11:00:00 PM,10/10/2024 7:00:00 PM,RFC,WEST,ATSI,OE,6760.565,True
10/11/2024 12:00:00 AM,10/10/2024 8:00:00 PM,RFC,WEST,ATSI,OE,6653.819,True
10/11/2024 1:00:00 AM,10/10/2024 9:00:00 PM,RFC,WEST,ATSI,OE,6419.844,True
10/11/2024 2:00:00 AM,10/10/2024 10:00:00 PM,RFC,WEST,ATSI,OE,6104.757,True
10/11/2024 3:00:00 AM,10/10/2024 11:00:00 PM,RFC,WEST,ATSI,OE,5948.069,True
10/11/2024 4:00:00 AM,10/11/2024 12:00:00 AM,RFC,WEST,ATSI,OE,5678.066,True
10/11/2024 5:00:00 AM,10/11/2024 1:00:00 AM,RFC,WEST,ATSI,OE,5568.550,True
10/11/2024 6:00:00 AM,10/11/2024 2:00:00 AM,RFC,WEST,ATSI,OE,5472.125,True
10/11/2024 7:00:00 AM,10/11/2024 3:00:00 AM,RFC,WEST,ATSI,OE,5399.152,True
10/11/2024 8:00:00 AM,10/11/2024 4:00:00 AM,RFC,WEST,ATSI,OE,5633.050,True
10/11/2024 9:00:00 AM,10/11/2024 5:00:00 AM,RFC,WEST,ATSI,OE,5869.672,True
10/11/2024 10:00:00 AM,10/11/2024 6:00:00 AM,RFC,WEST,ATSI,OE,6245.755,True
10/11/2024 11:00:00 AM,10/11/2024 7:00:00 AM,RFC,WEST,ATSI,OE,6728.433,True
10/11/2024 12:00:00 PM,10/11/2024 8:00:00 AM,RFC,WEST,ATSI,OE,6926.216,True
10/11/2024 1:00:00 PM,10/11/2024 9:00:00 AM,RFC,WEST,ATSI,OE,6883.493,True
10/11/2024 2:00:00 PM,10/11/2024 10:00:00 AM,RFC,WEST,ATSI,OE,6849.529,True
10/11/2024 3:00:00 PM,10/11/2024 11:00:00 AM,RFC,WEST,ATSI,OE,6941.499,True
10/11/2024 4:00:00 PM,10/11/2024 12:00:00 PM,RFC,WEST,ATSI,OE,6893.779,True
10/11/2024 5:00:00 PM,10/11/2024 1:00:00 PM,RFC,WEST,ATSI,OE,6903.022,True
10/11/2024 6:00:00 PM,10/11/2024 2:00:00 PM,RFC,WEST,ATSI,OE,6826.441,True
10/11/2024 7:00:00 PM,10/11/2024 3:00:00 PM,RFC,WEST,ATSI,OE,6751.352,True
10/11/2024 8:00:00 PM,10/11/2024 4:00:00 PM,RFC,WEST,ATSI,OE,6716.008,True
10/11/2024 9:00:00 PM,10/11/2024 5:00:00 PM,RFC,WEST,ATSI,OE,6685.956,True
10/11/2024 10:00:00 PM,10/11/2024 6:00:00 PM,RFC,WEST,ATSI,OE,6578.467,True
10/11/2024 11:00:00 PM,10/11/2024 7:00:00 PM,RFC,WEST,ATSI,OE,6625.793,True
10/12/2024 12:00:00 AM,10/11/2024 8:00:00 PM,RFC,WEST,ATSI,OE,6505.622,True
10/12/2024 1:00:00 AM,10/11/2024 9:00:00 PM,RFC,WEST,ATSI,OE,6345.119,True
10/12/2024 2:00:00 AM,10/11/2024 10:00:00 PM,RFC,WEST,ATSI,OE,5933.801,True
10/12/2024 3:00:00 AM,10/11/2024 11:00:00 PM,RFC,WEST,ATSI,OE,5726.847,True
10/12/2024 4:00:00 AM,10/12/2024 12:00:00 AM,RFC,WEST,ATSI,OE,5494.526,True
10/12/2024 5:00:00 AM,10/12/2024 1:00:00 AM,RFC,WEST,ATSI,OE,5309.165,True
10/12/2024 6:00:00 AM,10/12/2024 2:00:00 AM,RFC,WEST,ATSI,OE,5189.988,True
10/12/2024 7:00:00 AM,10/12/2024 3:00:00 AM,RFC,WEST,ATSI,OE,5169.486,True
10/12/2024 8:00:00 AM,10/12/2024 4:00:00 AM,RFC,WEST,ATSI,OE,5200.051,True
10/12/2024 9:00:00 AM,10/12/2024 5:00:00 AM,RFC,WEST,ATSI,OE,5213.952,True
10/12/2024 10:00:00 AM,10/12/2024 6:00:00 AM,RFC,WEST,ATSI,OE,5314.724,True
10/12/2024 11:00:00 AM,10/12/2024 7:00:00 AM,RFC,WEST,ATSI,OE,5669.701,True
10/12/2024 12:00:00 PM,10/12/2024 8:00:00 AM,RFC,WEST,ATSI,OE,5881.259,True
10/12/2024 1:00:00 PM,10/12/2024 9:00:00 AM,RFC,WEST,ATSI,OE,5939.462,True
10/12/2024 2:00:00 PM,10/12/2024 10:00:00 AM,RFC,WEST,ATSI,OE,6064.454,True
10/12/2024 3:00:00 PM,10/12/2024 11:00:00 AM,RFC,WEST,ATSI,OE,6139.933,True
10/12/2024 4:00:00 PM,10/12/2024 12:00:00 PM,RFC,WEST,ATSI,OE,6031.709,True
10/12/2024 5:00:00 PM,10/12/2024 1:00:00 PM,RFC,WEST,ATSI,OE,6129.347,True
10/12/2024 6:00:00 PM,10/12/2024 2:00:00 PM,RFC,WEST,ATSI,OE,6138.723,True
10/12/2024 7:00:00 PM,10/12/2024 3:00:00 PM,RFC,WEST,ATSI,OE,6115.736,True
10/12/2024 8:00:00 PM,10/12/2024 4:00:00 PM,RFC,WEST,ATSI,OE,6070.530,True
10/12/2024 9:00:00 PM,10/12/2024 5:00:00 PM,RFC,WEST,ATSI,OE,6035.548,True
10/12/2024 10:00:00 PM,10/12/2024 6:00:00 PM,RFC,WEST,ATSI,OE,6104.907,True
10/12/2024 11:00:00 PM,10/12/2024 7:00:00 PM,RFC,WEST,ATSI,OE,6284.698,True
10/13/2024 12:00:00 AM,10/12/2024 8:00:00 PM,RFC,WEST,ATSI,OE,6180.532,True
10/13/2024 1:00:00 AM,10/12/2024 9:00:00 PM,RFC,WEST,ATSI,OE,6011.831,True
10/13/2024 2:00:00 AM,10/12/2024 10:00:00 PM,RFC,WEST,ATSI,OE,5727.096,True
10/13/2024 3:00:00 AM,10/12/2024 11:00:00 PM,RFC,WEST,ATSI,OE,5437.144,True
10/13/2024 4:00:00 AM,10/13/2024 12:00:00 AM,RFC,WEST,ATSI,OE,5136.011,True
10/13/2024 5:00:00 AM,10/13/2024 1:00:00 AM,RFC,WEST,ATSI,OE,5076.188,True
10/13/2024 6:00:00 AM,10/13/2024 2:00:00 AM,RFC,WEST,ATSI,OE,4886.351,True
10/13/2024 7:00:00 AM,10/13/2024 3:00:00 AM,RFC,WEST,ATSI,OE,4925.386,True
10/13/2024 8:00:00 AM,10/13/2024 4:00:00 AM,RFC,WEST,ATSI,OE,4920.036,True
10/13/2024 9:00:00 AM,10/13/2024 5:00:00 AM,RFC,WEST,ATSI,OE,5034.023,True
10/13/2024 10:00:00 AM,10/13/2024 6:00:00 AM,RFC,WEST,ATSI,OE,5156.447,True
10/13/2024 11:00:00 AM,10/13/2024 7:00:00 AM,RFC,WEST,ATSI,OE,5384.508,True
10/13/2024 12:00:00 PM,10/13/2024 8:00:00 AM,RFC,WEST,ATSI,OE,5567.721,True
10/13/2024 1:00:00 PM,10/13/2024 9:00:00 AM,RFC,WEST,ATSI,OE,5756.393,True
10/13/2024 2:00:00 PM,10/13/2024 10:00:00 AM,RFC,WEST,ATSI,OE,5944.135,True
10/13/2024 3:00:00 PM,10/13/2024 11:00:00 AM,RFC,WEST,ATSI,OE,6065.413,True
10/13/2024 4:00:00 PM,10/13/2024 12:00:00 PM,RFC,WEST,ATSI,OE,6168.468,True
10/13/2024 5:00:00 PM,10/13/2024 1:00:00 PM,RFC,WEST,ATSI,OE,6149.275,True
10/13/2024 6:00:00 PM,10/13/2024 2:00:00 PM,RFC,WEST,ATSI,OE,6244.891,True
10/13/2024 7:00:00 PM,10/13/2024 3:00:00 PM,RFC,WEST,ATSI,OE,6278.086,True
10/13/2024 8:00:00 PM,10/13/2024 4:00:00 PM,RFC,WEST,ATSI,OE,6243.939,True
10/13/2024 9:00:00 PM,10/13/2024 5:00:00 PM,RFC,WEST,ATSI,OE,6270.905,True
10/13/2024 10:00:00 PM,10/13/2024 6:00:00 PM,RFC,WEST,ATSI,OE,6340.476,True
10/13/2024 11:00:00 PM,10/13/2024 7:00:00 PM,RFC,WEST,ATSI,OE,6450.387,True
10/14/2024 12:00:00 AM,10/13/2024 8:00:00 PM,RFC,WEST,ATSI,OE,6406.637,True
10/14/2024 1:00:00 AM,10/13/2024 9:00:00 PM,RFC,WEST,ATSI,OE,6161.194,True
10/14/2024 2:00:00 AM,10/13/2024 10:00:00 PM,RFC,WEST,ATSI,OE,5854.438,True
10/14/2024 3:00:00 AM,10/13/2024 11:00:00 PM,RFC,WEST,ATSI,OE,5637.717,True
10/14/2024 4:00:00 AM,10/14/2024 12:00:00 AM,RFC,WEST,ATSI,OE,5318.694,True
10/14/2024 5:00:00 AM,10/14/2024 1:00:00 AM,RFC,WEST,ATSI,OE,5121.707,True
10/14/2024 6:00:00 AM,10/14/2024 2:00:00 AM,RFC,WEST,ATSI,OE,5072.997,True
10/14/2024 7:00:00 AM,10/14/2024 3:00:00 AM,RFC,WEST,ATSI,OE,5101.731,True
10/14/2024 8:00:00 AM,10/14/2024 4:00:00 AM,RFC,WEST,ATSI,OE,5194.359,True
10/14/2024 9:00:00 AM,10/14/2024 5:00:00 AM,RFC,WEST,ATSI,OE,5525.834,True
10/14/2024 10:00:00 AM,10/14/2024 6:00:00 AM,RFC,WEST,ATSI,OE,6035.140,True
10/14/2024 11:00:00 AM,10/14/2024 7:00:00 AM,RFC,WEST,ATSI,OE,6500.389,True
10/14/2024 12:00:00 PM,10/14/2024 8:00:00 AM,RFC,WEST,ATSI,OE,6645.182,True
10/14/2024 1:00:00 PM,10/14/2024 9:00:00 AM,RFC,WEST,ATSI,OE,6823.233,True
10/14/2024 2:00:00 PM,10/14/2024 10:00:00 AM,RFC,WEST,ATSI,OE,6834.770,True
10/14/2024 3:00:00 PM,10/14/2024 11:00:00 AM,RFC,WEST,ATSI,OE,6821.313,True
10/14/2024 4:00:00 PM,10/14/2024 12:00:00 PM,RFC,WEST,ATSI,OE,6890.227,True
10/14/2024 5:00:00 PM,10/14/2024 1:00:00 PM,RFC,WEST,ATSI,OE,6902.807,True
10/14/2024 6:00:00 PM,10/14/2024 2:00:00 PM,RFC,WEST,ATSI,OE,6809.937,True
10/14/2024 7:00:00 PM,10/14/2024 3:00:00 PM,RFC,WEST,ATSI,OE,6732.056,True
10/14/2024 8:00:00 PM,10/14/2024 4:00:00 PM,RFC,WEST,ATSI,OE,6726.788,True
10/14/2024 9:00:00 PM,10/14/2024 5:00:00 PM,RFC,WEST,ATSI,OE,6709.203,True
10/14/2024 10:00:00 PM,10/14/2024 6:00:00 PM,RFC,WEST,ATSI,OE,6766.775,True
10/14/2024 11:00:00 PM,10/14/2024 7:00:00 PM,RFC,WEST,ATSI,OE,7005.265,True
10/15/2024 12:00:00 AM,10/14/2024 8:00:00 PM,RFC,WEST,ATSI,OE,6869.012,True
10/15/2024 1:00:00 AM,10/14/2024 9:00:00 PM,RFC,WEST,ATSI,OE,6650.350,True
10/15/2024 2:00:00 AM,10/14/2024 10:00:00 PM,RFC,WEST,ATSI,OE,6355.751,True
10/15/2024 3:00:00 AM,10/14/2024 11:00:00 PM,RFC,WEST,ATSI,OE,5999.093,True
10/15/2024 4:00:00 AM,10/15/2024 12:00:00 AM,RFC,WEST,ATSI,OE,5843.044,True
10/15/2024 5:00:00 AM,10/15/2024 1:00:00 AM,RFC,WEST,ATSI,OE,5683.112,True
10/15/2024 6:00:00 AM,10/15/2024 2:00:00 AM,RFC,WEST,ATSI,OE,5623.409,True
10/15/2024 7:00:00 AM,10/15/2024 3:00:00 AM,RFC,WEST,ATSI,OE,5617.683,True
10/15/2024 8:00:00 AM,10/15/2024 4:00:00 AM,RFC,WEST,ATSI,OE,5735.730,True
10/15/2024 9:00:00 AM,10/15/2024 5:00:00 AM,RFC,WEST,ATSI,OE,6042.509,True
10/15/2024 10:00:00 AM,10/15/2024 6:00:00 AM,RFC,WEST,ATSI,OE,6530.372,True
10/15/2024 11:00:00 AM,10/15/2024 7:00:00 AM,RFC,WEST,ATSI,OE,7004.247,True
10/15/2024 12:00:00 PM,10/15/2024 8:00:00 AM,RFC,WEST,ATSI,OE,7089.684,True
10/15/2024 1:00:00 PM,10/15/2024 9:00:00 AM,RFC,WEST,ATSI,OE,7061.490,True
10/15/2024 2:00:00 PM,10/15/2024 10:00:00 AM,RFC,WEST,ATSI,OE,7105.906,True
10/15/2024 3:00:00 PM,10/15/2024 11:00:00 AM,RFC,WEST,ATSI,OE,7162.097,True
10/15/2024 4:00:00 PM,10/15/2024 12:00:00 PM,RFC,WEST,ATSI,OE,7079.397,True
10/15/2024 5:00:00 PM,10/15/2024 1:00:00 PM,RFC,WEST,ATSI,OE,7152.665,True
10/15/2024 6:00:00 PM,10/15/2024 2:00:00 PM,RFC,WEST,ATSI,OE,7014.292,True
10/15/2024 7:00:00 PM,10/15/2024 3:00:00 PM,RFC,WEST,ATSI,OE,6912.650,True
10/15/2024 8:00:00 PM,10/15/2024 4:00:00 PM,RFC,WEST,ATSI,OE,6903.487,True
10/15/2024 9:00:00 PM,10/15/2024 5:00:00 PM,RFC,WEST,ATSI,OE,6874.786,True
10/15/2024 10:00:00 PM,10/15/2024 6:00:00 PM,RFC,WEST,ATSI,OE,7042.675,True
10/15/2024 11:00:00 PM,10/15/2024 7:00:00 PM,RFC,WEST,ATSI,OE,7279.253,True
10/16/2024 12:00:00 AM,10/15/2024 8:00:00 PM,RFC,WEST,ATSI,OE,7129.168,True
10/16/2024 1:00:00 AM,10/15/2024 9:00:00 PM,RFC,WEST,ATSI,OE,6859.607,True
10/16/2024 2:00:00 AM,10/15/2024 10:00:00 PM,RFC,WEST,ATSI,OE,6594.382,True
10/16/2024 3:00:00 AM,10/15/2024 11:00:00 PM,RFC,WEST,ATSI,OE,6257.473,True
10/16/2024 4:00:00 AM,10/16/2024 12:00:00 AM,RFC,WEST,ATSI,OE,6001.479,True
10/16/2024 5:00:00 AM,10/16/2024 1:00:00 AM,RFC,WEST,ATSI,OE,5892.693,True
10/16/2024 6:00:00 AM,10/16/2024 2:00:00 AM,RFC,WEST,ATSI,OE,5840.689,True
10/16/2024 7:00:00 AM,10/16/2024 3:00:00 AM,RFC,WEST,ATSI,OE,5869.050,True
10/16/2024 8:00:00 AM,10/16/2024 4:00:00 AM,RFC,WEST,ATSI,OE,5878.378,True
10/16/2024 9:00:00 AM,10/16/2024 5:00:00 AM,RFC,WEST,ATSI,OE,6184.280,True
10/16/2024 10:00:00 AM,10/16/2024 6:00:00 AM,RFC,WEST,ATSI,OE,6611.134,True
10/16/2024 11:00:00 AM,10/16/2024 7:00:00 AM,RFC,WEST,ATSI,OE,6917.431,True
10/16/2024 12:00:00 PM,10/16/2024 8:00:00 AM,RFC,WEST,ATSI,OE,7132.427,True
10/16/2024 1:00:00 PM,10/16/2024 9:00:00 AM,RFC,WEST,ATSI,OE,7181.031,True
10/16/2024 2:00:00 PM,10/16/2024 10:00:00 AM,RFC,WEST,ATSI,OE,7122.716,True
10/16/2024 3:00:00 PM,10/16/2024 11:00:00 AM,RFC,WEST,ATSI,OE,7149.764,True
10/16/2024 4:00:00 PM,10/16/2024 12:00:00 PM,RFC,WEST,ATSI,OE,7078.726,True
10/16/2024 5:00:00 PM,10/16/2024 1:00:00 PM,RFC,WEST,ATSI,OE,7032.102,True
10/16/2024 6:00:00 PM,10/16/2024 2:00:00 PM,RFC,WEST,ATSI,OE,6915.422,True
10/16/2024 7:00:00 PM,10/16/2024 3:00:00 PM,RFC,WEST,ATSI,OE,6811.887,True
10/16/2024 8:00:00 PM,10/16/2024 4:00:00 PM,RFC,WEST,ATSI,OE,6722.669,True
10/16/2024 9:00:00 PM,10/16/2024 5:00:00 PM,RFC,WEST,ATSI,OE,6718.405,True
10/16/2024 10:00:00 PM,10/16/2024 6:00:00 PM,RFC,WEST,ATSI,OE,6860.548,True
10/16/2024 11:00:00 PM,10/16/2024 7:00:00 PM,RFC,WEST,ATSI,OE,7040.432,True
10/17/2024 12:00:00 AM,10/16/2024 8:00:00 PM,RFC,WEST,ATSI,OE,6932.055,True
10/17/2024 1:00:00 AM,10/16/2024 9:00:00 PM,RFC,WEST,ATSI,OE,6732.003,True
10/17/2024 2:00:00 AM,10/16/2024 10:00:00 PM,RFC,WEST,ATSI,OE,6460.010,True
10/17/2024 3:00:00 AM,10/16/2024 11:00:00 PM,RFC,WEST,ATSI,OE,6152.821,True
10/17/2024 4:00:00 AM,10/17/2024 12:00:00 AM,RFC,WEST,ATSI,OE,5942.530,True
10/17/2024 5:00:00 AM,10/17/2024 1:00:00 AM,RFC,WEST,ATSI,OE,5834.419,True
10/17/2024 6:00:00 AM,10/17/2024 2:00:00 AM,RFC,WEST,ATSI,OE,5754.061,True
10/17/2024 7:00:00 AM,10/17/2024 3:00:00 AM,RFC,WEST,ATSI,OE,5852.319,True
10/17/2024 8:00:00 AM,10/17/2024 4:00:00 AM,RFC,WEST,ATSI,OE,5994.438,True
10/17/2024 9:00:00 AM,10/17/2024 5:00:00 AM,RFC,WEST,ATSI,OE,6312.504,True
10/17/2024 10:00:00 AM,10/17/2024 6:00:00 AM,RFC,WEST,ATSI,OE,6819.770,True
10/17/2024 11:00:00 AM,10/17/2024 7:00:00 AM,RFC,WEST,ATSI,OE,7101.411,True
10/17/2024 12:00:00 PM,10/17/2024 8:00:00 AM,RFC,WEST,ATSI,OE,7292.139,True
10/17/2024 1:00:00 PM,10/17/2024 9:00:00 AM,RFC,WEST,ATSI,OE,7297.426,True
10/17/2024 2:00:00 PM,10/17/2024 10:00:00 AM,RFC,WEST,ATSI,OE,7140.826,True
10/17/2024 3:00:00 PM,10/17/2024 11:00:00 AM,RFC,WEST,ATSI,OE,7054.878,True
10/17/2024 4:00:00 PM,10/17/2024 12:00:00 PM,RFC,WEST,ATSI,OE,7057.146,True
10/17/2024 5:00:00 PM,10/17/2024 1:00:00 PM,RFC,WEST,ATSI,OE,7018.453,True
10/17/2024 6:00:00 PM,10/17/2024 2:00:00 PM,RFC,WEST,ATSI,OE,6891.977,True
10/17/2024 7:00:00 PM,10/17/2024 3:00:00 PM,RFC,WEST,ATSI,OE,6751.960,True
10/17/2024 8:00:00 PM,10/17/2024 4:00:00 PM,RFC,WEST,ATSI,OE,6691.006,True
10/17/2024 9:00:00 PM,10/17/2024 5:00:00 PM,RFC,WEST,ATSI,OE,6650.110,True
10/17/2024 10:00:00 PM,10/17/2024 6:00:00 PM,RFC,WEST,ATSI,OE,6657.692,True
10/17/2024 11:00:00 PM,10/17/2024 7:00:00 PM,RFC,WEST,ATSI,OE,6904.699,True
10/18/2024 12:00:00 AM,10/17/2024 8:00:00 PM,RFC,WEST,ATSI,OE,6768.485,True
10/18/2024 1:00:00 AM,10/17/2024 9:00:00 PM,RFC,WEST,ATSI,OE,6631.443,True
10/18/2024 2:00:00 AM,10/17/2024 10:00:00 PM,RFC,WEST,ATSI,OE,6389.611,True
10/18/2024 3:00:00 AM,10/17/2024 11:00:00 PM,RFC,WEST,ATSI,OE,6092.072,True
10/18/2024 4:00:00 AM,10/18/2024 12:00:00 AM,RFC,WEST,ATSI,OE,5906.763,True
10/18/2024 5:00:00 AM,10/18/2024 1:00:00 AM,RFC,WEST,ATSI,OE,5842.655,True
10/18/2024 6:00:00 AM,10/18/2024 2:00:00 AM,RFC,WEST,ATSI,OE,5816.327,True
10/18/2024 7:00:00 AM,10/18/2024 3:00:00 AM,RFC,WEST,ATSI,OE,5801.574,True
10/18/2024 8:00:00 AM,10/18/2024 4:00:00 AM,RFC,WEST,ATSI,OE,5976.950,True
10/18/2024 9:00:00 AM,10/18/2024 5:00:00 AM,RFC,WEST,ATSI,OE,6131.141,True
10/18/2024 10:00:00 AM,10/18/2024 6:00:00 AM,RFC,WEST,ATSI,OE,6655.184,True
10/18/2024 11:00:00 AM,10/18/2024 7:00:00 AM,RFC,WEST,ATSI,OE,6939.843,True
10/18/2024 12:00:00 PM,10/18/2024 8:00:00 AM,RFC,WEST,ATSI,OE,7057.256,True
10/18/2024 1:00:00 PM,10/18/2024 9:00:00 AM,RFC,WEST,ATSI,OE,7058.971,True
10/18/2024 2:00:00 PM,10/18/2024 10:00:00 AM,RFC,WEST,ATSI,OE,6928.141,True
10/18/2024 3:00:00 PM,10/18/2024 11:00:00 AM,RFC,WEST,ATSI,OE,6861.553,True
10/18/2024 4:00:00 PM,10/18/2024 12:00:00 PM,RFC,WEST,ATSI,OE,6847.695,True
10/18/2024 5:00:00 PM,10/18/2024 1:00:00 PM,RFC,WEST,ATSI,OE,6823.016,True
10/18/2024 6:00:00 PM,10/18/2024 2:00:00 PM,RFC,WEST,ATSI,OE,6724.963,True
10/18/2024 7:00:00 PM,10/18/2024 3:00:00 PM,RFC,WEST,ATSI,OE,6632.055,True
10/18/2024 8:00:00 PM,10/18/2024 4:00:00 PM,RFC,WEST,ATSI,OE,6538.057,True
10/18/2024 9:00:00 PM,10/18/2024 5:00:00 PM,RFC,WEST,ATSI,OE,6536.286,True
10/18/2024 10:00:00 PM,10/18/2024 6:00:00 PM,RFC,WEST,ATSI,OE,6578.339,True
10/18/2024 11:00:00 PM,10/18/2024 7:00:00 PM,RFC,WEST,ATSI,OE,6674.784,True
10/19/2024 12:00:00 AM,10/18/2024 8:00:00 PM,RFC,WEST,ATSI,OE,6516.569,True
10/19/2024 1:00:00 AM,10/18/2024 9:00:00 PM,RFC,WEST,ATSI,OE,6364.825,True
10/19/2024 2:00:00 AM,10/18/2024 10:00:00 PM,RFC,WEST,ATSI,OE,6117.804,True
10/19/2024 3:00:00 AM,10/18/2024 11:00:00 PM,RFC,WEST,ATSI,OE,5653.427,True
10/19/2024 4:00:00 AM,10/19/2024 12:00:00 AM,RFC,WEST,ATSI,OE,5436.335,True
10/19/2024 5:00:00 AM,10/19/2024 1:00:00 AM,RFC,WEST,ATSI,OE,5532.678,True
10/19/2024 6:00:00 AM,10/19/2024 2:00:00 AM,RFC,WEST,ATSI,OE,5452.370,True
10/19/2024 7:00:00 AM,10/19/2024 3:00:00 AM,RFC,WEST,ATSI,OE,5444.556,True
10/19/2024 8:00:00 AM,10/19/2024 4:00:00 AM,RFC,WEST,ATSI,OE,5448.368,True
10/19/2024 9:00:00 AM,10/19/2024 5:00:00 AM,RFC,WEST,ATSI,OE,5637.043,True
10/19/2024 10:00:00 AM,10/19/2024 6:00:00 AM,RFC,WEST,ATSI,OE,5800.625,True
10/19/2024 11:00:00 AM,10/19/2024 7:00:00 AM,RFC,WEST,ATSI,OE,6052.005,True
10/19/2024 12:00:00 PM,10/19/2024 8:00:00 AM,RFC,WEST,ATSI,OE,6201.388,True
10/19/2024 1:00:00 PM,10/19/2024 9:00:00 AM,RFC,WEST,ATSI,OE,6216.722,True
10/19/2024 2:00:00 PM,10/19/2024 10:00:00 AM,RFC,WEST,ATSI,OE,6151.129,True
10/19/2024 3:00:00 PM,10/19/2024 11:00:00 AM,RFC,WEST,ATSI,OE,6059.601,True
10/19/2024 4:00:00 PM,10/19/2024 12:00:00 PM,RFC,WEST,ATSI,OE,6068.775,True
10/19/2024 5:00:00 PM,10/19/2024 1:00:00 PM,RFC,WEST,ATSI,OE,5887.745,True
10/19/2024 6:00:00 PM,10/19/2024 2:00:00 PM,RFC,WEST,ATSI,OE,5873.863,True
10/19/2024 7:00:00 PM,10/19/2024 3:00:00 PM,RFC,WEST,ATSI,OE,5915.849,True
10/19/2024 8:00:00 PM,10/19/2024 4:00:00 PM,RFC,WEST,ATSI,OE,6019.873,True
10/19/2024 9:00:00 PM,10/19/2024 5:00:00 PM,RFC,WEST,ATSI,OE,6035.032,True
10/19/2024 10:00:00 PM,10/19/2024 6:00:00 PM,RFC,WEST,ATSI,OE,6090.962,True
10/19/2024 11:00:00 PM,10/19/2024 7:00:00 PM,RFC,WEST,ATSI,OE,6203.065,True
10/20/2024 12:00:00 AM,10/19/2024 8:00:00 PM,RFC,WEST,ATSI,OE,6071.442,True
10/20/2024 1:00:00 AM,10/19/2024 9:00:00 PM,RFC,WEST,ATSI,OE,5969.240,True
10/20/2024 2:00:00 AM,10/19/2024 10:00:00 PM,RFC,WEST,ATSI,OE,5784.286,True
10/20/2024 3:00:00 AM,10/19/2024 11:00:00 PM,RFC,WEST,ATSI,OE,5451.688,True
10/20/2024 4:00:00 AM,10/20/2024 12:00:00 AM,RFC,WEST,ATSI,OE,5307.542,True
10/20/2024 5:00:00 AM,10/20/2024 1:00:00 AM,RFC,WEST,ATSI,OE,5221.667,True
10/20/2024 6:00:00 AM,10/20/2024 2:00:00 AM,RFC,WEST,ATSI,OE,5204.812,True
10/20/2024 7:00:00 AM,10/20/2024 3:00:00 AM,RFC,WEST,ATSI,OE,5111.925,True
10/20/2024 8:00:00 AM,10/20/2024 4:00:00 AM,RFC,WEST,ATSI,OE,5217.562,True
10/20/2024 9:00:00 AM,10/20/2024 5:00:00 AM,RFC,WEST,ATSI,OE,5275.261,True
10/20/2024 10:00:00 AM,10/20/2024 6:00:00 AM,RFC,WEST,ATSI,OE,5445.924,True
10/20/2024 11:00:00 AM,10/20/2024 7:00:00 AM,RFC,WEST,ATSI,OE,5596.202,True
10/20/2024 12:00:00 PM,10/20/2024 8:00:00 AM,RFC,WEST,ATSI,OE,5798.518,True
10/20/2024 1:00:00 PM,10/20/2024 9:00:00 AM,RFC,WEST,ATSI,OE,5864.540,True
10/20/2024 2:00:00 PM,10/20/2024 10:00:00 AM,RFC,WEST,ATSI,OE,5807.511,True
10/20/2024 3:00:00 PM,10/20/2024 11:00:00 AM,RFC,WEST,ATSI,OE,5902.432,True
10/20/2024 4:00:00 PM,10/20/2024 12:00:00 PM,RFC,WEST,ATSI,OE,5918.006,True
10/20/2024 5:00:00 PM,10/20/2024 1:00:00 PM,RFC,WEST,ATSI,OE,5957.264,True
10/20/2024 6:00:00 PM,10/20/2024 2:00:00 PM,RFC,WEST,ATSI,OE,5912.330,True
10/20/2024 7:00:00 PM,10/20/2024 3:00:00 PM,RFC,WEST,ATSI,OE,5957.968,True
10/20/2024 8:00:00 PM,10/20/2024 4:00:00 PM,RFC,WEST,ATSI,OE,6072.920,True
10/20/2024 9:00:00 PM,10/20/2024 5:00:00 PM,RFC,WEST,ATSI,OE,6181.360,True
10/20/2024 10:00:00 PM,10/20/2024 6:00:00 PM,RFC,WEST,ATSI,OE,6292.158,True
10/20/2024 11:00:00 PM,10/20/2024 7:00:00 PM,RFC,WEST,ATSI,OE,6455.748,True
10/21/2024 12:00:00 AM,10/20/2024 8:00:00 PM,RFC,WEST,ATSI,OE,6340.148,True
10/21/2024 1:00:00 AM,10/20/2024 9:00:00 PM,RFC,WEST,ATSI,OE,6086.350,True
10/21/2024 2:00:00 AM,10/20/2024 10:00:00 PM,RFC,WEST,ATSI,OE,5876.579,True
10/21/2024 3:00:00 AM,10/20/2024 11:00:00 PM,RFC,WEST,ATSI,OE,5600.968,True
10/21/2024 4:00:00 AM,10/21/2024 12:00:00 AM,RFC,WEST,ATSI,OE,5429.667,True
10/21/2024 5:00:00 AM,10/21/2024 1:00:00 AM,RFC,WEST,ATSI,OE,5359.901,True
10/21/2024 6:00:00 AM,10/21/2024 2:00:00 AM,RFC,WEST,ATSI,OE,5325.428,True
10/21/2024 7:00:00 AM,10/21/2024 3:00:00 AM,RFC,WEST,ATSI,OE,5340.143,True
10/21/2024 8:00:00 AM,10/21/2024 4:00:00 AM,RFC,WEST,ATSI,OE,5374.544,True
10/21/2024 9:00:00 AM,10/21/2024 5:00:00 AM,RFC,WEST,ATSI,OE,5662.309,True
10/21/2024 10:00:00 AM,10/21/2024 6:00:00 AM,RFC,WEST,ATSI,OE,6190.561,True
10/21/2024 11:00:00 AM,10/21/2024 7:00:00 AM,RFC,WEST,ATSI,OE,6648.937,True
10/21/2024 12:00:00 PM,10/21/2024 8:00:00 AM,RFC,WEST,ATSI,OE,6751.168,True
10/21/2024 1:00:00 PM,10/21/2024 9:00:00 AM,RFC,WEST,ATSI,OE,6743.156,True
10/21/2024 2:00:00 PM,10/21/2024 10:00:00 AM,RFC,WEST,ATSI,OE,6751.586,True
10/21/2024 3:00:00 PM,10/21/2024 11:00:00 AM,RFC,WEST,ATSI,OE,6792.730,True
10/21/2024 4:00:00 PM,10/21/2024 12:00:00 PM,RFC,WEST,ATSI,OE,6874.990,True
10/21/2024 5:00:00 PM,10/21/2024 1:00:00 PM,RFC,WEST,ATSI,OE,6832.285,True
10/21/2024 6:00:00 PM,10/21/2024 2:00:00 PM,RFC,WEST,ATSI,OE,6815.308,True
10/21/2024 7:00:00 PM,10/21/2024 3:00:00 PM,RFC,WEST,ATSI,OE,6837.551,True
10/21/2024 8:00:00 PM,10/21/2024 4:00:00 PM,RFC,WEST,ATSI,OE,6885.369,True
10/21/2024 9:00:00 PM,10/21/2024 5:00:00 PM,RFC,WEST,ATSI,OE,6904.920,True
10/21/2024 10:00:00 PM,10/21/2024 6:00:00 PM,RFC,WEST,ATSI,OE,6813.316,True
10/21/2024 11:00:00 PM,10/21/2024 7:00:00 PM,RFC,WEST,ATSI,OE,6958.713,True
10/22/2024 12:00:00 AM,10/21/2024 8:00:00 PM,RFC,WEST,ATSI,OE,6777.018,True
10/22/2024 1:00:00 AM,10/21/2024 9:00:00 PM,RFC,WEST,ATSI,OE,6462.347,True
10/22/2024 2:00:00 AM,10/21/2024 10:00:00 PM,RFC,WEST,ATSI,OE,6078.857,True
10/22/2024 3:00:00 AM,10/21/2024 11:00:00 PM,RFC,WEST,ATSI,OE,5726.646,True
10/22/2024 4:00:00 AM,10/22/2024 12:00:00 AM,RFC,WEST,ATSI,OE,5535.318,True
10/22/2024 5:00:00 AM,10/22/2024 1:00:00 AM,RFC,WEST,ATSI,OE,5366.731,True
10/22/2024 6:00:00 AM,10/22/2024 2:00:00 AM,RFC,WEST,ATSI,OE,5264.520,True
10/22/2024 7:00:00 AM,10/22/2024 3:00:00 AM,RFC,WEST,ATSI,OE,5282.975,True
10/22/2024 8:00:00 AM,10/22/2024 4:00:00 AM,RFC,WEST,ATSI,OE,5366.669,True
10/22/2024 9:00:00 AM,10/22/2024 5:00:00 AM,RFC,WEST,ATSI,OE,5652.443,True
10/22/2024 10:00:00 AM,10/22/2024 6:00:00 AM,RFC,WEST,ATSI,OE,6156.821,True
10/22/2024 11:00:00 AM,10/22/2024 7:00:00 AM,RFC,WEST,ATSI,OE,6584.216,True
10/22/2024 12:00:00 PM,10/22/2024 8:00:00 AM,RFC,WEST,ATSI,OE,6723.175,True
10/22/2024 1:00:00 PM,10/22/2024 9:00:00 AM,RFC,WEST,ATSI,OE,6774.054,True
10/22/2024 2:00:00 PM,10/22/2024 10:00:00 AM,RFC,WEST,ATSI,OE,6782.421,True
10/22/2024 3:00:00 PM,10/22/2024 11:00:00 AM,RFC,WEST,ATSI,OE,6834.926,True
10/22/2024 4:00:00 PM,10/22/2024 12:00:00 PM,RFC,WEST,ATSI,OE,6858.719,True
10/22/2024 5:00:00 PM,10/22/2024 1:00:00 PM,RFC,WEST,ATSI,OE,6950.050,True
10/22/2024 6:00:00 PM,10/22/2024 2:00:00 PM,RFC,WEST,ATSI,OE,6995.317,True
10/22/2024 7:00:00 PM,10/22/2024 3:00:00 PM,RFC,WEST,ATSI,OE,6933.841,True
10/22/2024 8:00:00 PM,10/22/2024 4:00:00 PM,RFC,WEST,ATSI,OE,6922.389,True
10/22/2024 9:00:00 PM,10/22/2024 5:00:00 PM,RFC,WEST,ATSI,OE,6962.224,True
10/22/2024 10:00:00 PM,10/22/2024 6:00:00 PM,RFC,WEST,ATSI,OE,6982.811,True
10/22/2024 11:00:00 PM,10/22/2024 7:00:00 PM,RFC,WEST,ATSI,OE,7001.035,True
10/23/2024 12:00:00 AM,10/22/2024 8:00:00 PM,RFC,WEST,ATSI,OE,6804.419,True
10/23/2024 1:00:00 AM,10/22/2024 9:00:00 PM,RFC,WEST,ATSI,OE,6514.864,True
10/23/2024 2:00:00 AM,10/22/2024 10:00:00 PM,RFC,WEST,ATSI,OE,6157.937,True
10/23/2024 3:00:00 AM,10/22/2024 11:00:00 PM,RFC,WEST,ATSI,OE,5862.655,True
10/23/2024 4:00:00 AM,10/23/2024 12:00:00 AM,RFC,WEST,ATSI,OE,5643.276,True
10/23/2024 5:00:00 AM,10/23/2024 1:00:00 AM,RFC,WEST,ATSI,OE,5470.613,True
10/23/2024 6:00:00 AM,10/23/2024 2:00:00 AM,RFC,WEST,ATSI,OE,5383.260,True
10/23/2024 7:00:00 AM,10/23/2024 3:00:00 AM,RFC,WEST,ATSI,OE,5347.612,True
10/23/2024 8:00:00 AM,10/23/2024 4:00:00 AM,RFC,WEST,ATSI,OE,5449.608,True
10/23/2024 9:00:00 AM,10/23/2024 5:00:00 AM,RFC,WEST,ATSI,OE,5759.649,True
10/23/2024 10:00:00 AM,10/23/2024 6:00:00 AM,RFC,WEST,ATSI,OE,6129.815,True
10/23/2024 11:00:00 AM,10/23/2024 7:00:00 AM,RFC,WEST,ATSI,OE,6490.738,True
10/23/2024 12:00:00 PM,10/23/2024 8:00:00 AM,RFC,WEST,ATSI,OE,6595.092,True
10/23/2024 1:00:00 PM,10/23/2024 9:00:00 AM,RFC,WEST,ATSI,OE,6726.846,True
10/23/2024 2:00:00 PM,10/23/2024 10:00:00 AM,RFC,WEST,ATSI,OE,6769.899,True
10/23/2024 3:00:00 PM,10/23/2024 11:00:00 AM,RFC,WEST,ATSI,OE,6826.269,True
10/23/2024 4:00:00 PM,10/23/2024 12:00:00 PM,RFC,WEST,ATSI,OE,6859.964,True
10/23/2024 5:00:00 PM,10/23/2024 1:00:00 PM,RFC,WEST,ATSI,OE,6926.813,True
10/23/2024 6:00:00 PM,10/23/2024 2:00:00 PM,RFC,WEST,ATSI,OE,7063.748,True
10/23/2024 7:00:00 PM,10/23/2024 3:00:00 PM,RFC,WEST,ATSI,OE,6925.654,True
10/23/2024 8:00:00 PM,10/23/2024 4:00:00 PM,RFC,WEST,ATSI,OE,6860.991,True
10/23/2024 9:00:00 PM,10/23/2024 5:00:00 PM,RFC,WEST,ATSI,OE,6808.406,True
10/23/2024 10:00:00 PM,10/23/2024 6:00:00 PM,RFC,WEST,ATSI,OE,6772.283,True
10/23/2024 11:00:00 PM,10/23/2024 7:00:00 PM,RFC,WEST,ATSI,OE,6875.792,True
10/24/2024 12:00:00 AM,10/23/2024 8:00:00 PM,RFC,WEST,ATSI,OE,6697.647,True
10/24/2024 1:00:00 AM,10/23/2024 9:00:00 PM,RFC,WEST,ATSI,OE,6472.440,True
10/24/2024 2:00:00 AM,10/23/2024 10:00:00 PM,RFC,WEST,ATSI,OE,6138.028,True
10/24/2024 3:00:00 AM,10/23/2024 11:00:00 PM,RFC,WEST,ATSI,OE,5803.715,True
10/24/2024 4:00:00 AM,10/24/2024 12:00:00 AM,RFC,WEST,ATSI,OE,5527.732,True
10/24/2024 5:00:00 AM,10/24/2024 1:00:00 AM,RFC,WEST,ATSI,OE,5354.366,True
10/24/2024 6:00:00 AM,10/24/2024 2:00:00 AM,RFC,WEST,ATSI,OE,5377.384,True
10/24/2024 7:00:00 AM,10/24/2024 3:00:00 AM,RFC,WEST,ATSI,OE,5363.344,True
10/24/2024 8:00:00 AM,10/24/2024 4:00:00 AM,RFC,WEST,ATSI,OE,5466.998,True
10/24/2024 9:00:00 AM,10/24/2024 5:00:00 AM,RFC,WEST,ATSI,OE,5731.565,True
10/24/2024 10:00:00 AM,10/24/2024 6:00:00 AM,RFC,WEST,ATSI,OE,6259.294,True
10/24/2024 11:00:00 AM,10/24/2024 7:00:00 AM,RFC,WEST,ATSI,OE,6735.699,True
10/24/2024 12:00:00 PM,10/24/2024 8:00:00 AM,RFC,WEST,ATSI,OE,6881.297,True
10/24/2024 1:00:00 PM,10/24/2024 9:00:00 AM,RFC,WEST,ATSI,OE,6885.510,True
10/24/2024 2:00:00 PM,10/24/2024 10:00:00 AM,RFC,WEST,ATSI,OE,6894.150,True
10/24/2024 3:00:00 PM,10/24/2024 11:00:00 AM,RFC,WEST,ATSI,OE,6866.811,True
10/24/2024 4:00:00 PM,10/24/2024 12:00:00 PM,RFC,WEST,ATSI,OE,6761.309,True
10/24/2024 5:00:00 PM,10/24/2024 1:00:00 PM,RFC,WEST,ATSI,OE,6838.575,True
10/24/2024 6:00:00 PM,10/24/2024 2:00:00 PM,RFC,WEST,ATSI,OE,6555.792,True
10/24/2024 7:00:00 PM,10/24/2024 3:00:00 PM,RFC,WEST,ATSI,OE,6464.881,True
10/24/2024 8:00:00 PM,10/24/2024 4:00:00 PM,RFC,WEST,ATSI,OE,6441.316,True
10/24/2024 9:00:00 PM,10/24/2024 5:00:00 PM,RFC,WEST,ATSI,OE,6568.569,True
10/24/2024 10:00:00 PM,10/24/2024 6:00:00 PM,RFC,WEST,ATSI,OE,6669.632,True
10/24/2024 11:00:00 PM,10/24/2024 7:00:00 PM,RFC,WEST,ATSI,OE,6801.378,True
10/25/2024 12:00:00 AM,10/24/2024 8:00:00 PM,RFC,WEST,ATSI,OE,6648.485,True
10/25/2024 1:00:00 AM,10/24/2024 9:00:00 PM,RFC,WEST,ATSI,OE,6472.610,True
10/25/2024 2:00:00 AM,10/24/2024 10:00:00 PM,RFC,WEST,ATSI,OE,6231.458,True
10/25/2024 3:00:00 AM,10/24/2024 11:00:00 PM,RFC,WEST,ATSI,OE,5989.086,True
10/25/2024 4:00:00 AM,10/25/2024 12:00:00 AM,RFC,WEST,ATSI,OE,5784.874,True
10/25/2024 5:00:00 AM,10/25/2024 1:00:00 AM,RFC,WEST,ATSI,OE,5704.697,True
10/25/2024 6:00:00 AM,10/25/2024 2:00:00 AM,RFC,WEST,ATSI,OE,5634.771,True
10/25/2024 7:00:00 AM,10/25/2024 3:00:00 AM,RFC,WEST,ATSI,OE,5616.296,True
10/25/2024 8:00:00 AM,10/25/2024 4:00:00 AM,RFC,WEST,ATSI,OE,5672.456,True
10/25/2024 9:00:00 AM,10/25/2024 5:00:00 AM,RFC,WEST,ATSI,OE,5985.896,True
10/25/2024 10:00:00 AM,10/25/2024 6:00:00 AM,RFC,WEST,ATSI,OE,6407.993,True
10/25/2024 11:00:00 AM,10/25/2024 7:00:00 AM,RFC,WEST,ATSI,OE,6826.813,True
10/25/2024 12:00:00 PM,10/25/2024 8:00:00 AM,RFC,WEST,ATSI,OE,6999.520,True
10/25/2024 1:00:00 PM,10/25/2024 9:00:00 AM,RFC,WEST,ATSI,OE,7072.926,True
10/25/2024 2:00:00 PM,10/25/2024 10:00:00 AM,RFC,WEST,ATSI,OE,7113.762,True
10/25/2024 3:00:00 PM,10/25/2024 11:00:00 AM,RFC,WEST,ATSI,OE,6998.824,True
10/25/2024 4:00:00 PM,10/25/2024 12:00:00 PM,RFC,WEST,ATSI,OE,6916.468,True
10/25/2024 5:00:00 PM,10/25/2024 1:00:00 PM,RFC,WEST,ATSI,OE,6839.409,True
10/25/2024 6:00:00 PM,10/25/2024 2:00:00 PM,RFC,WEST,ATSI,OE,6720.988,True
10/25/2024 7:00:00 PM,10/25/2024 3:00:00 PM,RFC,WEST,ATSI,OE,6570.517,True
10/25/2024 8:00:00 PM,10/25/2024 4:00:00 PM,RFC,WEST,ATSI,OE,6582.659,True
10/25/2024 9:00:00 PM,10/25/2024 5:00:00 PM,RFC,WEST,ATSI,OE,6506.636,True
10/25/2024 10:00:00 PM,10/25/2024 6:00:00 PM,RFC,WEST,ATSI,OE,6547.846,True
10/25/2024 11:00:00 PM,10/25/2024 7:00:00 PM,RFC,WEST,ATSI,OE,6606.918,True
10/26/2024 12:00:00 AM,10/25/2024 8:00:00 PM,RFC,WEST,ATSI,OE,6438.970,True
10/26/2024 1:00:00 AM,10/25/2024 9:00:00 PM,RFC,WEST,ATSI,OE,6176.019,True
10/26/2024 2:00:00 AM,10/25/2024 10:00:00 PM,RFC,WEST,ATSI,OE,5883.051,True
10/26/2024 3:00:00 AM,10/25/2024 11:00:00 PM,RFC,WEST,ATSI,OE,5561.555,True
10/26/2024 4:00:00 AM,10/26/2024 12:00:00 AM,RFC,WEST,ATSI,OE,5452.396,True
10/26/2024 5:00:00 AM,10/26/2024 1:00:00 AM,RFC,WEST,ATSI,OE,5342.510,True
10/26/2024 6:00:00 AM,10/26/2024 2:00:00 AM,RFC,WEST,ATSI,OE,5305.203,True
10/26/2024 7:00:00 AM,10/26/2024 3:00:00 AM,RFC,WEST,ATSI,OE,5243.443,True
10/26/2024 8:00:00 AM,10/26/2024 4:00:00 AM,RFC,WEST,ATSI,OE,5189.348,True
10/26/2024 9:00:00 AM,10/26/2024 5:00:00 AM,RFC,WEST,ATSI,OE,5172.998,True
10/26/2024 10:00:00 AM,10/26/2024 6:00:00 AM,RFC,WEST,ATSI,OE,5444.834,True
10/26/2024 11:00:00 AM,10/26/2024 7:00:00 AM,RFC,WEST,ATSI,OE,5763.002,True
10/26/2024 12:00:00 PM,10/26/2024 8:00:00 AM,RFC,WEST,ATSI,OE,5947.656,True
10/26/2024 1:00:00 PM,10/26/2024 9:00:00 AM,RFC,WEST,ATSI,OE,6090.860,True
10/26/2024 2:00:00 PM,10/26/2024 10:00:00 AM,RFC,WEST,ATSI,OE,6047.674,True
10/26/2024 3:00:00 PM,10/26/2024 11:00:00 AM,RFC,WEST,ATSI,OE,6021.742,True
10/26/2024 4:00:00 PM,10/26/2024 12:00:00 PM,RFC,WEST,ATSI,OE,5952.820,True
10/26/2024 5:00:00 PM,10/26/2024 1:00:00 PM,RFC,WEST,ATSI,OE,5897.581,True
10/26/2024 6:00:00 PM,10/26/2024 2:00:00 PM,RFC,WEST,ATSI,OE,5835.861,True
10/26/2024 7:00:00 PM,10/26/2024 3:00:00 PM,RFC,WEST,ATSI,OE,5813.885,True
10/26/2024 8:00:00 PM,10/26/2024 4:00:00 PM,RFC,WEST,ATSI,OE,5750.832,True
10/26/2024 9:00:00 PM,10/26/2024 5:00:00 PM,RFC,WEST,ATSI,OE,5844.048,True
10/26/2024 10:00:00 PM,10/26/2024 6:00:00 PM,RFC,WEST,ATSI,OE,6006.143,True
10/26/2024 11:00:00 PM,10/26/2024 7:00:00 PM,RFC,WEST,ATSI,OE,6106.148,True
10/27/2024 12:00:00 AM,10/26/2024 8:00:00 PM,RFC,WEST,ATSI,OE,6081.018,True
10/27/2024 1:00:00 AM,10/26/2024 9:00:00 PM,RFC,WEST,ATSI,OE,5999.590,True
10/27/2024 2:00:00 AM,10/26/2024 10:00:00 PM,RFC,WEST,ATSI,OE,5804.855,True
10/27/2024 3:00:00 AM,10/26/2024 11:00:00 PM,RFC,WEST,ATSI,OE,5603.917,True
10/27/2024 4:00:00 AM,10/27/2024 12:00:00 AM,RFC,WEST,ATSI,OE,5487.745,True
10/27/2024 5:00:00 AM,10/27/2024 1:00:00 AM,RFC,WEST,ATSI,OE,5383.669,True
10/27/2024 6:00:00 AM,10/27/2024 2:00:00 AM,RFC,WEST,ATSI,OE,5327.612,True
10/27/2024 7:00:00 AM,10/27/2024 3:00:00 AM,RFC,WEST,ATSI,OE,5320.183,True
10/27/2024 8:00:00 AM,10/27/2024 4:00:00 AM,RFC,WEST,ATSI,OE,5357.229,True
10/27/2024 9:00:00 AM,10/27/2024 5:00:00 AM,RFC,WEST,ATSI,OE,5456.132,True
10/27/2024 10:00:00 AM,10/27/2024 6:00:00 AM,RFC,WEST,ATSI,OE,5523.498,True
10/27/2024 11:00:00 AM,10/27/2024 7:00:00 AM,RFC,WEST,ATSI,OE,5742.773,True
10/27/2024 12:00:00 PM,10/27/2024 8:00:00 AM,RFC,WEST,ATSI,OE,5947.122,True
10/27/2024 1:00:00 PM,10/27/2024 9:00:00 AM,RFC,WEST,ATSI,OE,6040.029,True
10/27/2024 2:00:00 PM,10/27/2024 10:00:00 AM,RFC,WEST,ATSI,OE,5982.764,True
10/27/2024 3:00:00 PM,10/27/2024 11:00:00 AM,RFC,WEST,ATSI,OE,5910.466,True
10/27/2024 4:00:00 PM,10/27/2024 12:00:00 PM,RFC,WEST,ATSI,OE,5870.481,True
10/27/2024 5:00:00 PM,10/27/2024 1:00:00 PM,RFC,WEST,ATSI,OE,5811.012,True
10/27/2024 6:00:00 PM,10/27/2024 2:00:00 PM,RFC,WEST,ATSI,OE,5740.602,True
10/27/2024 7:00:00 PM,10/27/2024 3:00:00 PM,RFC,WEST,ATSI,OE,5741.104,True
10/27/2024 8:00:00 PM,10/27/2024 4:00:00 PM,RFC,WEST,ATSI,OE,5794.415,True
10/27/2024 9:00:00 PM,10/27/2024 5:00:00 PM,RFC,WEST,ATSI,OE,5945.333,True
10/27/2024 10:00:00 PM,10/27/2024 6:00:00 PM,RFC,WEST,ATSI,OE,6062.405,True
10/27/2024 11:00:00 PM,10/27/2024 7:00:00 PM,RFC,WEST,ATSI,OE,6250.076,True
10/28/2024 12:00:00 AM,10/27/2024 8:00:00 PM,RFC,WEST,ATSI,OE,6229.554,True
10/28/2024 1:00:00 AM,10/27/2024 9:00:00 PM,RFC,WEST,ATSI,OE,6067.754,True
10/28/2024 2:00:00 AM,10/27/2024 10:00:00 PM,RFC,WEST,ATSI,OE,5866.748,True
10/28/2024 3:00:00 AM,10/27/2024 11:00:00 PM,RFC,WEST,ATSI,OE,5709.117,True
10/28/2024 4:00:00 AM,10/28/2024 12:00:00 AM,RFC,WEST,ATSI,OE,5575.954,True
10/28/2024 5:00:00 AM,10/28/2024 1:00:00 AM,RFC,WEST,ATSI,OE,5458.790,True
10/28/2024 6:00:00 AM,10/28/2024 2:00:00 AM,RFC,WEST,ATSI,OE,5510.289,True
10/28/2024 7:00:00 AM,10/28/2024 3:00:00 AM,RFC,WEST,ATSI,OE,5512.375,True
10/28/2024 8:00:00 AM,10/28/2024 4:00:00 AM,RFC,WEST,ATSI,OE,5700.931,True
10/28/2024 9:00:00 AM,10/28/2024 5:00:00 AM,RFC,WEST,ATSI,OE,6014.529,True
10/28/2024 10:00:00 AM,10/28/2024 6:00:00 AM,RFC,WEST,ATSI,OE,6503.142,True
10/28/2024 11:00:00 AM,10/28/2024 7:00:00 AM,RFC,WEST,ATSI,OE,6943.546,True
10/28/2024 12:00:00 PM,10/28/2024 8:00:00 AM,RFC,WEST,ATSI,OE,7144.227,True
10/28/2024 1:00:00 PM,10/28/2024 9:00:00 AM,RFC,WEST,ATSI,OE,7169.866,True
10/28/2024 2:00:00 PM,10/28/2024 10:00:00 AM,RFC,WEST,ATSI,OE,6993.551,True
10/28/2024 3:00:00 PM,10/28/2024 11:00:00 AM,RFC,WEST,ATSI,OE,6912.067,True
10/28/2024 4:00:00 PM,10/28/2024 12:00:00 PM,RFC,WEST,ATSI,OE,6829.154,True
10/28/2024 5:00:00 PM,10/28/2024 1:00:00 PM,RFC,WEST,ATSI,OE,6767.215,True
10/28/2024 6:00:00 PM,10/28/2024 2:00:00 PM,RFC,WEST,ATSI,OE,6634.059,True
10/28/2024 7:00:00 PM,10/28/2024 3:00:00 PM,RFC,WEST,ATSI,OE,6517.537,True
10/28/2024 8:00:00 PM,10/28/2024 4:00:00 PM,RFC,WEST,ATSI,OE,6501.377,True
10/28/2024 9:00:00 PM,10/28/2024 5:00:00 PM,RFC,WEST,ATSI,OE,6531.828,True
10/28/2024 10:00:00 PM,10/28/2024 6:00:00 PM,RFC,WEST,ATSI,OE,6708.537,True
10/28/2024 11:00:00 PM,10/28/2024 7:00:00 PM,RFC,WEST,ATSI,OE,6805.501,True
10/29/2024 12:00:00 AM,10/28/2024 8:00:00 PM,RFC,WEST,ATSI,OE,6620.313,True
10/29/2024 1:00:00 AM,10/28/2024 9:00:00 PM,RFC,WEST,ATSI,OE,6425.767,True
10/29/2024 2:00:00 AM,10/28/2024 10:00:00 PM,RFC,WEST,ATSI,OE,6143.392,True
10/29/2024 3:00:00 AM,10/28/2024 11:00:00 PM,RFC,WEST,ATSI,OE,5811.324,True
10/29/2024 4:00:00 AM,10/29/2024 12:00:00 AM,RFC,WEST,ATSI,OE,5621.111,True
10/29/2024 5:00:00 AM,10/29/2024 1:00:00 AM,RFC,WEST,ATSI,OE,5485.532,True
10/29/2024 6:00:00 AM,10/29/2024 2:00:00 AM,RFC,WEST,ATSI,OE,5385.329,True
10/29/2024 7:00:00 AM,10/29/2024 3:00:00 AM,RFC,WEST,ATSI,OE,5377.066,True
10/29/2024 8:00:00 AM,10/29/2024 4:00:00 AM,RFC,WEST,ATSI,OE,5468.037,True
10/29/2024 9:00:00 AM,10/29/2024 5:00:00 AM,RFC,WEST,ATSI,OE,5751.083,True
10/29/2024 10:00:00 AM,10/29/2024 6:00:00 AM,RFC,WEST,ATSI,OE,6204.998,True
10/29/2024 11:00:00 AM,10/29/2024 7:00:00 AM,RFC,WEST,ATSI,OE,6682.808,True
10/29/2024 12:00:00 PM,10/29/2024 8:00:00 AM,RFC,WEST,ATSI,OE,6789.044,True
10/29/2024 1:00:00 PM,10/29/2024 9:00:00 AM,RFC,WEST,ATSI,OE,6847.859,True
10/29/2024 2:00:00 PM,10/29/2024 10:00:00 AM,RFC,WEST,ATSI,OE,6879.677,True
10/29/2024 3:00:00 PM,10/29/2024 11:00:00 AM,RFC,WEST,ATSI,OE,6847.829,True
10/29/2024 4:00:00 PM,10/29/2024 12:00:00 PM,RFC,WEST,ATSI,OE,6896.159,True
10/29/2024 5:00:00 PM,10/29/2024 1:00:00 PM,RFC,WEST,ATSI,OE,6954.368,True
10/29/2024 6:00:00 PM,10/29/2024 2:00:00 PM,RFC,WEST,ATSI,OE,6932.597,True
10/29/2024 7:00:00 PM,10/29/2024 3:00:00 PM,RFC,WEST,ATSI,OE,6840.380,True
10/29/2024 8:00:00 PM,10/29/2024 4:00:00 PM,RFC,WEST,ATSI,OE,6833.158,True
10/29/2024 9:00:00 PM,10/29/2024 5:00:00 PM,RFC,WEST,ATSI,OE,6815.245,True
10/29/2024 10:00:00 PM,10/29/2024 6:00:00 PM,RFC,WEST,ATSI,OE,6954.011,True
10/29/2024 11:00:00 PM,10/29/2024 7:00:00 PM,RFC,WEST,ATSI,OE,7010.727,True
10/30/2024 12:00:00 AM,10/29/2024 8:00:00 PM,RFC,WEST,ATSI,OE,6863.369,True
10/30/2024 1:00:00 AM,10/29/2024 9:00:00 PM,RFC,WEST,ATSI,OE,6602.357,True
10/30/2024 2:00:00 AM,10/29/2024 10:00:00 PM,RFC,WEST,ATSI,OE,6269.240,True
10/30/2024 3:00:00 AM,10/29/2024 11:00:00 PM,RFC,WEST,ATSI,OE,5944.757,True
10/30/2024 4:00:00 AM,10/30/2024 12:00:00 AM,RFC,WEST,ATSI,OE,5705.610,True
10/30/2024 5:00:00 AM,10/30/2024 1:00:00 AM,RFC,WEST,ATSI,OE,5491.809,True
10/30/2024 6:00:00 AM,10/30/2024 2:00:00 AM,RFC,WEST,ATSI,OE,5407.098,True
10/30/2024 7:00:00 AM,10/30/2024 3:00:00 AM,RFC,WEST,ATSI,OE,5328.758,True
10/30/2024 8:00:00 AM,10/30/2024 4:00:00 AM,RFC,WEST,ATSI,OE,5455.452,True
10/30/2024 9:00:00 AM,10/30/2024 5:00:00 AM,RFC,WEST,ATSI,OE,5697.635,True
10/30/2024 10:00:00 AM,10/30/2024 6:00:00 AM,RFC,WEST,ATSI,OE,6170.833,True
10/30/2024 11:00:00 AM,10/30/2024 7:00:00 AM,RFC,WEST,ATSI,OE,6654.292,True
10/30/2024 12:00:00 PM,10/30/2024 8:00:00 AM,RFC,WEST,ATSI,OE,6720.448,True
10/30/2024 1:00:00 PM,10/30/2024 9:00:00 AM,RFC,WEST,ATSI,OE,6817.304,True
10/30/2024 2:00:00 PM,10/30/2024 10:00:00 AM,RFC,WEST,ATSI,OE,7007.846,True
10/30/2024 3:00:00 PM,10/30/2024 11:00:00 AM,RFC,WEST,ATSI,OE,7080.350,True
10/30/2024 4:00:00 PM,10/30/2024 12:00:00 PM,RFC,WEST,ATSI,OE,7185.658,True
10/30/2024 5:00:00 PM,10/30/2024 1:00:00 PM,RFC,WEST,ATSI,OE,7247.556,True
10/30/2024 6:00:00 PM,10/30/2024 2:00:00 PM,RFC,WEST,ATSI,OE,7174.502,True
10/30/2024 7:00:00 PM,10/30/2024 3:00:00 PM,RFC,WEST,ATSI,OE,7094.543,True
10/30/2024 8:00:00 PM,10/30/2024 4:00:00 PM,RFC,WEST,ATSI,OE,7125.616,True
10/30/2024 9:00:00 PM,10/30/2024 5:00:00 PM,RFC,WEST,ATSI,OE,7056.580,True
10/30/2024 10:00:00 PM,10/30/2024 6:00:00 PM,RFC,WEST,ATSI,OE,7089.759,True
10/30/2024 11:00:00 PM,10/30/2024 7:00:00 PM,RFC,WEST,ATSI,OE,7165.625,True
10/31/2024 12:00:00 AM,10/30/2024 8:00:00 PM,RFC,WEST,ATSI,OE,7024.577,True
10/31/2024 1:00:00 AM,10/30/2024 9:00:00 PM,RFC,WEST,ATSI,OE,6758.892,True
10/31/2024 2:00:00 AM,10/30/2024 10:00:00 PM,RFC,WEST,ATSI,OE,6357.470,True
10/31/2024 3:00:00 AM,10/30/2024 11:00:00 PM,RFC,WEST,ATSI,OE,6050.877,True
10/31/2024 4:00:00 AM,10/31/2024 12:00:00 AM,RFC,WEST,ATSI,OE,5786.902,True
10/31/2024 5:00:00 AM,10/31/2024 1:00:00 AM,RFC,WEST,ATSI,OE,5589.089,True
10/31/2024 6:00:00 AM,10/31/2024 2:00:00 AM,RFC,WEST,ATSI,OE,5505.691,True
10/31/2024 7:00:00 AM,10/31/2024 3:00:00 AM,RFC,WEST,ATSI,OE,5453.580,True
10/31/2024 8:00:00 AM,10/31/2024 4:00:00 AM,RFC,WEST,ATSI,OE,5544.073,True
10/31/2024 9:00:00 AM,10/31/2024 5:00:00 AM,RFC,WEST,ATSI,OE,5810.022,True
10/31/2024 10:00:00 AM,10/31/2024 6:00:00 AM,RFC,WEST,ATSI,OE,6296.641,True
10/31/2024 11:00:00 AM,10/31/2024 7:00:00 AM,RFC,WEST,ATSI,OE,6795.565,True
10/31/2024 12:00:00 PM,10/31/2024 8:00:00 AM,RFC,WEST,ATSI,OE,6916.127,True
10/31/2024 1:00:00 PM,10/31/2024 9:00:00 AM,RFC,WEST,ATSI,OE,7020.512,True
10/31/2024 2:00:00 PM,10/31/2024 10:00:00 AM,RFC,WEST,ATSI,OE,7086.179,True
10/31/2024 3:00:00 PM,10/31/2024 11:00:00 AM,RFC,WEST,ATSI,OE,7135.666,True
10/31/2024 4:00:00 PM,10/31/2024 12:00:00 PM,RFC,WEST,ATSI,OE,7259.770,True
10/31/2024 5:00:00 PM,10/31/2024 1:00:00 PM,RFC,WEST,ATSI,OE,7330.068,True
10/31/2024 6:00:00 PM,10/31/2024 2:00:00 PM,RFC,WEST,ATSI,OE,7281.472,True
10/31/2024 7:00:00 PM,10/31/2024 3:00:00 PM,RFC,WEST,ATSI,OE,7161.127,True
10/31/2024 8:00:00 PM,10/31/2024 4:00:00 PM,RFC,WEST,ATSI,OE,7103.302,True
10/31/2024 9:00:00 PM,10/31/2024 5:00:00 PM,RFC,WEST,ATSI,OE,6925.819,True
10/31/2024 10:00:00 PM,10/31/2024 6:00:00 PM,RFC,WEST,ATSI,OE,6871.572,True
10/31/2024 11:00:00 PM,10/31/2024 7:00:00 PM,RFC,WEST,ATSI,OE,6907.777,True
11/1/2024 12:00:00 AM,10/31/2024 8:00:00 PM,RFC,WEST,ATSI,OE,6839.409,True
11/1/2024 1:00:00 AM,10/31/2024 9:00:00 PM,RFC,WEST,ATSI,OE,6625.977,True
11/1/2024 2:00:00 AM,10/31/2024 10:00:00 PM,RFC,WEST,ATSI,OE,6224.852,True
11/1/2024 3:00:00 AM,10/31/2024 11:00:00 PM,RFC,WEST,ATSI,OE,5864.384,True
11/1/2024 4:00:00 AM,11/1/2024 12:00:00 AM,RFC,WEST,ATSI,OE,5590.441,True
11/1/2024 5:00:00 AM,11/1/2024 1:00:00 AM,RFC,WEST,ATSI,OE,5416.187,True
11/1/2024 6:00:00 AM,11/1/2024 2:00:00 AM,RFC,WEST,ATSI,OE,5382.320,True
11/1/2024 7:00:00 AM,11/1/2024 3:00:00 AM,RFC,WEST,ATSI,OE,5224.312,True
11/1/2024 8:00:00 AM,11/1/2024 4:00:00 AM,RFC,WEST,ATSI,OE,5263.098,True
11/1/2024 9:00:00 AM,11/1/2024 5:00:00 AM,RFC,WEST,ATSI,OE,5457.295,True
11/1/2024 10:00:00 AM,11/1/2024 6:00:00 AM,RFC,WEST,ATSI,OE,5922.742,True
11/1/2024 11:00:00 AM,11/1/2024 7:00:00 AM,RFC,WEST,ATSI,OE,6407.190,True
11/1/2024 12:00:00 PM,11/1/2024 8:00:00 AM,RFC,WEST,ATSI,OE,6611.283,True
11/1/2024 1:00:00 PM,11/1/2024 9:00:00 AM,RFC,WEST,ATSI,OE,6657.503,True
11/1/2024 2:00:00 PM,11/1/2024 10:00:00 AM,RFC,WEST,ATSI,OE,6829.000,True
11/1/2024 3:00:00 PM,11/1/2024 11:00:00 AM,RFC,WEST,ATSI,OE,6786.320,True
11/1/2024 4:00:00 PM,11/1/2024 12:00:00 PM,RFC,WEST,ATSI,OE,6721.427,True
11/1/2024 5:00:00 PM,11/1/2024 1:00:00 PM,RFC,WEST,ATSI,OE,6701.429,True
11/1/2024 6:00:00 PM,11/1/2024 2:00:00 PM,RFC,WEST,ATSI,OE,6659.582,True
11/1/2024 7:00:00 PM,11/1/2024 3:00:00 PM,RFC,WEST,ATSI,OE,6575.746,True
11/1/2024 8:00:00 PM,11/1/2024 4:00:00 PM,RFC,WEST,ATSI,OE,6484.222,True
11/1/2024 9:00:00 PM,11/1/2024 5:00:00 PM,RFC,WEST,ATSI,OE,6486.648,True
11/1/2024 10:00:00 PM,11/1/2024 6:00:00 PM,RFC,WEST,ATSI,OE,6471.055,True
11/1/2024 11:00:00 PM,11/1/2024 7:00:00 PM,RFC,WEST,ATSI,OE,6555.718,True
11/2/2024 12:00:00 AM,11/1/2024 8:00:00 PM,RFC,WEST,ATSI,OE,6463.454,True
11/2/2024 1:00:00 AM,11/1/2024 9:00:00 PM,RFC,WEST,ATSI,OE,6253.602,True
11/2/2024 2:00:00 AM,11/1/2024 10:00:00 PM,RFC,WEST,ATSI,OE,6006.499,True
11/2/2024 3:00:00 AM,11/1/2024 11:00:00 PM,RFC,WEST,ATSI,OE,5673.333,True
11/2/2024 4:00:00 AM,11/2/2024 12:00:00 AM,RFC,WEST,ATSI,OE,5485.036,True
11/2/2024 5:00:00 AM,11/2/2024 1:00:00 AM,RFC,WEST,ATSI,OE,5377.755,True
11/2/2024 6:00:00 AM,11/2/2024 2:00:00 AM,RFC,WEST,ATSI,OE,5367.172,True
11/2/2024 7:00:00 AM,11/2/2024 3:00:00 AM,RFC,WEST,ATSI,OE,5355.306,True
11/2/2024 8:00:00 AM,11/2/2024 4:00:00 AM,RFC,WEST,ATSI,OE,5376.846,True
11/2/2024 9:00:00 AM,11/2/2024 5:00:00 AM,RFC,WEST,ATSI,OE,5452.552,True
11/2/2024 10:00:00 AM,11/2/2024 6:00:00 AM,RFC,WEST,ATSI,OE,5695.151,True
11/2/2024 11:00:00 AM,11/2/2024 7:00:00 AM,RFC,WEST,ATSI,OE,5997.946,True
11/2/2024 12:00:00 PM,11/2/2024 8:00:00 AM,RFC,WEST,ATSI,OE,6154.039,True
11/2/2024 1:00:00 PM,11/2/2024 9:00:00 AM,RFC,WEST,ATSI,OE,6242.557,True
11/2/2024 2:00:00 PM,11/2/2024 10:00:00 AM,RFC,WEST,ATSI,OE,6160.448,True
11/2/2024 3:00:00 PM,11/2/2024 11:00:00 AM,RFC,WEST,ATSI,OE,6090.986,True
11/2/2024 4:00:00 PM,11/2/2024 12:00:00 PM,RFC,WEST,ATSI,OE,6090.279,True
11/2/2024 5:00:00 PM,11/2/2024 1:00:00 PM,RFC,WEST,ATSI,OE,5883.118,True
11/2/2024 6:00:00 PM,11/2/2024 2:00:00 PM,RFC,WEST,ATSI,OE,5887.750,True
11/2/2024 7:00:00 PM,11/2/2024 3:00:00 PM,RFC,WEST,ATSI,OE,5827.665,True
11/2/2024 8:00:00 PM,11/2/2024 4:00:00 PM,RFC,WEST,ATSI,OE,5872.452,True
11/2/2024 9:00:00 PM,11/2/2024 5:00:00 PM,RFC,WEST,ATSI,OE,5898.774,True
11/2/2024 10:00:00 PM,11/2/2024 6:00:00 PM,RFC,WEST,ATSI,OE,6074.895,True
11/2/2024 11:00:00 PM,11/2/2024 7:00:00 PM,RFC,WEST,ATSI,OE,6165.439,True
11/3/2024 12:00:00 AM,11/2/2024 8:00:00 PM,RFC,WEST,ATSI,OE,6140.513,True
11/3/2024 1:00:00 AM,11/2/2024 9:00:00 PM,RFC,WEST,ATSI,OE,5967.274,True
11/3/2024 2:00:00 AM,11/2/2024 10:00:00 PM,RFC,WEST,ATSI,OE,5824.551,True
11/3/2024 3:00:00 AM,11/2/2024 11:00:00 PM,RFC,WEST,ATSI,OE,5641.988,True
11/3/2024 4:00:00 AM,11/3/2024 12:00:00 AM,RFC,WEST,ATSI,OE,5451.205,True
11/3/2024 5:00:00 AM,11/3/2024 1:00:00 AM,RFC,WEST,ATSI,OE,5344.958,True
11/3/2024 6:00:00 AM,11/3/2024 1:00:00 AM,RFC,WEST,ATSI,OE,5325.347,True
11/3/2024 7:00:00 AM,11/3/2024 2:00:00 AM,RFC,WEST,ATSI,OE,5252.998,True
11/3/2024 8:00:00 AM,11/3/2024 3:00:00 AM,RFC,WEST,ATSI,OE,5263.389,True
11/3/2024 9:00:00 AM,11/3/2024 4:00:00 AM,RFC,WEST,ATSI,OE,5284.906,True
11/3/2024 10:00:00 AM,11/3/2024 5:00:00 AM,RFC,WEST,ATSI,OE,5398.462,True
11/3/2024 11:00:00 AM,11/3/2024 6:00:00 AM,RFC,WEST,ATSI,OE,5574.477,True
11/3/2024 12:00:00 PM,11/3/2024 7:00:00 AM,RFC,WEST,ATSI,OE,5806.199,True
11/3/2024 1:00:00 PM,11/3/2024 8:00:00 AM,RFC,WEST,ATSI,OE,5929.899,True
11/3/2024 2:00:00 PM,11/3/2024 9:00:00 AM,RFC,WEST,ATSI,OE,5885.938,True
11/3/2024 3:00:00 PM,11/3/2024 10:00:00 AM,RFC,WEST,ATSI,OE,5845.170,True
11/3/2024 4:00:00 PM,11/3/2024 11:00:00 AM,RFC,WEST,ATSI,OE,5844.312,True
11/3/2024 5:00:00 PM,11/3/2024 12:00:00 PM,RFC,WEST,ATSI,OE,5826.623,True
11/3/2024 6:00:00 PM,11/3/2024 1:00:00 PM,RFC,WEST,ATSI,OE,5813.943,True
11/3/2024 7:00:00 PM,11/3/2024 2:00:00 PM,RFC,WEST,ATSI,OE,5808.484,True
11/3/2024 8:00:00 PM,11/3/2024 3:00:00 PM,RFC,WEST,ATSI,OE,5901.505,True
11/3/2024 9:00:00 PM,11/3/2024 4:00:00 PM,RFC,WEST,ATSI,OE,6057.534,True
11/3/2024 10:00:00 PM,11/3/2024 5:00:00 PM,RFC,WEST,ATSI,OE,6286.779,True
11/3/2024 11:00:00 PM,11/3/2024 6:00:00 PM,RFC,WEST,ATSI,OE,6375.819,True
11/4/2024 12:00:00 AM,11/3/2024 7:00:00 PM,RFC,WEST,ATSI,OE,6304.490,True
11/4/2024 1:00:00 AM,11/3/2024 8:00:00 PM,RFC,WEST,ATSI,OE,6160.503,True
11/4/2024 2:00:00 AM,11/3/2024 9:00:00 PM,RFC,WEST,ATSI,OE,5952.365,True
11/4/2024 3:00:00 AM,11/3/2024 10:00:00 PM,RFC,WEST,ATSI,OE,5758.910,True
11/4/2024 4:00:00 AM,11/3/2024 11:00:00 PM,RFC,WEST,ATSI,OE,5543.007,True
11/4/2024 5:00:00 AM,11/4/2024 12:00:00 AM,RFC,WEST,ATSI,OE,5423.522,True
11/4/2024 6:00:00 AM,11/4/2024 1:00:00 AM,RFC,WEST,ATSI,OE,5260.302,True
11/4/2024 7:00:00 AM,11/4/2024 2:00:00 AM,RFC,WEST,ATSI,OE,5100.212,True
11/4/2024 8:00:00 AM,11/4/2024 3:00:00 AM,RFC,WEST,ATSI,OE,5109.775,True
11/4/2024 9:00:00 AM,11/4/2024 4:00:00 AM,RFC,WEST,ATSI,OE,5270.892,True
11/4/2024 10:00:00 AM,11/4/2024 5:00:00 AM,RFC,WEST,ATSI,OE,5524.743,True
11/4/2024 11:00:00 AM,11/4/2024 6:00:00 AM,RFC,WEST,ATSI,OE,6036.320,True
11/4/2024 12:00:00 PM,11/4/2024 7:00:00 AM,RFC,WEST,ATSI,OE,6365.625,True
11/4/2024 1:00:00 PM,11/4/2024 8:00:00 AM,RFC,WEST,ATSI,OE,6499.494,True
11/4/2024 2:00:00 PM,11/4/2024 9:00:00 AM,RFC,WEST,ATSI,OE,6600.484,True
11/4/2024 3:00:00 PM,11/4/2024 10:00:00 AM,RFC,WEST,ATSI,OE,6714.356,True
11/4/2024 4:00:00 PM,11/4/2024 11:00:00 AM,RFC,WEST,ATSI,OE,6680.963,True
11/4/2024 5:00:00 PM,11/4/2024 12:00:00 PM,RFC,WEST,ATSI,OE,6738.508,True
11/4/2024 6:00:00 PM,11/4/2024 1:00:00 PM,RFC,WEST,ATSI,OE,6803.295,True
11/4/2024 7:00:00 PM,11/4/2024 2:00:00 PM,RFC,WEST,ATSI,OE,6752.792,True
11/4/2024 8:00:00 PM,11/4/2024 3:00:00 PM,RFC,WEST,ATSI,OE,6705.251,True
11/4/2024 9:00:00 PM,11/4/2024 4:00:00 PM,RFC,WEST,ATSI,OE,6633.898,True
11/4/2024 10:00:00 PM,11/4/2024 5:00:00 PM,RFC,WEST,ATSI,OE,6774.028,True
11/4/2024 11:00:00 PM,11/4/2024 6:00:00 PM,RFC,WEST,ATSI,OE,6779.849,True
11/5/2024 12:00:00 AM,11/4/2024 7:00:00 PM,RFC,WEST,ATSI,OE,6637.501,True
11/5/2024 1:00:00 AM,11/4/2024 8:00:00 PM,RFC,WEST,ATSI,OE,6428.044,True
11/5/2024 2:00:00 AM,11/4/2024 9:00:00 PM,RFC,WEST,ATSI,OE,6195.754,True
11/5/2024 3:00:00 AM,11/4/2024 10:00:00 PM,RFC,WEST,ATSI,OE,5874.928,True
11/5/2024 4:00:00 AM,11/4/2024 11:00:00 PM,RFC,WEST,ATSI,OE,5579.475,True
11/5/2024 5:00:00 AM,11/5/2024 12:00:00 AM,RFC,WEST,ATSI,OE,5370.878,True
11/5/2024 6:00:00 AM,11/5/2024 1:00:00 AM,RFC,WEST,ATSI,OE,5230.807,True
11/5/2024 7:00:00 AM,11/5/2024 2:00:00 AM,RFC,WEST,ATSI,OE,5136.096,True
11/5/2024 8:00:00 AM,11/5/2024 3:00:00 AM,RFC,WEST,ATSI,OE,5134.763,True
11/5/2024 9:00:00 AM,11/5/2024 4:00:00 AM,RFC,WEST,ATSI,OE,5252.687,True
11/5/2024 10:00:00 AM,11/5/2024 5:00:00 AM,RFC,WEST,ATSI,OE,5524.655,True
11/5/2024 11:00:00 AM,11/5/2024 6:00:00 AM,RFC,WEST,ATSI,OE,6027.911,True
11/5/2024 12:00:00 PM,11/5/2024 7:00:00 AM,RFC,WEST,ATSI,OE,6314.755,True
11/5/2024 1:00:00 PM,11/5/2024 8:00:00 AM,RFC,WEST,ATSI,OE,6497.468,True
11/5/2024 2:00:00 PM,11/5/2024 9:00:00 AM,RFC,WEST,ATSI,OE,6635.380,True
11/5/2024 3:00:00 PM,11/5/2024 10:00:00 AM,RFC,WEST,ATSI,OE,6784.949,True
11/5/2024 4:00:00 PM,11/5/2024 11:00:00 AM,RFC,WEST,ATSI,OE,6890.592,True
11/5/2024 5:00:00 PM,11/5/2024 12:00:00 PM,RFC,WEST,ATSI,OE,6974.172,True
11/5/2024 6:00:00 PM,11/5/2024 1:00:00 PM,RFC,WEST,ATSI,OE,7005.819,True
11/5/2024 7:00:00 PM,11/5/2024 2:00:00 PM,RFC,WEST,ATSI,OE,7025.642,True
11/5/2024 8:00:00 PM,11/5/2024 3:00:00 PM,RFC,WEST,ATSI,OE,6999.900,True
11/5/2024 9:00:00 PM,11/5/2024 4:00:00 PM,RFC,WEST,ATSI,OE,6938.119,True
11/5/2024 10:00:00 PM,11/5/2024 5:00:00 PM,RFC,WEST,ATSI,OE,6990.107,True
11/5/2024 11:00:00 PM,11/5/2024 6:00:00 PM,RFC,WEST,ATSI,OE,7010.520,True
11/6/2024 12:00:00 AM,11/5/2024 7:00:00 PM,RFC,WEST,ATSI,OE,6883.125,True
11/6/2024 1:00:00 AM,11/5/2024 8:00:00 PM,RFC,WEST,ATSI,OE,6684.015,True
11/6/2024 2:00:00 AM,11/5/2024 9:00:00 PM,RFC,WEST,ATSI,OE,6422.303,True
11/6/2024 3:00:00 AM,11/5/2024 10:00:00 PM,RFC,WEST,ATSI,OE,6113.971,True
11/6/2024 4:00:00 AM,11/5/2024 11:00:00 PM,RFC,WEST,ATSI,OE,5806.164,True
11/6/2024 5:00:00 AM,11/6/2024 12:00:00 AM,RFC,WEST,ATSI,OE,5607.757,True
11/6/2024 6:00:00 AM,11/6/2024 1:00:00 AM,RFC,WEST,ATSI,OE,5456.423,True
11/6/2024 7:00:00 AM,11/6/2024 2:00:00 AM,RFC,WEST,ATSI,OE,5302.901,True
11/6/2024 8:00:00 AM,11/6/2024 3:00:00 AM,RFC,WEST,ATSI,OE,5293.095,True
11/6/2024 9:00:00 AM,11/6/2024 4:00:00 AM,RFC,WEST,ATSI,OE,5344.876,True
11/6/2024 10:00:00 AM,11/6/2024 5:00:00 AM,RFC,WEST,ATSI,OE,5621.547,True
11/6/2024 11:00:00 AM,11/6/2024 6:00:00 AM,RFC,WEST,ATSI,OE,6121.059,True
11/6/2024 12:00:00 PM,11/6/2024 7:00:00 AM,RFC,WEST,ATSI,OE,6464.308,True
11/6/2024 1:00:00 PM,11/6/2024 8:00:00 AM,RFC,WEST,ATSI,OE,6645.255,True
11/6/2024 2:00:00 PM,11/6/2024 9:00:00 AM,RFC,WEST,ATSI,OE,6746.102,True
11/6/2024 3:00:00 PM,11/6/2024 10:00:00 AM,RFC,WEST,ATSI,OE,6855.400,True
11/6/2024 4:00:00 PM,11/6/2024 11:00:00 AM,RFC,WEST,ATSI,OE,6826.895,True
11/6/2024 5:00:00 PM,11/6/2024 12:00:00 PM,RFC,WEST,ATSI,OE,6833.766,True
11/6/2024 6:00:00 PM,11/6/2024 1:00:00 PM,RFC,WEST,ATSI,OE,6842.692,True
11/6/2024 7:00:00 PM,11/6/2024 2:00:00 PM,RFC,WEST,ATSI,OE,6755.162,True
11/6/2024 8:00:00 PM,11/6/2024 3:00:00 PM,RFC,WEST,ATSI,OE,6688.993,True
11/6/2024 9:00:00 PM,11/6/2024 4:00:00 PM,RFC,WEST,ATSI,OE,6686.859,True
11/6/2024 10:00:00 PM,11/6/2024 5:00:00 PM,RFC,WEST,ATSI,OE,6814.202,True
11/6/2024 11:00:00 PM,11/6/2024 6:00:00 PM,RFC,WEST,ATSI,OE,6864.693,True
11/7/2024 12:00:00 AM,11/6/2024 7:00:00 PM,RFC,WEST,ATSI,OE,6691.325,True
11/7/2024 1:00:00 AM,11/6/2024 8:00:00 PM,RFC,WEST,ATSI,OE,6508.236,True
11/7/2024 2:00:00 AM,11/6/2024 9:00:00 PM,RFC,WEST,ATSI,OE,6241.585,True
11/7/2024 3:00:00 AM,11/6/2024 10:00:00 PM,RFC,WEST,ATSI,OE,5928.864,True
11/7/2024 4:00:00 AM,11/6/2024 11:00:00 PM,RFC,WEST,ATSI,OE,5656.959,True
11/7/2024 5:00:00 AM,11/7/2024 12:00:00 AM,RFC,WEST,ATSI,OE,5457.968,True
11/7/2024 6:00:00 AM,11/7/2024 1:00:00 AM,RFC,WEST,ATSI,OE,5317.669,True
11/7/2024 7:00:00 AM,11/7/2024 2:00:00 AM,RFC,WEST,ATSI,OE,5198.178,True
11/7/2024 8:00:00 AM,11/7/2024 3:00:00 AM,RFC,WEST,ATSI,OE,5190.307,True
11/7/2024 9:00:00 AM,11/7/2024 4:00:00 AM,RFC,WEST,ATSI,OE,5288.960,True
11/7/2024 10:00:00 AM,11/7/2024 5:00:00 AM,RFC,WEST,ATSI,OE,5653.609,True
11/7/2024 11:00:00 AM,11/7/2024 6:00:00 AM,RFC,WEST,ATSI,OE,6152.421,True
11/7/2024 12:00:00 PM,11/7/2024 7:00:00 AM,RFC,WEST,ATSI,OE,6513.955,True
11/7/2024 1:00:00 PM,11/7/2024 8:00:00 AM,RFC,WEST,ATSI,OE,6731.006,True
11/7/2024 2:00:00 PM,11/7/2024 9:00:00 AM,RFC,WEST,ATSI,OE,6752.595,True
11/7/2024 3:00:00 PM,11/7/2024 10:00:00 AM,RFC,WEST,ATSI,OE,6797.590,True
11/7/2024 4:00:00 PM,11/7/2024 11:00:00 AM,RFC,WEST,ATSI,OE,6845.829,True
11/7/2024 5:00:00 PM,11/7/2024 12:00:00 PM,RFC,WEST,ATSI,OE,6787.045,True
11/7/2024 6:00:00 PM,11/7/2024 1:00:00 PM,RFC,WEST,ATSI,OE,6792.222,True
11/7/2024 7:00:00 PM,11/7/2024 2:00:00 PM,RFC,WEST,ATSI,OE,6714.089,True
11/7/2024 8:00:00 PM,11/7/2024 3:00:00 PM,RFC,WEST,ATSI,OE,6601.966,True
11/7/2024 9:00:00 PM,11/7/2024 4:00:00 PM,RFC,WEST,ATSI,OE,6636.223,True
11/7/2024 10:00:00 PM,11/7/2024 5:00:00 PM,RFC,WEST,ATSI,OE,6791.595,True
11/7/2024 11:00:00 PM,11/7/2024 6:00:00 PM,RFC,WEST,ATSI,OE,6876.019,True
11/8/2024 12:00:00 AM,11/7/2024 7:00:00 PM,RFC,WEST,ATSI,OE,6855.814,True
11/8/2024 1:00:00 AM,11/7/2024 8:00:00 PM,RFC,WEST,ATSI,OE,6721.514,True
11/8/2024 2:00:00 AM,11/7/2024 9:00:00 PM,RFC,WEST,ATSI,OE,6499.970,True
11/8/2024 3:00:00 AM,11/7/2024 10:00:00 PM,RFC,WEST,ATSI,OE,6241.523,True
11/8/2024 4:00:00 AM,11/7/2024 11:00:00 PM,RFC,WEST,ATSI,OE,5962.831,True
11/8/2024 5:00:00 AM,11/8/2024 12:00:00 AM,RFC,WEST,ATSI,OE,5790.021,True
11/8/2024 6:00:00 AM,11/8/2024 1:00:00 AM,RFC,WEST,ATSI,OE,5669.336,True
11/8/2024 7:00:00 AM,11/8/2024 2:00:00 AM,RFC,WEST,ATSI,OE,5555.884,True
11/8/2024 8:00:00 AM,11/8/2024 3:00:00 AM,RFC,WEST,ATSI,OE,5520.663,True
11/8/2024 9:00:00 AM,11/8/2024 4:00:00 AM,RFC,WEST,ATSI,OE,5649.733,True
11/8/2024 10:00:00 AM,11/8/2024 5:00:00 AM,RFC,WEST,ATSI,OE,6006.435,True
11/8/2024 11:00:00 AM,11/8/2024 6:00:00 AM,RFC,WEST,ATSI,OE,6516.759,True
11/8/2024 12:00:00 PM,11/8/2024 7:00:00 AM,RFC,WEST,ATSI,OE,6796.343,True
11/8/2024 1:00:00 PM,11/8/2024 8:00:00 AM,RFC,WEST,ATSI,OE,6871.777,True
11/8/2024 2:00:00 PM,11/8/2024 9:00:00 AM,RFC,WEST,ATSI,OE,6863.369,True
11/8/2024 3:00:00 PM,11/8/2024 10:00:00 AM,RFC,WEST,ATSI,OE,6853.157,True
11/8/2024 4:00:00 PM,11/8/2024 11:00:00 AM,RFC,WEST,ATSI,OE,6767.426,True
11/8/2024 5:00:00 PM,11/8/2024 12:00:00 PM,RFC,WEST,ATSI,OE,6739.003,True
11/8/2024 6:00:00 PM,11/8/2024 1:00:00 PM,RFC,WEST,ATSI,OE,6680.016,True
11/8/2024 7:00:00 PM,11/8/2024 2:00:00 PM,RFC,WEST,ATSI,OE,6487.831,True
11/8/2024 8:00:00 PM,11/8/2024 3:00:00 PM,RFC,WEST,ATSI,OE,6501.427,True
11/8/2024 9:00:00 PM,11/8/2024 4:00:00 PM,RFC,WEST,ATSI,OE,6502.636,True
11/8/2024 10:00:00 PM,11/8/2024 5:00:00 PM,RFC,WEST,ATSI,OE,6630.744,True
11/8/2024 11:00:00 PM,11/8/2024 6:00:00 PM,RFC,WEST,ATSI,OE,6664.384,True
11/9/2024 12:00:00 AM,11/8/2024 7:00:00 PM,RFC,WEST,ATSI,OE,6568.354,True
11/9/2024 1:00:00 AM,11/8/2024 8:00:00 PM,RFC,WEST,ATSI,OE,6480.656,True
11/9/2024 2:00:00 AM,11/8/2024 9:00:00 PM,RFC,WEST,ATSI,OE,6303.209,True
11/9/2024 3:00:00 AM,11/8/2024 10:00:00 PM,RFC,WEST,ATSI,OE,6047.636,True
11/9/2024 4:00:00 AM,11/8/2024 11:00:00 PM,RFC,WEST,ATSI,OE,5811.833,True
11/9/2024 5:00:00 AM,11/9/2024 12:00:00 AM,RFC,WEST,ATSI,OE,5633.700,True
11/9/2024 6:00:00 AM,11/9/2024 1:00:00 AM,RFC,WEST,ATSI,OE,5542.865,True
11/9/2024 7:00:00 AM,11/9/2024 2:00:00 AM,RFC,WEST,ATSI,OE,5462.005,True
11/9/2024 8:00:00 AM,11/9/2024 3:00:00 AM,RFC,WEST,ATSI,OE,5445.060,True
11/9/2024 9:00:00 AM,11/9/2024 4:00:00 AM,RFC,WEST,ATSI,OE,5496.029,True
11/9/2024 10:00:00 AM,11/9/2024 5:00:00 AM,RFC,WEST,ATSI,OE,5664.564,True
11/9/2024 11:00:00 AM,11/9/2024 6:00:00 AM,RFC,WEST,ATSI,OE,5881.788,True
11/9/2024 12:00:00 PM,11/9/2024 7:00:00 AM,RFC,WEST,ATSI,OE,6061.954,True
11/9/2024 1:00:00 PM,11/9/2024 8:00:00 AM,RFC,WEST,ATSI,OE,6227.852,True
11/9/2024 2:00:00 PM,11/9/2024 9:00:00 AM,RFC,WEST,ATSI,OE,6244.697,True
11/9/2024 3:00:00 PM,11/9/2024 10:00:00 AM,RFC,WEST,ATSI,OE,6144.387,True
11/9/2024 4:00:00 PM,11/9/2024 11:00:00 AM,RFC,WEST,ATSI,OE,6156.798,True
11/9/2024 5:00:00 PM,11/9/2024 12:00:00 PM,RFC,WEST,ATSI,OE,6115.410,True
11/9/2024 6:00:00 PM,11/9/2024 1:00:00 PM,RFC,WEST,ATSI,OE,6054.416,True
11/9/2024 7:00:00 PM,11/9/2024 2:00:00 PM,RFC,WEST,ATSI,OE,6014.065,True
11/9/2024 8:00:00 PM,11/9/2024 3:00:00 PM,RFC,WEST,ATSI,OE,6080.178,True
11/9/2024 9:00:00 PM,11/9/2024 4:00:00 PM,RFC,WEST,ATSI,OE,6111.124,True
11/9/2024 10:00:00 PM,11/9/2024 5:00:00 PM,RFC,WEST,ATSI,OE,6369.303,True
11/9/2024 11:00:00 PM,11/9/2024 6:00:00 PM,RFC,WEST,ATSI,OE,6405.637,True
11/10/2024 12:00:00 AM,11/9/2024 7:00:00 PM,RFC,WEST,ATSI,OE,6315.447,True
11/10/2024 1:00:00 AM,11/9/2024 8:00:00 PM,RFC,WEST,ATSI,OE,6223.262,True
11/10/2024 2:00:00 AM,11/9/2024 9:00:00 PM,RFC,WEST,ATSI,OE,6112.236,True
11/10/2024 3:00:00 AM,11/9/2024 10:00:00 PM,RFC,WEST,ATSI,OE,5884.335,True
11/10/2024 4:00:00 AM,11/9/2024 11:00:00 PM,RFC,WEST,ATSI,OE,5669.358,True
11/10/2024 5:00:00 AM,11/10/2024 12:00:00 AM,RFC,WEST,ATSI,OE,5383.655,True
11/10/2024 6:00:00 AM,11/10/2024 1:00:00 AM,RFC,WEST,ATSI,OE,5371.031,True
11/10/2024 7:00:00 AM,11/10/2024 2:00:00 AM,RFC,WEST,ATSI,OE,5269.288,True
11/10/2024 8:00:00 AM,11/10/2024 3:00:00 AM,RFC,WEST,ATSI,OE,5136.592,True
11/10/2024 9:00:00 AM,11/10/2024 4:00:00 AM,RFC,WEST,ATSI,OE,5249.912,True
11/10/2024 10:00:00 AM,11/10/2024 5:00:00 AM,RFC,WEST,ATSI,OE,5364.784,True
11/10/2024 11:00:00 AM,11/10/2024 6:00:00 AM,RFC,WEST,ATSI,OE,5504.164,True
11/10/2024 12:00:00 PM,11/10/2024 7:00:00 AM,RFC,WEST,ATSI,OE,5671.822,True
11/10/2024 1:00:00 PM,11/10/2024 8:00:00 AM,RFC,WEST,ATSI,OE,5792.359,True
11/10/2024 2:00:00 PM,11/10/2024 9:00:00 AM,RFC,WEST,ATSI,OE,6059.846,True
11/10/2024 3:00:00 PM,11/10/2024 10:00:00 AM,RFC,WEST,ATSI,OE,6149.656,True
11/10/2024 4:00:00 PM,11/10/2024 11:00:00 AM,RFC,WEST,ATSI,OE,6262.474,True
11/10/2024 5:00:00 PM,11/10/2024 12:00:00 PM,RFC,WEST,ATSI,OE,6346.863,True
11/10/2024 6:00:00 PM,11/10/2024 1:00:00 PM,RFC,WEST,ATSI,OE,6338.936,True
11/10/2024 7:00:00 PM,11/10/2024 2:00:00 PM,RFC,WEST,ATSI,OE,6246.525,True
11/10/2024 8:00:00 PM,11/10/2024 3:00:00 PM,RFC,WEST,ATSI,OE,6319.244,True
11/10/2024 9:00:00 PM,11/10/2024 4:00:00 PM,RFC,WEST,ATSI,OE,6469.484,True
11/10/2024 10:00:00 PM,11/10/2024 5:00:00 PM,RFC,WEST,ATSI,OE,6635.695,True
11/10/2024 11:00:00 PM,11/10/2024 6:00:00 PM,RFC,WEST,ATSI,OE,6601.934,True
11/11/2024 12:00:00 AM,11/10/2024 7:00:00 PM,RFC,WEST,ATSI,OE,6481.121,True
11/11/2024 1:00:00 AM,11/10/2024 8:00:00 PM,RFC,WEST,ATSI,OE,6291.439,True
11/11/2024 2:00:00 AM,11/10/2024 9:00:00 PM,RFC,WEST,ATSI,OE,6126.974,True
11/11/2024 3:00:00 AM,11/10/2024 10:00:00 PM,RFC,WEST,ATSI,OE,5840.248,True
11/11/2024 4:00:00 AM,11/10/2024 11:00:00 PM,RFC,WEST,ATSI,OE,5640.470,True
11/11/2024 5:00:00 AM,11/11/2024 12:00:00 AM,RFC,WEST,ATSI,OE,5552.734,True
11/11/2024 6:00:00 AM,11/11/2024 1:00:00 AM,RFC,WEST,ATSI,OE,5461.147,True
11/11/2024 7:00:00 AM,11/11/2024 2:00:00 AM,RFC,WEST,ATSI,OE,5386.685,True
11/11/2024 8:00:00 AM,11/11/2024 3:00:00 AM,RFC,WEST,ATSI,OE,5349.786,True
11/11/2024 9:00:00 AM,11/11/2024 4:00:00 AM,RFC,WEST,ATSI,OE,5452.534,True
11/11/2024 10:00:00 AM,11/11/2024 5:00:00 AM,RFC,WEST,ATSI,OE,5856.735,True
11/11/2024 11:00:00 AM,11/11/2024 6:00:00 AM,RFC,WEST,ATSI,OE,6375.658,True
11/11/2024 12:00:00 PM,11/11/2024 7:00:00 AM,RFC,WEST,ATSI,OE,6651.260,True
11/11/2024 1:00:00 PM,11/11/2024 8:00:00 AM,RFC,WEST,ATSI,OE,6766.278,True
11/11/2024 2:00:00 PM,11/11/2024 9:00:00 AM,RFC,WEST,ATSI,OE,6830.679,True
11/11/2024 3:00:00 PM,11/11/2024 10:00:00 AM,RFC,WEST,ATSI,OE,6792.848,True
11/11/2024 4:00:00 PM,11/11/2024 11:00:00 AM,RFC,WEST,ATSI,OE,6863.741,True
11/11/2024 5:00:00 PM,11/11/2024 12:00:00 PM,RFC,WEST,ATSI,OE,6923.717,True
11/11/2024 6:00:00 PM,11/11/2024 1:00:00 PM,RFC,WEST,ATSI,OE,6983.945,True
11/11/2024 7:00:00 PM,11/11/2024 2:00:00 PM,RFC,WEST,ATSI,OE,6888.841,True
11/11/2024 8:00:00 PM,11/11/2024 3:00:00 PM,RFC,WEST,ATSI,OE,6843.044,True
11/11/2024 9:00:00 PM,11/11/2024 4:00:00 PM,RFC,WEST,ATSI,OE,6853.635,True
11/11/2024 10:00:00 PM,11/11/2024 5:00:00 PM,RFC,WEST,ATSI,OE,7044.575,True
11/11/2024 11:00:00 PM,11/11/2024 6:00:00 PM,RFC,WEST,ATSI,OE,7089.690,True
11/12/2024 12:00:00 AM,11/11/2024 7:00:00 PM,RFC,WEST,ATSI,OE,6957.048,True
11/12/2024 1:00:00 AM,11/11/2024 8:00:00 PM,RFC,WEST,ATSI,OE,6826.039,True
11/12/2024 2:00:00 AM,11/11/2024 9:00:00 PM,RFC,WEST,ATSI,OE,6604.956,True
11/12/2024 3:00:00 AM,11/11/2024 10:00:00 PM,RFC,WEST,ATSI,OE,6243.585,True
11/12/2024 4:00:00 AM,11/11/2024 11:00:00 PM,RFC,WEST,ATSI,OE,5983.765,True
11/12/2024 5:00:00 AM,11/12/2024 12:00:00 AM,RFC,WEST,ATSI,OE,5786.047,True
11/12/2024 6:00:00 AM,11/12/2024 1:00:00 AM,RFC,WEST,ATSI,OE,5627.917,True
11/12/2024 7:00:00 AM,11/12/2024 2:00:00 AM,RFC,WEST,ATSI,OE,5539.104,True
11/12/2024 8:00:00 AM,11/12/2024 3:00:00 AM,RFC,WEST,ATSI,OE,5561.347,True
11/12/2024 9:00:00 AM,11/12/2024 4:00:00 AM,RFC,WEST,ATSI,OE,5689.917,True
11/12/2024 10:00:00 AM,11/12/2024 5:00:00 AM,RFC,WEST,ATSI,OE,6062.545,True
11/12/2024 11:00:00 AM,11/12/2024 6:00:00 AM,RFC,WEST,ATSI,OE,6595.333,True
11/12/2024 12:00:00 PM,11/12/2024 7:00:00 AM,RFC,WEST,ATSI,OE,6983.529,True
11/12/2024 1:00:00 PM,11/12/2024 8:00:00 AM,RFC,WEST,ATSI,OE,7058.506,True
11/12/2024 2:00:00 PM,11/12/2024 9:00:00 AM,RFC,WEST,ATSI,OE,7097.557,True
11/12/2024 3:00:00 PM,11/12/2024 10:00:00 AM,RFC,WEST,ATSI,OE,7162.703,True
11/12/2024 4:00:00 PM,11/12/2024 11:00:00 AM,RFC,WEST,ATSI,OE,7058.274,True
11/12/2024 5:00:00 PM,11/12/2024 12:00:00 PM,RFC,WEST,ATSI,OE,6964.682,True
11/12/2024 6:00:00 PM,11/12/2024 1:00:00 PM,RFC,WEST,ATSI,OE,6945.232,True
11/12/2024 7:00:00 PM,11/12/2024 2:00:00 PM,RFC,WEST,ATSI,OE,6829.894,True
11/12/2024 8:00:00 PM,11/12/2024 3:00:00 PM,RFC,WEST,ATSI,OE,6754.602,True
11/12/2024 9:00:00 PM,11/12/2024 4:00:00 PM,RFC,WEST,ATSI,OE,6833.797,True
11/12/2024 10:00:00 PM,11/12/2024 5:00:00 PM,RFC,WEST,ATSI,OE,7110.782,True
11/12/2024 11:00:00 PM,11/12/2024 6:00:00 PM,RFC,WEST,ATSI,OE,7254.529,True
11/13/2024 12:00:00 AM,11/12/2024 7:00:00 PM,RFC,WEST,ATSI,OE,7184.509,True
11/13/2024 1:00:00 AM,11/12/2024 8:00:00 PM,RFC,WEST,ATSI,OE,7176.890,True
11/13/2024 2:00:00 AM,11/12/2024 9:00:00 PM,RFC,WEST,ATSI,OE,6988.419,True
11/13/2024 3:00:00 AM,11/12/2024 10:00:00 PM,RFC,WEST,ATSI,OE,6676.358,True
11/13/2024 4:00:00 AM,11/12/2024 11:00:00 PM,RFC,WEST,ATSI,OE,6413.284,True
11/13/2024 5:00:00 AM,11/13/2024 12:00:00 AM,RFC,WEST,ATSI,OE,6263.092,True
11/13/2024 6:00:00 AM,11/13/2024 1:00:00 AM,RFC,WEST,ATSI,OE,6168.187,True
11/13/2024 7:00:00 AM,11/13/2024 2:00:00 AM,RFC,WEST,ATSI,OE,6090.077,True
11/13/2024 8:00:00 AM,11/13/2024 3:00:00 AM,RFC,WEST,ATSI,OE,6114.406,True
11/13/2024 9:00:00 AM,11/13/2024 4:00:00 AM,RFC,WEST,ATSI,OE,6212.346,True
11/13/2024 10:00:00 AM,11/13/2024 5:00:00 AM,RFC,WEST,ATSI,OE,6505.421,True
11/13/2024 11:00:00 AM,11/13/2024 6:00:00 AM,RFC,WEST,ATSI,OE,6988.530,True
11/13/2024 12:00:00 PM,11/13/2024 7:00:00 AM,RFC,WEST,ATSI,OE,7400.975,True
11/13/2024 1:00:00 PM,11/13/2024 8:00:00 AM,RFC,WEST,ATSI,OE,7508.385,True
11/13/2024 2:00:00 PM,11/13/2024 9:00:00 AM,RFC,WEST,ATSI,OE,7388.011,True
11/13/2024 3:00:00 PM,11/13/2024 10:00:00 AM,RFC,WEST,ATSI,OE,7239.534,True
11/13/2024 4:00:00 PM,11/13/2024 11:00:00 AM,RFC,WEST,ATSI,OE,7175.281,True
11/13/2024 5:00:00 PM,11/13/2024 12:00:00 PM,RFC,WEST,ATSI,OE,7086.566,True
11/13/2024 6:00:00 PM,11/13/2024 1:00:00 PM,RFC,WEST,ATSI,OE,7018.894,True
11/13/2024 7:00:00 PM,11/13/2024 2:00:00 PM,RFC,WEST,ATSI,OE,6944.477,True
11/13/2024 8:00:00 PM,11/13/2024 3:00:00 PM,RFC,WEST,ATSI,OE,6854.435,True
11/13/2024 9:00:00 PM,11/13/2024 4:00:00 PM,RFC,WEST,ATSI,OE,6927.057,True
11/13/2024 10:00:00 PM,11/13/2024 5:00:00 PM,RFC,WEST,ATSI,OE,7117.626,True
11/13/2024 11:00:00 PM,11/13/2024 6:00:00 PM,RFC,WEST,ATSI,OE,7196.790,True
11/14/2024 12:00:00 AM,11/13/2024 7:00:00 PM,RFC,WEST,ATSI,OE,7080.994,True
11/14/2024 1:00:00 AM,11/13/2024 8:00:00 PM,RFC,WEST,ATSI,OE,6984.849,True
11/14/2024 2:00:00 AM,11/13/2024 9:00:00 PM,RFC,WEST,ATSI,OE,6737.131,True
11/14/2024 3:00:00 AM,11/13/2024 10:00:00 PM,RFC,WEST,ATSI,OE,6462.488,True
11/14/2024 4:00:00 AM,11/13/2024 11:00:00 PM,RFC,WEST,ATSI,OE,6137.247,True
11/14/2024 5:00:00 AM,11/14/2024 12:00:00 AM,RFC,WEST,ATSI,OE,5922.792,True
11/14/2024 6:00:00 AM,11/14/2024 1:00:00 AM,RFC,WEST,ATSI,OE,5887.805,True
11/14/2024 7:00:00 AM,11/14/2024 2:00:00 AM,RFC,WEST,ATSI,OE,5787.283,True
11/14/2024 8:00:00 AM,11/14/2024 3:00:00 AM,RFC,WEST,ATSI,OE,5833.289,True
11/14/2024 9:00:00 AM,11/14/2024 4:00:00 AM,RFC,WEST,ATSI,OE,5968.851,True
11/14/2024 10:00:00 AM,11/14/2024 5:00:00 AM,RFC,WEST,ATSI,OE,6238.911,True
11/14/2024 11:00:00 AM,11/14/2024 6:00:00 AM,RFC,WEST,ATSI,OE,6711.557,True
11/14/2024 12:00:00 PM,11/14/2024 7:00:00 AM,RFC,WEST,ATSI,OE,7134.278,True
11/14/2024 1:00:00 PM,11/14/2024 8:00:00 AM,RFC,WEST,ATSI,OE,7303.929,True
11/14/2024 2:00:00 PM,11/14/2024 9:00:00 AM,RFC,WEST,ATSI,OE,7437.127,True
11/14/2024 3:00:00 PM,11/14/2024 10:00:00 AM,RFC,WEST,ATSI,OE,7575.932,True
11/14/2024 4:00:00 PM,11/14/2024 11:00:00 AM,RFC,WEST,ATSI,OE,7553.290,True
11/14/2024 5:00:00 PM,11/14/2024 12:00:00 PM,RFC,WEST,ATSI,OE,7552.802,True
11/14/2024 6:00:00 PM,11/14/2024 1:00:00 PM,RFC,WEST,ATSI,OE,7538.912,True
11/14/2024 7:00:00 PM,11/14/2024 2:00:00 PM,RFC,WEST,ATSI,OE,7445.262,True
11/14/2024 8:00:00 PM,11/14/2024 3:00:00 PM,RFC,WEST,ATSI,OE,7235.029,True
11/14/2024 9:00:00 PM,11/14/2024 4:00:00 PM,RFC,WEST,ATSI,OE,7256.086,True
11/14/2024 10:00:00 PM,11/14/2024 5:00:00 PM,RFC,WEST,ATSI,OE,7434.191,True
11/14/2024 11:00:00 PM,11/14/2024 6:00:00 PM,RFC,WEST,ATSI,OE,7369.820,True
11/15/2024 12:00:00 AM,11/14/2024 7:00:00 PM,RFC,WEST,ATSI,OE,7234.370,True
11/15/2024 1:00:00 AM,11/14/2024 8:00:00 PM,RFC,WEST,ATSI,OE,7101.180,True
11/15/2024 2:00:00 AM,11/14/2024 9:00:00 PM,RFC,WEST,ATSI,OE,6777.542,True
11/15/2024 3:00:00 AM,11/14/2024 10:00:00 PM,RFC,WEST,ATSI,OE,6489.722,True
11/15/2024 4:00:00 AM,11/14/2024 11:00:00 PM,RFC,WEST,ATSI,OE,6163.249,True
11/15/2024 5:00:00 AM,11/15/2024 12:00:00 AM,RFC,WEST,ATSI,OE,5965.197,True
11/15/2024 6:00:00 AM,11/15/2024 1:00:00 AM,RFC,WEST,ATSI,OE,5832.863,True
11/15/2024 7:00:00 AM,11/15/2024 2:00:00 AM,RFC,WEST,ATSI,OE,5709.366,True
11/15/2024 8:00:00 AM,11/15/2024 3:00:00 AM,RFC,WEST,ATSI,OE,5589.894,True
11/15/2024 9:00:00 AM,11/15/2024 4:00:00 AM,RFC,WEST,ATSI,OE,5680.925,True
11/15/2024 10:00:00 AM,11/15/2024 5:00:00 AM,RFC,WEST,ATSI,OE,5994.118,True
11/15/2024 11:00:00 AM,11/15/2024 6:00:00 AM,RFC,WEST,ATSI,OE,6477.745,True
11/15/2024 12:00:00 PM,11/15/2024 7:00:00 AM,RFC,WEST,ATSI,OE,6842.974,True
11/15/2024 1:00:00 PM,11/15/2024 8:00:00 AM,RFC,WEST,ATSI,OE,7070.468,True
11/15/2024 2:00:00 PM,11/15/2024 9:00:00 AM,RFC,WEST,ATSI,OE,7155.599,True
11/15/2024 3:00:00 PM,11/15/2024 10:00:00 AM,RFC,WEST,ATSI,OE,7130.397,True
11/15/2024 4:00:00 PM,11/15/2024 11:00:00 AM,RFC,WEST,ATSI,OE,7135.088,True
11/15/2024 5:00:00 PM,11/15/2024 12:00:00 PM,RFC,WEST,ATSI,OE,7120.350,True
11/15/2024 6:00:00 PM,11/15/2024 1:00:00 PM,RFC,WEST,ATSI,OE,7141.064,True
11/15/2024 7:00:00 PM,11/15/2024 2:00:00 PM,RFC,WEST,ATSI,OE,7032.090,True
11/15/2024 8:00:00 PM,11/15/2024 3:00:00 PM,RFC,WEST,ATSI,OE,6947.064,True
11/15/2024 9:00:00 PM,11/15/2024 4:00:00 PM,RFC,WEST,ATSI,OE,6945.537,True
11/15/2024 10:00:00 PM,11/15/2024 5:00:00 PM,RFC,WEST,ATSI,OE,7036.105,True
11/15/2024 11:00:00 PM,11/15/2024 6:00:00 PM,RFC,WEST,ATSI,OE,6932.215,True
11/16/2024 12:00:00 AM,11/15/2024 7:00:00 PM,RFC,WEST,ATSI,OE,6839.669,True
11/16/2024 1:00:00 AM,11/15/2024 8:00:00 PM,RFC,WEST,ATSI,OE,6764.837,True
11/16/2024 2:00:00 AM,11/15/2024 9:00:00 PM,RFC,WEST,ATSI,OE,6519.785,True
11/16/2024 3:00:00 AM,11/15/2024 10:00:00 PM,RFC,WEST,ATSI,OE,6238.663,True
11/16/2024 4:00:00 AM,11/15/2024 11:00:00 PM,RFC,WEST,ATSI,OE,5959.895,True
11/16/2024 5:00:00 AM,11/16/2024 12:00:00 AM,RFC,WEST,ATSI,OE,5792.360,True
11/16/2024 6:00:00 AM,11/16/2024 1:00:00 AM,RFC,WEST,ATSI,OE,5659.578,True
11/16/2024 7:00:00 AM,11/16/2024 2:00:00 AM,RFC,WEST,ATSI,OE,5547.013,True
11/16/2024 8:00:00 AM,11/16/2024 3:00:00 AM,RFC,WEST,ATSI,OE,5482.488,True
11/16/2024 9:00:00 AM,11/16/2024 4:00:00 AM,RFC,WEST,ATSI,OE,5474.325,True
11/16/2024 10:00:00 AM,11/16/2024 5:00:00 AM,RFC,WEST,ATSI,OE,5611.849,True
11/16/2024 11:00:00 AM,11/16/2024 6:00:00 AM,RFC,WEST,ATSI,OE,5761.633,True
11/16/2024 12:00:00 PM,11/16/2024 7:00:00 AM,RFC,WEST,ATSI,OE,5956.428,True
11/16/2024 1:00:00 PM,11/16/2024 8:00:00 AM,RFC,WEST,ATSI,OE,6135.304,True
11/16/2024 2:00:00 PM,11/16/2024 9:00:00 AM,RFC,WEST,ATSI,OE,6342.811,True
11/16/2024 3:00:00 PM,11/16/2024 10:00:00 AM,RFC,WEST,ATSI,OE,6391.028,True
11/16/2024 4:00:00 PM,11/16/2024 11:00:00 AM,RFC,WEST,ATSI,OE,6454.751,True
11/16/2024 5:00:00 PM,11/16/2024 12:00:00 PM,RFC,WEST,ATSI,OE,6424.946,True
11/16/2024 6:00:00 PM,11/16/2024 1:00:00 PM,RFC,WEST,ATSI,OE,6407.212,True
11/16/2024 7:00:00 PM,11/16/2024 2:00:00 PM,RFC,WEST,ATSI,OE,6354.600,True
11/16/2024 8:00:00 PM,11/16/2024 3:00:00 PM,RFC,WEST,ATSI,OE,6322.858,True
11/16/2024 9:00:00 PM,11/16/2024 4:00:00 PM,RFC,WEST,ATSI,OE,6350.578,True
11/16/2024 10:00:00 PM,11/16/2024 5:00:00 PM,RFC,WEST,ATSI,OE,6512.538,True
11/16/2024 11:00:00 PM,11/16/2024 6:00:00 PM,RFC,WEST,ATSI,OE,6551.873,True
11/17/2024 12:00:00 AM,11/16/2024 7:00:00 PM,RFC,WEST,ATSI,OE,6464.679,True
11/17/2024 1:00:00 AM,11/16/2024 8:00:00 PM,RFC,WEST,ATSI,OE,6314.250,True
11/17/2024 2:00:00 AM,11/16/2024 9:00:00 PM,RFC,WEST,ATSI,OE,6132.924,True
11/17/2024 3:00:00 AM,11/16/2024 10:00:00 PM,RFC,WEST,ATSI,OE,5770.617,True
11/17/2024 4:00:00 AM,11/16/2024 11:00:00 PM,RFC,WEST,ATSI,OE,5733.522,True
11/17/2024 5:00:00 AM,11/17/2024 12:00:00 AM,RFC,WEST,ATSI,OE,5638.060,True
11/17/2024 6:00:00 AM,11/17/2024 1:00:00 AM,RFC,WEST,ATSI,OE,5549.264,True
11/17/2024 7:00:00 AM,11/17/2024 2:00:00 AM,RFC,WEST,ATSI,OE,5435.600,True
11/17/2024 8:00:00 AM,11/17/2024 3:00:00 AM,RFC,WEST,ATSI,OE,5476.557,True
11/17/2024 9:00:00 AM,11/17/2024 4:00:00 AM,RFC,WEST,ATSI,OE,5502.942,True
11/17/2024 10:00:00 AM,11/17/2024 5:00:00 AM,RFC,WEST,ATSI,OE,5668.190,True
11/17/2024 11:00:00 AM,11/17/2024 6:00:00 AM,RFC,WEST,ATSI,OE,5821.255,True
11/17/2024 12:00:00 PM,11/17/2024 7:00:00 AM,RFC,WEST,ATSI,OE,5948.174,True
11/17/2024 1:00:00 PM,11/17/2024 8:00:00 AM,RFC,WEST,ATSI,OE,6136.737,True
11/17/2024 2:00:00 PM,11/17/2024 9:00:00 AM,RFC,WEST,ATSI,OE,6175.303,True
11/17/2024 3:00:00 PM,11/17/2024 10:00:00 AM,RFC,WEST,ATSI,OE,6171.911,True
11/17/2024 4:00:00 PM,11/17/2024 11:00:00 AM,RFC,WEST,ATSI,OE,6210.030,True
11/17/2024 5:00:00 PM,11/17/2024 12:00:00 PM,RFC,WEST,ATSI,OE,6178.651,True
11/17/2024 6:00:00 PM,11/17/2024 1:00:00 PM,RFC,WEST,ATSI,OE,6096.546,True
11/17/2024 7:00:00 PM,11/17/2024 2:00:00 PM,RFC,WEST,ATSI,OE,6119.142,True
11/17/2024 8:00:00 PM,11/17/2024 3:00:00 PM,RFC,WEST,ATSI,OE,6119.783,True
11/17/2024 9:00:00 PM,11/17/2024 4:00:00 PM,RFC,WEST,ATSI,OE,6334.993,True
11/17/2024 10:00:00 PM,11/17/2024 5:00:00 PM,RFC,WEST,ATSI,OE,6669.760,True
11/17/2024 11:00:00 PM,11/17/2024 6:00:00 PM,RFC,WEST,ATSI,OE,6681.932,True
11/18/2024 12:00:00 AM,11/17/2024 7:00:00 PM,RFC,WEST,ATSI,OE,6566.664,True
11/18/2024 1:00:00 AM,11/17/2024 8:00:00 PM,RFC,WEST,ATSI,OE,6433.445,True
11/18/2024 2:00:00 AM,11/17/2024 9:00:00 PM,RFC,WEST,ATSI,OE,6218.105,True
11/18/2024 3:00:00 AM,11/17/2024 10:00:00 PM,RFC,WEST,ATSI,OE,6023.167,True
11/18/2024 4:00:00 AM,11/17/2024 11:00:00 PM,RFC,WEST,ATSI,OE,5770.804,True
11/18/2024 5:00:00 AM,11/18/2024 12:00:00 AM,RFC,WEST,ATSI,OE,5654.633,True
11/18/2024 6:00:00 AM,11/18/2024 1:00:00 AM,RFC,WEST,ATSI,OE,5550.976,True
11/18/2024 7:00:00 AM,11/18/2024 2:00:00 AM,RFC,WEST,ATSI,OE,5560.664,True
11/18/2024 8:00:00 AM,11/18/2024 3:00:00 AM,RFC,WEST,ATSI,OE,5525.845,True
11/18/2024 9:00:00 AM,11/18/2024 4:00:00 AM,RFC,WEST,ATSI,OE,5642.288,True
11/18/2024 10:00:00 AM,11/18/2024 5:00:00 AM,RFC,WEST,ATSI,OE,5938.978,True
11/18/2024 11:00:00 AM,11/18/2024 6:00:00 AM,RFC,WEST,ATSI,OE,6495.776,True
11/18/2024 12:00:00 PM,11/18/2024 7:00:00 AM,RFC,WEST,ATSI,OE,6827.199,True
11/18/2024 1:00:00 PM,11/18/2024 8:00:00 AM,RFC,WEST,ATSI,OE,6934.280,True
11/18/2024 2:00:00 PM,11/18/2024 9:00:00 AM,RFC,WEST,ATSI,OE,7025.364,True
11/18/2024 3:00:00 PM,11/18/2024 10:00:00 AM,RFC,WEST,ATSI,OE,7159.095,True
11/18/2024 4:00:00 PM,11/18/2024 11:00:00 AM,RFC,WEST,ATSI,OE,7129.881,True
11/18/2024 5:00:00 PM,11/18/2024 12:00:00 PM,RFC,WEST,ATSI,OE,7112.564,True
11/18/2024 6:00:00 PM,11/18/2024 1:00:00 PM,RFC,WEST,ATSI,OE,7029.419,True
11/18/2024 7:00:00 PM,11/18/2024 2:00:00 PM,RFC,WEST,ATSI,OE,6916.190,True
11/18/2024 8:00:00 PM,11/18/2024 3:00:00 PM,RFC,WEST,ATSI,OE,6817.849,True
11/18/2024 9:00:00 PM,11/18/2024 4:00:00 PM,RFC,WEST,ATSI,OE,6892.661,True
11/18/2024 10:00:00 PM,11/18/2024 5:00:00 PM,RFC,WEST,ATSI,OE,7087.193,True
11/18/2024 11:00:00 PM,11/18/2024 6:00:00 PM,RFC,WEST,ATSI,OE,7094.962,True
11/19/2024 12:00:00 AM,11/18/2024 7:00:00 PM,RFC,WEST,ATSI,OE,6992.540,True
11/19/2024 1:00:00 AM,11/18/2024 8:00:00 PM,RFC,WEST,ATSI,OE,6843.705,True
11/19/2024 2:00:00 AM,11/18/2024 9:00:00 PM,RFC,WEST,ATSI,OE,6578.457,True
11/19/2024 3:00:00 AM,11/18/2024 10:00:00 PM,RFC,WEST,ATSI,OE,6285.077,True
11/19/2024 4:00:00 AM,11/18/2024 11:00:00 PM,RFC,WEST,ATSI,OE,5996.878,True
11/19/2024 5:00:00 AM,11/19/2024 12:00:00 AM,RFC,WEST,ATSI,OE,5797.144,True
11/19/2024 6:00:00 AM,11/19/2024 1:00:00 AM,RFC,WEST,ATSI,OE,5673.846,True
11/19/2024 7:00:00 AM,11/19/2024 2:00:00 AM,RFC,WEST,ATSI,OE,5634.723,True
11/19/2024 8:00:00 AM,11/19/2024 3:00:00 AM,RFC,WEST,ATSI,OE,5555.298,True
11/19/2024 9:00:00 AM,11/19/2024 4:00:00 AM,RFC,WEST,ATSI,OE,5666.589,True
11/19/2024 10:00:00 AM,11/19/2024 5:00:00 AM,RFC,WEST,ATSI,OE,6016.108,True
11/19/2024 11:00:00 AM,11/19/2024 6:00:00 AM,RFC,WEST,ATSI,OE,6483.469,True
11/19/2024 12:00:00 PM,11/19/2024 7:00:00 AM,RFC,WEST,ATSI,OE,6839.135,True
11/19/2024 1:00:00 PM,11/19/2024 8:00:00 AM,RFC,WEST,ATSI,OE,6953.038,True
11/19/2024 2:00:00 PM,11/19/2024 9:00:00 AM,RFC,WEST,ATSI,OE,6992.309,True
11/19/2024 3:00:00 PM,11/19/2024 10:00:00 AM,RFC,WEST,ATSI,OE,7082.174,True
11/19/2024 4:00:00 PM,11/19/2024 11:00:00 AM,RFC,WEST,ATSI,OE,7130.082,True
11/19/2024 5:00:00 PM,11/19/2024 12:00:00 PM,RFC,WEST,ATSI,OE,7134.844,True
11/19/2024 6:00:00 PM,11/19/2024 1:00:00 PM,RFC,WEST,ATSI,OE,7125.654,True
11/19/2024 7:00:00 PM,11/19/2024 2:00:00 PM,RFC,WEST,ATSI,OE,7041.825,True
11/19/2024 8:00:00 PM,11/19/2024 3:00:00 PM,RFC,WEST,ATSI,OE,6960.215,True
11/19/2024 9:00:00 PM,11/19/2024 4:00:00 PM,RFC,WEST,ATSI,OE,6981.250,True
11/19/2024 10:00:00 PM,11/19/2024 5:00:00 PM,RFC,WEST,ATSI,OE,7135.171,True
11/19/2024 11:00:00 PM,11/19/2024 6:00:00 PM,RFC,WEST,ATSI,OE,7156.208,True
11/20/2024 12:00:00 AM,11/19/2024 7:00:00 PM,RFC,WEST,ATSI,OE,7029.172,True
11/20/2024 1:00:00 AM,11/19/2024 8:00:00 PM,RFC,WEST,ATSI,OE,6840.203,True
11/20/2024 2:00:00 AM,11/19/2024 9:00:00 PM,RFC,WEST,ATSI,OE,6607.180,True
11/20/2024 3:00:00 AM,11/19/2024 10:00:00 PM,RFC,WEST,ATSI,OE,6278.896,True
11/20/2024 4:00:00 AM,11/19/2024 11:00:00 PM,RFC,WEST,ATSI,OE,5976.881,True
11/20/2024 5:00:00 AM,11/20/2024 12:00:00 AM,RFC,WEST,ATSI,OE,5749.044,True
11/20/2024 6:00:00 AM,11/20/2024 1:00:00 AM,RFC,WEST,ATSI,OE,5619.644,True
11/20/2024 7:00:00 AM,11/20/2024 2:00:00 AM,RFC,WEST,ATSI,OE,5546.752,True
11/20/2024 8:00:00 AM,11/20/2024 3:00:00 AM,RFC,WEST,ATSI,OE,5505.393,True
11/20/2024 9:00:00 AM,11/20/2024 4:00:00 AM,RFC,WEST,ATSI,OE,5655.264,True
11/20/2024 10:00:00 AM,11/20/2024 5:00:00 AM,RFC,WEST,ATSI,OE,5956.900,True
11/20/2024 11:00:00 AM,11/20/2024 6:00:00 AM,RFC,WEST,ATSI,OE,6437.614,True
11/20/2024 12:00:00 PM,11/20/2024 7:00:00 AM,RFC,WEST,ATSI,OE,6714.074,True
11/20/2024 1:00:00 PM,11/20/2024 8:00:00 AM,RFC,WEST,ATSI,OE,6821.755,True
11/20/2024 2:00:00 PM,11/20/2024 9:00:00 AM,RFC,WEST,ATSI,OE,6908.049,True
11/20/2024 3:00:00 PM,11/20/2024 10:00:00 AM,RFC,WEST,ATSI,OE,6941.686,True
11/20/2024 4:00:00 PM,11/20/2024 11:00:00 AM,RFC,WEST,ATSI,OE,6927.397,True
11/20/2024 5:00:00 PM,11/20/2024 12:00:00 PM,RFC,WEST,ATSI,OE,6959.811,True
11/20/2024 6:00:00 PM,11/20/2024 1:00:00 PM,RFC,WEST,ATSI,OE,7014.542,True
11/20/2024 7:00:00 PM,11/20/2024 2:00:00 PM,RFC,WEST,ATSI,OE,7051.256,True
11/20/2024 8:00:00 PM,11/20/2024 3:00:00 PM,RFC,WEST,ATSI,OE,6958.416,True
11/20/2024 9:00:00 PM,11/20/2024 4:00:00 PM,RFC,WEST,ATSI,OE,7123.193,True
11/20/2024 10:00:00 PM,11/20/2024 5:00:00 PM,RFC,WEST,ATSI,OE,7293.696,True
11/20/2024 11:00:00 PM,11/20/2024 6:00:00 PM,RFC,WEST,ATSI,OE,7321.814,True
11/21/2024 12:00:00 AM,11/20/2024 7:00:00 PM,RFC,WEST,ATSI,OE,7285.822,True
11/21/2024 1:00:00 AM,11/20/2024 8:00:00 PM,RFC,WEST,ATSI,OE,7171.176,True
11/21/2024 2:00:00 AM,11/20/2024 9:00:00 PM,RFC,WEST,ATSI,OE,6888.378,True
11/21/2024 3:00:00 AM,11/20/2024 10:00:00 PM,RFC,WEST,ATSI,OE,6583.314,True
11/21/2024 4:00:00 AM,11/20/2024 11:00:00 PM,RFC,WEST,ATSI,OE,6259.924,True
11/21/2024 5:00:00 AM,11/21/2024 12:00:00 AM,RFC,WEST,ATSI,OE,5978.999,True
11/21/2024 6:00:00 AM,11/21/2024 1:00:00 AM,RFC,WEST,ATSI,OE,5893.424,True
11/21/2024 7:00:00 AM,11/21/2024 2:00:00 AM,RFC,WEST,ATSI,OE,5850.518,True
11/21/2024 8:00:00 AM,11/21/2024 3:00:00 AM,RFC,WEST,ATSI,OE,5969.801,True
11/21/2024 9:00:00 AM,11/21/2024 4:00:00 AM,RFC,WEST,ATSI,OE,6122.798,True
11/21/2024 10:00:00 AM,11/21/2024 5:00:00 AM,RFC,WEST,ATSI,OE,6413.602,True
11/21/2024 11:00:00 AM,11/21/2024 6:00:00 AM,RFC,WEST,ATSI,OE,6970.200,True
11/21/2024 12:00:00 PM,11/21/2024 7:00:00 AM,RFC,WEST,ATSI,OE,7343.946,True
11/21/2024 1:00:00 PM,11/21/2024 8:00:00 AM,RFC,WEST,ATSI,OE,7495.077,True
11/21/2024 2:00:00 PM,11/21/2024 9:00:00 AM,RFC,WEST,ATSI,OE,7636.561,True
11/21/2024 3:00:00 PM,11/21/2024 10:00:00 AM,RFC,WEST,ATSI,OE,7681.955,True
11/21/2024 4:00:00 PM,11/21/2024 11:00:00 AM,RFC,WEST,ATSI,OE,7679.692,True
11/21/2024 5:00:00 PM,11/21/2024 12:00:00 PM,RFC,WEST,ATSI,OE,7651.658,True
11/21/2024 6:00:00 PM,11/21/2024 1:00:00 PM,RFC,WEST,ATSI,OE,7674.501,True
11/21/2024 7:00:00 PM,11/21/2024 2:00:00 PM,RFC,WEST,ATSI,OE,7562.874,True
11/21/2024 8:00:00 PM,11/21/2024 3:00:00 PM,RFC,WEST,ATSI,OE,7512.300,True
11/21/2024 9:00:00 PM,11/21/2024 4:00:00 PM,RFC,WEST,ATSI,OE,7641.578,True
11/21/2024 10:00:00 PM,11/21/2024 5:00:00 PM,RFC,WEST,ATSI,OE,7803.914,True
11/21/2024 11:00:00 PM,11/21/2024 6:00:00 PM,RFC,WEST,ATSI,OE,7797.697,True
11/22/2024 12:00:00 AM,11/21/2024 7:00:00 PM,RFC,WEST,ATSI,OE,7670.272,True
11/22/2024 1:00:00 AM,11/21/2024 8:00:00 PM,RFC,WEST,ATSI,OE,7581.176,True
11/22/2024 2:00:00 AM,11/21/2024 9:00:00 PM,RFC,WEST,ATSI,OE,7348.093,True
11/22/2024 3:00:00 AM,11/21/2024 10:00:00 PM,RFC,WEST,ATSI,OE,7064.538,True
11/22/2024 4:00:00 AM,11/21/2024 11:00:00 PM,RFC,WEST,ATSI,OE,6627.461,True
11/22/2024 5:00:00 AM,11/22/2024 12:00:00 AM,RFC,WEST,ATSI,OE,6513.962,True
11/22/2024 6:00:00 AM,11/22/2024 1:00:00 AM,RFC,WEST,ATSI,OE,6383.807,True
11/22/2024 7:00:00 AM,11/22/2024 2:00:00 AM,RFC,WEST,ATSI,OE,6319.550,True
11/22/2024 8:00:00 AM,11/22/2024 3:00:00 AM,RFC,WEST,ATSI,OE,6278.644,True
11/22/2024 9:00:00 AM,11/22/2024 4:00:00 AM,RFC,WEST,ATSI,OE,6216.514,True
11/22/2024 10:00:00 AM,11/22/2024 5:00:00 AM,RFC,WEST,ATSI,OE,6483.534,True
11/22/2024 11:00:00 AM,11/22/2024 6:00:00 AM,RFC,WEST,ATSI,OE,7009.873,True
11/22/2024 12:00:00 PM,11/22/2024 7:00:00 AM,RFC,WEST,ATSI,OE,7370.957,True
11/22/2024 1:00:00 PM,11/22/2024 8:00:00 AM,RFC,WEST,ATSI,OE,7496.895,True
11/22/2024 2:00:00 PM,11/22/2024 9:00:00 AM,RFC,WEST,ATSI,OE,7645.127,True
11/22/2024 3:00:00 PM,11/22/2024 10:00:00 AM,RFC,WEST,ATSI,OE,7734.618,True
11/22/2024 4:00:00 PM,11/22/2024 11:00:00 AM,RFC,WEST,ATSI,OE,7669.636,True
11/22/2024 5:00:00 PM,11/22/2024 12:00:00 PM,RFC,WEST,ATSI,OE,7686.393,True
11/22/2024 6:00:00 PM,11/22/2024 1:00:00 PM,RFC,WEST,ATSI,OE,7632.521,True
11/22/2024 7:00:00 PM,11/22/2024 2:00:00 PM,RFC,WEST,ATSI,OE,7515.043,True
11/22/2024 8:00:00 PM,11/22/2024 3:00:00 PM,RFC,WEST,ATSI,OE,7522.053,True
11/22/2024 9:00:00 PM,11/22/2024 4:00:00 PM,RFC,WEST,ATSI,OE,7505.847,True
11/22/2024 10:00:00 PM,11/22/2024 5:00:00 PM,RFC,WEST,ATSI,OE,7591.031,True
11/22/2024 11:00:00 PM,11/22/2024 6:00:00 PM,RFC,WEST,ATSI,OE,7486.884,True
11/23/2024 12:00:00 AM,11/22/2024 7:00:00 PM,RFC,WEST,ATSI,OE,7315.131,True
11/23/2024 1:00:00 AM,11/22/2024 8:00:00 PM,RFC,WEST,ATSI,OE,7151.730,True
11/23/2024 2:00:00 AM,11/22/2024 9:00:00 PM,RFC,WEST,ATSI,OE,6893.070,True
11/23/2024 3:00:00 AM,11/22/2024 10:00:00 PM,RFC,WEST,ATSI,OE,6635.776,True
11/23/2024 4:00:00 AM,11/22/2024 11:00:00 PM,RFC,WEST,ATSI,OE,6300.560,True
11/23/2024 5:00:00 AM,11/23/2024 12:00:00 AM,RFC,WEST,ATSI,OE,6047.980,True
11/23/2024 6:00:00 AM,11/23/2024 1:00:00 AM,RFC,WEST,ATSI,OE,5937.943,True
11/23/2024 7:00:00 AM,11/23/2024 2:00:00 AM,RFC,WEST,ATSI,OE,5852.592,True
11/23/2024 8:00:00 AM,11/23/2024 3:00:00 AM,RFC,WEST,ATSI,OE,5787.321,True
11/23/2024 9:00:00 AM,11/23/2024 4:00:00 AM,RFC,WEST,ATSI,OE,5817.676,True
11/23/2024 10:00:00 AM,11/23/2024 5:00:00 AM,RFC,WEST,ATSI,OE,5907.542,True
11/23/2024 11:00:00 AM,11/23/2024 6:00:00 AM,RFC,WEST,ATSI,OE,6107.671,True
11/23/2024 12:00:00 PM,11/23/2024 7:00:00 AM,RFC,WEST,ATSI,OE,6324.795,True
11/23/2024 1:00:00 PM,11/23/2024 8:00:00 AM,RFC,WEST,ATSI,OE,6528.889,True
11/23/2024 2:00:00 PM,11/23/2024 9:00:00 AM,RFC,WEST,ATSI,OE,6699.575,True
11/23/2024 3:00:00 PM,11/23/2024 10:00:00 AM,RFC,WEST,ATSI,OE,6783.175,True
11/23/2024 4:00:00 PM,11/23/2024 11:00:00 AM,RFC,WEST,ATSI,OE,6861.468,True
11/23/2024 5:00:00 PM,11/23/2024 12:00:00 PM,RFC,WEST,ATSI,OE,6785.710,True
11/23/2024 6:00:00 PM,11/23/2024 1:00:00 PM,RFC,WEST,ATSI,OE,6678.349,True
11/23/2024 7:00:00 PM,11/23/2024 2:00:00 PM,RFC,WEST,ATSI,OE,6679.611,True
11/23/2024 8:00:00 PM,11/23/2024 3:00:00 PM,RFC,WEST,ATSI,OE,6663.119,True
11/23/2024 9:00:00 PM,11/23/2024 4:00:00 PM,RFC,WEST,ATSI,OE,6759.319,True
11/23/2024 10:00:00 PM,11/23/2024 5:00:00 PM,RFC,WEST,ATSI,OE,6972.881,True
11/23/2024 11:00:00 PM,11/23/2024 6:00:00 PM,RFC,WEST,ATSI,OE,6895.789,True
11/24/2024 12:00:00 AM,11/23/2024 7:00:00 PM,RFC,WEST,ATSI,OE,6786.498,True
11/24/2024 1:00:00 AM,11/23/2024 8:00:00 PM,RFC,WEST,ATSI,OE,6687.229,True
11/24/2024 2:00:00 AM,11/23/2024 9:00:00 PM,RFC,WEST,ATSI,OE,6537.569,True
11/24/2024 3:00:00 AM,11/23/2024 10:00:00 PM,RFC,WEST,ATSI,OE,6301.998,True
11/24/2024 4:00:00 AM,11/23/2024 11:00:00 PM,RFC,WEST,ATSI,OE,5919.587,True
11/24/2024 5:00:00 AM,11/24/2024 12:00:00 AM,RFC,WEST,ATSI,OE,5665.528,True
11/24/2024 6:00:00 AM,11/24/2024 1:00:00 AM,RFC,WEST,ATSI,OE,5660.162,True
11/24/2024 7:00:00 AM,11/24/2024 2:00:00 AM,RFC,WEST,ATSI,OE,5597.545,True
11/24/2024 8:00:00 AM,11/24/2024 3:00:00 AM,RFC,WEST,ATSI,OE,5596.338,True
11/24/2024 9:00:00 AM,11/24/2024 4:00:00 AM,RFC,WEST,ATSI,OE,5591.507,True
11/24/2024 10:00:00 AM,11/24/2024 5:00:00 AM,RFC,WEST,ATSI,OE,5697.470,True
11/24/2024 11:00:00 AM,11/24/2024 6:00:00 AM,RFC,WEST,ATSI,OE,5811.347,True
11/24/2024 12:00:00 PM,11/24/2024 7:00:00 AM,RFC,WEST,ATSI,OE,5966.095,True
11/24/2024 1:00:00 PM,11/24/2024 8:00:00 AM,RFC,WEST,ATSI,OE,6154.941,True
11/24/2024 2:00:00 PM,11/24/2024 9:00:00 AM,RFC,WEST,ATSI,OE,6308.179,True
11/24/2024 3:00:00 PM,11/24/2024 10:00:00 AM,RFC,WEST,ATSI,OE,6534.465,True
11/24/2024 4:00:00 PM,11/24/2024 11:00:00 AM,RFC,WEST,ATSI,OE,6600.410,True
11/24/2024 5:00:00 PM,11/24/2024 12:00:00 PM,RFC,WEST,ATSI,OE,6656.511,True
11/24/2024 6:00:00 PM,11/24/2024 1:00:00 PM,RFC,WEST,ATSI,OE,6625.359,True
11/24/2024 7:00:00 PM,11/24/2024 2:00:00 PM,RFC,WEST,ATSI,OE,6538.428,True
11/24/2024 8:00:00 PM,11/24/2024 3:00:00 PM,RFC,WEST,ATSI,OE,6560.828,True
11/24/2024 9:00:00 PM,11/24/2024 4:00:00 PM,RFC,WEST,ATSI,OE,6664.790,True
11/24/2024 10:00:00 PM,11/24/2024 5:00:00 PM,RFC,WEST,ATSI,OE,6966.598,True
11/24/2024 11:00:00 PM,11/24/2024 6:00:00 PM,RFC,WEST,ATSI,OE,6989.155,True
11/25/2024 12:00:00 AM,11/24/2024 7:00:00 PM,RFC,WEST,ATSI,OE,6962.258,True
11/25/2024 1:00:00 AM,11/24/2024 8:00:00 PM,RFC,WEST,ATSI,OE,6828.531,True
11/25/2024 2:00:00 AM,11/24/2024 9:00:00 PM,RFC,WEST,ATSI,OE,6713.729,True
11/25/2024 3:00:00 AM,11/24/2024 10:00:00 PM,RFC,WEST,ATSI,OE,6339.848,True
11/25/2024 4:00:00 AM,11/24/2024 11:00:00 PM,RFC,WEST,ATSI,OE,6204.174,True
11/25/2024 5:00:00 AM,11/25/2024 12:00:00 AM,RFC,WEST,ATSI,OE,6082.191,True
11/25/2024 6:00:00 AM,11/25/2024 1:00:00 AM,RFC,WEST,ATSI,OE,5958.777,True
11/25/2024 7:00:00 AM,11/25/2024 2:00:00 AM,RFC,WEST,ATSI,OE,5873.097,True
11/25/2024 8:00:00 AM,11/25/2024 3:00:00 AM,RFC,WEST,ATSI,OE,5885.125,True
11/25/2024 9:00:00 AM,11/25/2024 4:00:00 AM,RFC,WEST,ATSI,OE,5996.260,True
11/25/2024 10:00:00 AM,11/25/2024 5:00:00 AM,RFC,WEST,ATSI,OE,6347.356,True
11/25/2024 11:00:00 AM,11/25/2024 6:00:00 AM,RFC,WEST,ATSI,OE,6869.179,True
11/25/2024 12:00:00 PM,11/25/2024 7:00:00 AM,RFC,WEST,ATSI,OE,7270.504,True
11/25/2024 1:00:00 PM,11/25/2024 8:00:00 AM,RFC,WEST,ATSI,OE,7449.951,True
11/25/2024 2:00:00 PM,11/25/2024 9:00:00 AM,RFC,WEST,ATSI,OE,7543.883,True
11/25/2024 3:00:00 PM,11/25/2024 10:00:00 AM,RFC,WEST,ATSI,OE,7500.489,True
11/25/2024 4:00:00 PM,11/25/2024 11:00:00 AM,RFC,WEST,ATSI,OE,7461.712,True
11/25/2024 5:00:00 PM,11/25/2024 12:00:00 PM,RFC,WEST,ATSI,OE,7474.620,True
11/25/2024 6:00:00 PM,11/25/2024 1:00:00 PM,RFC,WEST,ATSI,OE,7442.115,True
11/25/2024 7:00:00 PM,11/25/2024 2:00:00 PM,RFC,WEST,ATSI,OE,7302.574,True
11/25/2024 8:00:00 PM,11/25/2024 3:00:00 PM,RFC,WEST,ATSI,OE,7184.528,True
11/25/2024 9:00:00 PM,11/25/2024 4:00:00 PM,RFC,WEST,ATSI,OE,7226.205,True
11/25/2024 10:00:00 PM,11/25/2024 5:00:00 PM,RFC,WEST,ATSI,OE,7367.954,True
11/25/2024 11:00:00 PM,11/25/2024 6:00:00 PM,RFC,WEST,ATSI,OE,7248.447,True
11/26/2024 12:00:00 AM,11/25/2024 7:00:00 PM,RFC,WEST,ATSI,OE,7199.736,True
11/26/2024 1:00:00 AM,11/25/2024 8:00:00 PM,RFC,WEST,ATSI,OE,7012.249,True
11/26/2024 2:00:00 AM,11/25/2024 9:00:00 PM,RFC,WEST,ATSI,OE,6709.099,True
11/26/2024 3:00:00 AM,11/25/2024 10:00:00 PM,RFC,WEST,ATSI,OE,6388.145,True
11/26/2024 4:00:00 AM,11/25/2024 11:00:00 PM,RFC,WEST,ATSI,OE,6085.912,True
11/26/2024 5:00:00 AM,11/26/2024 12:00:00 AM,RFC,WEST,ATSI,OE,5864.605,True
11/26/2024 6:00:00 AM,11/26/2024 1:00:00 AM,RFC,WEST,ATSI,OE,5727.265,True
11/26/2024 7:00:00 AM,11/26/2024 2:00:00 AM,RFC,WEST,ATSI,OE,5638.814,True
11/26/2024 8:00:00 AM,11/26/2024 3:00:00 AM,RFC,WEST,ATSI,OE,5546.154,True
11/26/2024 9:00:00 AM,11/26/2024 4:00:00 AM,RFC,WEST,ATSI,OE,5698.005,True
11/26/2024 10:00:00 AM,11/26/2024 5:00:00 AM,RFC,WEST,ATSI,OE,6038.854,True
11/26/2024 11:00:00 AM,11/26/2024 6:00:00 AM,RFC,WEST,ATSI,OE,6522.275,True
11/26/2024 12:00:00 PM,11/26/2024 7:00:00 AM,RFC,WEST,ATSI,OE,6926.243,True
11/26/2024 1:00:00 PM,11/26/2024 8:00:00 AM,RFC,WEST,ATSI,OE,7052.469,True
11/26/2024 2:00:00 PM,11/26/2024 9:00:00 AM,RFC,WEST,ATSI,OE,7144.575,True
11/26/2024 3:00:00 PM,11/26/2024 10:00:00 AM,RFC,WEST,ATSI,OE,7162.279,True
11/26/2024 4:00:00 PM,11/26/2024 11:00:00 AM,RFC,WEST,ATSI,OE,7069.955,True
11/26/2024 5:00:00 PM,11/26/2024 12:00:00 PM,RFC,WEST,ATSI,OE,6961.713,True
11/26/2024 6:00:00 PM,11/26/2024 1:00:00 PM,RFC,WEST,ATSI,OE,6894.972,True
11/26/2024 7:00:00 PM,11/26/2024 2:00:00 PM,RFC,WEST,ATSI,OE,6802.960,True
11/26/2024 8:00:00 PM,11/26/2024 3:00:00 PM,RFC,WEST,ATSI,OE,6810.804,True
11/26/2024 9:00:00 PM,11/26/2024 4:00:00 PM,RFC,WEST,ATSI,OE,6976.967,True
11/26/2024 10:00:00 PM,11/26/2024 5:00:00 PM,RFC,WEST,ATSI,OE,7372.053,True
11/26/2024 11:00:00 PM,11/26/2024 6:00:00 PM,RFC,WEST,ATSI,OE,7449.254,True
11/27/2024 12:00:00 AM,11/26/2024 7:00:00 PM,RFC,WEST,ATSI,OE,7244.569,True
11/27/2024 1:00:00 AM,11/26/2024 8:00:00 PM,RFC,WEST,ATSI,OE,7240.981,True
11/27/2024 2:00:00 AM,11/26/2024 9:00:00 PM,RFC,WEST,ATSI,OE,7140.376,True
11/27/2024 3:00:00 AM,11/26/2024 10:00:00 PM,RFC,WEST,ATSI,OE,6886.419,True
11/27/2024 4:00:00 AM,11/26/2024 11:00:00 PM,RFC,WEST,ATSI,OE,6524.117,True
11/27/2024 5:00:00 AM,11/27/2024 12:00:00 AM,RFC,WEST,ATSI,OE,6248.884,True
11/27/2024 6:00:00 AM,11/27/2024 1:00:00 AM,RFC,WEST,ATSI,OE,6189.779,True
11/27/2024 7:00:00 AM,11/27/2024 2:00:00 AM,RFC,WEST,ATSI,OE,6147.632,True
11/27/2024 8:00:00 AM,11/27/2024 3:00:00 AM,RFC,WEST,ATSI,OE,6115.634,True
11/27/2024 9:00:00 AM,11/27/2024 4:00:00 AM,RFC,WEST,ATSI,OE,6247.093,True
11/27/2024 10:00:00 AM,11/27/2024 5:00:00 AM,RFC,WEST,ATSI,OE,6478.543,True
11/27/2024 11:00:00 AM,11/27/2024 6:00:00 AM,RFC,WEST,ATSI,OE,6772.901,True
11/27/2024 12:00:00 PM,11/27/2024 7:00:00 AM,RFC,WEST,ATSI,OE,7276.963,True
11/27/2024 1:00:00 PM,11/27/2024 8:00:00 AM,RFC,WEST,ATSI,OE,7440.354,True
11/27/2024 2:00:00 PM,11/27/2024 9:00:00 AM,RFC,WEST,ATSI,OE,7478.850,True
11/27/2024 3:00:00 PM,11/27/2024 10:00:00 AM,RFC,WEST,ATSI,OE,7399.040,True
11/27/2024 4:00:00 PM,11/27/2024 11:00:00 AM,RFC,WEST,ATSI,OE,7327.579,True
11/27/2024 5:00:00 PM,11/27/2024 12:00:00 PM,RFC,WEST,ATSI,OE,7293.029,True
11/27/2024 6:00:00 PM,11/27/2024 1:00:00 PM,RFC,WEST,ATSI,OE,7282.643,True
11/27/2024 7:00:00 PM,11/27/2024 2:00:00 PM,RFC,WEST,ATSI,OE,7161.300,True
11/27/2024 8:00:00 PM,11/27/2024 3:00:00 PM,RFC,WEST,ATSI,OE,7041.627,True
11/27/2024 9:00:00 PM,11/27/2024 4:00:00 PM,RFC,WEST,ATSI,OE,7061.751,True
11/27/2024 10:00:00 PM,11/27/2024 5:00:00 PM,RFC,WEST,ATSI,OE,7202.536,True
11/27/2024 11:00:00 PM,11/27/2024 6:00:00 PM,RFC,WEST,ATSI,OE,7180.135,True
11/28/2024 12:00:00 AM,11/27/2024 7:00:00 PM,RFC,WEST,ATSI,OE,7059.048,True
11/28/2024 1:00:00 AM,11/27/2024 8:00:00 PM,RFC,WEST,ATSI,OE,6957.123,True
11/28/2024 2:00:00 AM,11/27/2024 9:00:00 PM,RFC,WEST,ATSI,OE,6773.878,True
11/28/2024 3:00:00 AM,11/27/2024 10:00:00 PM,RFC,WEST,ATSI,OE,6401.633,True
11/28/2024 4:00:00 AM,11/27/2024 11:00:00 PM,RFC,WEST,ATSI,OE,6083.908,True
11/28/2024 5:00:00 AM,11/28/2024 12:00:00 AM,RFC,WEST,ATSI,OE,5904.649,True
11/28/2024 6:00:00 AM,11/28/2024 1:00:00 AM,RFC,WEST,ATSI,OE,5728.463,True
11/28/2024 7:00:00 AM,11/28/2024 2:00:00 AM,RFC,WEST,ATSI,OE,5657.867,True
11/28/2024 8:00:00 AM,11/28/2024 3:00:00 AM,RFC,WEST,ATSI,OE,5601.482,True
11/28/2024 9:00:00 AM,11/28/2024 4:00:00 AM,RFC,WEST,ATSI,OE,5611.640,True
11/28/2024 10:00:00 AM,11/28/2024 5:00:00 AM,RFC,WEST,ATSI,OE,5707.827,True
11/28/2024 11:00:00 AM,11/28/2024 6:00:00 AM,RFC,WEST,ATSI,OE,5847.689,True
11/28/2024 12:00:00 PM,11/28/2024 7:00:00 AM,RFC,WEST,ATSI,OE,6016.372,True
11/28/2024 1:00:00 PM,11/28/2024 8:00:00 AM,RFC,WEST,ATSI,OE,6313.421,True
11/28/2024 2:00:00 PM,11/28/2024 9:00:00 AM,RFC,WEST,ATSI,OE,6583.717,True
11/28/2024 3:00:00 PM,11/28/2024 10:00:00 AM,RFC,WEST,ATSI,OE,6804.835,True
11/28/2024 4:00:00 PM,11/28/2024 11:00:00 AM,RFC,WEST,ATSI,OE,6870.507,True
11/28/2024 5:00:00 PM,11/28/2024 12:00:00 PM,RFC,WEST,ATSI,OE,6782.000,True
11/28/2024 6:00:00 PM,11/28/2024 1:00:00 PM,RFC,WEST,ATSI,OE,6640.699,True
11/28/2024 7:00:00 PM,11/28/2024 2:00:00 PM,RFC,WEST,ATSI,OE,6454.191,True
11/28/2024 8:00:00 PM,11/28/2024 3:00:00 PM,RFC,WEST,ATSI,OE,6309.637,True
11/28/2024 9:00:00 PM,11/28/2024 4:00:00 PM,RFC,WEST,ATSI,OE,6291.988,True
11/28/2024 10:00:00 PM,11/28/2024 5:00:00 PM,RFC,WEST,ATSI,OE,6343.725,True
11/28/2024 11:00:00 PM,11/28/2024 6:00:00 PM,RFC,WEST,ATSI,OE,6312.154,True
11/29/2024 12:00:00 AM,11/28/2024 7:00:00 PM,RFC,WEST,ATSI,OE,6312.835,True
11/29/2024 1:00:00 AM,11/28/2024 8:00:00 PM,RFC,WEST,ATSI,OE,6312.016,True
11/29/2024 2:00:00 AM,11/28/2024 9:00:00 PM,RFC,WEST,ATSI,OE,6248.869,True
11/29/2024 3:00:00 AM,11/28/2024 10:00:00 PM,RFC,WEST,ATSI,OE,6108.563,True
11/29/2024 4:00:00 AM,11/28/2024 11:00:00 PM,RFC,WEST,ATSI,OE,5925.551,True
11/29/2024 5:00:00 AM,11/29/2024 12:00:00 AM,RFC,WEST,ATSI,OE,5717.665,True
11/29/2024 6:00:00 AM,11/29/2024 1:00:00 AM,RFC,WEST,ATSI,OE,5697.077,True
11/29/2024 7:00:00 AM,11/29/2024 2:00:00 AM,RFC,WEST,ATSI,OE,5605.047,True
11/29/2024 8:00:00 AM,11/29/2024 3:00:00 AM,RFC,WEST,ATSI,OE,5724.135,True
11/29/2024 9:00:00 AM,11/29/2024 4:00:00 AM,RFC,WEST,ATSI,OE,5808.972,True
11/29/2024 10:00:00 AM,11/29/2024 5:00:00 AM,RFC,WEST,ATSI,OE,5997.892,True
11/29/2024 11:00:00 AM,11/29/2024 6:00:00 AM,RFC,WEST,ATSI,OE,6223.255,True
11/29/2024 12:00:00 PM,11/29/2024 7:00:00 AM,RFC,WEST,ATSI,OE,6492.216,True
11/29/2024 1:00:00 PM,11/29/2024 8:00:00 AM,RFC,WEST,ATSI,OE,6619.010,True
11/29/2024 2:00:00 PM,11/29/2024 9:00:00 AM,RFC,WEST,ATSI,OE,6844.452,True
11/29/2024 3:00:00 PM,11/29/2024 10:00:00 AM,RFC,WEST,ATSI,OE,7021.023,True
11/29/2024 4:00:00 PM,11/29/2024 11:00:00 AM,RFC,WEST,ATSI,OE,7071.265,True
11/29/2024 5:00:00 PM,11/29/2024 12:00:00 PM,RFC,WEST,ATSI,OE,7157.484,True
11/29/2024 6:00:00 PM,11/29/2024 1:00:00 PM,RFC,WEST,ATSI,OE,7123.663,True
11/29/2024 7:00:00 PM,11/29/2024 2:00:00 PM,RFC,WEST,ATSI,OE,7080.659,True
11/29/2024 8:00:00 PM,11/29/2024 3:00:00 PM,RFC,WEST,ATSI,OE,7079.138,True
11/29/2024 9:00:00 PM,11/29/2024 4:00:00 PM,RFC,WEST,ATSI,OE,7186.831,True
11/29/2024 10:00:00 PM,11/29/2024 5:00:00 PM,RFC,WEST,ATSI,OE,7465.437,True
11/29/2024 11:00:00 PM,11/29/2024 6:00:00 PM,RFC,WEST,ATSI,OE,7483.481,True
11/30/2024 12:00:00 AM,11/29/2024 7:00:00 PM,RFC,WEST,ATSI,OE,7412.661,True
11/30/2024 1:00:00 AM,11/29/2024 8:00:00 PM,RFC,WEST,ATSI,OE,7365.567,True
11/30/2024 2:00:00 AM,11/29/2024 9:00:00 PM,RFC,WEST,ATSI,OE,7144.098,True
11/30/2024 3:00:00 AM,11/29/2024 10:00:00 PM,RFC,WEST,ATSI,OE,6851.920,True
11/30/2024 4:00:00 AM,11/29/2024 11:00:00 PM,RFC,WEST,ATSI,OE,6694.557,True
11/30/2024 5:00:00 AM,11/30/2024 12:00:00 AM,RFC,WEST,ATSI,OE,6539.618,True
11/30/2024 6:00:00 AM,11/30/2024 1:00:00 AM,RFC,WEST,ATSI,OE,6402.793,True
11/30/2024 7:00:00 AM,11/30/2024 2:00:00 AM,RFC,WEST,ATSI,OE,6222.795,True
11/30/2024 8:00:00 AM,11/30/2024 3:00:00 AM,RFC,WEST,ATSI,OE,6323.662,True
11/30/2024 9:00:00 AM,11/30/2024 4:00:00 AM,RFC,WEST,ATSI,OE,6333.512,True
11/30/2024 10:00:00 AM,11/30/2024 5:00:00 AM,RFC,WEST,ATSI,OE,6479.158,True
11/30/2024 11:00:00 AM,11/30/2024 6:00:00 AM,RFC,WEST,ATSI,OE,6537.719,True
11/30/2024 12:00:00 PM,11/30/2024 7:00:00 AM,RFC,WEST,ATSI,OE,6891.383,True
11/30/2024 1:00:00 PM,11/30/2024 8:00:00 AM,RFC,WEST,ATSI,OE,7090.925,True
11/30/2024 2:00:00 PM,11/30/2024 9:00:00 AM,RFC,WEST,ATSI,OE,7282.047,True
11/30/2024 3:00:00 PM,11/30/2024 10:00:00 AM,RFC,WEST,ATSI,OE,7394.941,True
11/30/2024 4:00:00 PM,11/30/2024 11:00:00 AM,RFC,WEST,ATSI,OE,7409.836,True
11/30/2024 5:00:00 PM,11/30/2024 12:00:00 PM,RFC,WEST,ATSI,OE,7256.262,True
11/30/2024 6:00:00 PM,11/30/2024 1:00:00 PM,RFC,WEST,ATSI,OE,7183.618,True
11/30/2024 7:00:00 PM,11/30/2024 2:00:00 PM,RFC,WEST,ATSI,OE,7209.459,True
11/30/2024 8:00:00 PM,11/30/2024 3:00:00 PM,RFC,WEST,ATSI,OE,7133.553,True
11/30/2024 9:00:00 PM,11/30/2024 4:00:00 PM,RFC,WEST,ATSI,OE,7289.687,True
11/30/2024 10:00:00 PM,11/30/2024 5:00:00 PM,RFC,WEST,ATSI,OE,7573.613,True
11/30/2024 11:00:00 PM,11/30/2024 6:00:00 PM,RFC,WEST,ATSI,OE,7633.095,True
12/1/2024 12:00:00 AM,11/30/2024 7:00:00 PM,RFC,WEST,ATSI,OE,7529.175,True
12/1/2024 1:00:00 AM,11/30/2024 8:00:00 PM,RFC,WEST,ATSI,OE,7494.923,True
12/1/2024 2:00:00 AM,11/30/2024 9:00:00 PM,RFC,WEST,ATSI,OE,7297.259,True
12/1/2024 3:00:00 AM,11/30/2024 10:00:00 PM,RFC,WEST,ATSI,OE,7079.532,True
12/1/2024 4:00:00 AM,11/30/2024 11:00:00 PM,RFC,WEST,ATSI,OE,6861.642,True
12/1/2024 5:00:00 AM,12/1/2024 12:00:00 AM,RFC,WEST,ATSI,OE,6587.543,True
12/1/2024 6:00:00 AM,12/1/2024 1:00:00 AM,RFC,WEST,ATSI,OE,6481.806,True
12/1/2024 7:00:00 AM,12/1/2024 2:00:00 AM,RFC,WEST,ATSI,OE,6428.275,True
12/1/2024 8:00:00 AM,12/1/2024 3:00:00 AM,RFC,WEST,ATSI,OE,6433.648,True
12/1/2024 9:00:00 AM,12/1/2024 4:00:00 AM,RFC,WEST,ATSI,OE,6479.065,True
12/1/2024 10:00:00 AM,12/1/2024 5:00:00 AM,RFC,WEST,ATSI,OE,6579.407,True
12/1/2024 11:00:00 AM,12/1/2024 6:00:00 AM,RFC,WEST,ATSI,OE,6712.681,True
12/1/2024 12:00:00 PM,12/1/2024 7:00:00 AM,RFC,WEST,ATSI,OE,6756.918,True
12/1/2024 1:00:00 PM,12/1/2024 8:00:00 AM,RFC,WEST,ATSI,OE,7006.484,True
12/1/2024 2:00:00 PM,12/1/2024 9:00:00 AM,RFC,WEST,ATSI,OE,7154.880,True
12/1/2024 3:00:00 PM,12/1/2024 10:00:00 AM,RFC,WEST,ATSI,OE,7242.394,True
12/1/2024 4:00:00 PM,12/1/2024 11:00:00 AM,RFC,WEST,ATSI,OE,7317.145,True
12/1/2024 5:00:00 PM,12/1/2024 12:00:00 PM,RFC,WEST,ATSI,OE,7361.627,True
12/1/2024 6:00:00 PM,12/1/2024 1:00:00 PM,RFC,WEST,ATSI,OE,7336.849,True
12/1/2024 7:00:00 PM,12/1/2024 2:00:00 PM,RFC,WEST,ATSI,OE,7365.065,True
12/1/2024 8:00:00 PM,12/1/2024 3:00:00 PM,RFC,WEST,ATSI,OE,7434.855,True
12/1/2024 9:00:00 PM,12/1/2024 4:00:00 PM,RFC,WEST,ATSI,OE,7575.662,True
12/1/2024 10:00:00 PM,12/1/2024 5:00:00 PM,RFC,WEST,ATSI,OE,7884.875,True
12/1/2024 11:00:00 PM,12/1/2024 6:00:00 PM,RFC,WEST,ATSI,OE,7843.047,True
12/2/2024 12:00:00 AM,12/1/2024 7:00:00 PM,RFC,WEST,ATSI,OE,7799.773,True
12/2/2024 1:00:00 AM,12/1/2024 8:00:00 PM,RFC,WEST,ATSI,OE,7692.925,True
12/2/2024 2:00:00 AM,12/1/2024 9:00:00 PM,RFC,WEST,ATSI,OE,7409.409,True
12/2/2024 3:00:00 AM,12/1/2024 10:00:00 PM,RFC,WEST,ATSI,OE,7187.794,True
12/2/2024 4:00:00 AM,12/1/2024 11:00:00 PM,RFC,WEST,ATSI,OE,6840.303,True
12/2/2024 5:00:00 AM,12/2/2024 12:00:00 AM,RFC,WEST,ATSI,OE,6733.084,True
12/2/2024 6:00:00 AM,12/2/2024 1:00:00 AM,RFC,WEST,ATSI,OE,6620.263,True
12/2/2024 7:00:00 AM,12/2/2024 2:00:00 AM,RFC,WEST,ATSI,OE,6602.809,True
12/2/2024 8:00:00 AM,12/2/2024 3:00:00 AM,RFC,WEST,ATSI,OE,6604.723,True
12/2/2024 9:00:00 AM,12/2/2024 4:00:00 AM,RFC,WEST,ATSI,OE,6623.885,True
12/2/2024 10:00:00 AM,12/2/2024 5:00:00 AM,RFC,WEST,ATSI,OE,7008.827,True
12/2/2024 11:00:00 AM,12/2/2024 6:00:00 AM,RFC,WEST,ATSI,OE,7434.564,True
12/2/2024 12:00:00 PM,12/2/2024 7:00:00 AM,RFC,WEST,ATSI,OE,7784.612,True
12/2/2024 1:00:00 PM,12/2/2024 8:00:00 AM,RFC,WEST,ATSI,OE,8032.551,True
12/2/2024 2:00:00 PM,12/2/2024 9:00:00 AM,RFC,WEST,ATSI,OE,8090.251,True
12/2/2024 3:00:00 PM,12/2/2024 10:00:00 AM,RFC,WEST,ATSI,OE,8143.745,True
12/2/2024 4:00:00 PM,12/2/2024 11:00:00 AM,RFC,WEST,ATSI,OE,8167.069,True
12/2/2024 5:00:00 PM,12/2/2024 12:00:00 PM,RFC,WEST,ATSI,OE,8219.362,True
12/2/2024 6:00:00 PM,12/2/2024 1:00:00 PM,RFC,WEST,ATSI,OE,8285.893,True
12/2/2024 7:00:00 PM,12/2/2024 2:00:00 PM,RFC,WEST,ATSI,OE,8090.099,True
12/2/2024 8:00:00 PM,12/2/2024 3:00:00 PM,RFC,WEST,ATSI,OE,8028.036,True
12/2/2024 9:00:00 PM,12/2/2024 4:00:00 PM,RFC,WEST,ATSI,OE,8058.407,True
12/2/2024 10:00:00 PM,12/2/2024 5:00:00 PM,RFC,WEST,ATSI,OE,8355.190,True
12/2/2024 11:00:00 PM,12/2/2024 6:00:00 PM,RFC,WEST,ATSI,OE,8341.813,True
12/3/2024 12:00:00 AM,12/2/2024 7:00:00 PM,RFC,WEST,ATSI,OE,8257.919,True
12/3/2024 1:00:00 AM,12/2/2024 8:00:00 PM,RFC,WEST,ATSI,OE,8115.653,True
12/3/2024 2:00:00 AM,12/2/2024 9:00:00 PM,RFC,WEST,ATSI,OE,7950.191,True
12/3/2024 3:00:00 AM,12/2/2024 10:00:00 PM,RFC,WEST,ATSI,OE,7598.423,True
12/3/2024 4:00:00 AM,12/2/2024 11:00:00 PM,RFC,WEST,ATSI,OE,7261.157,True
12/3/2024 5:00:00 AM,12/3/2024 12:00:00 AM,RFC,WEST,ATSI,OE,7044.811,True
12/3/2024 6:00:00 AM,12/3/2024 1:00:00 AM,RFC,WEST,ATSI,OE,6939.583,True
12/3/2024 7:00:00 AM,12/3/2024 2:00:00 AM,RFC,WEST,ATSI,OE,6857.674,True
12/3/2024 8:00:00 AM,12/3/2024 3:00:00 AM,RFC,WEST,ATSI,OE,6856.079,True
12/3/2024 9:00:00 AM,12/3/2024 4:00:00 AM,RFC,WEST,ATSI,OE,6945.511,True
12/3/2024 10:00:00 AM,12/3/2024 5:00:00 AM,RFC,WEST,ATSI,OE,7261.770,True
12/3/2024 11:00:00 AM,12/3/2024 6:00:00 AM,RFC,WEST,ATSI,OE,7789.075,True
12/3/2024 12:00:00 PM,12/3/2024 7:00:00 AM,RFC,WEST,ATSI,OE,8105.633,True
12/3/2024 1:00:00 PM,12/3/2024 8:00:00 AM,RFC,WEST,ATSI,OE,8224.906,True
12/3/2024 2:00:00 PM,12/3/2024 9:00:00 AM,RFC,WEST,ATSI,OE,8274.653,True
12/3/2024 3:00:00 PM,12/3/2024 10:00:00 AM,RFC,WEST,ATSI,OE,8332.809,True
12/3/2024 4:00:00 PM,12/3/2024 11:00:00 AM,RFC,WEST,ATSI,OE,8257.463,True
12/3/2024 5:00:00 PM,12/3/2024 12:00:00 PM,RFC,WEST,ATSI,OE,8122.963,True
12/3/2024 6:00:00 PM,12/3/2024 1:00:00 PM,RFC,WEST,ATSI,OE,8094.550,True
12/3/2024 7:00:00 PM,12/3/2024 2:00:00 PM,RFC,WEST,ATSI,OE,8037.223,True
12/3/2024 8:00:00 PM,12/3/2024 3:00:00 PM,RFC,WEST,ATSI,OE,8048.944,True
12/3/2024 9:00:00 PM,12/3/2024 4:00:00 PM,RFC,WEST,ATSI,OE,8181.938,True
12/3/2024 10:00:00 PM,12/3/2024 5:00:00 PM,RFC,WEST,ATSI,OE,8420.690,True
12/3/2024 11:00:00 PM,12/3/2024 6:00:00 PM,RFC,WEST,ATSI,OE,8383.131,True
12/4/2024 12:00:00 AM,12/3/2024 7:00:00 PM,RFC,WEST,ATSI,OE,8315.661,True
12/4/2024 1:00:00 AM,12/3/2024 8:00:00 PM,RFC,WEST,ATSI,OE,8221.649,True
12/4/2024 2:00:00 AM,12/3/2024 9:00:00 PM,RFC,WEST,ATSI,OE,8054.775,True
12/4/2024 3:00:00 AM,12/3/2024 10:00:00 PM,RFC,WEST,ATSI,OE,7772.319,True
12/4/2024 4:00:00 AM,12/3/2024 11:00:00 PM,RFC,WEST,ATSI,OE,7370.613,True
12/4/2024 5:00:00 AM,12/4/2024 12:00:00 AM,RFC,WEST,ATSI,OE,7219.376,True
12/4/2024 6:00:00 AM,12/4/2024 1:00:00 AM,RFC,WEST,ATSI,OE,7079.227,True
12/4/2024 7:00:00 AM,12/4/2024 2:00:00 AM,RFC,WEST,ATSI,OE,7027.487,True
12/4/2024 8:00:00 AM,12/4/2024 3:00:00 AM,RFC,WEST,ATSI,OE,7064.657,True
12/4/2024 9:00:00 AM,12/4/2024 4:00:00 AM,RFC,WEST,ATSI,OE,7149.144,True
12/4/2024 10:00:00 AM,12/4/2024 5:00:00 AM,RFC,WEST,ATSI,OE,7464.783,True
12/4/2024 11:00:00 AM,12/4/2024 6:00:00 AM,RFC,WEST,ATSI,OE,7941.099,True
12/4/2024 12:00:00 PM,12/4/2024 7:00:00 AM,RFC,WEST,ATSI,OE,8315.042,True
12/4/2024 1:00:00 PM,12/4/2024 8:00:00 AM,RFC,WEST,ATSI,OE,8432.846,True
12/4/2024 2:00:00 PM,12/4/2024 9:00:00 AM,RFC,WEST,ATSI,OE,8572.431,True
12/4/2024 3:00:00 PM,12/4/2024 10:00:00 AM,RFC,WEST,ATSI,OE,8635.015,True
12/4/2024 4:00:00 PM,12/4/2024 11:00:00 AM,RFC,WEST,ATSI,OE,8417.272,True
12/4/2024 5:00:00 PM,12/4/2024 12:00:00 PM,RFC,WEST,ATSI,OE,8425.621,True
12/4/2024 6:00:00 PM,12/4/2024 1:00:00 PM,RFC,WEST,ATSI,OE,8463.510,True
12/4/2024 7:00:00 PM,12/4/2024 2:00:00 PM,RFC,WEST,ATSI,OE,8319.185,True
12/4/2024 8:00:00 PM,12/4/2024 3:00:00 PM,RFC,WEST,ATSI,OE,8240.136,True
12/4/2024 9:00:00 PM,12/4/2024 4:00:00 PM,RFC,WEST,ATSI,OE,8255.849,True
12/4/2024 10:00:00 PM,12/4/2024 5:00:00 PM,RFC,WEST,ATSI,OE,8420.035,True
12/4/2024 11:00:00 PM,12/4/2024 6:00:00 PM,RFC,WEST,ATSI,OE,8312.372,True
12/5/2024 12:00:00 AM,12/4/2024 7:00:00 PM,RFC,WEST,ATSI,OE,8223.042,True
12/5/2024 1:00:00 AM,12/4/2024 8:00:00 PM,RFC,WEST,ATSI,OE,7962.061,True
12/5/2024 2:00:00 AM,12/4/2024 9:00:00 PM,RFC,WEST,ATSI,OE,7837.315,True
12/5/2024 3:00:00 AM,12/4/2024 10:00:00 PM,RFC,WEST,ATSI,OE,7466.775,True
12/5/2024 4:00:00 AM,12/4/2024 11:00:00 PM,RFC,WEST,ATSI,OE,7163.323,True
12/5/2024 5:00:00 AM,12/5/2024 12:00:00 AM,RFC,WEST,ATSI,OE,6915.516,True
12/5/2024 6:00:00 AM,12/5/2024 1:00:00 AM,RFC,WEST,ATSI,OE,6877.477,True
12/5/2024 7:00:00 AM,12/5/2024 2:00:00 AM,RFC,WEST,ATSI,OE,6900.862,True
12/5/2024 8:00:00 AM,12/5/2024 3:00:00 AM,RFC,WEST,ATSI,OE,6989.324,True
12/5/2024 9:00:00 AM,12/5/2024 4:00:00 AM,RFC,WEST,ATSI,OE,7160.657,True
12/5/2024 10:00:00 AM,12/5/2024 5:00:00 AM,RFC,WEST,ATSI,OE,7476.257,True
12/5/2024 11:00:00 AM,12/5/2024 6:00:00 AM,RFC,WEST,ATSI,OE,8015.868,True
12/5/2024 12:00:00 PM,12/5/2024 7:00:00 AM,RFC,WEST,ATSI,OE,8392.226,True
12/5/2024 1:00:00 PM,12/5/2024 8:00:00 AM,RFC,WEST,ATSI,OE,8413.594,True
12/5/2024 2:00:00 PM,12/5/2024 9:00:00 AM,RFC,WEST,ATSI,OE,8622.583,True
12/5/2024 3:00:00 PM,12/5/2024 10:00:00 AM,RFC,WEST,ATSI,OE,8631.283,True
12/5/2024 4:00:00 PM,12/5/2024 11:00:00 AM,RFC,WEST,ATSI,OE,8718.244,True
12/5/2024 5:00:00 PM,12/5/2024 12:00:00 PM,RFC,WEST,ATSI,OE,8739.592,True
12/5/2024 6:00:00 PM,12/5/2024 1:00:00 PM,RFC,WEST,ATSI,OE,8758.440,True
12/5/2024 7:00:00 PM,12/5/2024 2:00:00 PM,RFC,WEST,ATSI,OE,8624.936,True
12/5/2024 8:00:00 PM,12/5/2024 3:00:00 PM,RFC,WEST,ATSI,OE,8600.094,True
12/5/2024 9:00:00 PM,12/5/2024 4:00:00 PM,RFC,WEST,ATSI,OE,8624.736,True
12/5/2024 10:00:00 PM,12/5/2024 5:00:00 PM,RFC,WEST,ATSI,OE,8891.608,True
12/5/2024 11:00:00 PM,12/5/2024 6:00:00 PM,RFC,WEST,ATSI,OE,8770.900,True
12/6/2024 12:00:00 AM,12/5/2024 7:00:00 PM,RFC,WEST,ATSI,OE,8716.784,True
12/6/2024 1:00:00 AM,12/5/2024 8:00:00 PM,RFC,WEST,ATSI,OE,8486.733,True
12/6/2024 2:00:00 AM,12/5/2024 9:00:00 PM,RFC,WEST,ATSI,OE,8242.351,True
12/6/2024 3:00:00 AM,12/5/2024 10:00:00 PM,RFC,WEST,ATSI,OE,7896.197,True
12/6/2024 4:00:00 AM,12/5/2024 11:00:00 PM,RFC,WEST,ATSI,OE,7510.933,True
12/6/2024 5:00:00 AM,12/6/2024 12:00:00 AM,RFC,WEST,ATSI,OE,7302.599,True
12/6/2024 6:00:00 AM,12/6/2024 1:00:00 AM,RFC,WEST,ATSI,OE,7161.866,True
12/6/2024 7:00:00 AM,12/6/2024 2:00:00 AM,RFC,WEST,ATSI,OE,7095.878,True
12/6/2024 8:00:00 AM,12/6/2024 3:00:00 AM,RFC,WEST,ATSI,OE,7136.215,True
12/6/2024 9:00:00 AM,12/6/2024 4:00:00 AM,RFC,WEST,ATSI,OE,7262.834,True
12/6/2024 10:00:00 AM,12/6/2024 5:00:00 AM,RFC,WEST,ATSI,OE,7449.170,True
12/6/2024 11:00:00 AM,12/6/2024 6:00:00 AM,RFC,WEST,ATSI,OE,7907.287,True
12/6/2024 12:00:00 PM,12/6/2024 7:00:00 AM,RFC,WEST,ATSI,OE,8172.506,True
12/6/2024 1:00:00 PM,12/6/2024 8:00:00 AM,RFC,WEST,ATSI,OE,8362.575,True
12/6/2024 2:00:00 PM,12/6/2024 9:00:00 AM,RFC,WEST,ATSI,OE,8386.534,True
12/6/2024 3:00:00 PM,12/6/2024 10:00:00 AM,RFC,WEST,ATSI,OE,8337.309,True
12/6/2024 4:00:00 PM,12/6/2024 11:00:00 AM,RFC,WEST,ATSI,OE,8204.770,True
12/6/2024 5:00:00 PM,12/6/2024 12:00:00 PM,RFC,WEST,ATSI,OE,8115.217,True
12/6/2024 6:00:00 PM,12/6/2024 1:00:00 PM,RFC,WEST,ATSI,OE,8123.501,True
12/6/2024 7:00:00 PM,12/6/2024 2:00:00 PM,RFC,WEST,ATSI,OE,8049.858,True
12/6/2024 8:00:00 PM,12/6/2024 3:00:00 PM,RFC,WEST,ATSI,OE,7943.171,True
12/6/2024 9:00:00 PM,12/6/2024 4:00:00 PM,RFC,WEST,ATSI,OE,8131.307,True
12/6/2024 10:00:00 PM,12/6/2024 5:00:00 PM,RFC,WEST,ATSI,OE,8353.338,True
12/6/2024 11:00:00 PM,12/6/2024 6:00:00 PM,RFC,WEST,ATSI,OE,8342.596,True
12/7/2024 12:00:00 AM,12/6/2024 7:00:00 PM,RFC,WEST,ATSI,OE,8205.995,True
12/7/2024 1:00:00 AM,12/6/2024 8:00:00 PM,RFC,WEST,ATSI,OE,8141.086,True
12/7/2024 2:00:00 AM,12/6/2024 9:00:00 PM,RFC,WEST,ATSI,OE,7896.006,True
12/7/2024 3:00:00 AM,12/6/2024 10:00:00 PM,RFC,WEST,ATSI,OE,7640.436,True
12/7/2024 4:00:00 AM,12/6/2024 11:00:00 PM,RFC,WEST,ATSI,OE,7253.251,True
12/7/2024 5:00:00 AM,12/7/2024 12:00:00 AM,RFC,WEST,ATSI,OE,7028.013,True
12/7/2024 6:00:00 AM,12/7/2024 1:00:00 AM,RFC,WEST,ATSI,OE,6854.834,True
12/7/2024 7:00:00 AM,12/7/2024 2:00:00 AM,RFC,WEST,ATSI,OE,6798.877,True
12/7/2024 8:00:00 AM,12/7/2024 3:00:00 AM,RFC,WEST,ATSI,OE,6694.178,True
12/7/2024 9:00:00 AM,12/7/2024 4:00:00 AM,RFC,WEST,ATSI,OE,6712.295,True
12/7/2024 10:00:00 AM,12/7/2024 5:00:00 AM,RFC,WEST,ATSI,OE,6869.507,True
12/7/2024 11:00:00 AM,12/7/2024 6:00:00 AM,RFC,WEST,ATSI,OE,7011.694,True
12/7/2024 12:00:00 PM,12/7/2024 7:00:00 AM,RFC,WEST,ATSI,OE,7234.742,True
12/7/2024 1:00:00 PM,12/7/2024 8:00:00 AM,RFC,WEST,ATSI,OE,7484.526,True
12/7/2024 2:00:00 PM,12/7/2024 9:00:00 AM,RFC,WEST,ATSI,OE,7483.104,True
12/7/2024 3:00:00 PM,12/7/2024 10:00:00 AM,RFC,WEST,ATSI,OE,7462.916,True
12/7/2024 4:00:00 PM,12/7/2024 11:00:00 AM,RFC,WEST,ATSI,OE,7355.362,True
12/7/2024 5:00:00 PM,12/7/2024 12:00:00 PM,RFC,WEST,ATSI,OE,7318.894,True
12/7/2024 6:00:00 PM,12/7/2024 1:00:00 PM,RFC,WEST,ATSI,OE,7280.742,True
12/7/2024 7:00:00 PM,12/7/2024 2:00:00 PM,RFC,WEST,ATSI,OE,7299.720,True
12/7/2024 8:00:00 PM,12/7/2024 3:00:00 PM,RFC,WEST,ATSI,OE,7319.171,True
12/7/2024 9:00:00 PM,12/7/2024 4:00:00 PM,RFC,WEST,ATSI,OE,7434.331,True
12/7/2024 10:00:00 PM,12/7/2024 5:00:00 PM,RFC,WEST,ATSI,OE,7638.580,True
12/7/2024 11:00:00 PM,12/7/2024 6:00:00 PM,RFC,WEST,ATSI,OE,7599.601,True
12/8/2024 12:00:00 AM,12/7/2024 7:00:00 PM,RFC,WEST,ATSI,OE,7584.898,True
12/8/2024 1:00:00 AM,12/7/2024 8:00:00 PM,RFC,WEST,ATSI,OE,7521.676,True
12/8/2024 2:00:00 AM,12/7/2024 9:00:00 PM,RFC,WEST,ATSI,OE,7311.030,True
12/8/2024 3:00:00 AM,12/7/2024 10:00:00 PM,RFC,WEST,ATSI,OE,7088.314,True
12/8/2024 4:00:00 AM,12/7/2024 11:00:00 PM,RFC,WEST,ATSI,OE,6765.081,True
12/8/2024 5:00:00 AM,12/8/2024 12:00:00 AM,RFC,WEST,ATSI,OE,6477.311,True
12/8/2024 6:00:00 AM,12/8/2024 1:00:00 AM,RFC,WEST,ATSI,OE,6272.767,True
12/8/2024 7:00:00 AM,12/8/2024 2:00:00 AM,RFC,WEST,ATSI,OE,6164.336,True
12/8/2024 8:00:00 AM,12/8/2024 3:00:00 AM,RFC,WEST,ATSI,OE,6143.743,True
12/8/2024 9:00:00 AM,12/8/2024 4:00:00 AM,RFC,WEST,ATSI,OE,6113.049,True
12/8/2024 10:00:00 AM,12/8/2024 5:00:00 AM,RFC,WEST,ATSI,OE,6125.681,True
12/8/2024 11:00:00 AM,12/8/2024 6:00:00 AM,RFC,WEST,ATSI,OE,6243.279,True
12/8/2024 12:00:00 PM,12/8/2024 7:00:00 AM,RFC,WEST,ATSI,OE,6453.939,True
12/8/2024 1:00:00 PM,12/8/2024 8:00:00 AM,RFC,WEST,ATSI,OE,6585.591,True
12/8/2024 2:00:00 PM,12/8/2024 9:00:00 AM,RFC,WEST,ATSI,OE,6616.134,True
12/8/2024 3:00:00 PM,12/8/2024 10:00:00 AM,RFC,WEST,ATSI,OE,6551.094,True
12/8/2024 4:00:00 PM,12/8/2024 11:00:00 AM,RFC,WEST,ATSI,OE,6545.640,True
12/8/2024 5:00:00 PM,12/8/2024 12:00:00 PM,RFC,WEST,ATSI,OE,6557.132,True
12/8/2024 6:00:00 PM,12/8/2024 1:00:00 PM,RFC,WEST,ATSI,OE,6388.942,True
12/8/2024 7:00:00 PM,12/8/2024 2:00:00 PM,RFC,WEST,ATSI,OE,6430.951,True
12/8/2024 8:00:00 PM,12/8/2024 3:00:00 PM,RFC,WEST,ATSI,OE,6429.234,True
12/8/2024 9:00:00 PM,12/8/2024 4:00:00 PM,RFC,WEST,ATSI,OE,6625.384,True
12/8/2024 10:00:00 PM,12/8/2024 5:00:00 PM,RFC,WEST,ATSI,OE,7090.903,True
12/8/2024 11:00:00 PM,12/8/2024 6:00:00 PM,RFC,WEST,ATSI,OE,7187.938,True
12/9/2024 12:00:00 AM,12/8/2024 7:00:00 PM,RFC,WEST,ATSI,OE,7168.419,True
12/9/2024 1:00:00 AM,12/8/2024 8:00:00 PM,RFC,WEST,ATSI,OE,7073.011,True
12/9/2024 2:00:00 AM,12/8/2024 9:00:00 PM,RFC,WEST,ATSI,OE,6872.531,True
12/9/2024 3:00:00 AM,12/8/2024 10:00:00 PM,RFC,WEST,ATSI,OE,6546.274,True
12/9/2024 4:00:00 AM,12/8/2024 11:00:00 PM,RFC,WEST,ATSI,OE,6335.154,True
12/9/2024 5:00:00 AM,12/9/2024 12:00:00 AM,RFC,WEST,ATSI,OE,6193.034,True
12/9/2024 6:00:00 AM,12/9/2024 1:00:00 AM,RFC,WEST,ATSI,OE,6076.592,True
12/9/2024 7:00:00 AM,12/9/2024 2:00:00 AM,RFC,WEST,ATSI,OE,5971.973,True
12/9/2024 8:00:00 AM,12/9/2024 3:00:00 AM,RFC,WEST,ATSI,OE,5875.274,True
12/9/2024 9:00:00 AM,12/9/2024 4:00:00 AM,RFC,WEST,ATSI,OE,6133.843,True
12/9/2024 10:00:00 AM,12/9/2024 5:00:00 AM,RFC,WEST,ATSI,OE,6391.001,True
12/9/2024 11:00:00 AM,12/9/2024 6:00:00 AM,RFC,WEST,ATSI,OE,6873.520,True
12/9/2024 12:00:00 PM,12/9/2024 7:00:00 AM,RFC,WEST,ATSI,OE,7250.375,True
12/9/2024 1:00:00 PM,12/9/2024 8:00:00 AM,RFC,WEST,ATSI,OE,7383.289,True
12/9/2024 2:00:00 PM,12/9/2024 9:00:00 AM,RFC,WEST,ATSI,OE,7440.741,True
12/9/2024 3:00:00 PM,12/9/2024 10:00:00 AM,RFC,WEST,ATSI,OE,7499.562,True
12/9/2024 4:00:00 PM,12/9/2024 11:00:00 AM,RFC,WEST,ATSI,OE,7531.695,True
12/9/2024 5:00:00 PM,12/9/2024 12:00:00 PM,RFC,WEST,ATSI,OE,7503.218,True
12/9/2024 6:00:00 PM,12/9/2024 1:00:00 PM,RFC,WEST,ATSI,OE,7486.187,True
12/9/2024 7:00:00 PM,12/9/2024 2:00:00 PM,RFC,WEST,ATSI,OE,7360.647,True
12/9/2024 8:00:00 PM,12/9/2024 3:00:00 PM,RFC,WEST,ATSI,OE,7222.478,True
12/9/2024 9:00:00 PM,12/9/2024 4:00:00 PM,RFC,WEST,ATSI,OE,7380.634,True
12/9/2024 10:00:00 PM,12/9/2024 5:00:00 PM,RFC,WEST,ATSI,OE,7580.143,True
12/9/2024 11:00:00 PM,12/9/2024 6:00:00 PM,RFC,WEST,ATSI,OE,7552.531,True
12/10/2024 12:00:00 AM,12/9/2024 7:00:00 PM,RFC,WEST,ATSI,OE,7478.086,True
12/10/2024 1:00:00 AM,12/9/2024 8:00:00 PM,RFC,WEST,ATSI,OE,7344.889,True
12/10/2024 2:00:00 AM,12/9/2024 9:00:00 PM,RFC,WEST,ATSI,OE,7165.951,True
12/10/2024 3:00:00 AM,12/9/2024 10:00:00 PM,RFC,WEST,ATSI,OE,6804.294,True
12/10/2024 4:00:00 AM,12/9/2024 11:00:00 PM,RFC,WEST,ATSI,OE,6453.306,True
12/10/2024 5:00:00 AM,12/10/2024 12:00:00 AM,RFC,WEST,ATSI,OE,6225.335,True
12/10/2024 6:00:00 AM,12/10/2024 1:00:00 AM,RFC,WEST,ATSI,OE,6126.209,True
12/10/2024 7:00:00 AM,12/10/2024 2:00:00 AM,RFC,WEST,ATSI,OE,6031.612,True
12/10/2024 8:00:00 AM,12/10/2024 3:00:00 AM,RFC,WEST,ATSI,OE,5991.503,True
12/10/2024 9:00:00 AM,12/10/2024 4:00:00 AM,RFC,WEST,ATSI,OE,6177.506,True
12/10/2024 10:00:00 AM,12/10/2024 5:00:00 AM,RFC,WEST,ATSI,OE,6402.028,True
12/10/2024 11:00:00 AM,12/10/2024 6:00:00 AM,RFC,WEST,ATSI,OE,6966.720,True
12/10/2024 12:00:00 PM,12/10/2024 7:00:00 AM,RFC,WEST,ATSI,OE,7396.762,True
12/10/2024 1:00:00 PM,12/10/2024 8:00:00 AM,RFC,WEST,ATSI,OE,7479.205,True
12/10/2024 2:00:00 PM,12/10/2024 9:00:00 AM,RFC,WEST,ATSI,OE,7491.877,True
12/10/2024 3:00:00 PM,12/10/2024 10:00:00 AM,RFC,WEST,ATSI,OE,7585.065,True
12/10/2024 4:00:00 PM,12/10/2024 11:00:00 AM,RFC,WEST,ATSI,OE,7581.597,True
12/10/2024 5:00:00 PM,12/10/2024 12:00:00 PM,RFC,WEST,ATSI,OE,7537.433,True
12/10/2024 6:00:00 PM,12/10/2024 1:00:00 PM,RFC,WEST,ATSI,OE,7587.991,True
12/10/2024 7:00:00 PM,12/10/2024 2:00:00 PM,RFC,WEST,ATSI,OE,7483.315,True
12/10/2024 8:00:00 PM,12/10/2024 3:00:00 PM,RFC,WEST,ATSI,OE,7369.164,True
12/10/2024 9:00:00 PM,12/10/2024 4:00:00 PM,RFC,WEST,ATSI,OE,7447.522,True
12/10/2024 10:00:00 PM,12/10/2024 5:00:00 PM,RFC,WEST,ATSI,OE,7568.759,True
12/10/2024 11:00:00 PM,12/10/2024 6:00:00 PM,RFC,WEST,ATSI,OE,7557.582,True
12/11/2024 12:00:00 AM,12/10/2024 7:00:00 PM,RFC,WEST,ATSI,OE,7461.398,True
12/11/2024 1:00:00 AM,12/10/2024 8:00:00 PM,RFC,WEST,ATSI,OE,7314.974,True
12/11/2024 2:00:00 AM,12/10/2024 9:00:00 PM,RFC,WEST,ATSI,OE,7112.975,True
12/11/2024 3:00:00 AM,12/10/2024 10:00:00 PM,RFC,WEST,ATSI,OE,6829.592,True
12/11/2024 4:00:00 AM,12/10/2024 11:00:00 PM,RFC,WEST,ATSI,OE,6533.154,True
12/11/2024 5:00:00 AM,12/11/2024 12:00:00 AM,RFC,WEST,ATSI,OE,6263.534,True
12/11/2024 6:00:00 AM,12/11/2024 1:00:00 AM,RFC,WEST,ATSI,OE,6144.430,True
12/11/2024 7:00:00 AM,12/11/2024 2:00:00 AM,RFC,WEST,ATSI,OE,6160.363,True
12/11/2024 8:00:00 AM,12/11/2024 3:00:00 AM,RFC,WEST,ATSI,OE,6231.853,True
12/11/2024 9:00:00 AM,12/11/2024 4:00:00 AM,RFC,WEST,ATSI,OE,6299.818,True
12/11/2024 10:00:00 AM,12/11/2024 5:00:00 AM,RFC,WEST,ATSI,OE,6663.269,True
12/11/2024 11:00:00 AM,12/11/2024 6:00:00 AM,RFC,WEST,ATSI,OE,7196.262,True
12/11/2024 12:00:00 PM,12/11/2024 7:00:00 AM,RFC,WEST,ATSI,OE,7664.901,True
12/11/2024 1:00:00 PM,12/11/2024 8:00:00 AM,RFC,WEST,ATSI,OE,7747.826,True
12/11/2024 2:00:00 PM,12/11/2024 9:00:00 AM,RFC,WEST,ATSI,OE,7899.067,True
12/11/2024 3:00:00 PM,12/11/2024 10:00:00 AM,RFC,WEST,ATSI,OE,7968.890,True
12/11/2024 4:00:00 PM,12/11/2024 11:00:00 AM,RFC,WEST,ATSI,OE,7912.666,True
12/11/2024 5:00:00 PM,12/11/2024 12:00:00 PM,RFC,WEST,ATSI,OE,8005.451,True
12/11/2024 6:00:00 PM,12/11/2024 1:00:00 PM,RFC,WEST,ATSI,OE,8023.891,True
12/11/2024 7:00:00 PM,12/11/2024 2:00:00 PM,RFC,WEST,ATSI,OE,7915.204,True
12/11/2024 8:00:00 PM,12/11/2024 3:00:00 PM,RFC,WEST,ATSI,OE,7983.106,True
12/11/2024 9:00:00 PM,12/11/2024 4:00:00 PM,RFC,WEST,ATSI,OE,8064.391,True
12/11/2024 10:00:00 PM,12/11/2024 5:00:00 PM,RFC,WEST,ATSI,OE,8345.932,True
12/11/2024 11:00:00 PM,12/11/2024 6:00:00 PM,RFC,WEST,ATSI,OE,8284.317,True
12/12/2024 12:00:00 AM,12/11/2024 7:00:00 PM,RFC,WEST,ATSI,OE,8229.876,True
12/12/2024 1:00:00 AM,12/11/2024 8:00:00 PM,RFC,WEST,ATSI,OE,8119.479,True
12/12/2024 2:00:00 AM,12/11/2024 9:00:00 PM,RFC,WEST,ATSI,OE,7911.638,True
12/12/2024 3:00:00 AM,12/11/2024 10:00:00 PM,RFC,WEST,ATSI,OE,7630.900,True
12/12/2024 4:00:00 AM,12/11/2024 11:00:00 PM,RFC,WEST,ATSI,OE,7347.309,True
12/12/2024 5:00:00 AM,12/12/2024 12:00:00 AM,RFC,WEST,ATSI,OE,7186.688,True
12/12/2024 6:00:00 AM,12/12/2024 1:00:00 AM,RFC,WEST,ATSI,OE,7154.123,True
12/12/2024 7:00:00 AM,12/12/2024 2:00:00 AM,RFC,WEST,ATSI,OE,7141.997,True
12/12/2024 8:00:00 AM,12/12/2024 3:00:00 AM,RFC,WEST,ATSI,OE,7151.813,True
12/12/2024 9:00:00 AM,12/12/2024 4:00:00 AM,RFC,WEST,ATSI,OE,7272.151,True
12/12/2024 10:00:00 AM,12/12/2024 5:00:00 AM,RFC,WEST,ATSI,OE,7619.986,True
12/12/2024 11:00:00 AM,12/12/2024 6:00:00 AM,RFC,WEST,ATSI,OE,8206.036,True
12/12/2024 12:00:00 PM,12/12/2024 7:00:00 AM,RFC,WEST,ATSI,OE,8653.387,True
12/12/2024 1:00:00 PM,12/12/2024 8:00:00 AM,RFC,WEST,ATSI,OE,8790.163,True
12/12/2024 2:00:00 PM,12/12/2024 9:00:00 AM,RFC,WEST,ATSI,OE,8825.388,True
12/12/2024 3:00:00 PM,12/12/2024 10:00:00 AM,RFC,WEST,ATSI,OE,8781.587,True
12/12/2024 4:00:00 PM,12/12/2024 11:00:00 AM,RFC,WEST,ATSI,OE,8693.235,True
12/12/2024 5:00:00 PM,12/12/2024 12:00:00 PM,RFC,WEST,ATSI,OE,8668.849,True
12/12/2024 6:00:00 PM,12/12/2024 1:00:00 PM,RFC,WEST,ATSI,OE,8673.879,True
12/12/2024 7:00:00 PM,12/12/2024 2:00:00 PM,RFC,WEST,ATSI,OE,8536.024,True
12/12/2024 8:00:00 PM,12/12/2024 3:00:00 PM,RFC,WEST,ATSI,OE,8495.165,True
12/12/2024 9:00:00 PM,12/12/2024 4:00:00 PM,RFC,WEST,ATSI,OE,8701.845,True
12/12/2024 10:00:00 PM,12/12/2024 5:00:00 PM,RFC,WEST,ATSI,OE,8979.879,True
12/12/2024 11:00:00 PM,12/12/2024 6:00:00 PM,RFC,WEST,ATSI,OE,8990.141,True
12/13/2024 12:00:00 AM,12/12/2024 7:00:00 PM,RFC,WEST,ATSI,OE,8898.009,True
12/13/2024 1:00:00 AM,12/12/2024 8:00:00 PM,RFC,WEST,ATSI,OE,8781.027,True
12/13/2024 2:00:00 AM,12/12/2024 9:00:00 PM,RFC,WEST,ATSI,OE,8554.247,True
12/13/2024 3:00:00 AM,12/12/2024 10:00:00 PM,RFC,WEST,ATSI,OE,8118.872,True
12/13/2024 4:00:00 AM,12/12/2024 11:00:00 PM,RFC,WEST,ATSI,OE,7782.717,True
12/13/2024 5:00:00 AM,12/13/2024 12:00:00 AM,RFC,WEST,ATSI,OE,7530.242,True
12/13/2024 6:00:00 AM,12/13/2024 1:00:00 AM,RFC,WEST,ATSI,OE,7358.479,True
12/13/2024 7:00:00 AM,12/13/2024 2:00:00 AM,RFC,WEST,ATSI,OE,7321.643,True
12/13/2024 8:00:00 AM,12/13/2024 3:00:00 AM,RFC,WEST,ATSI,OE,7248.339,True
12/13/2024 9:00:00 AM,12/13/2024 4:00:00 AM,RFC,WEST,ATSI,OE,7349.453,True
12/13/2024 10:00:00 AM,12/13/2024 5:00:00 AM,RFC,WEST,ATSI,OE,7581.448,True
12/13/2024 11:00:00 AM,12/13/2024 6:00:00 AM,RFC,WEST,ATSI,OE,8036.456,True
12/13/2024 12:00:00 PM,12/13/2024 7:00:00 AM,RFC,WEST,ATSI,OE,8298.142,True
12/13/2024 1:00:00 PM,12/13/2024 8:00:00 AM,RFC,WEST,ATSI,OE,8474.907,True
12/13/2024 2:00:00 PM,12/13/2024 9:00:00 AM,RFC,WEST,ATSI,OE,8499.016,True
12/13/2024 3:00:00 PM,12/13/2024 10:00:00 AM,RFC,WEST,ATSI,OE,8392.909,True
12/13/2024 4:00:00 PM,12/13/2024 11:00:00 AM,RFC,WEST,ATSI,OE,8293.796,True
12/13/2024 5:00:00 PM,12/13/2024 12:00:00 PM,RFC,WEST,ATSI,OE,8035.418,True
12/13/2024 6:00:00 PM,12/13/2024 1:00:00 PM,RFC,WEST,ATSI,OE,7987.907,True
12/13/2024 7:00:00 PM,12/13/2024 2:00:00 PM,RFC,WEST,ATSI,OE,7913.910,True
12/13/2024 8:00:00 PM,12/13/2024 3:00:00 PM,RFC,WEST,ATSI,OE,7892.004,True
12/13/2024 9:00:00 PM,12/13/2024 4:00:00 PM,RFC,WEST,ATSI,OE,8058.406,True
12/13/2024 10:00:00 PM,12/13/2024 5:00:00 PM,RFC,WEST,ATSI,OE,8399.024,True
12/13/2024 11:00:00 PM,12/13/2024 6:00:00 PM,RFC,WEST,ATSI,OE,8440.590,True
12/14/2024 12:00:00 AM,12/13/2024 7:00:00 PM,RFC,WEST,ATSI,OE,8373.448,True
12/14/2024 1:00:00 AM,12/13/2024 8:00:00 PM,RFC,WEST,ATSI,OE,8311.571,True
12/14/2024 2:00:00 AM,12/13/2024 9:00:00 PM,RFC,WEST,ATSI,OE,8064.712,True
12/14/2024 3:00:00 AM,12/13/2024 10:00:00 PM,RFC,WEST,ATSI,OE,7827.322,True
12/14/2024 4:00:00 AM,12/13/2024 11:00:00 PM,RFC,WEST,ATSI,OE,7511.204,True
12/14/2024 5:00:00 AM,12/14/2024 12:00:00 AM,RFC,WEST,ATSI,OE,7189.190,True
12/14/2024 6:00:00 AM,12/14/2024 1:00:00 AM,RFC,WEST,ATSI,OE,7095.432,True
12/14/2024 7:00:00 AM,12/14/2024 2:00:00 AM,RFC,WEST,ATSI,OE,6958.899,True
12/14/2024 8:00:00 AM,12/14/2024 3:00:00 AM,RFC,WEST,ATSI,OE,7017.772,True
12/14/2024 9:00:00 AM,12/14/2024 4:00:00 AM,RFC,WEST,ATSI,OE,7015.238,True
12/14/2024 10:00:00 AM,12/14/2024 5:00:00 AM,RFC,WEST,ATSI,OE,7152.258,True
12/14/2024 11:00:00 AM,12/14/2024 6:00:00 AM,RFC,WEST,ATSI,OE,7403.178,True
12/14/2024 12:00:00 PM,12/14/2024 7:00:00 AM,RFC,WEST,ATSI,OE,7632.809,True
12/14/2024 1:00:00 PM,12/14/2024 8:00:00 AM,RFC,WEST,ATSI,OE,7728.050,True
12/14/2024 2:00:00 PM,12/14/2024 9:00:00 AM,RFC,WEST,ATSI,OE,7695.139,True
12/14/2024 3:00:00 PM,12/14/2024 10:00:00 AM,RFC,WEST,ATSI,OE,7602.950,True
12/14/2024 4:00:00 PM,12/14/2024 11:00:00 AM,RFC,WEST,ATSI,OE,7498.017,True
12/14/2024 5:00:00 PM,12/14/2024 12:00:00 PM,RFC,WEST,ATSI,OE,7274.285,True
12/14/2024 6:00:00 PM,12/14/2024 1:00:00 PM,RFC,WEST,ATSI,OE,7079.077,True
12/14/2024 7:00:00 PM,12/14/2024 2:00:00 PM,RFC,WEST,ATSI,OE,7020.570,True
12/14/2024 8:00:00 PM,12/14/2024 3:00:00 PM,RFC,WEST,ATSI,OE,6929.648,True
12/14/2024 9:00:00 PM,12/14/2024 4:00:00 PM,RFC,WEST,ATSI,OE,7153.999,True
12/14/2024 10:00:00 PM,12/14/2024 5:00:00 PM,RFC,WEST,ATSI,OE,7533.726,True
12/14/2024 11:00:00 PM,12/14/2024 6:00:00 PM,RFC,WEST,ATSI,OE,7576.237,True
12/15/2024 12:00:00 AM,12/14/2024 7:00:00 PM,RFC,WEST,ATSI,OE,7485.737,True
12/15/2024 1:00:00 AM,12/14/2024 8:00:00 PM,RFC,WEST,ATSI,OE,7445.382,True
12/15/2024 2:00:00 AM,12/14/2024 9:00:00 PM,RFC,WEST,ATSI,OE,7311.742,True
12/15/2024 3:00:00 AM,12/14/2024 10:00:00 PM,RFC,WEST,ATSI,OE,7032.027,True
12/15/2024 4:00:00 AM,12/14/2024 11:00:00 PM,RFC,WEST,ATSI,OE,6777.881,True
12/15/2024 5:00:00 AM,12/15/2024 12:00:00 AM,RFC,WEST,ATSI,OE,6546.992,True
12/15/2024 6:00:00 AM,12/15/2024 1:00:00 AM,RFC,WEST,ATSI,OE,6304.711,True
12/15/2024 7:00:00 AM,12/15/2024 2:00:00 AM,RFC,WEST,ATSI,OE,6183.268,True
12/15/2024 8:00:00 AM,12/15/2024 3:00:00 AM,RFC,WEST,ATSI,OE,6139.778,True
12/15/2024 9:00:00 AM,12/15/2024 4:00:00 AM,RFC,WEST,ATSI,OE,6094.181,True
12/15/2024 10:00:00 AM,12/15/2024 5:00:00 AM,RFC,WEST,ATSI,OE,6221.309,True
12/15/2024 11:00:00 AM,12/15/2024 6:00:00 AM,RFC,WEST,ATSI,OE,6405.264,True
12/15/2024 12:00:00 PM,12/15/2024 7:00:00 AM,RFC,WEST,ATSI,OE,6679.685,True
12/15/2024 1:00:00 PM,12/15/2024 8:00:00 AM,RFC,WEST,ATSI,OE,6835.461,True
12/15/2024 2:00:00 PM,12/15/2024 9:00:00 AM,RFC,WEST,ATSI,OE,6975.178,True
12/15/2024 3:00:00 PM,12/15/2024 10:00:00 AM,RFC,WEST,ATSI,OE,7114.078,True
12/15/2024 4:00:00 PM,12/15/2024 11:00:00 AM,RFC,WEST,ATSI,OE,7146.703,True
12/15/2024 5:00:00 PM,12/15/2024 12:00:00 PM,RFC,WEST,ATSI,OE,7210.663,True
12/15/2024 6:00:00 PM,12/15/2024 1:00:00 PM,RFC,WEST,ATSI,OE,7222.848,True
12/15/2024 7:00:00 PM,12/15/2024 2:00:00 PM,RFC,WEST,ATSI,OE,7192.910,True
12/15/2024 8:00:00 PM,12/15/2024 3:00:00 PM,RFC,WEST,ATSI,OE,7198.644,True
12/15/2024 9:00:00 PM,12/15/2024 4:00:00 PM,RFC,WEST,ATSI,OE,7283.122,True
12/15/2024 10:00:00 PM,12/15/2024 5:00:00 PM,RFC,WEST,ATSI,OE,7485.514,True
12/15/2024 11:00:00 PM,12/15/2024 6:00:00 PM,RFC,WEST,ATSI,OE,7431.580,True
12/16/2024 12:00:00 AM,12/15/2024 7:00:00 PM,RFC,WEST,ATSI,OE,7295.530,True
12/16/2024 1:00:00 AM,12/15/2024 8:00:00 PM,RFC,WEST,ATSI,OE,7257.157,True
12/16/2024 2:00:00 AM,12/15/2024 9:00:00 PM,RFC,WEST,ATSI,OE,6983.834,True
12/16/2024 3:00:00 AM,12/15/2024 10:00:00 PM,RFC,WEST,ATSI,OE,6747.236,True
12/16/2024 4:00:00 AM,12/15/2024 11:00:00 PM,RFC,WEST,ATSI,OE,6455.633,True
12/16/2024 5:00:00 AM,12/16/2024 12:00:00 AM,RFC,WEST,ATSI,OE,6255.254,True
12/16/2024 6:00:00 AM,12/16/2024 1:00:00 AM,RFC,WEST,ATSI,OE,6053.543,True
12/16/2024 7:00:00 AM,12/16/2024 2:00:00 AM,RFC,WEST,ATSI,OE,6030.842,True
12/16/2024 8:00:00 AM,12/16/2024 3:00:00 AM,RFC,WEST,ATSI,OE,6014.165,True
12/16/2024 9:00:00 AM,12/16/2024 4:00:00 AM,RFC,WEST,ATSI,OE,6142.339,True
12/16/2024 10:00:00 AM,12/16/2024 5:00:00 AM,RFC,WEST,ATSI,OE,6470.288,True
12/16/2024 11:00:00 AM,12/16/2024 6:00:00 AM,RFC,WEST,ATSI,OE,6965.337,True
12/16/2024 12:00:00 PM,12/16/2024 7:00:00 AM,RFC,WEST,ATSI,OE,7386.182,True
12/16/2024 1:00:00 PM,12/16/2024 8:00:00 AM,RFC,WEST,ATSI,OE,7496.190,True
12/16/2024 2:00:00 PM,12/16/2024 9:00:00 AM,RFC,WEST,ATSI,OE,7521.129,True
12/16/2024 3:00:00 PM,12/16/2024 10:00:00 AM,RFC,WEST,ATSI,OE,7654.109,True
12/16/2024 4:00:00 PM,12/16/2024 11:00:00 AM,RFC,WEST,ATSI,OE,7648.567,True
12/16/2024 5:00:00 PM,12/16/2024 12:00:00 PM,RFC,WEST,ATSI,OE,7648.572,True
12/16/2024 6:00:00 PM,12/16/2024 1:00:00 PM,RFC,WEST,ATSI,OE,7699.082,True
12/16/2024 7:00:00 PM,12/16/2024 2:00:00 PM,RFC,WEST,ATSI,OE,7591.524,True
12/16/2024 8:00:00 PM,12/16/2024 3:00:00 PM,RFC,WEST,ATSI,OE,7545.322,True
12/16/2024 9:00:00 PM,12/16/2024 4:00:00 PM,RFC,WEST,ATSI,OE,7548.415,True
12/16/2024 10:00:00 PM,12/16/2024 5:00:00 PM,RFC,WEST,ATSI,OE,7684.234,True
12/16/2024 11:00:00 PM,12/16/2024 6:00:00 PM,RFC,WEST,ATSI,OE,7645.423,True
12/17/2024 12:00:00 AM,12/16/2024 7:00:00 PM,RFC,WEST,ATSI,OE,7564.803,True
12/17/2024 1:00:00 AM,12/16/2024 8:00:00 PM,RFC,WEST,ATSI,OE,7368.967,True
12/17/2024 2:00:00 AM,12/16/2024 9:00:00 PM,RFC,WEST,ATSI,OE,7133.932,True
12/17/2024 3:00:00 AM,12/16/2024 10:00:00 PM,RFC,WEST,ATSI,OE,6770.044,True
12/17/2024 4:00:00 AM,12/16/2024 11:00:00 PM,RFC,WEST,ATSI,OE,6412.609,True
12/17/2024 5:00:00 AM,12/17/2024 12:00:00 AM,RFC,WEST,ATSI,OE,6206.632,True
12/17/2024 6:00:00 AM,12/17/2024 1:00:00 AM,RFC,WEST,ATSI,OE,6057.726,True
12/17/2024 7:00:00 AM,12/17/2024 2:00:00 AM,RFC,WEST,ATSI,OE,6002.741,True
12/17/2024 8:00:00 AM,12/17/2024 3:00:00 AM,RFC,WEST,ATSI,OE,6037.501,True
12/17/2024 9:00:00 AM,12/17/2024 4:00:00 AM,RFC,WEST,ATSI,OE,6153.337,True
12/17/2024 10:00:00 AM,12/17/2024 5:00:00 AM,RFC,WEST,ATSI,OE,6455.004,True
12/17/2024 11:00:00 AM,12/17/2024 6:00:00 AM,RFC,WEST,ATSI,OE,7018.697,True
12/17/2024 12:00:00 PM,12/17/2024 7:00:00 AM,RFC,WEST,ATSI,OE,7438.141,True
12/17/2024 1:00:00 PM,12/17/2024 8:00:00 AM,RFC,WEST,ATSI,OE,7517.301,True
12/17/2024 2:00:00 PM,12/17/2024 9:00:00 AM,RFC,WEST,ATSI,OE,7462.177,True
12/17/2024 3:00:00 PM,12/17/2024 10:00:00 AM,RFC,WEST,ATSI,OE,7378.859,True
12/17/2024 4:00:00 PM,12/17/2024 11:00:00 AM,RFC,WEST,ATSI,OE,7358.832,True
12/17/2024 5:00:00 PM,12/17/2024 12:00:00 PM,RFC,WEST,ATSI,OE,7277.455,True
12/17/2024 6:00:00 PM,12/17/2024 1:00:00 PM,RFC,WEST,ATSI,OE,7267.947,True
12/17/2024 7:00:00 PM,12/17/2024 2:00:00 PM,RFC,WEST,ATSI,OE,7247.720,True
12/17/2024 8:00:00 PM,12/17/2024 3:00:00 PM,RFC,WEST,ATSI,OE,7257.203,True
12/17/2024 9:00:00 PM,12/17/2024 4:00:00 PM,RFC,WEST,ATSI,OE,7379.225,True
12/17/2024 10:00:00 PM,12/17/2024 5:00:00 PM,RFC,WEST,ATSI,OE,7675.035,True
12/17/2024 11:00:00 PM,12/17/2024 6:00:00 PM,RFC,WEST,ATSI,OE,7760.376,True
12/18/2024 12:00:00 AM,12/17/2024 7:00:00 PM,RFC,WEST,ATSI,OE,7729.005,True
12/18/2024 1:00:00 AM,12/17/2024 8:00:00 PM,RFC,WEST,ATSI,OE,7654.491,True
12/18/2024 2:00:00 AM,12/17/2024 9:00:00 PM,RFC,WEST,ATSI,OE,7500.360,True
12/18/2024 3:00:00 AM,12/17/2024 10:00:00 PM,RFC,WEST,ATSI,OE,7186.665,True
12/18/2024 4:00:00 AM,12/17/2024 11:00:00 PM,RFC,WEST,ATSI,OE,6826.014,True
12/18/2024 5:00:00 AM,12/18/2024 12:00:00 AM,RFC,WEST,ATSI,OE,6588.065,True
12/18/2024 6:00:00 AM,12/18/2024 1:00:00 AM,RFC,WEST,ATSI,OE,6488.781,True
12/18/2024 7:00:00 AM,12/18/2024 2:00:00 AM,RFC,WEST,ATSI,OE,6333.892,True
12/18/2024 8:00:00 AM,12/18/2024 3:00:00 AM,RFC,WEST,ATSI,OE,6277.150,True
12/18/2024 9:00:00 AM,12/18/2024 4:00:00 AM,RFC,WEST,ATSI,OE,6387.055,True
12/18/2024 10:00:00 AM,12/18/2024 5:00:00 AM,RFC,WEST,ATSI,OE,6666.937,True
12/18/2024 11:00:00 AM,12/18/2024 6:00:00 AM,RFC,WEST,ATSI,OE,7143.877,True
12/18/2024 12:00:00 PM,12/18/2024 7:00:00 AM,RFC,WEST,ATSI,OE,7564.326,True
12/18/2024 1:00:00 PM,12/18/2024 8:00:00 AM,RFC,WEST,ATSI,OE,7661.327,True
12/18/2024 2:00:00 PM,12/18/2024 9:00:00 AM,RFC,WEST,ATSI,OE,7736.095,True
12/18/2024 3:00:00 PM,12/18/2024 10:00:00 AM,RFC,WEST,ATSI,OE,7810.090,True
12/18/2024 4:00:00 PM,12/18/2024 11:00:00 AM,RFC,WEST,ATSI,OE,7795.991,True
12/18/2024 5:00:00 PM,12/18/2024 12:00:00 PM,RFC,WEST,ATSI,OE,7750.239,True
12/18/2024 6:00:00 PM,12/18/2024 1:00:00 PM,RFC,WEST,ATSI,OE,7754.477,True
12/18/2024 7:00:00 PM,12/18/2024 2:00:00 PM,RFC,WEST,ATSI,OE,7672.294,True
12/18/2024 8:00:00 PM,12/18/2024 3:00:00 PM,RFC,WEST,ATSI,OE,7644.156,True
12/18/2024 9:00:00 PM,12/18/2024 4:00:00 PM,RFC,WEST,ATSI,OE,7741.961,True
12/18/2024 10:00:00 PM,12/18/2024 5:00:00 PM,RFC,WEST,ATSI,OE,7980.005,True
12/18/2024 11:00:00 PM,12/18/2024 6:00:00 PM,RFC,WEST,ATSI,OE,7929.249,True
12/19/2024 12:00:00 AM,12/18/2024 7:00:00 PM,RFC,WEST,ATSI,OE,7908.637,True
12/19/2024 1:00:00 AM,12/18/2024 8:00:00 PM,RFC,WEST,ATSI,OE,7833.187,True
12/19/2024 2:00:00 AM,12/18/2024 9:00:00 PM,RFC,WEST,ATSI,OE,7617.737,True
12/19/2024 3:00:00 AM,12/18/2024 10:00:00 PM,RFC,WEST,ATSI,OE,7324.874,True
12/19/2024 4:00:00 AM,12/18/2024 11:00:00 PM,RFC,WEST,ATSI,OE,7016.910,True
12/19/2024 5:00:00 AM,12/19/2024 12:00:00 AM,RFC,WEST,ATSI,OE,6705.538,True
12/19/2024 6:00:00 AM,12/19/2024 1:00:00 AM,RFC,WEST,ATSI,OE,6586.647,True
12/19/2024 7:00:00 AM,12/19/2024 2:00:00 AM,RFC,WEST,ATSI,OE,6540.026,True
12/19/2024 8:00:00 AM,12/19/2024 3:00:00 AM,RFC,WEST,ATSI,OE,6548.063,True
12/19/2024 9:00:00 AM,12/19/2024 4:00:00 AM,RFC,WEST,ATSI,OE,6633.104,True
12/19/2024 10:00:00 AM,12/19/2024 5:00:00 AM,RFC,WEST,ATSI,OE,6812.039,True
12/19/2024 11:00:00 AM,12/19/2024 6:00:00 AM,RFC,WEST,ATSI,OE,7382.702,True
12/19/2024 12:00:00 PM,12/19/2024 7:00:00 AM,RFC,WEST,ATSI,OE,7879.712,True
12/19/2024 1:00:00 PM,12/19/2024 8:00:00 AM,RFC,WEST,ATSI,OE,7955.574,True
12/19/2024 2:00:00 PM,12/19/2024 9:00:00 AM,RFC,WEST,ATSI,OE,8016.325,True
12/19/2024 3:00:00 PM,12/19/2024 10:00:00 AM,RFC,WEST,ATSI,OE,8066.291,True
12/19/2024 4:00:00 PM,12/19/2024 11:00:00 AM,RFC,WEST,ATSI,OE,8053.949,True
12/19/2024 5:00:00 PM,12/19/2024 12:00:00 PM,RFC,WEST,ATSI,OE,7971.902,True
12/19/2024 6:00:00 PM,12/19/2024 1:00:00 PM,RFC,WEST,ATSI,OE,7941.343,True
12/19/2024 7:00:00 PM,12/19/2024 2:00:00 PM,RFC,WEST,ATSI,OE,7947.686,True
12/19/2024 8:00:00 PM,12/19/2024 3:00:00 PM,RFC,WEST,ATSI,OE,7787.658,True
12/19/2024 9:00:00 PM,12/19/2024 4:00:00 PM,RFC,WEST,ATSI,OE,7972.646,True
12/19/2024 10:00:00 PM,12/19/2024 5:00:00 PM,RFC,WEST,ATSI,OE,8199.570,True
12/19/2024 11:00:00 PM,12/19/2024 6:00:00 PM,RFC,WEST,ATSI,OE,8133.559,True
12/20/2024 12:00:00 AM,12/19/2024 7:00:00 PM,RFC,WEST,ATSI,OE,8095.897,True
12/20/2024 1:00:00 AM,12/19/2024 8:00:00 PM,RFC,WEST,ATSI,OE,7955.155,True
12/20/2024 2:00:00 AM,12/19/2024 9:00:00 PM,RFC,WEST,ATSI,OE,7738.879,True
12/20/2024 3:00:00 AM,12/19/2024 10:00:00 PM,RFC,WEST,ATSI,OE,7380.427,True
12/20/2024 4:00:00 AM,12/19/2024 11:00:00 PM,RFC,WEST,ATSI,OE,7025.044,True
12/20/2024 5:00:00 AM,12/20/2024 12:00:00 AM,RFC,WEST,ATSI,OE,6800.051,True
12/20/2024 6:00:00 AM,12/20/2024 1:00:00 AM,RFC,WEST,ATSI,OE,6628.792,True
12/20/2024 7:00:00 AM,12/20/2024 2:00:00 AM,RFC,WEST,ATSI,OE,6515.834,True
12/20/2024 8:00:00 AM,12/20/2024 3:00:00 AM,RFC,WEST,ATSI,OE,6511.703,True
12/20/2024 9:00:00 AM,12/20/2024 4:00:00 AM,RFC,WEST,ATSI,OE,6641.541,True
12/20/2024 10:00:00 AM,12/20/2024 5:00:00 AM,RFC,WEST,ATSI,OE,6856.182,True
12/20/2024 11:00:00 AM,12/20/2024 6:00:00 AM,RFC,WEST,ATSI,OE,7300.753,True
12/20/2024 12:00:00 PM,12/20/2024 7:00:00 AM,RFC,WEST,ATSI,OE,7766.961,True
12/20/2024 1:00:00 PM,12/20/2024 8:00:00 AM,RFC,WEST,ATSI,OE,7906.283,True
12/20/2024 2:00:00 PM,12/20/2024 9:00:00 AM,RFC,WEST,ATSI,OE,7965.636,True
12/20/2024 3:00:00 PM,12/20/2024 10:00:00 AM,RFC,WEST,ATSI,OE,8052.037,True
12/20/2024 4:00:00 PM,12/20/2024 11:00:00 AM,RFC,WEST,ATSI,OE,7971.444,True
12/20/2024 5:00:00 PM,12/20/2024 12:00:00 PM,RFC,WEST,ATSI,OE,8011.892,True
12/20/2024 6:00:00 PM,12/20/2024 1:00:00 PM,RFC,WEST,ATSI,OE,8007.975,True
12/20/2024 7:00:00 PM,12/20/2024 2:00:00 PM,RFC,WEST,ATSI,OE,7900.196,True
12/20/2024 8:00:00 PM,12/20/2024 3:00:00 PM,RFC,WEST,ATSI,OE,7834.563,True
12/20/2024 9:00:00 PM,12/20/2024 4:00:00 PM,RFC,WEST,ATSI,OE,7925.947,True
12/20/2024 10:00:00 PM,12/20/2024 5:00:00 PM,RFC,WEST,ATSI,OE,8098.922,True
12/20/2024 11:00:00 PM,12/20/2024 6:00:00 PM,RFC,WEST,ATSI,OE,8060.796,True
12/21/2024 12:00:00 AM,12/20/2024 7:00:00 PM,RFC,WEST,ATSI,OE,7916.632,True
12/21/2024 1:00:00 AM,12/20/2024 8:00:00 PM,RFC,WEST,ATSI,OE,7866.066,True
12/21/2024 2:00:00 AM,12/20/2024 9:00:00 PM,RFC,WEST,ATSI,OE,7697.272,True
12/21/2024 3:00:00 AM,12/20/2024 10:00:00 PM,RFC,WEST,ATSI,OE,7402.562,True
12/21/2024 4:00:00 AM,12/20/2024 11:00:00 PM,RFC,WEST,ATSI,OE,7082.796,True
12/21/2024 5:00:00 AM,12/21/2024 12:00:00 AM,RFC,WEST,ATSI,OE,6858.169,True
12/21/2024 6:00:00 AM,12/21/2024 1:00:00 AM,RFC,WEST,ATSI,OE,6633.887,True
12/21/2024 7:00:00 AM,12/21/2024 2:00:00 AM,RFC,WEST,ATSI,OE,6597.481,True
12/21/2024 8:00:00 AM,12/21/2024 3:00:00 AM,RFC,WEST,ATSI,OE,6619.250,True
12/21/2024 9:00:00 AM,12/21/2024 4:00:00 AM,RFC,WEST,ATSI,OE,6635.378,True
12/21/2024 10:00:00 AM,12/21/2024 5:00:00 AM,RFC,WEST,ATSI,OE,6758.016,True
12/21/2024 11:00:00 AM,12/21/2024 6:00:00 AM,RFC,WEST,ATSI,OE,6965.843,True
12/21/2024 12:00:00 PM,12/21/2024 7:00:00 AM,RFC,WEST,ATSI,OE,7271.017,True
12/21/2024 1:00:00 PM,12/21/2024 8:00:00 AM,RFC,WEST,ATSI,OE,7468.620,True
12/21/2024 2:00:00 PM,12/21/2024 9:00:00 AM,RFC,WEST,ATSI,OE,7620.559,True
12/21/2024 3:00:00 PM,12/21/2024 10:00:00 AM,RFC,WEST,ATSI,OE,7664.081,True
12/21/2024 4:00:00 PM,12/21/2024 11:00:00 AM,RFC,WEST,ATSI,OE,7630.675,True
12/21/2024 5:00:00 PM,12/21/2024 12:00:00 PM,RFC,WEST,ATSI,OE,7657.587,True
12/21/2024 6:00:00 PM,12/21/2024 1:00:00 PM,RFC,WEST,ATSI,OE,7591.109,True
12/21/2024 7:00:00 PM,12/21/2024 2:00:00 PM,RFC,WEST,ATSI,OE,7581.434,True
12/21/2024 8:00:00 PM,12/21/2024 3:00:00 PM,RFC,WEST,ATSI,OE,7606.820,True
12/21/2024 9:00:00 PM,12/21/2024 4:00:00 PM,RFC,WEST,ATSI,OE,7799.014,True
12/21/2024 10:00:00 PM,12/21/2024 5:00:00 PM,RFC,WEST,ATSI,OE,8066.653,True
12/21/2024 11:00:00 PM,12/21/2024 6:00:00 PM,RFC,WEST,ATSI,OE,8075.357,True
12/22/2024 12:00:00 AM,12/21/2024 7:00:00 PM,RFC,WEST,ATSI,OE,7939.419,True
12/22/2024 1:00:00 AM,12/21/2024 8:00:00 PM,RFC,WEST,ATSI,OE,7903.740,True
12/22/2024 2:00:00 AM,12/21/2024 9:00:00 PM,RFC,WEST,ATSI,OE,7745.866,True
12/22/2024 3:00:00 AM,12/21/2024 10:00:00 PM,RFC,WEST,ATSI,OE,7518.563,True
12/22/2024 4:00:00 AM,12/21/2024 11:00:00 PM,RFC,WEST,ATSI,OE,7238.957,True
12/22/2024 5:00:00 AM,12/22/2024 12:00:00 AM,RFC,WEST,ATSI,OE,6997.671,True
12/22/2024 6:00:00 AM,12/22/2024 1:00:00 AM,RFC,WEST,ATSI,OE,6845.362,True
12/22/2024 7:00:00 AM,12/22/2024 2:00:00 AM,RFC,WEST,ATSI,OE,6762.502,True
12/22/2024 8:00:00 AM,12/22/2024 3:00:00 AM,RFC,WEST,ATSI,OE,6738.384,True
12/22/2024 9:00:00 AM,12/22/2024 4:00:00 AM,RFC,WEST,ATSI,OE,6771.919,True
12/22/2024 10:00:00 AM,12/22/2024 5:00:00 AM,RFC,WEST,ATSI,OE,6896.841,True
12/22/2024 11:00:00 AM,12/22/2024 6:00:00 AM,RFC,WEST,ATSI,OE,7040.494,True
12/22/2024 12:00:00 PM,12/22/2024 7:00:00 AM,RFC,WEST,ATSI,OE,7257.100,True
12/22/2024 1:00:00 PM,12/22/2024 8:00:00 AM,RFC,WEST,ATSI,OE,7433.526,True
12/22/2024 2:00:00 PM,12/22/2024 9:00:00 AM,RFC,WEST,ATSI,OE,7504.019,True
12/22/2024 3:00:00 PM,12/22/2024 10:00:00 AM,RFC,WEST,ATSI,OE,7415.094,True
12/22/2024 4:00:00 PM,12/22/2024 11:00:00 AM,RFC,WEST,ATSI,OE,7342.355,True
12/22/2024 5:00:00 PM,12/22/2024 12:00:00 PM,RFC,WEST,ATSI,OE,7261.699,True
12/22/2024 6:00:00 PM,12/22/2024 1:00:00 PM,RFC,WEST,ATSI,OE,7235.803,True
12/22/2024 7:00:00 PM,12/22/2024 2:00:00 PM,RFC,WEST,ATSI,OE,7189.299,True
12/22/2024 8:00:00 PM,12/22/2024 3:00:00 PM,RFC,WEST,ATSI,OE,7259.415,True
12/22/2024 9:00:00 PM,12/22/2024 4:00:00 PM,RFC,WEST,ATSI,OE,7449.075,True
12/22/2024 10:00:00 PM,12/22/2024 5:00:00 PM,RFC,WEST,ATSI,OE,7879.302,True
12/22/2024 11:00:00 PM,12/22/2024 6:00:00 PM,RFC,WEST,ATSI,OE,7927.924,True
12/23/2024 12:00:00 AM,12/22/2024 7:00:00 PM,RFC,WEST,ATSI,OE,7985.999,True
12/23/2024 1:00:00 AM,12/22/2024 8:00:00 PM,RFC,WEST,ATSI,OE,7962.758,True
12/23/2024 2:00:00 AM,12/22/2024 9:00:00 PM,RFC,WEST,ATSI,OE,7789.850,True
12/23/2024 3:00:00 AM,12/22/2024 10:00:00 PM,RFC,WEST,ATSI,OE,7553.671,True
12/23/2024 4:00:00 AM,12/22/2024 11:00:00 PM,RFC,WEST,ATSI,OE,7169.357,True
12/23/2024 5:00:00 AM,12/23/2024 12:00:00 AM,RFC,WEST,ATSI,OE,7010.344,True
12/23/2024 6:00:00 AM,12/23/2024 1:00:00 AM,RFC,WEST,ATSI,OE,6891.760,True
12/23/2024 7:00:00 AM,12/23/2024 2:00:00 AM,RFC,WEST,ATSI,OE,6881.506,True
12/23/2024 8:00:00 AM,12/23/2024 3:00:00 AM,RFC,WEST,ATSI,OE,6901.340,True
12/23/2024 9:00:00 AM,12/23/2024 4:00:00 AM,RFC,WEST,ATSI,OE,6864.911,True
12/23/2024 10:00:00 AM,12/23/2024 5:00:00 AM,RFC,WEST,ATSI,OE,7159.771,True
12/23/2024 11:00:00 AM,12/23/2024 6:00:00 AM,RFC,WEST,ATSI,OE,7487.752,True
12/23/2024 12:00:00 PM,12/23/2024 7:00:00 AM,RFC,WEST,ATSI,OE,7862.770,True
12/23/2024 1:00:00 PM,12/23/2024 8:00:00 AM,RFC,WEST,ATSI,OE,7979.384,True
12/23/2024 2:00:00 PM,12/23/2024 9:00:00 AM,RFC,WEST,ATSI,OE,8070.266,True
12/23/2024 3:00:00 PM,12/23/2024 10:00:00 AM,RFC,WEST,ATSI,OE,8074.097,True
12/23/2024 4:00:00 PM,12/23/2024 11:00:00 AM,RFC,WEST,ATSI,OE,7942.663,True
12/23/2024 5:00:00 PM,12/23/2024 12:00:00 PM,RFC,WEST,ATSI,OE,7851.588,True
12/23/2024 6:00:00 PM,12/23/2024 1:00:00 PM,RFC,WEST,ATSI,OE,7841.144,True
12/23/2024 7:00:00 PM,12/23/2024 2:00:00 PM,RFC,WEST,ATSI,OE,7768.535,True
12/23/2024 8:00:00 PM,12/23/2024 3:00:00 PM,RFC,WEST,ATSI,OE,7646.076,True
12/23/2024 9:00:00 PM,12/23/2024 4:00:00 PM,RFC,WEST,ATSI,OE,7673.200,True
12/23/2024 10:00:00 PM,12/23/2024 5:00:00 PM,RFC,WEST,ATSI,OE,7861.749,True
12/23/2024 11:00:00 PM,12/23/2024 6:00:00 PM,RFC,WEST,ATSI,OE,7841.996,True
12/24/2024 12:00:00 AM,12/23/2024 7:00:00 PM,RFC,WEST,ATSI,OE,7748.780,True
12/24/2024 1:00:00 AM,12/23/2024 8:00:00 PM,RFC,WEST,ATSI,OE,7588.485,True
12/24/2024 2:00:00 AM,12/23/2024 9:00:00 PM,RFC,WEST,ATSI,OE,7336.944,True
12/24/2024 3:00:00 AM,12/23/2024 10:00:00 PM,RFC,WEST,ATSI,OE,7066.173,True
12/24/2024 4:00:00 AM,12/23/2024 11:00:00 PM,RFC,WEST,ATSI,OE,6715.769,True
12/24/2024 5:00:00 AM,12/24/2024 12:00:00 AM,RFC,WEST,ATSI,OE,6406.304,True
12/24/2024 6:00:00 AM,12/24/2024 1:00:00 AM,RFC,WEST,ATSI,OE,6201.803,True
12/24/2024 7:00:00 AM,12/24/2024 2:00:00 AM,RFC,WEST,ATSI,OE,6074.343,True
12/24/2024 8:00:00 AM,12/24/2024 3:00:00 AM,RFC,WEST,ATSI,OE,5922.000,True
12/24/2024 9:00:00 AM,12/24/2024 4:00:00 AM,RFC,WEST,ATSI,OE,5989.955,True
12/24/2024 10:00:00 AM,12/24/2024 5:00:00 AM,RFC,WEST,ATSI,OE,6053.597,True
12/24/2024 11:00:00 AM,12/24/2024 6:00:00 AM,RFC,WEST,ATSI,OE,6242.060,True
12/24/2024 12:00:00 PM,12/24/2024 7:00:00 AM,RFC,WEST,ATSI,OE,6568.996,True
12/24/2024 1:00:00 PM,12/24/2024 8:00:00 AM,RFC,WEST,ATSI,OE,6716.333,True
12/24/2024 2:00:00 PM,12/24/2024 9:00:00 AM,RFC,WEST,ATSI,OE,6943.006,True
12/24/2024 3:00:00 PM,12/24/2024 10:00:00 AM,RFC,WEST,ATSI,OE,7060.865,True
12/24/2024 4:00:00 PM,12/24/2024 11:00:00 AM,RFC,WEST,ATSI,OE,6968.238,True
12/24/2024 5:00:00 PM,12/24/2024 12:00:00 PM,RFC,WEST,ATSI,OE,6937.145,True
12/24/2024 6:00:00 PM,12/24/2024 1:00:00 PM,RFC,WEST,ATSI,OE,6891.710,True
12/24/2024 7:00:00 PM,12/24/2024 2:00:00 PM,RFC,WEST,ATSI,OE,6877.230,True
12/24/2024 8:00:00 PM,12/24/2024 3:00:00 PM,RFC,WEST,ATSI,OE,6896.146,True
12/24/2024 9:00:00 PM,12/24/2024 4:00:00 PM,RFC,WEST,ATSI,OE,6866.921,True
12/24/2024 10:00:00 PM,12/24/2024 5:00:00 PM,RFC,WEST,ATSI,OE,6982.266,True
12/24/2024 11:00:00 PM,12/24/2024 6:00:00 PM,RFC,WEST,ATSI,OE,6841.542,True
12/25/2024 12:00:00 AM,12/24/2024 7:00:00 PM,RFC,WEST,ATSI,OE,6674.343,True
12/25/2024 1:00:00 AM,12/24/2024 8:00:00 PM,RFC,WEST,ATSI,OE,6669.195,True
12/25/2024 2:00:00 AM,12/24/2024 9:00:00 PM,RFC,WEST,ATSI,OE,6619.028,True
12/25/2024 3:00:00 AM,12/24/2024 10:00:00 PM,RFC,WEST,ATSI,OE,6488.041,True
12/25/2024 4:00:00 AM,12/24/2024 11:00:00 PM,RFC,WEST,ATSI,OE,6266.778,True
12/25/2024 5:00:00 AM,12/25/2024 12:00:00 AM,RFC,WEST,ATSI,OE,6054.401,True
12/25/2024 6:00:00 AM,12/25/2024 1:00:00 AM,RFC,WEST,ATSI,OE,5882.781,True
12/25/2024 7:00:00 AM,12/25/2024 2:00:00 AM,RFC,WEST,ATSI,OE,5805.665,True
12/25/2024 8:00:00 AM,12/25/2024 3:00:00 AM,RFC,WEST,ATSI,OE,5768.951,True
12/25/2024 9:00:00 AM,12/25/2024 4:00:00 AM,RFC,WEST,ATSI,OE,5792.341,True
12/25/2024 10:00:00 AM,12/25/2024 5:00:00 AM,RFC,WEST,ATSI,OE,5852.719,True
12/25/2024 11:00:00 AM,12/25/2024 6:00:00 AM,RFC,WEST,ATSI,OE,6007.842,True
12/25/2024 12:00:00 PM,12/25/2024 7:00:00 AM,RFC,WEST,ATSI,OE,6148.199,True
12/25/2024 1:00:00 PM,12/25/2024 8:00:00 AM,RFC,WEST,ATSI,OE,6344.408,True
12/25/2024 2:00:00 PM,12/25/2024 9:00:00 AM,RFC,WEST,ATSI,OE,6468.616,True
12/25/2024 3:00:00 PM,12/25/2024 10:00:00 AM,RFC,WEST,ATSI,OE,6570.880,True
12/25/2024 4:00:00 PM,12/25/2024 11:00:00 AM,RFC,WEST,ATSI,OE,6542.671,True
12/25/2024 5:00:00 PM,12/25/2024 12:00:00 PM,RFC,WEST,ATSI,OE,6573.048,True
12/25/2024 6:00:00 PM,12/25/2024 1:00:00 PM,RFC,WEST,ATSI,OE,6511.907,True
12/25/2024 7:00:00 PM,12/25/2024 2:00:00 PM,RFC,WEST,ATSI,OE,6384.054,True
12/25/2024 8:00:00 PM,12/25/2024 3:00:00 PM,RFC,WEST,ATSI,OE,6388.361,True
12/25/2024 9:00:00 PM,12/25/2024 4:00:00 PM,RFC,WEST,ATSI,OE,6441.479,True
12/25/2024 10:00:00 PM,12/25/2024 5:00:00 PM,RFC,WEST,ATSI,OE,6528.829,True
12/25/2024 11:00:00 PM,12/25/2024 6:00:00 PM,RFC,WEST,ATSI,OE,6590.608,True
12/26/2024 12:00:00 AM,12/25/2024 7:00:00 PM,RFC,WEST,ATSI,OE,6560.679,True
12/26/2024 1:00:00 AM,12/25/2024 8:00:00 PM,RFC,WEST,ATSI,OE,6480.871,True
12/26/2024 2:00:00 AM,12/25/2024 9:00:00 PM,RFC,WEST,ATSI,OE,6409.877,True
12/26/2024 3:00:00 AM,12/25/2024 10:00:00 PM,RFC,WEST,ATSI,OE,6247.448,True
12/26/2024 4:00:00 AM,12/25/2024 11:00:00 PM,RFC,WEST,ATSI,OE,6022.445,True
12/26/2024 5:00:00 AM,12/26/2024 12:00:00 AM,RFC,WEST,ATSI,OE,5832.924,True
12/26/2024 6:00:00 AM,12/26/2024 1:00:00 AM,RFC,WEST,ATSI,OE,5668.293,True
12/26/2024 7:00:00 AM,12/26/2024 2:00:00 AM,RFC,WEST,ATSI,OE,5664.219,True
12/26/2024 8:00:00 AM,12/26/2024 3:00:00 AM,RFC,WEST,ATSI,OE,5648.008,True
12/26/2024 9:00:00 AM,12/26/2024 4:00:00 AM,RFC,WEST,ATSI,OE,5713.892,True
12/26/2024 10:00:00 AM,12/26/2024 5:00:00 AM,RFC,WEST,ATSI,OE,5968.806,True
12/26/2024 11:00:00 AM,12/26/2024 6:00:00 AM,RFC,WEST,ATSI,OE,6272.826,True
12/26/2024 12:00:00 PM,12/26/2024 7:00:00 AM,RFC,WEST,ATSI,OE,6627.378,True
12/26/2024 1:00:00 PM,12/26/2024 8:00:00 AM,RFC,WEST,ATSI,OE,6842.963,True
12/26/2024 2:00:00 PM,12/26/2024 9:00:00 AM,RFC,WEST,ATSI,OE,6942.099,True
12/26/2024 3:00:00 PM,12/26/2024 10:00:00 AM,RFC,WEST,ATSI,OE,7087.569,True
12/26/2024 4:00:00 PM,12/26/2024 11:00:00 AM,RFC,WEST,ATSI,OE,7148.592,True
12/26/2024 5:00:00 PM,12/26/2024 12:00:00 PM,RFC,WEST,ATSI,OE,7130.289,True
12/26/2024 6:00:00 PM,12/26/2024 1:00:00 PM,RFC,WEST,ATSI,OE,7054.530,True
12/26/2024 7:00:00 PM,12/26/2024 2:00:00 PM,RFC,WEST,ATSI,OE,6973.321,True
12/26/2024 8:00:00 PM,12/26/2024 3:00:00 PM,RFC,WEST,ATSI,OE,7003.141,True
12/26/2024 9:00:00 PM,12/26/2024 4:00:00 PM,RFC,WEST,ATSI,OE,6995.152,True
12/26/2024 10:00:00 PM,12/26/2024 5:00:00 PM,RFC,WEST,ATSI,OE,7289.894,True
12/26/2024 11:00:00 PM,12/26/2024 6:00:00 PM,RFC,WEST,ATSI,OE,7313.244,True
12/27/2024 12:00:00 AM,12/26/2024 7:00:00 PM,RFC,WEST,ATSI,OE,7175.994,True
12/27/2024 1:00:00 AM,12/26/2024 8:00:00 PM,RFC,WEST,ATSI,OE,7087.268,True
12/27/2024 2:00:00 AM,12/26/2024 9:00:00 PM,RFC,WEST,ATSI,OE,6878.053,True
12/27/2024 3:00:00 AM,12/26/2024 10:00:00 PM,RFC,WEST,ATSI,OE,6632.293,True
12/27/2024 4:00:00 AM,12/26/2024 11:00:00 PM,RFC,WEST,ATSI,OE,6346.420,True
12/27/2024 5:00:00 AM,12/27/2024 12:00:00 AM,RFC,WEST,ATSI,OE,6108.790,True
12/27/2024 6:00:00 AM,12/27/2024 1:00:00 AM,RFC,WEST,ATSI,OE,5992.535,True
12/27/2024 7:00:00 AM,12/27/2024 2:00:00 AM,RFC,WEST,ATSI,OE,5921.592,True
12/27/2024 8:00:00 AM,12/27/2024 3:00:00 AM,RFC,WEST,ATSI,OE,5849.269,True
12/27/2024 9:00:00 AM,12/27/2024 4:00:00 AM,RFC,WEST,ATSI,OE,5976.834,True
12/27/2024 10:00:00 AM,12/27/2024 5:00:00 AM,RFC,WEST,ATSI,OE,6166.435,True
12/27/2024 11:00:00 AM,12/27/2024 6:00:00 AM,RFC,WEST,ATSI,OE,6527.995,True
12/27/2024 12:00:00 PM,12/27/2024 7:00:00 AM,RFC,WEST,ATSI,OE,6821.269,True
12/27/2024 1:00:00 PM,12/27/2024 8:00:00 AM,RFC,WEST,ATSI,OE,6953.288,True
12/27/2024 2:00:00 PM,12/27/2024 9:00:00 AM,RFC,WEST,ATSI,OE,7076.218,True
12/27/2024 3:00:00 PM,12/27/2024 10:00:00 AM,RFC,WEST,ATSI,OE,7079.658,True
12/27/2024 4:00:00 PM,12/27/2024 11:00:00 AM,RFC,WEST,ATSI,OE,6964.684,True
12/27/2024 5:00:00 PM,12/27/2024 12:00:00 PM,RFC,WEST,ATSI,OE,6938.023,True
12/27/2024 6:00:00 PM,12/27/2024 1:00:00 PM,RFC,WEST,ATSI,OE,6920.423,True
12/27/2024 7:00:00 PM,12/27/2024 2:00:00 PM,RFC,WEST,ATSI,OE,6905.977,True
12/27/2024 8:00:00 PM,12/27/2024 3:00:00 PM,RFC,WEST,ATSI,OE,6864.868,True
12/27/2024 9:00:00 PM,12/27/2024 4:00:00 PM,RFC,WEST,ATSI,OE,6971.539,True
12/27/2024 10:00:00 PM,12/27/2024 5:00:00 PM,RFC,WEST,ATSI,OE,7234.384,True
12/27/2024 11:00:00 PM,12/27/2024 6:00:00 PM,RFC,WEST,ATSI,OE,7179.044,True
12/28/2024 12:00:00 AM,12/27/2024 7:00:00 PM,RFC,WEST,ATSI,OE,7039.130,True
12/28/2024 1:00:00 AM,12/27/2024 8:00:00 PM,RFC,WEST,ATSI,OE,6886.177,True
12/28/2024 2:00:00 AM,12/27/2024 9:00:00 PM,RFC,WEST,ATSI,OE,6730.951,True
12/28/2024 3:00:00 AM,12/27/2024 10:00:00 PM,RFC,WEST,ATSI,OE,6491.302,True
12/28/2024 4:00:00 AM,12/27/2024 11:00:00 PM,RFC,WEST,ATSI,OE,6169.388,True
12/28/2024 5:00:00 AM,12/28/2024 12:00:00 AM,RFC,WEST,ATSI,OE,5873.530,True
12/28/2024 6:00:00 AM,12/28/2024 1:00:00 AM,RFC,WEST,ATSI,OE,5732.509,True
12/28/2024 7:00:00 AM,12/28/2024 2:00:00 AM,RFC,WEST,ATSI,OE,5586.603,True
12/28/2024 8:00:00 AM,12/28/2024 3:00:00 AM,RFC,WEST,ATSI,OE,5550.857,True
12/28/2024 9:00:00 AM,12/28/2024 4:00:00 AM,RFC,WEST,ATSI,OE,5549.883,True
12/28/2024 10:00:00 AM,12/28/2024 5:00:00 AM,RFC,WEST,ATSI,OE,5604.765,True
12/28/2024 11:00:00 AM,12/28/2024 6:00:00 AM,RFC,WEST,ATSI,OE,5733.816,True
12/28/2024 12:00:00 PM,12/28/2024 7:00:00 AM,RFC,WEST,ATSI,OE,5838.136,True
12/28/2024 1:00:00 PM,12/28/2024 8:00:00 AM,RFC,WEST,ATSI,OE,6003.423,True
12/28/2024 2:00:00 PM,12/28/2024 9:00:00 AM,RFC,WEST,ATSI,OE,6234.312,True
12/28/2024 3:00:00 PM,12/28/2024 10:00:00 AM,RFC,WEST,ATSI,OE,6277.319,True
12/28/2024 4:00:00 PM,12/28/2024 11:00:00 AM,RFC,WEST,ATSI,OE,6361.342,True
12/28/2024 5:00:00 PM,12/28/2024 12:00:00 PM,RFC,WEST,ATSI,OE,6302.800,True
12/28/2024 6:00:00 PM,12/28/2024 1:00:00 PM,RFC,WEST,ATSI,OE,6262.073,True
12/28/2024 7:00:00 PM,12/28/2024 2:00:00 PM,RFC,WEST,ATSI,OE,6248.088,True
12/28/2024 8:00:00 PM,12/28/2024 3:00:00 PM,RFC,WEST,ATSI,OE,6161.075,True
12/28/2024 9:00:00 PM,12/28/2024 4:00:00 PM,RFC,WEST,ATSI,OE,6325.194,True
12/28/2024 10:00:00 PM,12/28/2024 5:00:00 PM,RFC,WEST,ATSI,OE,6582.007,True
12/28/2024 11:00:00 PM,12/28/2024 6:00:00 PM,RFC,WEST,ATSI,OE,6601.881,True
12/29/2024 12:00:00 AM,12/28/2024 7:00:00 PM,RFC,WEST,ATSI,OE,6517.540,True
12/29/2024 1:00:00 AM,12/28/2024 8:00:00 PM,RFC,WEST,ATSI,OE,6456.831,True
12/29/2024 2:00:00 AM,12/28/2024 9:00:00 PM,RFC,WEST,ATSI,OE,6257.854,True
12/29/2024 3:00:00 AM,12/28/2024 10:00:00 PM,RFC,WEST,ATSI,OE,6012.129,True
12/29/2024 4:00:00 AM,12/28/2024 11:00:00 PM,RFC,WEST,ATSI,OE,5867.060,True
12/29/2024 5:00:00 AM,12/29/2024 12:00:00 AM,RFC,WEST,ATSI,OE,5598.745,True
12/29/2024 6:00:00 AM,12/29/2024 1:00:00 AM,RFC,WEST,ATSI,OE,5476.093,True
12/29/2024 7:00:00 AM,12/29/2024 2:00:00 AM,RFC,WEST,ATSI,OE,5384.001,True
12/29/2024 8:00:00 AM,12/29/2024 3:00:00 AM,RFC,WEST,ATSI,OE,5257.282,True
12/29/2024 9:00:00 AM,12/29/2024 4:00:00 AM,RFC,WEST,ATSI,OE,5316.492,True
12/29/2024 10:00:00 AM,12/29/2024 5:00:00 AM,RFC,WEST,ATSI,OE,5393.462,True
12/29/2024 11:00:00 AM,12/29/2024 6:00:00 AM,RFC,WEST,ATSI,OE,5595.180,True
12/29/2024 12:00:00 PM,12/29/2024 7:00:00 AM,RFC,WEST,ATSI,OE,5762.767,True
12/29/2024 1:00:00 PM,12/29/2024 8:00:00 AM,RFC,WEST,ATSI,OE,5988.814,True
12/29/2024 2:00:00 PM,12/29/2024 9:00:00 AM,RFC,WEST,ATSI,OE,6143.055,True
12/29/2024 3:00:00 PM,12/29/2024 10:00:00 AM,RFC,WEST,ATSI,OE,6237.505,True
12/29/2024 4:00:00 PM,12/29/2024 11:00:00 AM,RFC,WEST,ATSI,OE,6324.181,True
12/29/2024 5:00:00 PM,12/29/2024 12:00:00 PM,RFC,WEST,ATSI,OE,6366.985,True
12/29/2024 6:00:00 PM,12/29/2024 1:00:00 PM,RFC,WEST,ATSI,OE,6447.298,True
12/29/2024 7:00:00 PM,12/29/2024 2:00:00 PM,RFC,WEST,ATSI,OE,6431.201,True
12/29/2024 8:00:00 PM,12/29/2024 3:00:00 PM,RFC,WEST,ATSI,OE,6415.233,True
12/29/2024 9:00:00 PM,12/29/2024 4:00:00 PM,RFC,WEST,ATSI,OE,6454.102,True
12/29/2024 10:00:00 PM,12/29/2024 5:00:00 PM,RFC,WEST,ATSI,OE,6760.619,True
12/29/2024 11:00:00 PM,12/29/2024 6:00:00 PM,RFC,WEST,ATSI,OE,6694.567,True
12/30/2024 12:00:00 AM,12/29/2024 7:00:00 PM,RFC,WEST,ATSI,OE,6679.990,True
12/30/2024 1:00:00 AM,12/29/2024 8:00:00 PM,RFC,WEST,ATSI,OE,6583.347,True
12/30/2024 2:00:00 AM,12/29/2024 9:00:00 PM,RFC,WEST,ATSI,OE,6403.371,True
12/30/2024 3:00:00 AM,12/29/2024 10:00:00 PM,RFC,WEST,ATSI,OE,6201.718,True
12/30/2024 4:00:00 AM,12/29/2024 11:00:00 PM,RFC,WEST,ATSI,OE,5961.677,True
12/30/2024 5:00:00 AM,12/30/2024 12:00:00 AM,RFC,WEST,ATSI,OE,5812.273,True
12/30/2024 6:00:00 AM,12/30/2024 1:00:00 AM,RFC,WEST,ATSI,OE,5683.362,True
12/30/2024 7:00:00 AM,12/30/2024 2:00:00 AM,RFC,WEST,ATSI,OE,5660.712,True
12/30/2024 8:00:00 AM,12/30/2024 3:00:00 AM,RFC,WEST,ATSI,OE,5697.263,True
12/30/2024 9:00:00 AM,12/30/2024 4:00:00 AM,RFC,WEST,ATSI,OE,5722.252,True
12/30/2024 10:00:00 AM,12/30/2024 5:00:00 AM,RFC,WEST,ATSI,OE,5910.054,True
12/30/2024 11:00:00 AM,12/30/2024 6:00:00 AM,RFC,WEST,ATSI,OE,6413.774,True
12/30/2024 12:00:00 PM,12/30/2024 7:00:00 AM,RFC,WEST,ATSI,OE,6841.631,True
12/30/2024 1:00:00 PM,12/30/2024 8:00:00 AM,RFC,WEST,ATSI,OE,6956.126,True
12/30/2024 2:00:00 PM,12/30/2024 9:00:00 AM,RFC,WEST,ATSI,OE,7096.605,True
12/30/2024 3:00:00 PM,12/30/2024 10:00:00 AM,RFC,WEST,ATSI,OE,7170.004,True
12/30/2024 4:00:00 PM,12/30/2024 11:00:00 AM,RFC,WEST,ATSI,OE,7071.364,True
12/30/2024 5:00:00 PM,12/30/2024 12:00:00 PM,RFC,WEST,ATSI,OE,6970.580,True
12/30/2024 6:00:00 PM,12/30/2024 1:00:00 PM,RFC,WEST,ATSI,OE,6897.094,True
12/30/2024 7:00:00 PM,12/30/2024 2:00:00 PM,RFC,WEST,ATSI,OE,6787.922,True
12/30/2024 8:00:00 PM,12/30/2024 3:00:00 PM,RFC,WEST,ATSI,OE,6599.847,True
12/30/2024 9:00:00 PM,12/30/2024 4:00:00 PM,RFC,WEST,ATSI,OE,6769.507,True
12/30/2024 10:00:00 PM,12/30/2024 5:00:00 PM,RFC,WEST,ATSI,OE,7110.714,True
12/30/2024 11:00:00 PM,12/30/2024 6:00:00 PM,RFC,WEST,ATSI,OE,7166.348,True
12/31/2024 12:00:00 AM,12/30/2024 7:00:00 PM,RFC,WEST,ATSI,OE,7087.207,True
12/31/2024 1:00:00 AM,12/30/2024 8:00:00 PM,RFC,WEST,ATSI,OE,6952.519,True
12/31/2024 2:00:00 AM,12/30/2024 9:00:00 PM,RFC,WEST,ATSI,OE,6819.018,True
12/31/2024 3:00:00 AM,12/30/2024 10:00:00 PM,RFC,WEST,ATSI,OE,6546.317,True
12/31/2024 4:00:00 AM,12/30/2024 11:00:00 PM,RFC,WEST,ATSI,OE,6294.528,True
12/31/2024 5:00:00 AM,12/31/2024 12:00:00 AM,RFC,WEST,ATSI,OE,6081.140,True
12/31/2024 6:00:00 AM,12/31/2024 1:00:00 AM,RFC,WEST,ATSI,OE,5869.536,True
12/31/2024 7:00:00 AM,12/31/2024 2:00:00 AM,RFC,WEST,ATSI,OE,5816.584,True
12/31/2024 8:00:00 AM,12/31/2024 3:00:00 AM,RFC,WEST,ATSI,OE,5725.791,True
12/31/2024 9:00:00 AM,12/31/2024 4:00:00 AM,RFC,WEST,ATSI,OE,5828.757,True
12/31/2024 10:00:00 AM,12/31/2024 5:00:00 AM,RFC,WEST,ATSI,OE,5974.929,True
12/31/2024 11:00:00 AM,12/31/2024 6:00:00 AM,RFC,WEST,ATSI,OE,6227.787,True
12/31/2024 12:00:00 PM,12/31/2024 7:00:00 AM,RFC,WEST,ATSI,OE,6526.828,True
12/31/2024 1:00:00 PM,12/31/2024 8:00:00 AM,RFC,WEST,ATSI,OE,6677.782,True
12/31/2024 2:00:00 PM,12/31/2024 9:00:00 AM,RFC,WEST,ATSI,OE,6832.924,True
12/31/2024 3:00:00 PM,12/31/2024 10:00:00 AM,RFC,WEST,ATSI,OE,6944.869,True
12/31/2024 4:00:00 PM,12/31/2024 11:00:00 AM,RFC,WEST,ATSI,OE,7054.518,True
12/31/2024 5:00:00 PM,12/31/2024 12:00:00 PM,RFC,WEST,ATSI,OE,7058.979,True
12/31/2024 6:00:00 PM,12/31/2024 1:00:00 PM,RFC,WEST,ATSI,OE,7049.368,True
12/31/2024 7:00:00 PM,12/31/2024 2:00:00 PM,RFC,WEST,ATSI,OE,6936.867,True
12/31/2024 8:00:00 PM,12/31/2024 3:00:00 PM,RFC,WEST,ATSI,OE,6848.032,True
12/31/2024 9:00:00 PM,12/31/2024 4:00:00 PM,RFC,WEST,ATSI,OE,6898.922,True
12/31/2024 10:00:00 PM,12/31/2024 5:00:00 PM,RFC,WEST,ATSI,OE,7037.456,True
12/31/2024 11:00:00 PM,12/31/2024 6:00:00 PM,RFC,WEST,ATSI,OE,6930.444,True
1/1/2025 12:00:00 AM,12/31/2024 7:00:00 PM,RFC,WEST,ATSI,OE,6804.279,True
1/1/2025 1:00:00 AM,12/31/2024 8:00:00 PM,RFC,WEST,ATSI,OE,6634.002,True
1/1/2025 2:00:00 AM,12/31/2024 9:00:00 PM,RFC,WEST,ATSI,OE,6486.113,True
1/1/2025 3:00:00 AM,12/31/2024 10:00:00 PM,RFC,WEST,ATSI,OE,6314.500,True
1/1/2025 4:00:00 AM,12/31/2024 11:00:00 PM,RFC,WEST,ATSI,OE,6198.045,True
